:020000040001F9
:10020000F80B00209108010065090100A95F0100B9
:10021000C95F0100E95F0100296001000960010078
:10022000000000000000000000000000A12E0100FE
:100230006509010000000000650901006509010071
:10024000000000000000000000000000FF37010077
:10025000000000006509010000000000000000002F
:1002600065090100650901006509010065090100D2
:100270000000000065090100650901006509010031
:100280006509010065090100000000000000000090
:100290006509010065090100000000000000000080
:1002A0006509010000000000000000006509010070
:1002B0006509010065090100650901006509010082
:1002C0006509010065090100650901006509010072
:1002D0006509010000000000650901000000000040
:1002E0006509010000000000650901000000000030
:1002F000650901000000000000000000000000008F
:10030000000000006509010000000000000000007E
:1003100000000000000000000000000000000000DD
:10032000000000006509010000000000000000005E
:1003300000000000000000000000000000000000BD
:100340006509010000015F5F02000000FE0B000074
:100350007D2F01008006000000000000000000006A
:100360000000000000000000000000000100FFC3CA
:10037000000000C4201200200000000001015F5FA7
:10038000030100001F010000B10601000000000091
:10039000000000000100000001000000000000005B
:1003A000000000000000000000000000000000004D
:1003B00000000000700000008C640100800000005C
:1003C000000F000001000000F104010001015F5F67
:1003D000040100001F0100001F08010000000000D0
:1003E000000000000000000001000000000000000C
:1003F00000000000000000000000000000000000FD
:1004000000000000976401004000000005070000A4
:08041000010000000B070100D0
:1004200038B50025054C29462046D4F80024C4F8E8
:10043000045405F062FEC4F8005438BD200C0020BE
:1004400037B511460022CDE9002242680346402A12
:10045000046845D1228D150A032D17D0012D37D000
:1004600022482468D0F80404AA1ECDE90040082AD6
:1004700039D8DFE802F0050B0F14191E23283000CD
:100480006A46184600F037F903B030BD184600F050
:1004900020F9F9E76A46184600F01EF9F4E76A46C3
:1004A000184600F013F9EFE76A46184600F017F90E
:1004B000EAE76A46184600F015F9E5E76A46184685
:1004C00000F013F9E0E76A46184600F011F9DBE79F
:1004D00000F014F9D8E76A46184600F013F9D3E79C
:1004E0006FF08000D0E76FF08500CDE7200C002092
:1004F0002DE9F04F05680446A3B0002D40F0B1800F
:100500002022294602A805F0F8FD12AF2022294634
:100510000AA805F0F2FD40222946384605F0EDFD17
:10052000E26904F11C039846B2B10426E26A04F1C0
:100530002C03EAB10425EEB96FF08306304623B0F0
:10054000BDE8F08F002EF1D053F8041D3246013E75
:100550000029F7D01646E9E70326F5E7002DEAD093
:1005600053F8041D2A46013D0029F7D01546E2E75D
:100570000325F5E740233A460021606805F0FAFDBF
:100580004028D9D1CDE902700127DFF8DCA00DF1B8
:10059000080904F1100BBE421FD10AAF38460021F2
:1005A000314A08EB8509D2F80034C84533D109B186
:1005B000C2F80034A3683146C2F8043402A82B46BE
:1005C0000AAAFFF73DFF4FF000080646454507F130
:1005D00008073DD1FFF724FFB0E75BF8043F1A1D81
:1005E00021D8DAF80004D91C21F00301C0F580629B
:1005F000914218D8014400EB0A02CAF8001460685E
:100600003946019205F0B6FD019AC9F80C00013790
:1006100049F8082FBFE758F804EF1EF1040F07D977
:1006200009B1C2F80034FFF7FBFE6FF08C0685E7D6
:100630000EF1030C2CF0030CC3F5806AD44500F1D5
:100640000800EDD8D11840E9021E63440121ACE74F
:10065000414657E90223606805F0A1FD08F1010851
:10066000B4E76FF0850669E7200C002008B5282262
:100670000021024805F041FD002008BD281000209F
:1006800010B5044C0F222046034905F011FD204609
:1006900010BD00BF511000202208010008B5012143
:1006A000024803F077FC002008BD00BF5010002076
:1006B00008B5FFF7DBFF40B9FFF7E2FFFFF7EEFFFA
:1006C00018B9BDE8084003F0EFBC08BD6FF0850025
:1006D00070476FF0850070476FF0850070476FF0CE
:1006E000850070476FF0850070476FF08500704798
:1006F0006FF0850070476FF085007047D1E9000109
:1007000003F096BC6FF085007047F0B503680546AE
:10071000B3F57D7FA7B007D040F2F532934207D002
:100720006FF0850027B0F0BD01F038FD0020F9E73B
:1007300000243C22214607A8CDE90244CDE9044427
:10074000069405F0DAFC3C22214617A8169405F021
:10075000D4FCEA69019405F11C0302B30426EA6A99
:1007600005F12C033AB30424731E012B52D8012C3B
:1007700050D80423002168680DEB030205F0FAFC51
:1007800004281AD06FF08000CCE7002EE7D053F891
:10079000041D3246013E0029F7D01646DFE7032646
:1007A000F5E7002CE0D053F8041D2246013C002957
:1007B000F7D01446D8E70324F5E7022E16D16E6968
:1007C000402E29D806AF33463A460121686805F025
:1007D000D1FC8642D6D1CDE9027602A944B922469F
:1007E000019801F0EDFC044620469BE70021F5E767
:1007F0002B6A402BC6D816AACDE90423019804AA77
:1008000001F0DEFCDDE9042304460021686805F000
:10081000C6FCE9E7012085E76FF0890082E7002048
:1008200070474D62656420544C5320332E362E326F
:1008300000000000000000000000000000000000B8
:100840008833000001000000A93B0100813B01004A
:10085000407C01008010002047000000407C010027
:10086000200C002000000000407C0100000C002053
:10087000000000009C110020C2050000200C002098
:1008800018010000000C00200800000002F0A6BDC6
:1008900008B572B6002383F31488BFF36F8F83F318
:1008A0000A8883F30B88BFF35F8F254B5A6A22F4C3
:1008B00080325A62D3F8942022F00102C3F89420C7
:1008C000BFF34F8FBFF36F8F1E4A9A6000F058F846
:1008D0001D4B83F309881D4B83F30A8883F30B8830
:1008E0001B4B15A1D1E90001C3E9000100F0EEF8AE
:1008F000184B19498B4212D30020184B18498B42D0
:1009000018D303F065F9186850F82240586840F889
:100910002240013298688242F5D30C33EAE7002284
:10092000F8E71C6844F8220001325C68A242F8D360
:100930000833E4E70022F8E7A5EDF5FEA5EDF5FEA6
:1009400000ED00E000020100F80B00200004002090
:10095000F80B002050080100740801007408010021
:100960008C080100EFF30880EFF309812DE9F00F07
:100970006B46724600F0A0F908B0FFF787FFFEE76C
:1009800038B572B6002383F3138883F311884FF0D0
:10099000FF30274A03F120010133102B42F82100D8
:1009A000F8D100234FF0FF34214A03F160010133F5
:1009B000102B42F82140F8D1012200251D4B294679
:1009C0005A60C3F84843C3F8084303F580535A609C
:1009D000C3F84843C3F80843A3F55043C3F8005590
:1009E0008022C3F80843144805F087FB294680227B
:1009F000124805F082FB124B2946C3F800558022AD
:100A0000C3F808430F4805F078FB802229460E48BA
:100A100005F073FB0D4BC3F808454FF05023C3F8A6
:100A2000084362B6BFF34F8FBFF36F8F38BD00BF6F
:100A300000E100E0004001508080005080810050C3
:100A40000090005080900050809100500070015044
:100A500008B5EFF31083012B0C4A07D1126ABFF3DC
:100A60004F8F511C4A424A41104608BD01F08EFC8E
:100A700000B172B6126ABFF34F8F531C5A425A41EB
:100A800001F084FC0028EFD062B6EDE70080FF00A3
:100A900008B5EFF31083012B0B4A06D1D269BFF3DF
:100AA0004F8F02F00102104608BD01F06FFC00B14B
:100AB00072B6D269BFF34F8F02F0010201F066FCFB
:100AC0000028F0D062B6EEE70080FF006F4A10B554
:100AD000D2F8D03043F00203C2F8D03001F056FC17
:100AE00030B14FF050230022C3F81421C3F818216D
:100AF00001F05BFC28B10122654BC3F8382AC3F82A
:100B000078254FF47F02D2F83031D2F83421BFF388
:100B10004F8FC3F30B03092B05D1012A1EBF0122FE
:100B20005B4BC3F8782501F040FC18B10E22594BFD
:100B3000C3F8E42E01F02AFC30B10022544BC3F874
:100B40000C270122C3F810270022D30003F57F03EE
:100B5000D3F80013BFF34F8F013108D0D3F800133F
:100B60000132D3F80433B2F5807F0B60EDD1EFF39F
:100B70001084FFF78DFF00284DD0BFF34F8F464BF9
:100B8000D3F80024012AFBD1C3F80425D3F80024AC
:100B9000012AFBD1012C03D001F0F8FB00B172B6A1
:100BA000FFF776FF58B13D4AD36923F00103D361C3
:100BB000BFF34F8F384AD2F80034012BFBD1FFF737
:100BC00047FF68B1354A136A23F0FF0343F020035F
:100BD0001362BFF34F8F304AD2F80034012BFBD1A0
:100BE000012C03D001F0D2FB00B162B600222A4BE7
:100BF000C3F80425D3F80024012AFBD1BFF34F8F9B
:100C00002249274BCA6802F4E0621343CB60BFF36A
:100C10004F8F00BFFDE7FFF71BFF0028ADD11B4A38
:100C2000D2F88C3043F44063C2F88C304FF47F0329
:100C3000D3F83021D3F83431BFF34F8FC2F30B0216
:100C4000092A16D1013B022B02D8164AD35C83B184
:100C5000124815490368104A8B420CBF5A230023DF
:100C6000C2F8103EC36A8B420CBF5A230023C2F85D
:100C7000003E064AD2F8883043F47003C2F8883048
:100C8000BFF34F8FBFF36F8F10BD00BF00ED00E0CB
:100C90000040005000A00350009003500080FF006F
:100CA0000400FA0542380100FA50FA507C2201494A
:100CB00005F0FEB9BC18002038B51D46384B394C3C
:100CC0005B68C3F308032360EFF303836365530694
:100CD000C4E90120E16039D502F00C020C2A08BFFA
:100CE00008460146206120222F4805F0E1F925B190
:100CF000202229462D4805F0DBF9294B9A6AA26586
:100D0000D96AE165986B206602F400406066586B12
:100D1000A06602F08000E0669A62D962D3F8E4200F
:100D200023482267D3F8E810616702F04001A16709
:100D3000C3F8E4200E2101F04AFB2268D31E042BE5
:100D400022D8DFE803F00F15181B1E00EFF3948381
:100D5000990704D5130702D5EFF38980C1E7EFF3B4
:100D60008880BEE70C211348BDE8384001F02FBB56
:100D700012211148F8E70B211048F5E70D21104822
:100D8000F2E70E210F48EFE70F2A98BF1421BDE8C4
:100D9000384089BF25210C480C48103A01F06EBC40
:100DA00000ED00E0BC180020D0180020F018002052
:100DB00045380100533801005F38010071380100E7
:100DC0007C3801008938010097380100AB380100F8
:100DD0002DE9F34106460F460C4DD5F82C80C0474F
:100DE00010F00104FBD1394630466B69984740B991
:100DF000C047C307FCD42B6A019302B0BDE8F041A1
:100E00001847204602B0BDE8F08100BFD03801008D
:100E100010B5094C0020A368984723690220984721
:100E20004FF4E131A46A0120A04701211520A04719
:100E30000122024B1A6010BDD03801003819002081
:100E4000064B82B01868002382B262F30F03000CD5
:100E500060F31F43184602B0704700BF1839010005
:100E6000014B1869704700BF80100020014B586982
:100E7000704700BF8010002010B5044C204600F0E1
:100E800009FF002084F8200010BD00BF8010002062
:100E900038B50C4D0C4695F8203013B94FF0FF30A3
:100EA00038BD0A460146284600F086FF064B9842A8
:100EB00005D00B3B9842F1D100206C61F0E76FF058
:100EC0000100EDE7801000200B00AD0BF0B51B4ECC
:100ED000054696F820300C4691B01BB94FF0FF3014
:100EE00011B0F0BD00F06043B3F1005F21D10023E9
:100EF0000A460146304600F0EFFB114B98421AD0EB
:100F00000B3B9842EAD1346111E0A71B402F28BF68
:100F10004027A9193A46684605F0CAF83946684696
:100F2000FFF7D4FF0028DBD14036B442EDD80020D3
:100F3000D6E70026F9E76FF00100D1E78010002026
:100F40000B00AD0BC3B2012B10B540F096804DF6EF
:100F5000C023994270D028D8B1F5615F6FD011D805
:100F6000B1F5965F6DD008D8B1F5966F6BD0B1F53D
:100F7000166F6BD06FF007005DE0B1F5165FF9D129
:100F8000454B33E047F61223994262D007D8B1F5BA
:100F9000964F61D0B1F5E14FECD1404B26E0B1F571
:100FA000164FE7D14FF41D0320E03D4B994255D039
:100FB00011D8B1F5E13F54D007D8B1F5614F53D006
:100FC000B1F5963FD6D1374B10E0B1F5613FD1D1A5
:100FD0004FF06C730AE0B1F5612F48D0324B994263
:100FE00048D0B1F5E12FC5D14FF0E86310F4E06FC0
:100FF00046D110F4404103D0B1F5804F43D11021C8
:1010000010F4405203D0B2F5805F3FD10E2210F4AD
:10101000403003D0B0F5403F3BD10120234C207637
:101020006276E361A1760A4324681043C4F824354C
:10103000C4F86C05002010BD4FF46503D6E71C4BC7
:10104000D4E71C4BD2E74FF49E23CFE74FF41D2388
:10105000CCE74FF40003C9E7174BC7E74FF08063B5
:10106000C4E74FF0EB73C1E74FF46B03BEE74FF0FB
:101070007063BBE74FF08053B8E76FF00300DAE727
:101080006FF00800D7E76FF00A00D4E76FF00900AF
:10109000D1E76FF00B00CEE70050270000C07500CD
:1010A00090D0030000903A0140420F0080100020D1
:1010B00000F03A0000B0130000A04E0010B58EB052
:1010C0002422002105A805F018F84FF0FF33CDE9E0
:1010D0000133CDE903334FF0EB730B930723104C2F
:1010E00001A8D4E902128DF8363001F08EF90146DC
:1010F0000022204600F03AFA0A4B98420DD10C9B90
:10110000002023831B0CA3760B9BC4E90400E3613E
:10111000012384F820300EB010BD6FF00100FAE713
:10112000801000200000AD0B7FB500250C46C0F8F4
:1011300008511646D0F80821D0F8002222F02002EB
:10114000C0F80022104AC0F8082301F0AEF9A560EB
:10115000256104F14C03D3E8EF1F21F47F0121F452
:101160007041C3E8E21F002AF5D1102229466846E3
:1011700004F0C3FF042368468DF800300196D4E9DB
:101180000013984704B070BD10020A0000F01F035E
:10119000400909D1074A02EB8303D3F80012064A3B
:1011A0000A40C3F8002270470022803352F82330EF
:1011B000FFDE00BF00258450F0F8FCFF2DE9F04F62
:1011C000804690F804A05020664F0E4600FB0A703F
:1011D000416885B049B113F0020304D0836B002B42
:1011E00000F0B2800123009300E000914FF050091D
:1011F00009FB0A73DB6CD90600F1A6804FF0010BE6
:10120000B3180293029BB34200F0A78006F060433C
:10121000039398F80450D8F8004009FB05739A6BC3
:101220009AB9039BB3F1005F40F09980019200F0FE
:1012300005FE09FB0572D16C204601F0010101F0A9
:1012400002F928B900F002FEE3E701230193EEE77B
:10125000516C33460029BCBFD4F84C155164019A37
:1012600042B109FB05713078D1E90E23D054D1E9A0
:101270000E3213441BB1C4F84435C4F848B50022FB
:10128000C4F82021D4F82011C4F85821D4F85811FA
:10129000C4F85021D4F850210822C4F80025009A3F
:1012A000E2B14FF48003C4F80433C4F808B000F08E
:1012B000CDFD502303FB0A72516800294BD1D26C3B
:1012C000120748D503FB0A734C33D3E8EF1F21F014
:1012D0000801C3E8E21F002A36D0F6E7C4F808B0D8
:1012E000019300F0B3FD09FB0572D16C019B01F085
:1012F00001012046019301F0A6F88446019BD4F831
:101300004C05D4F84425BCF1000F0DD19342F0D028
:1013100005EB850507EB0515D1B100F08FFD2946DA
:10132000204601F0D4F8C2E705EB8505934207EBB0
:101330000515F1D10028EFD100F080FD29462046A7
:1013400001F0C5F800F082FD074805B0BDE8F08F58
:10135000C4F80CB0E1E7013654E70448F5E7044867
:10136000F3E700BF3C1900200800AD0B0000AD0BF7
:101370000400AD0B430904D10123034A8340936069
:10138000704700239B60FFDE0025845000F01F03A0
:1013900040090BD1084A02EB8302D2F80012074B36
:1013A0000B4043F00303C2F8003270470022803341
:1013B00052F82330FFDE00BF00258450F0F8FCFF18
:1013C0002DE9F84391F8303005460C4690F804803A
:1013D0000F6853BB5023DFF85091781C03FB089330
:1013E000DE6C46F00072DA6404D03846FFF7C2FFC4
:1013F000FFF7CCFF6068411C01D0FFF7C7FE94F8EF
:101400002C30012B11D1502303FB0893E06846F0E8
:101410002066421CDE6401D0FFF7B8FEA068431CC2
:1014200003D0FFF7A7FFFFF7B1FF94F82F0038B9FB
:1014300050223D4B02FB0833DA6C42F08072DA64D2
:1014400094F82CC094F82D1094F82EE0A26A2B6822
:1014500041EA0C01E668D4E90198C3F824254EEA74
:101460000102C3F86C2550B9BCF1010FC3F80C752B
:10147000C3F8149504BFC3F80885C3F81065D3F802
:10148000682503F26458012A08BFDA60D3F864259E
:10149000012A13D1082149F64046244FC3F800150C
:1014A00047F001075A60D8F800309BBB2B68D3F88F
:1014B0008024C3F880240022C3F8002500212B6873
:1014C00094F83220C3F81011D3F81001C3F820119A
:1014D000D3F82001C3F82411D3F82401C3F8441130
:1014E000D3F84401C3F85811D3F8581143F3073324
:1014F0005201002BD2B212DB0D49C81880F800232C
:101500000122580903F01F0302FA03F341F82030C7
:10151000BDE8F8834020B847013EC4D1C6E705497D
:1015200003F00F03CA54F3E73C19002020390100EF
:1015300000E100E014ED00E000F01F0340090BD1D2
:10154000084A02EB8302D2F80012074B0B4043F02B
:101550000203C2F8003270470022803352F8233071
:10156000FFDE00BF00258450F0F8FCFF2DE9F347B3
:101570009046502290F80490514C02FB09FA04EB7B
:101580000A070D4697F848100646002940F0858066
:1015900009EB890004EB001004F0AFFD2B69AA6988
:1015A00044F80A306B69BB6302B1013A502303FB74
:1015B0000943DA632A6A042A81BFEA699A61002230
:1015C000DA6195F83130B8F1000F37D083F00107B8
:1015D0003F0233B1502303FB0943DA6C42F00102AE
:1015E000DA64502303FB09440123C4F8048084F81F
:1015F00048303468D4F84C2112BB29463046FFF7F6
:10160000DFFE0822002334688DF80730C4F8002577
:101610000DF10702C4F84425C4F8483501230A2512
:10162000A360E360D4F85831002B38D1254B40201B
:1016300043F001039847013DF4D128E04746C8E74D
:1016400008224FF06409C4F8002563601D4B43F085
:10165000010AD4F84431F3B9D4F82431DBB94FF49A
:101660002070D047B9F10109F3D14B460022C4F8EC
:101670004C21D4F84C11C4F81021D4F81011C4F83E
:101680004421D4F84411C4F80025002BB5D10E48EC
:1016900002B0BDE8F0870123E8E70C48F8E7002333
:1016A000C4F820319845D4F82021C4F80035084BFF
:1016B00008BF00231F4333680648C3F80473E7E7F5
:1016C0003C190020203901000100AD0B0C00AD0BCE
:1016D00010020A000000AD0B2DE9F04784460F46CA
:1016E0009E4616460579002A51D04FF0500ADFF881
:1016F000BC80D0F800900AFB058ADAF8044074B97F
:101700006BB9DAF82C50002D43D1CAF82C20FFF722
:1017100055FD0446CAF82C502046BDE8F0871EF05F
:10172000030F07D0734632463946BDE8F04760469E
:10173000FFF744BD07F06043B3F1005F4FF0500482
:1017400014D104FB058400F079FBE26A1AB1134C52
:1017500000F07CFBE0E7C4E90A7605EB8505484626
:1017600008EB051100F0BEFE0D4CF1E704FB05840B
:10177000A36B83B100F062FBE36A002BE7D1E36C5B
:10178000012243F00203C4E90A76E364E5E7054C6D
:10179000C2E7024CC0E7044CBEE700BF0B00AD0B34
:1017A0000000AD0B0600AD0B0A00AD0B3C1900208C
:1017B0002DE9F84350230679284D046803FB0653AE
:1017C000D4F80473DA6AC4F8087322B92448C4F858
:1017D0000473BDE8F88306EB860005F14C024FEA7E
:1017E000001802EB0012D2E8EFCF4CF0080CC2E870
:1017F000E0CF0028F7D10122E26031B3D96C01EAD1
:1018000002094946204600F01EFE0028FAD000F0EA
:1018100015FBB9F1000F1CD1D4F8203153B10123CD
:10182000E360D4F85831002BFBD0204605EB0801CB
:1018300000F04DFE00F00AFB0023C4F82031D4F87C
:101840002021502202FB0655EB620648C4F80473BF
:10185000BFE7D4F85831002BE7D1EBE73C19002063
:101860000500AD0B0000AD0B2DE9F84390F80480A6
:101870004A4E08EB88073F0107F14C0504683544E0
:10188000D5E8EF3F43F48052C5E8E02F0028F7D1B8
:10189000DA047FD44B0705D5502303FB08639B690B
:1018A000002B79D03E4B3744C4F808330823C4F8E2
:1018B00000350023C4F81031D4F81021C4F84C319D
:1018C000D4F84C21C4F844310A03D4F844318B03D2
:1018D00003F4804302F400524903134301F400412E
:1018E0000B43D5E8EF2F1A43C5E8E12F0029F8D1C3
:1018F0004FF0500909FB0869D9F80830EBB9D9F85D
:10190000043093B9502303FB0863DB6CD8043FD544
:10191000D5E8EF3F23F47F0323F47043C5E8E23FAB
:10192000002AF5D11F48BDE8F8830321384600F0AE
:1019300097FDD9F80830002BE4D0D4F804335907C8
:1019400013D5502303FB08635A6872B1DB6C1A038A
:101950000BD5D5E8EF3F23F40023C5E8E23F002A8A
:10196000F7D10621384600F07BFD502303FB0863C6
:10197000DB6CDB040CD5D4F84C310BB901232360AC
:10198000502303FB0866736813B1054BC4F8043396
:101990000548C8E70548C6E70548C4E73C190020E4
:1019A00010020A000200AD0B0000AD0B0B00AD0BE6
:1019B0000800AD0B2DE9F84F502390F804905B4ED2
:1019C000046803FB09631746DA6CD4F804A35003D8
:1019D0008846C4F808A300F1A38001F06041B1F18A
:1019E000005F40F09F80996859B15B68002B40F020
:1019F0008380D4F8101100297ED0C4F81031D4F8B7
:101A00001031502505FB0965EA6909EB890BC5E929
:101A100002874FEA0B1B002A49D0974235D84FF076
:101A200000093A46A9694046C5E9029904F040FB1D
:101A3000EA69A869D21BC119EA6104F003FB6B686B
:101A400023B93B48C4F804A3BDE8F88FEB6C5E44AF
:101A5000990414D5374B5B44D3E8EF1F41F4802140
:101A6000C3E8E21F002AF7D13A464146304600F06B
:101A700008FD4A4631462046FFF756FBE1E73A4665
:101A80004146304600F0FDFCDBE74046A96904F022
:101A90000FFBEB696B620023EB61264B5B44D3E8E1
:101AA000EF1F41F40021C3E8E21F002AF7D15023C1
:101AB00003FB0963586ADA689968DB6C121A0144FF
:101AC000C4F83415C4F83825DA04BAD5194B5B4488
:101AD000D3E8EF1F21F48021C3E8E21F002AF7D1E9
:101AE00001232360D4F84431002BAAD00023C4F88A
:101AF0004431D4F84431A4E7502303FB0966336929
:101B000093B95304C4F83485C6E90487C4F838751A
:101B100097D5D4F8003243F02003C4F8003290E7A0
:101B200005488FE705488DE705488BE73C190020FD
:101B30000000AD0B881900200500AD0B0A00AD0BAD
:101B40000B00AD0B50232DE9F0414E4D90F8048071
:101B5000046803FB0853D86CD4F8007200F48220A8
:101B6000B0F5805F05D009B10022DA614648BDE8D2
:101B7000F081D4F80463C4F8086309B9BB0652D4F1
:101B80004FF4A111D4F8003223F02003C4F800323E
:101B9000502303FB08574C37D7E8EF0F0843C7E83B
:101BA000EC0FBCF1000FF7D122B903FB08535B68BF
:101BB000002B63D1354BC4F8083301236360D4F89C
:101BC0004431002BFBD00023C4F84C31D4F84C2115
:101BD000C4F81031D4F81021C4F84431D4F84421A9
:101BE000502202FB0852D16C11F400411ED1D16188
:101BF000204600F05AFC502303FB08550023AB603D
:101C00002B61D7E8EF3F23F47F0323F47043C7E849
:101C1000E23F002AF5D126F4202626F404761C485B
:101C2000C4F80463A3E74FF48031B1E79269C4F8C4
:101C30004C31D4F84C11C4F834250522C4F83825A9
:101C4000C4F81031D4F810310123E362D4F8103114
:101C5000002BFBD00023C4F81031D4F81031D4F895
:101C60004C210AB1D4F83C25502303FB0853DA6118
:101C70000023C4F84C31D4F84C31B9E70123636038
:101C8000CDE700BF3C1900200500AD0B10020A0093
:101C90000000AD0B2DE9F8432F4A03680679C3F81D
:101CA000082343F30733002B04460DDB01215A09B7
:101CB00003F01F03994002F12003284A42F8231041
:101CC000BFF34F8FBFF36F8F012220461146FFF7FE
:101CD00039FF01212046FFF76BFD50212279204D6D
:101CE000236801FB0252D46CD3F80C05E201D3F84F
:101CF0001495D3F80875D3F8108509D54FF0FF3245
:101D0000C3F80C25C3F81425C3F80825C3F810251B
:101D1000A30116D5411C01D0FFF70EFCB9F1FF3F1E
:101D200002D04846FFF708FC22010AD5B8F1FF3F70
:101D300002D04046FFF700FC7B1C02D03846FFF77C
:101D4000FBFB5023002203FB0653DA6483F8482090
:101D50005A60BDE8F88300BF10034A0000E100E0CC
:101D60003C19002010B5502402790E4B04FB0233BD
:101D70005B689BB90368D3F80025082A05D011B128
:101D8000D3F83C350B60084810BDD3F810213AB1A8
:101D900011B1D3F83C350B600448F5E70448F3E78C
:101DA0000448F1E73C1900200C00AD0B0000AD0B1E
:101DB0000800AD0B0B00AD0B2DE9F34105461646AF
:101DC000FFF7F8FD184B0446984226D10321284618
:101DD00095F80480FFF748FD144FB84201D0A042A7
:101DE0001FD15022124B02FB08335B68ABB9019341
:101DF000284601A9FFF7B6FFB842F9D00D4B98422B
:101E00000AD0019BB34207D301222846114602B0F3
:101E1000BDE8F041FFF796BE074C204602B0BDE892
:101E2000F0810446F9E700BF0000AD0B0B00AD0BDD
:101E30003C1900200C00AD0B0800AD0B72B6024A35
:101E400013680133136070478C190020034A13682C
:101E5000013B136003B962B6704700BF8C190020C4
:101E6000003A18BF0122003918BF01210368890018
:101E7000074841EA4201186359605A6842F001027A
:101E80005A60BFF34F8FBFF36F8F0020704700BFC2
:101E900004AAFF000722024BC3F80423704700BFC7
:101EA00000300050084BD3F80801D3F80021003867
:101EB00018BF012080000AB140F00100D3F80431BE
:101EC0000BB140F002007047003000500022074B79
:101ED000C3F80021D3F80011C3F80421D3F804118A
:101EE000C3F80821D3F80831704700BF0030005014
:101EF000002317200C49012B03F1010201D81346DE
:101F0000F9E703F5C073202A41F823001346F2D104
:101F100000231720044A03F5E0710133202B42F817
:101F20002100F8D1704700BF0030005010B59DF877
:101F30000840C00B43EA0423064CC90B43EA0213D2
:101F4000884200D910BDC2B202F5C07244F82230F6
:101F50000130F5E70030005010B59DF8084000F161
:101F6000604043EA042301F16041074C400B490BF8
:101F700043EA0213884200D910BDC2B202F5E072F2
:101F800044F822300130F5E700300050C0F30E0372
:101F9000C3F50043B3FA83F3C3F11B03064AC0F34E
:101FA000C730DBB240F4807043F48073C2F80005A0
:101FB000C2F80435704700BF0030005043030148A9
:101FC00018447047FF1FF81F054BC0F30730090284
:101FD00041F0300100F5007043F82010704700BF59
:101FE00000300050044BC0F30730090200F50070C8
:101FF00043F82010704700BF0030005008B5FFF7CD
:1020000051FF044B162118600348BDE8084000F05A
:10201000DEB900BFD81F0020263901000C2201497B
:1020200004F046B8D81F002010B501F0CDFB0446DF
:1020300090B902F099F8044680B90A4A2E21D36873
:10204000094823F008031B041B0C43F0BF6343F44F
:102050000033D36000F0BBF9204610BD45F2235495
:10206000FAE700BF00ED00E03C390100024B1860C8
:10207000024B002019607047E81F0020E41F002079
:102080001FB5374C426923685A6282699A62C269F5
:10209000DA62026A1A63426A5A63826A9A63C26A9D
:1020A000DA63026B1A64426B5A60826B9A60C26B8D
:1020B000DA60026C1A61426C5A61826C9A61C26C7D
:1020C000DA61026D1A62826D5A65C26D9A65026F9D
:1020D000DA65026E1A66826E5A66426F9A66EFF38E
:1020E00088825A64EFF389829A644268DA64EFF373
:1020F00094821A65026801A81A67FFF78FFF2368A8
:10210000019ADA6601221A70164B1C686408640092
:102110002046214622462346B7EE000AF7EE000A83
:10212000B7EE001AF7EE001AB7EE002AF7EE002A13
:10213000B7EE003AF7EE003AB7EE004AF7EE004A83
:10214000B7EE005AF7EE005AB7EE006AF7EE006AF3
:10215000B7EE007AF7EE007A04F09FF804B010BDF5
:10216000E81F0020E41F002000B5A1B001A8FEF781
:102170009DFD029B63B15B060AD4019B23F0020321
:10218000052B05D1044B1B6813B101A8FFF778FF9D
:1021900021B05DF804FB00BFE41F0020BFF34F8FA8
:1021A0000549064BCA6802F4E0621343CB60BFF3F3
:1021B0004F8F00BFFDE700BF00ED00E00400FA050F
:1021C00003462DE9F04F084687B01146042B78D816
:1021D000DFE803F00308770D510007B0BDE8F04FCA
:1021E00000F076B807B0BDE8F04F00F031BA4368B0
:1021F000082B03D0022007B0BDE8F08F4B68042BFA
:10220000F8D14FF0FF33D0F80080D1F800A0D8F813
:102210000410CAF800300029ECD026233C2201200B
:1022200001F024FA04460028E4D1D8F80030DFF8A1
:1022300098B0DFF8989003AF5BF8045B99E807006B
:102240001D4487E807000C2239462846019304F014
:1022500014F8019B064600B91DB90134072CEBD1D7
:10226000C8E73C222946D8F8040003F021FFCAF849
:1022700000600020BFE74368082BBBD14E68042EE6
:10228000B8D14FF0FF3304680D6821682B60002936
:10229000B0D06368002BADD026237422012001F05A
:1022A000E5F90028A6D1232332460120616801F018
:1022B000DDF900289ED1D4E90001FFF7D7FE2860A0
:1022C000D7E7032097E700BF6C3901008839010088
:1022D000F8B543680C2B01D00220F8BD4B68042BE5
:1022E000FAD14FF0FF3304680D6821682B60002994
:1022F000F2D0A268002AEFD00623012001F0B6F93F
:102300000028E9D161681F4ED6E90037994230D3E1
:10231000A2681F4401EB020CBC452AD803F17F439D
:1023200003F50043B3F5805F20681FD20A4393078B
:1023300025D1154B9C4522D8091AA2680B1812B951
:1023400000202860C9E7EFF31082012A08D11B683A
:10235000BFF34F8F40F8043BA368043BA360ECE756
:1023600072B61B68BFF34F8F62B6F3E703F0A0FEAF
:10237000E6E70130042806F10806C5D1ACE70320E2
:10238000ABE700BF943901000090FF004FF47F03DA
:10239000D3F83001D3F83431BFF34F8FC0F30B00C3
:1023A000A0F109035842584170474FF47F02D2F818
:1023B0003031D2F83401BFF34F8FC3F30B03092B35
:1023C00003D1431E58425841704700207047FEF722
:1023D000FFBC012070476FF003007047002382B0FC
:1023E0000193019802B070476FF00300704700231B
:1023F00082B00193019802B07047022814BF6FF0B9
:10240000030000207047FEF761BD30B501EB82028A
:10241000914200D130BD51F8044B04F07F037F2B73
:102420004FEA144408BF4FF0FF33032CF0D8DFE825
:1024300004F0020406080360EAE74360E8E783600B
:10244000E6E7C360E4E70346D0F8580130B931B994
:10245000D3F82001003818BF0120704701207047D1
:1024600030B504460D4685B010220021684603F0C1
:1024700044FED4E9001368468DF80050984705B033
:1024800030BD7FB504460E46154600211022684631
:1024900003F033FE012368468DF80030CDE9016575
:1024A000D4E90013984704B070BD10B50446FFF797
:1024B000C5FCD4F8583133B1D4F8043313F4800395
:1024C00008BFC4F80035BDE81040FFF7BFBCD0F826
:1024D000583133B1CB6CC3F30032DB0458BFC0F8C2
:1024E0000025704770B5CE6C0D4606F0010104461C
:1024F000FFF7A9FF38B94FF4800346F00406EE64F5
:10250000C4F8043370BDD5E90A365AB1296CEA6BB8
:10251000761A964228BF164619443246A86B03F035
:10252000C7FDAB6B4FF0FF326A641BB1C4F8443592
:10253000C4F848650023C4F82031D4F82021C4F839
:102540005831D4F85821C4F85031D4F85031082308
:10255000C4F800354FF48003C4F804330123A360AA
:10256000D0E74B6830B513F01F052DD102680C6819
:102570001068C0F30720844226D2506855609460EA
:102580000C7C23F01F0304F001041C438B7CDB0054
:1025900003F018031C434B7C5B0003F0060323434A
:1025A000D3608B68013B23F01F04CB685B0003F012
:1025B0000E03234343F0010313615060BFF34F8FB9
:1025C000BFF36F8F284630BD0120FCE70368002071
:1025D0005A68C9B258609960D86018615A607047EB
:1025E00070B50546002403681E68C6F30726B4428A
:1025F00001D1002070BD21462846FFF7E7FF0134D6
:10260000F5E7C0037047C00300F5FF407F30704717
:10261000002070471F2070474FF40040704700F5BE
:102620007F40C03040037047402070475F207047B4
:102630004FF4005070470020704708B5FFF794FD35
:1026400072B620BFFDE7002070470020704770473A
:1026500043680C2B01D0022070474B68042BFAD141
:102660000B6801210268196011680131F3D1022160
:10267000906819600028EED11860704730B50C469C
:10268000154685B038B139B1FFF7A1FE041E03DA53
:10269000204605B030BD044640F60D23ADF80E309F
:1026A00009230B4901A805F00F028A5C2D091A5471
:1026B000013B012BF7D147F630030C21ADF8043074
:1026C000FFF785FE0028B4BF04462418E0E700BFEA
:1026D000B439010008B5194B83F30A88184801F092
:1026E0005EF840BBFFF7A0FC28BB28211548FFF788
:1026F0006EFEFFF7A0FFF0B9FFF7A5FFB8B9FFF72F
:10270000A6FF00F015FC35210F48FFF760FE1721EA
:102710000E48FFF75CFE18210D48FFF758FE00F049
:10272000F9FD00F0F1FB00F0BBF8002008BDFFF759
:102730008CFF0028E3D000F051FEF2E700040020F7
:1027400090190020C4390100EC390100213A010040
:10275000383A010030B5094C02466168002308464A
:1027600040B105686D68954205D11BB18268606013
:102770009A60816030BD03468068F1E7141A00203A
:1027800038B504462AB10B689B68DB0512D50020DA
:1027900038BD0B4B1D680DB900F020FE00222B68E0
:1027A000996934338A4203D053F8040FA04204D10C
:1027B0009142ECD16FF0FC00EAE70132F2E700BF92
:1027C0001C1A002070B504460E4615460021302222
:1027D0000C3003F092FC064B20461B68A660636039
:1027E000656100F0E2FE00232061236070BD00BF40
:1027F0001C1A0020034B186810B1006800B1406833
:10280000704700BF1C1A0020064B10B51C680CB99D
:1028100000F0E4FD23689B6813F4406F14BF0120AF
:10282000002010BD1C1A00202DE9F84390460746F1
:102830000C46FFF7E9FF024624B96FF080042046FA
:10284000BDE8F8836300F8D5144B04F01F0153F87A
:102850002150002DF1D02B6829465868FFF790FFD2
:10286000B0B9C4F30721284600F0BAFD0446002899
:10287000E3D1EFF3108972B600F0A4FE064689F3A7
:10288000108840B142462946FFF79CFF3E60D6E7DC
:102890006FF08104D3E76FF08204D0E79419002031
:1028A0002DE9F04100F08DFE0023134E134F7360AD
:1028B0007B6000F0E9FADFF84880304600F022F84B
:1028C0000446A0B139468023424600F0A1F80546EF
:1028D000204600F0CAFD2068211D00F07FFB08B1F2
:1028E00000F07CFD2946204600F07AFAE5E7BDE8D5
:1028F000F04100F08BBA00BF201A0020141A00200B
:1029000094190020F8B5054608B900F067FD3B4E64
:10291000346814F1310F6ED8394B196804F1300363
:102920008B4268D2E369A26903EB83030E3213443E
:10293000226A02EB42021344626AC2EBC2021344EF
:102940009B00E31801D2994201D200F047FD2368B1
:102950002C4A1B0C1B04934201D000F03FFD23883E
:10296000B3F5817F01D300F039FD6368002B01DAF4
:1029700000F034FDD4E90A239A4201DD00F02EFD77
:10298000A36813F4406F22D11F4A176807F1200390
:1029900013601E4A1268934201D900F01FFDE369DB
:1029A000A26903EB83030E321344226A3C6002EBFC
:1029B00042021344626AC2EBC2021344326802EB61
:1029C00083026B683260FB616F603846F8BD6F68E8
:1029D000002FD9D03B689A6812F4406F09D0E16AA1
:1029E0009A6A914205DBA26ADB6A9A4201DC00F036
:1029F000F5FCFF69ECE70027E7E700BFAC1000201B
:102A0000583A010000005F5FA8100020543A01000E
:102A10002DE9F74F0F4690460646009300B109B9DD
:102A200000F0DCFCD6F800A0DAF818200AF1380330
:102A300003EB820BDAF81C40204B1D6854B10C22CA
:102A400002FB04541C601E4B1B689C4201D900F021
:102A5000C5FC2C4625464FF00009DAF81C204A45F3
:102A600000D91CB9002003B0BDE8F08F142303FB8C
:102A700009B20023C5E900269268AB60930516D51C
:102A8000B8F1000F02D0009B802B03D0019200F020
:102A9000A5FC019A12F0E00FD0B202D158F8202024
:102AA0001AB1019000F09AFC019848F820507A6819
:102AB00009F10109AA607D600C35CEE7A410002061
:102AC000503A01002DE9F04F93B000935E4B07465A
:102AD000D3F800B00BB2002B0D461646C1F30269C5
:102AE000C1F3024A04DA6FF0800013B0BDE8F08F42
:102AF0008B42C36001D10020F7E709EB0A03042BE6
:102B0000F1D8CC0F64014FEAC90831464246DBF8E0
:102B1000040044F0020300F0A9FD01460028E2D1C0
:102B2000202202A803F0E9FA4246314602A84FEA01
:102B3000CA0603F0BDFA32460099DBF8040044F0FF
:102B4000060300F093FD80460028CCD101462022E8
:102B50000AA803F0D2FA324600990AA802AE03F09E
:102B6000A7FA334608F10108C14514D91A46C446EC
:102B70000DE0D2F808E0D16818687144884203D2A9
:102B8000596808448645AED30CF1010C0832CC4597
:102B9000EFD10833E6E715F0006F18BF20241022AC
:102BA000002107F11C0003F0A8FA07F11808102211
:102BB000002107F12C0003F0A0FA08EB890944F08A
:102BC0000203C84512D1202C27D1002D02DBC5F30A
:102BD000C0456C0107F128050AAE05EB8A0A44F0EE
:102BE000060455451BD1009BFB6784E77268DBF840
:102BF000040056F8081B019300F038FD00287FF40C
:102C000072AF56F8042C019B48F8042F56F8082C94
:102C1000C8F83000C8F82020D3E70024DAE772684B
:102C2000234656F8081BDBF8040000F01FFD0028BF
:102C30007FF459AF56F8043C45F8043F56F8083C79
:102C400028642B63CDE700BF1C1A00202DE9F0415A
:102C50001F461A4B0D461646D3F8008000F0D2FBF3
:102C6000044608B900F0BAFBE368002B01DA00F073
:102C7000B5FB032D01D900F0B1FB04EB8504E56938
:102C8000E36CED1A16D006233A463146D8F8040014
:102C900000F0ECFC08B100F0A1FBBD4228BF3D46AE
:102CA000E36CE16B2A461944304603F001FAE36C09
:102CB0002B44E3642846BDE8F08100BF1C1A0020C5
:102CC0002DE9F0411D461A4B0F461646D3F80080F9
:102CD00000F098FB044608B900F080FBE368002B85
:102CE00001DA00F07BFB032F01D900F077FB04EB46
:102CF0008704E36AE26E9B1AAB4201D200F06EFBDE
:102D000002232A463146D8F8040000F0AFFC08B18F
:102D100000F064FBE36EE06D2A463146184403F090
:102D2000C7F9E36E00202B44E366BDE8F08100BFE5
:102D30001C1A00202DE9F04105464FF001080E4E07
:102D40000E4B37685C681CB928463760BDE8F081D7
:102D50002268936813F400700CD16369012B09D0C9
:102D6000D368346023B19847002801DA00F036FBBD
:102D7000C4F81480E469E6E71C1A0020201A002039
:102D800038B5044610B96FF0800038BD8368002B59
:102D9000F9D01A68002AF6D05D68002DF3D00B4BED
:102DA000A86168691D6020B92B68DB6853B90123ED
:102DB0006B61A36804F10C001B681B699847012331
:102DC0002360E2E798470028F1DADCE71C1A0020CC
:102DD0004268024B08461A60704700BF1C1A002068
:102DE0000022036810B5C0E905229A68044612F46F
:102DF000406F07D0120503D5D3E90A0100F034F87B
:102E0000014B1C6010BD00BF1C1A002038B5124BCE
:102E10001B681C68A36813F4406F01D100F0DEFA50
:102E200000F09CF9226B23690C49134423F007033B
:102E3000A3F1080543E9021185F30988073222F05E
:102E4000070282F30B88BFF36F8F054BE2680549D9
:102E500000F0EBFC002038BD1C1A0020A5EDF5FEAB
:102E6000F80B0020352D0100014BC3E9000170472C
:102E7000281A0020034BD3E900308342C8BF00204A
:102E8000704700BF281A002008B500F05BF9034B1B
:102E9000986000F05DF980F3888808BD00ED02E0DD
:102EA000EFF308807146EFF30982EFF30B830CB464
:102EB00006B400F04FFA8646009900F0080001F0D1
:102EC0000801401A02DC12DB04B070471EF0200338
:102ED0001CBF2DE9F00FBDF1080D0A4C2546264612
:102EE0002746A046A146A246A34630B4704704B088
:102EF00030BC1EF020031CBF1DF1080DBDE8F00F13
:102F000004B07047A5EDF5FE084BDA6882F07F4209
:102F100082F47F0242F48042DA6000221A765A7606
:102F2000DA76DA77602283F82220704700ED00E03D
:102F3000114BD3F8882042F47002C3F88820BFF305
:102F40004F8FBFF36F8FD3F88C2042F44062C3F8E9
:102F50008C20D3F8342242F08042C3F83422D3F8D4
:102F6000342242F03C42C3F834224FF0E022D368CE
:102F700043F42003D360704700ED00E0009A164B45
:102F80009A4227D101229043014641EC100B41ECBB
:102F9000110B41EC120B41EC130B41EC140B41EC07
:102FA000150B41EC160B41EC170BEFF3148222F0DA
:102FB000040282F31488BFF36F8F0246034604466F
:102FC0000546064607468046814682468346844635
:102FD00086460447FEE70000A5EDF5FE2DE9F04129
:102FE000044618B943F6DA30BDE8F0810029F9D07B
:102FF0008368002513F4406F14BF01230023134F8F
:1030000043F00203DFF848800B6000F13806236AC2
:10301000AB4201D80020E7E71421A369E26906EB7F
:10302000830301FB02330C226A439918896809075C
:1030300009D59B58BB4201D04345D3D1186810B184
:103040000121FEF7C1FF0135E1E700BFBC10002000
:10305000B410002070B5324C86B03248FFF7C0FA89
:10306000236801255A1C01932F4B2260DA681B69E3
:103070004FF44076039300232A4801A90292049555
:10308000ADF814608DF81630FFF76BFA18B143F6FF
:10309000DA3006B070BD23688DF816005A1C019313
:1030A000224B20480293224B01A9CDE9033522602F
:1030B000ADF81460FFF755FA0028E8D123688DF8C1
:1030C00016005A1C01931B4B164802931A4B01A978
:1030D000CDE903352260ADF81460FFF742FA00280D
:1030E000D5D123688DF816005A1C0193134B0D4857
:1030F0000293134B01A903930223049340F201139B
:103100002260ADF81430FFF72CFA04460028BED137
:103110002A4629460348FEF7A3FE2046B9E700BF2A
:10312000301A0020B0100020D03A0100403B0100CE
:10313000C06401004008010040080100000C0020AC
:10314000200C0020014B1868704700BFD03A0100E6
:10315000014B1B6818687047D03A0100014B1B688F
:1031600058687047D03A010008B5FEF747FFFEF7F0
:10317000ADFE0A4B5A68103AD3B2120609D40121A7
:103180005A0903F01F03994002F16003044A42F810
:103190002310BDE8084000F021B900BF00ED00E0B9
:1031A00000E100E00020034BD8765A6A42F4702216
:1031B0005A62704700ED00E00349044BCA680020E2
:1031C00092B21343CB60704700ED00E00800FA05AF
:1031D00000224FF0FF300D4B02F1A0010132102A06
:1031E00043F82100F8D1D3F88022002022F0080211
:1031F000C3F88022D3F88022D3F8802222F4007210
:10320000C3F88022D3F88032704700BF00E100E0AD
:1032100008B5FEF73FFE0822024BC3F880211A6072
:10322000002008BD00E100E0064BD3F8D02022F0DA
:103230000102C3F8D020D3F8D02042F00202C3F834
:10324000D020704700ED00E037B50124FEF750FEB6
:10325000174D224605234FF4813016490094FEF79E
:1032600065FE224607234FF0005013490094FEF7F5
:1032700073FED5E90101072300220094FEF756FEF4
:10328000072300220D490E480094FEF765FE2969C8
:10329000E8680139FEF77AFE062300224FF4082081
:1032A00008490094FEF742FE002003B030BD00BF85
:1032B000D03A0100FF7F0100FF7F0020FFFF0320C5
:1032C00000800020FFFF0F0038B500240E4D0021C4
:1032D00055F8040B0134FEF785FE1D2CF7D10020B4
:1032E000012240F20111094BC3F88004C3F8842481
:1032F000C3F8C004C3F8C424054AC2F840154FF40B
:103300008072C3F8402438BD5C3A010000300050A0
:10331000009003500122014B1A607047341A0020BC
:1033200010B50446094B2289186861680623406875
:1033300000F09CF928B9064B1B68012B01D1FFF75F
:1033400059FA6FF08603236010BD00BF1C1A0020DD
:10335000341A002001F00C0370B50C2B0CBF15467D
:1033600005464A060C461ED58B0658BF2835AB6964
:1033700013F8026C84F00803C3F3C003C6F3801291
:10338000934201D000F02AF816F0A00F1CD176B1BC
:10339000032E15D032461C210D48FFF76FF96FF050
:1033A00083032B600AE000F019F82026E2E7FFF71C
:1033B00077FA04460146074800F031FA204670BD0E
:1033C0002846FFF7ADFFF9E732461F210248E4E740
:1033D000EC3A0100F80B0020083B0100FFF72DB983
:1033E00003689A68DB6812F4806F05D18B422CBFAA
:1033F00000206FF0FA0070478B420CBF00206FF086
:10340000FA00704710B500F0D3F8044600F0E1F878
:1034100050B9FFF7EFF9A3685B681B685B688342EC
:1034200018BF0024204610BD0024FBE738B5054630
:1034300048B1FFF71FFDB5EBD07F044601D0FFF781
:10344000CDFF204638BDFFF7D5F9F4E7002310B5CE
:1034500000F1280252F8041F19B1C16F146C19440D
:103460004C600833202BF5D110BD70478230012805
:1034700008B506D8FFF7C8F918B9BDE80840FFF746
:10348000ADBF08BDF8B506460D46FFF7BBFF0446C5
:1034900008B9FFF7A3FFA7680FB9FFF79FFFE3681D
:1034A000991C20D05A1C21D1A5B315F1820F13D13C
:1034B00002232360EFF3108672B629462046FFF7F9
:1034C00087FC054686F310882368022B24D120460A
:1034D00000F081F82846F8BD15F1830FEAD0FFF718
:1034E0007DFF0025E6E702232360FAE7002BF6DBE9
:1034F0002046FFF7ABFF3B689B689B0501D5022385
:10350000236015F1810FD5D16369002BD2DBFFF762
:1035100065FFCFE73546F4E700232360DAE708B517
:10352000FFF78BF86FF0830008BD2DE9F3410E46DD
:10353000174698460546FFF767F9FFF777FF2946D4
:10354000024601A8FFF770F9044660B943463A46BF
:1035500031460198FFF7B6FA044640B16B0002D538
:10356000019800F038F8204602B0BDE8F0810198DB
:10357000FFF706FC0446F6E740F20110704770B50D
:103580000546FFF741F906462846FFF7E3F80446EB
:1035900008B9002070BD014632462846FFF7F0F812
:1035A0000028F6D12368D868F4E74FF480507047BC
:1035B000B0F5805F03D1EFF30B80803870470020B7
:1035C00070477047EFF30B8000F1800383F30B88A3
:1035D000704700207047EFF30B83803B83F30B8829
:1035E000704780EA0000E1EE100A00EE100A00EEDB
:1035F000900A01EE100A01EE900A02EE100A02EEA5
:10360000900A03EE100A03EE900A04EE100A04EE8C
:10361000900A05EE100A05EE900A06EE100A06EE74
:10362000900A07EE100A07EE900A08EE100A08EE5C
:10363000900A09EE100A09EE900A0AEE100A0AEE44
:10364000900A0BEE100A0BEE900A0CEE100A0CEE2C
:10365000900A0DEE100A0DEE900A0EEE100A0EEE14
:10366000900A0FEE100A0FEE900A70472DE9F04114
:103670000F461546002A5BD0002900F08D8003F02C
:103680000602062A57D09A0740F1868008249B0636
:1036900048BF44F01204860758BF44F00404C00732
:1036A00009D5EFF39483D9074CBF44F0040424F008
:1036B000040444F0120422462946384602F0A6FBD0
:1036C000B0BB47E800F205EB0708110E120208F143
:1036D000FF3646E800F34FEA13605AD51B0258D56F
:1036E000884256D047E800F546E800F6FEF790FF1E
:1036F0002D0E85424FEA166628D3FEF78BFF8642D1
:1037000024D82846FEF77FFF2246C7F10101014475
:10371000384602F07BFBE0B30135AE420DD83046AF
:10372000FEF76FFF2246A8EB000102F06FFB80B3AB
:103730000020BDE8F0810124A9E72846FEF761FFDB
:103740000746FEF769FF22460146E1E7FEF76CFFF8
:1037500085421ED3FEF76AFF86421AD82846FEF736
:103760002DFC2246C7F101010144384602F04EFB10
:1037700078B10135AE4203D83046FEF750FFD1E7AD
:103780002846FEF74CFF0746FEF752FF2246014649
:10379000EBE76FF07F00CCE74CF2DA20C9E710B519
:1037A0000446FFF741FDFFF74FFD10B143F6DA3055
:1037B00010BDFFF789FD0028F8D1FFF74BFC00286A
:1037C000F4D102232360F3E708B5FFF7EBFC10B157
:1037D00043F6DA3008BDFFF7EFFC0028F8D100F01F
:1037E0001CF80028F4D162B6FDF712FBFFF7F0FCDD
:1037F0000028EDD1FFF70CFD0028EBD0E8E7EFF350
:103800000880EFF309812DE9F00F6B467246FDF752
:1038100053FA08B0FFF7A8FCFEE700207047044603
:103820000D46FFF7DEFEA546284783F30888964637
:103830000222EFF31483134383F31488BFF36F8FD3
:103840000847000001464154414C204552524F5216
:103850003A2000486172644661756C740D0A004D2F
:10386000656D4D616E616765206661756C740D0AEA
:10387000004275734661756C740D0A00557361677B
:10388000654661756C740D0A005365637572654613
:1038900061756C740D0A00526573657276656420FB
:1038A000457863657074696F6E2000506C61746652
:1038B0006F726D2065787465726E616C20696E74CC
:1038C00065727275707420284952516E293A200031
:1038D000410E0100D3230100BD100100790E01004B
:1038E000FB23010007240100910E0100D7230100F2
:1038F000610E01006D0E0100450F0100DD23010086
:10390000E9230100EF2301001D0000001000000268
:103910001C0000011100000303020202000000006D
:103920000338FDD87047506C6174666F726D204526
:103930007863657074696F6E3A0D0A00416C6C2093
:1039400070696E732068617665206265656E2063BC
:103950006F6E66696775726564206173206E6F6E45
:103960002D7365637572650D0A000000000000008C
:103970000002000000040000000600000008000033
:10398000000E000000100000DEE61E284CBBCE8FAB
:10399000025B000000000100000200000002FF00C6
:1039A0002C0000003001FF00080000000881FF002B
:1039B000F80200003031323334353637383941427D
:1039C000434445461B5B313B33346D426F6F746932
:1039D0006E672054462D4D2076322E312E312D6EBD
:1039E0006373342D321B5B306D0D0A001B5B313B62
:1039F00033346D5B536563205468726561645D2088
:103A000053656375726520696D61676520696E69CC
:103A10007469616C697A696E67211B5B306D0D0A90
:103A20000054462D4D20466C6F6174204142493A46
:103A300020486172640D0A004C617A7920737461C8
:103A4000636B696E6720656E61626C65640D0A0068
:103A500014120020FC110020180401000040005046
:103A6000005000500080005000A0005000B00050F6
:103A700000E0005000F00050000001500010015024
:103A80000040015000500150007001500080015072
:103A900000B0015000C0015000D0015000E00150C2
:103AA00000F00150000002500010025000200250AF
:103AB000003002500040025000600250008002506E
:103AC00000A00250009003500025845000A0035035
:103AD0000080010000800100FF7F0800007C0100E1
:103AE0000080010000800800FFFF0F00556E6B6E24
:103AF0006F776E2053504D20535643207265717579
:103B000065737465643A2000556E6B6E6F776E2036
:103B1000535643206E756D626572207265717565CE
:073B2000737465643A200094
:103B40000348044B834202D0034B03B1184770472C
:103B50009C1100209C110020000000000548064B2D
:103B60001B1AD90F01EBA301491002D0034B03B17B
:103B7000184770479C1100209C1100200000000095
:103B800010B5064C237843B9FFF7DAFF044B13B1A5
:103B90000448AFF300800123237010BDA01800205B
:103BA00000000000AC64010008B5044B1BB10449DF
:103BB0000448AFF30080BDE80840CFE700000000F4
:103BC000A4180020AC640100A3F5803A704700BF40
:103BD000174B002B08BF134B9D46FFF7F5FF002145
:103BE0008B460F461348144A121A02F086FA0E4BFF
:103BF000002B00D098470D4B002B00D09847002099
:103C0000002104000D000D48002802D00C48AFF33D
:103C1000008002F073F920002900FEF75BFD02F03E
:103C200059F900BF0000080000000000000000007B
:103C3000F80B00209C110020A428002000000000A8
:103C400000000000009A074B9A4208D110B502F01C
:103C500077FA02F079F906BC96460C46744702F0F2
:103C6000B3FA0000A5EDF5FE009A074B9A4208D181
:103C700010B502F071FA02F067F906BC96460C46E0
:103C8000744702F0A1FA0000A5EDF5FE0CB4029A0B
:103C9000084B9A420CD14FF0004319430CBC10B5AD
:103CA00000F022F802F050F906BC96460C46744724
:103CB00002F08AFAA5EDF5FE009A044B9A4202D171
:103CC00003490868744702F07FFA0000A5EDF5FE8D
:103CD00010630100009A034B9A4200D1744702F02E
:103CE00073FA0000A5EDF5FE2DE9F84304460D46F4
:103CF00016461F46EFF30583C3F308030BB1FFF726
:103D00006DFBDFF834903B46204632462946D9F811
:103D10000080FFF70AFCD9F800300446984506D029
:103D20009B6901461869BDE8F843FFF7ABBBFFF795
:103D30009DFB2046BDE8F8831C1A002001680E4A4E
:103D40000346914215D1C169A2F11022A2F1EF12EE
:103D500091420ED18268012A0BD8C26812B1016962
:103D60008A4206D0586928B19B691B1A58425841AB
:103D700070470120704700BF55AA00FF0D4B70B57A
:103D80009E68A6B13046FFF7D9FF044678B9F368BC
:103D90006BB935690DB9204670BD2846FFF7CEFFD7
:103DA00028B9EB68B34202D12E462D69F2E701240F
:103DB000F1E700BF381A00202DE9F041394E346890
:103DC000F368D4B1B468C4B1002861D000295FD0D1
:103DD00001FB00F5B5FBF0F0884259D1291D57D8F9
:103DE000AA070DD025F0030204321C4603E06168E7
:103DF00091424FD2A469002CF9D12046BDE8F08150
:103E00002A46F2E7891A232904F12007D4E9050C90
:103E10001AD80123A360A0B1C0F818C0A36903B1E8
:103E200058610023C4E905333369DB0702D5FFF786
:103E3000A5FFA0BB2A46002138463C4602F05DF9AA
:103E4000DBE7C6F80CC0E9E702F1200804EB080341
:103E50002039C3E9011E2169DFF84CE0DC601961FB
:103E600044F808E0AEF1102EAEF1EF1EC3F81CE0EE
:103E700001B1CB60C3E9050C40B18361996901B11F
:103E80004B6101212361C4E90121CAE7F360F5E731
:103E90000024B2E7D4F808E0BEF1000FB2D0012050
:103EA00002F018F8381A002055AA00FFF8B50546A8
:103EB00000283AD0364E3368002B36D0B268002A3C
:103EC00033D0834203D872681344984202D301204E
:103ED00002F000F8A0F120042046FFF72FFF002891
:103EE000F5D155F8183C012BF1D145F8180C55E9DE
:103EF0000570DFB1BB68CBB955F81C2C7B6820324C
:103F000013447B60386100B1C76020220021204645
:103F100002F0F3F8386908B183682BB333699B0763
:103F200003D5FFF72BFF0028D1D1F8BD40B383683C
:103F300033BB426863681344203363600369D4E988
:103F40000521236192B9B9B9426981696261A161B0
:103F5000A2B19461A26902B1546103B1DC60202274
:103F6000002102F0CAF8D9E73C46E2E79161A16975
:103F70000029E9D04A61E7E7F160F8E7F460E9E792
:103F8000F36845F8083C03B15C61F460C6E700BF24
:103F9000381A002038B50D46142200210446124874
:103FA00002F0ABF81149124800F02CF8232D1AD971
:103FB00014F003031FBF043DED18C3F10403E4181C
:103FC0002A460021204602F098F8074B094AC3E927
:103FD00000459C602260A2F11022203DA2F1EF1268
:103FE0006560E261DC6038BD381A0020AD3E01003A
:103FF000B93D010055AA00FF014B1B68184700BFDF
:10400000C4100020024B1860024B0020196070475A
:10401000C8100020C410002010B50A46044619B18B
:10402000024B00211B68984710BD00BFCC10002038
:10403000074B0A465978022906D11978072903D176
:104040000146181D02F006B96FF08800704700BFE6
:104050004C1A002010B5124C2378590744BF23F0A6
:104060000403237023789A0705D500F063F82378BA
:1040700023F002032370637813B10A4802F0FBF8BF
:104080000023042107486370FFF7C6FF2378DB078E
:1040900005D502F0DCF8237823F00103237010BD6E
:1040A0004C1A0020501A002038B51C4D6A782B7825
:1040B000022A01D1072B12D0D80713D52B789907E4
:1040C00007D400F02FF82B78044643F002032B703E
:1040D00088B96A782B788AB12B785A0719D50024C9
:1040E000204638BD02F0B1F82B78044643F00103B6
:1040F0002B700028E2D0FFF7ADFFF1E7DB07EBD52F
:10410000074802F0A5F8022304466B700028F2D19C
:10411000E2E743F004032B70E1E700BF4C1A0020F4
:10412000501A00200122024B002083F8802570479E
:10413000541A00202DE9F0410A4C002526464FF084
:10414000010803272046C4F820802777013502F0B4
:104150005FF8202D04F12C04F4D1002386F880357B
:10416000BDE8F081541A002010B50C4C236813B13F
:104170000B4B1B682BB900F089FC30B90122084BAE
:104180001A6001232360002010BD0138062801D9E0
:10419000044810BD044B53F8200010BDF01F002050
:1041A000EC1F0020FE8FFFFF14630100144B2DE96C
:1041B000F043002814BF04461C46124F236883B006
:1041C000BB4219D016460D4620464FF4147104F137
:1041D000040900F047F804F58E78484600F0CEF860
:1041E000404600F019FA2B464A46404606490096DA
:1041F00000F034FB08B92760002003B0BDE8F0836D
:10420000F41F0020A5BCC95A0144010070B50D4C33
:104210001D46002814BF064626460B4B306882B068
:1042200098420DD106F58E7000263346009614464E
:1042300000F03EFB002818BF34462C6002B070BD71
:104240000248FBE7F41F0020A5BCC95AE88FFFFF16
:1042500038B131B1002201440346013081421A7065
:10426000FAD1704738B131B1002201440346013020
:1042700088421A70FAD170472DE9F043202B1D4671
:104280000646884691468BB026D8DBB202AF8DF841
:104290000480B04658F8041B8DF8053021B940461B
:1042A00001F038F9044640B9012302224046336048
:1042B00001A901F043F9044638B138462021FFF73F
:1042C000D1FF20460BB0BDE8F0832A464946404660
:1042D00001F034F90446F0E702AF19461046002316
:1042E0003A4601F0B1FA04460028E6D12023B94647
:1042F0001D46CCE72DE9F041D0F8F830A6B0002BF0
:10430000D8BF02AE31DD05460027D0F80C4102AE21
:10431000A4F101089022D5F8FC403146D0F8000104
:1043200001AB0197B8FA88F8A0474FEA581804463D
:1043300020B9019B53B9B8F1000F16D03046902137
:10434000FFF790FF204626B0BDE8F08101463246D7
:104350002846FFF791FF58B9D5F80431019A134464
:10436000C5F80431B8F1000FE8D16FF03C04E5E77F
:104370000446204626B0BDE8F08100BF70B5002598
:104380000446142204F588762946C0F8F850FC301B
:1043900001F0B3FE08222946304601F0AEFE144B70
:1043A00030461B689847204640F8045B01F098F8B7
:1043B000104B30461B689847C8B9D4F8F830AB4268
:1043C0000FDC03EB830204EB82022021C2F8000120
:1043D0000120C2E9421008490133C2F8FC10C4F8B8
:1043E000F830064B3046BDE870401B68184770BD7A
:1043F000EC100020E8100020E5530100E41000203C
:104400002DE9F047202A88B07AD83F4B00F588790B
:1044100004461B6848461746884698470546F8B93B
:1044200040F20116D4F8F830002B65D02046FFF793
:1044300061FF054638B9D4F8F830002B14DC013E92
:10444000F2D16FF03B056E4620213046FFF70AFFA0
:104450002E4B48461B689847002818BF6FF01D0573
:10446000284608B0BDE8F087D4E94132934203D32F
:10447000D4F80C21012A02D0013ED7D1E1E71F2B4D
:10448000FAD96E4601462022304604F1040A01F0B2
:1044900034FE3146504601F07BF805460028D3D162
:1044A000504601F031F8504601F01AF829465046BE
:1044B00001F030F805460028C6D15046202231468A
:1044C00001F03CF805460028BED1034632462021C3
:1044D000304601F0B9F905460028B5D1D4F8F830D6
:1044E0003A46002BC8BF002340463146C8BFC4F837
:1044F000043101F0DDFDA7E76FF03F056E46A3E74D
:104500006FF03B05ACE700BFE8100020E41000208E
:1045100070B590B000287AD03E4C0D46402236212E
:104520000646204601F0E9FD40225C21A01801F07A
:10453000E4FD2B1DA34203D904F144039D4252D351
:104540002B682268534023602B68226C53402364FD
:104550006B686268534063606B68626C534063646D
:10456000AB68A2685340A360AB68A26C5340A364DD
:10457000EB68E2685340E360EB68E26C5340E3644D
:104580002B69226953402361226D2B6953402365B7
:1045900062696B69534063616B69626D5340636527
:1045A000AB69A2695340A361AB69A26D5340A36597
:1045B000EB69E2695340E361EB69E26D5340E36507
:1045C0000021304600F0A6FF044628B940223046BC
:1045D000104900F0B3FF044640216846FFF742FE51
:1045E000204610B070BD631E04F13F01013D1F3431
:1045F00015F8010F13F8012F42401A7011F8012F1E
:104600002878A34282EA00020A70F1D1D8E76FF05D
:104610007304E5E74422002010B54FF49A7200219C
:10462000044601F06AFD42F21072044BC4F82021E6
:1046300004F596701B68BDE810401847EC10002088
:104640002DE9F04F04468846914695B0002900F0C8
:10465000A780002A0CBF0126022600238DF80C300B
:10466000002C00F09F80DFF844A104AF0AF1400B5A
:104670000021204600F04EFF034648B13846202175
:104680000193FFF7EFFD019B184615B0BDE8F08FD1
:1046900040225146204600F051FF03460028EDD14C
:1046A00004F1F40520222946204600F047FF034686
:1046B0000028E3D10122204603A900F03FFF034672
:1046C0000028DBD1022E62D020460CA900F060FF4A
:1046D00003460028D2D10146204600F01BFF0346C6
:1046E0000028CBD140225946204600F027FF034640
:1046F0000028C3D1202220460CA900F01FFF03464A
:104700000028BBD13946204600F042FF034600286E
:10471000B4D139462046FFF7FBFE03460028ADD151
:1047200020222946204600F009FF03460028A5D193
:1047300020460CA900F02CFF034600289ED101461C
:10474000204600F0E7FE0346002897D14022594654
:10475000204600F0F3FE034600288FD12022204699
:104760000CA900F0EBFE0346002887D1294620461D
:1047700000F00EFF0346002880D19DF80C20013286
:10478000D2B2B2428DF80C20FFF472AF76E74A46FF
:104790004146204600F0D2FE0346002894D06DE743
:1047A00001265AE76FF0730304AF67E74422002045
:1047B0002DE9F0410446884615461F46D0F81801F9
:1047C000E0B013B100EB40004008B5F5807F3ED863
:1047D0002844B0F5C07F3AD84FF4C0720021684633
:1047E00001F08BFC6946D4F82431D4F81821D4F8B0
:1047F0002801984770BBD4F8186157B1D4E9493003
:1048000072080DEB0601984720BBD4F8183106EB6F
:104810005306B8F1000F00D08DB9324669462046E4
:10482000FFF70EFF054610B90123C4F814313146D5
:104830006846FFF717FD284660B0BDE8F0810DEB34
:10484000060041462A462E4401F032FCE5E76FF0AF
:104850000405F0E76FF00805EDE700BF2DE9F0472C
:10486000044604F1F4050F4691461E46DDF820800B
:1048700000F036FE29462046FFF74AFE08B1BDE8A3
:10488000F08728462022012101F037FCD4F81831A6
:10489000C4F82471C4F8289113B92023C4F818313E
:1048A000424631462046BDE8F0470123FFF780BF6E
:1048B000B2F5806F00F295802DE9F04F89B09A46ED
:1048C000129BB3F5807F00F29080D0F82431164619
:1048D00004460F464BB3D0F81C31012B05D0D0F85D
:1048E0001421D0F820319A421FDD51460023204682
:1048F000129AFFF75DFF014698B900231293002E2C
:104900005ED0DFF8EC9009F1400B0021204600F06A
:1049100001FE202E3546014628BF202504F1F4086B
:1049200090B1084609B0BDE8F08FBAF1000FE6D0AB
:10493000129B002BE1D051461A462046FFF780FE1D
:1049400001460028DBD0ECE749464022204600F033
:10495000F5FD01460028E4D141462022204600F022
:10496000EDFD01460028DCD16946204600F010FE2E
:1049700001460028D5D1204600F0CCFD0146002894
:10498000CFD159464022204600F0D8FD01460028EC
:10499000C7D169462022204600F0D0FD01460028FC
:1049A000BFD14146204600F0F3FD01460028B8D1B2
:1049B00038462A46414601F07BFB761B2F44A4D1A2
:1049C00051462046129AFFF73BFE01460028A8D127
:1049D0000846D4F814310133C4F8143109B0BDE8E5
:1049E000F08F6FF00201084670476FF0040198E7FE
:1049F00044220020002130B58DB0282202A8019168
:104A000001F07BFB02A800F047FF044610B12046EE
:104A10000DB030BD174D4FF0FF31286800F042F95E
:104A2000044620B1144800F0D3F9012C18D000201E
:104A300000F068F9D0B9114A02A901A800F0C4FC3D
:104A40000446012000F05EF960B9286800F032F9F0
:104A50000028DCD00A4800F0BBF920460DB030BD7C
:104A60000524F2E7074800F0B3F9EEE7064800F046
:104A7000AFF9E0E7D010002030630100C42200202D
:104A800088630100686301004863010030B583B0AA
:104A900000F05CF828B100F0ABF80324204603B026
:104AA00030BD00F077F8D8B900F02CF9E0B9224C0D
:104AB000D4F828391B0EF02B0AD1D4F8242A1F4B26
:104AC0009A4231D000F044F8072400F091F8E5E76D
:104AD000062400F03DF800F08BF8204603B030BD0E
:104AE0000424204603B030BD00F032F800F080F816
:104AF000FFF780FF044698B9114D2B68002BCDD1EC
:104B000002460146FFF752FB50B968220D4901AB3E
:104B1000FFF77CFB20B920460B4B2B6003B030BD68
:104B20000524204603B030BD012000F0EBF800283A
:104B3000DAD1C4F80C0ADBE7001084500000E02052
:104B4000E4240020E82400205AEA5A5A0020704742
:104B500000207047430504D54FF0FF32034BC3F8E4
:104B60000821024BC3F8080A704700BF00108450A8
:104B7000014BC3F8040A70470010845008B100F0DC
:104B80006BB84FF47500704708B100F04FB84FF4A0
:104B90007500704710B5114800F070F800B110BDF5
:104BA0000F4800F06BF80028F9D10E4C204600F0B9
:104BB00065F80028F3D10C4B0C481C6000F05EF83F
:104BC00001460028EBD100F02DF8044608B120463C
:104BD00010BD00F079F82046FAE700BFE010002091
:104BE000DC100020D8100020D0100020D4100020AD
:104BF00008B5084800F04CF8074800F049F80748A5
:104C000000F046F8064800F043F8BDE8084000F020
:104C10000BB800BFE0100020DC100020D8100020EE
:104C2000D410002000207047704700BF024610B427
:104C3000084CD4F8003A1342FBD021B1D4F8043127
:104C40000B60C4F80831034B0020C3F8082A5DF854
:104C5000044B704700108450044AD2F8003A1842BE
:104C6000FBD0C2F8080A0020704700BF0010845033
:104C700001F0E8B90A46002101F03FBA08B5034B3C
:104C800002681B6810689847002008BD0C110020BE
:104C900008B5034B02685B6810689847002008BDA0
:104CA0000C110020024B02689B681068184700BF77
:104CB0000C11002008B5034B0268DB6810689847A8
:104CC000002008BD0C11002070B5094C094D206969
:104CD000AB68984718B1084B08485B6898470021B3
:104CE000074AEB6811602069BDE87040184700BFB3
:104CF000F81000200C110020F0100020A06301002B
:104D000050250020F8B51A4D1A4E0446B26828699D
:104D10009047E8B9184F3B684CB1A3B1012B19D0AB
:104D2000013B3B602869F36898470020F8BD43B910
:104D30000121124AC2F800151149D1F81029002AA0
:104D4000FBD101333B60F368286998470020F8BD28
:104D50000C48F8BD0A4AD2F81039002BFBD1074A9B
:104D60006FF07E40C2F80035FFF702FF3B68D7E7DF
:104D7000F81000200C110020502500200000845065
:104D800000108450E98FFFFF014B1B68184700BFDC
:104D90000C110020014B9B68184700BF0C1100202C
:104DA000014BDB68184700BF0C110020BFF34F8F89
:104DB0000549064BCA6802F4E0621343CB60BFF3B7
:104DC0004F8F00BFFDE700BF00ED00E00400FA05D3
:104DD00030B44FF0FE320025074B084C08494968B3
:104DE000C3F80024C3F80424C3F80824C3F80C242F
:104DF000C4F8005530BC08470010845000008450AF
:104E0000F010002010B5044650B1636813F0685FDD
:104E100005D0064A934202D000236260236010BD91
:104E2000034B04485B689847EFE700BF2C5F5CA921
:104E3000F0100020C0630100C8B143680D4A9342DE
:104E400013D013F0685F0ED0012350E8002F1946ED
:104E500040E8001C9CF0000FF7D1012AF5D0BFF309
:104E60005F8F0020704704487047044870476FF414
:104E7000E04070472C5F5CA9E98FFFFFEA8FFFFFDE
:104E8000034680B1426809498A420AD012F0685F3D
:104E900005D0BFF35F8F002210461A6070470448A8
:104EA0007047044870476FF4E04070472C5F5CA97E
:104EB000E98FFFFFEA8FFFFF10B5044620B1002302
:104EC000034A2360626010BD0248FFF781FFF6E7E6
:104ED0003A00003AE86301002DE9F047002878D055
:104EE0000C46002975D01D46002B72D007461AB11A
:104EF000012200232A6003602B68002B64D029461E
:104F0000204600F0B7FD804600285FD12146286882
:104F100000F096FD8046002858D12B68082B6CD0F5
:104F2000042B6DD0A3F10209B9FA89F94FEA591996
:104F30000121354EC6F8C411C6F84011C6F8C41197
:104F4000636AC6F83031D6F830219342F6D14FF07B
:104F5000000A4FF0FF30C6F82CA1FFF7FBFD6FF001
:104F60001B035046C6F80031FFF702FEC6F80C914D
:104F7000D6F8040A40F48060FFF7FAFD0A23C6F869
:104F80003831089B012B29D02369204AA2FB032337
:104F90001B09626A404602FB03F303EB43031A4A10
:104FA000DB039B09C2F8D8310123C2F82C313B68DE
:104FB0002A6823F07F4343EA02633B602A6843EA9E
:104FC00002233B60BDE8F087DFF844804046BDE83F
:104FD000F087DFF840804046BDE8F0874FF47F035C
:104FE000D3F80C2C013206D0D3F80C3C074AA2FBB4
:104FF00003231B09CDE71623CBE74FF0030997E7FF
:105000004FF0020994E700BF00108450ABAAAAAA8F
:10501000310CF100350CF10058B34B1EB3F5047F91
:1050200027D230B54FF0000ECD00744671464B09C3
:1050300001F01F0C50F82330BCF11F0F23FA0CF3C2
:1050400006D003F0010319B901211C468E46EEE794
:105050009C4201F1010106D01C464FF0010EA9420D
:10506000E5D1002030BD0EF1010E9645F7D1024882
:1050700030BD0148704700BF360CF100C0B32DE9C8
:10508000F0434C1EB4F5047F1DD2E3B1DAB1002524
:105090002E46A8462C46CF0003F1FF394FEA541C98
:1050A00004F01F0E50F82C10BEF11F0F21FA0EFC59
:1050B0000CD00CF0010C4CB90126E04634463546C4
:1050C000ECE7964216D90C48BDE8F083AB420BD012
:1050D000C44508BF0136A945F3D001350134BC42AF
:1050E000DCD10020BDE8F0830125E0462E46F5E73F
:1050F000014870471D46F1E7370CF1002DE9F04FEC
:1051000091B08346DDE91B460D46002E6ED10F6936
:105110001C6000231A990B60002A00F02F819D4B20
:105120006A6AD3F83811D3F830319A4269D10A2922
:1051300067D19BF80330089304F108030793042315
:105140000593954B934CA3FB07239B0803EB430369
:10515000A7EB4303039306971A9B069E1E60002E3F
:1051600000F0EA8000F096FC00230993BBF1000FE9
:1051700000F0D58098464FF0010ADDF81C90002D14
:1051800000F0CD80089B002B3DD0284608A900F0F8
:1051900071FC002839D0814B984220D0089B082B05
:1051A00000F0E48000225B000893294608AB5846D3
:1051B0000092FFF791FE7A4B984200F0D38070B9CD
:1051C000DBF80020130A03F47F03134323F07F432B
:1051D000CBF80030059B013B0593BDD10020039027
:1051E00000F058FC039811B0BDE8F08F4FF47F0138
:1051F000D1F80C0C01300CBF4FF40477D1F80C7CC3
:1052000086E76848EBE76648C5E72946089800F056
:1052100017FC0028BFD1089B082B00F0A980042BA5
:1052200000F0A980A3F10203B3FA83F35B090493AE
:10523000C4F8C4A1C4F840A1C4F8C4A16B6AC4F8FE
:105240003031D4F830219342F6D100234FF0FF30B3
:10525000C4F82C31FFF77EFC002318466FF01B03C7
:10526000C4F80031FFF784FC049B4B4FC4F80C31A9
:10527000D4F8040A40F48060FFF77AFC0A23C4F8EB
:1052800038312B6909A8A7FB03236A6A1B0902FBB3
:1052900003F303EB4303DB039B09C4F8D831C4F8E1
:1052A0002CA1DBF80030089923F07F420B0243EA7F
:1052B00001631343CBF8003000F0B2FB099B03F00D
:1052C0001A0303437FF46AAFA7FB0637D4F81431FF
:1052D000B8EB970F0A93D4F818310B93D4F81C311C
:1052E0000C93D4F820310D93D4F824310E93D4F8D4
:1052F00028310F9301D1039B9BB9484618220AA974
:10530000183EFFF7B5FC09F1180908F101089EB134
:1053100000F0C0FB00230993002D7FF433AF224837
:1053200039E748461A46F61A0AA9994408F10108CD
:10533000FFF79EFC002EEBD1069F079E6A69394657
:105340003046FFF769FEAA6940B94FF480633946D9
:105350003046FFF793FE00283FF440AF00231A9A2F
:10536000136018E72B6A002B3FF439AF0F4836E77C
:10537000032304935CE70223049359E7012229469F
:105380005846009608ABFFF7A7FD00283FF4D4AEBF
:1053900025E700BF00108450ABAAAAAA020CF100B6
:1053A000310CF100300CF100350CF100320CF10041
:1053B00030B4DDE9023402940024049DCDE90354A5
:1053C00030BCFFF79BBE00BF30B51546012487B047
:1053D00005AB00930022CDE9015404ABFFF78EFE2C
:1053E00007B030BDF0B587B0002966D01E46002B4F
:1053F00063D01446002A60D0314F0D4638684FF014
:10540000FF31FFF74FFC00284DD10020FFF77AFC59
:10541000002844D12B4800F03FFAD8B101204FF0CA
:10542000FF35FFF76FFC002835D14FF4087126488F
:10543000FEF70EFF04212548FEF70AFF2148282128
:10544000FEF706FF3868FFF735FC00282FD1284605
:1054500007B0F0BD1C4A0346029205AA019204AAB5
:1054600003900092174902461848FFF7A1FF034630
:105470000028D3D128461D46059B22469C4228BFC2
:105480001A46049932600831FFF7F2FB0120FFF75A
:1054900039FC0028C9D00E48FFF79AFCC5E70D4833
:1054A000FFF796FCB6E70C48FFF792FCADE70B4818
:1054B000FFF78EFC284607B0F0BD4FF0FF35C6E77A
:1054C000D0100020682500209025002064250020B1
:1054D0006863010048630100306301000C6401004F
:1054E00010B5044628B12046BDE81040F421FFF76E
:1054F000C1BB0448FFF76CFC2046BDE81040F42116
:10550000FFF7B8BB2464010010B1F421FEF7A0BE80
:10551000704700BF08B521B1012908D06FF03600EF
:1055200008BD012100F058F80028F7D108BD02217C
:1055300000F052F80028F9D0F0E700BF30B505467A
:105540008818B0F5801F0B461446A1B001D8802AF8
:105550000CD9B3F5801F17D922461946284600F00A
:105560007DF8044684B9204621B030BD6846FFF777
:105570007FFB22466946284600F070F880210446E9
:105580006846FFF777FBEDE76FF03604EBE700BF07
:1055900070B5E8B10E46D9B1044600F031F80546C1
:1055A000B0B92368012B0BD0022B01D0284670BD67
:1055B0001C22304604F10801FFF75AFB284670BD53
:1055C0002022304604F10801FFF752FB284670BD47
:1055D0006FF03605EAE700BF78B138B50D46F02127
:1055E0000446FFF747FB402320462560E36500F0B3
:1055F00091FA003818BF012038BD0120704700BF64
:10560000F0B5056EA5B0044604AEE5B90023012748
:10561000019330466760294602AA009300F046FADB
:1056200010B1012025B0F0BD2A46204602A900F0A5
:1056300099FA0028F5D1204600F0AAFB0028F0D105
:10564000206625B0F0BD802D2A46304628BF802236
:1056500004F16401FFF70CFB256ED7E7002800F08A
:10566000AE802DE9F04F1446A5B0002A3DD00F467C
:10567000002949D0B2F5803F0546006E20D34FF691
:10568000FF7805F1640AEB6D1A1AB2FBF3F103FB24
:105690001122002A65D18342B9464FF6FF7672D0B7
:1056A000B6FBF3FB03FB0BFBBBF1000F30D1002E6D
:1056B00045D1A4F57F44FF3CB4F5803F4744E2D296
:1056C000EA6D161AB6FBF2F302FB1366A64228BF78
:1056D0002646002E75D1824200F08D80B4FBF2F692
:1056E00002FB06F62EB9002C79D1002025B0BDE8CA
:1056F000F08F002331463846CDE9003302AA00F08E
:10570000D5F9002800F09580012025B0BDE8F08F84
:10571000002359464846CDE9003302AA00F0C6F9F5
:105720000028F1D15A46284602A900F01BFA0028A9
:10573000EAD1A6EB0B06286ED944002EB9D0193059
:105740004946324605EB8000FFF792FAA4F57F4404
:10575000286EFF3C3044B4F5803F4744286692D21F
:10576000AEE7424528BF4246164639465044FFF749
:105770007FFA286EEB6D3044834207EB06092866FA
:10578000A8EB06068CD1802B28BF802351461A46F1
:1057900004A8FFF76DFA0023E96D02AACDE90033F2
:1057A00004A800F083F90028AED12846EA6D02A9CA
:1057B00000F0D8F90028A7D1EB6D286670E701202A
:1057C000704705F16403394632461844FFF750FA32
:1057D000286EEA6D3044A41B374428667BE72B6EA5
:1057E0002246193305EB83003946FFF741FA2B6E49
:1057F00023442B6679E7802A28BF802205F16401C3
:1058000004A8FFF735FA0023E96D04A8CDE90033B9
:1058100002AA00F04BF900287FF476AF2846EA6D23
:1058200002A900F09FF900287FF46EAFEA6D2866A8
:1058300054E73246284602A900F094F900287FF484
:1058400063AF3744A41B4EE7F8B51C460546114824
:1058500016460F46FFF744FE21460E48FFF75AFE54
:10586000044620B10B48FFF74FFE2046F8BD3A46EC
:1058700029460848FFF762FE04460028F2D1314667
:105880000448FFF785FE04460248FFF73DFE204628
:10589000F8BD00BFB02700201C2370B582B001A95D
:1058A0000546019300F032F8044638B9019B1C2BE1
:1058B00007D0144C1C212846FFF7DCF9204602B023
:1058C00070BDD5E90112131E18BF0123003918BF9E
:1058D0000121012628689B00EA6843EA4103002869
:1058E00018BF43F00103EE612AB9C5E90834002B63
:1058F000E4D1054CDEE7204643F00803C5E908344F
:1059000002B070BD370CF0000E0CF000034600280A
:1059100066D0002964D00A681C2A61D14FF47F0246
:105920003B49D2F8100C88425CD0D2F8101C0131EF
:1059300058D0D2F8101C4FF47F021960D2F8140C22
:105940003449884260D0D2F8141C01315CD0D2F8BE
:10595000141C4FF47F025960D2F8181C11F5947F83
:105960004FD0D2F8181C01314BD0D2F8181C4FF48C
:105970007F029960D2F81C0C274988423ED0D2F8A9
:105980001C1C01313AD0D2F81C1C4FF47F02D960A4
:10599000D2F8001C70312FD0D2F8001C01312BD06E
:1059A000D2F8001C4FF47F021961D2F8041CAF3109
:1059B00020D0D2F8041C01311CD0D2F8041C4FF4C2
:1059C0007F025961D2F8080C144988420DD0D2F8F0
:1059D000081C013109D0D2F8082C00209A617047C8
:1059E0000120704740F6FC01A5E740F23732002065
:1059F0009A6170475121E2E79021D3E742F6041102
:105A0000C3E740F6D861B2E742F2D001A1E700BF98
:105A1000FCF8FFFFD020FFFF0429FFFF37F3FFFF53
:105A2000014608B54FF48060FFF7AEF80022034B43
:105A3000C3F8C821C3F82C2108BD00BF0010845052
:105A40000138072805D8DFE800F0100E040A040426
:105A5000040607487047CB6800204B6270478B688C
:105A600000204B6270474B68F6E70B68F4E700BF15
:105A7000310CF1000B6802E0082B0B6006D8026ABB
:105A800013424FEA4303F7D00020704700487047A5
:105A9000310CF1000022044B4FF48060C3F82C213C
:105AA000C3F8C421FFF756B800108450F0B50024A5
:105AB00083B0B0F1005F8DF8074025D38C46844455
:105AC000BCF1804F04461FD817461D4601220DF138
:105AD000070300F097F90646B0B99DF80730099A18
:105AE0003C603B7192B14DB10246089928460DF1D8
:105AF000070300F087F938B99DF807303046099A56
:105B00001560137103B0F0BD4FF47506304603B055
:105B1000F0BD00BFD8B108B50368012B04D0022B3B
:105B20000FD043B10B4808BD20220B490830FFF7C6
:105B30009FF8002008BD142208490830FFF798F8A4
:105B4000F7E7202206490830FFF792F8F1E74FF413
:105B5000730070470100F3003464010074640100B5
:105B6000546401002DE9F843002900F0F98004464F
:105B7000002800F0F98003680F469046002B00F0E3
:105B8000C380013B012B00F2D7804FF0FF317848F2
:105B90004FF00209FFF786F8002840F0BF80002090
:105BA000FFF7B0F80646002840F0C280714AD2F8EC
:105BB0001C39002BFBD16F4DD5F8203C002BFBD1BD
:105BC0004FF0FF30FEF7C6FFD5F8040A20F0400082
:105BD000FEF7CEFF01230722C5F81838C5F80029C3
:105BE000C5F8C437A36CC5F8CC37E36CC5F8D0371B
:105BF000C5F8C09723685BB1013B012B18D8636AD5
:105C0000C5F85C36236AC5F85836E369C5F85436DA
:105C1000A269584BC3F850266269C3F84C26226922
:105C2000C3F84826E268C3F84426A268C3F84026B1
:105C3000504AD2F81039002BFBD1B8F1000F5FD0D9
:105C400063684020012B08BFC2F884363A68494B8C
:105C5000C3F8282CC3F82C8CFEF790FF0646454A63
:105C6000D2F81039002BFBD1424AD2F8203C002B4D
:105C7000FBD123685BB1013B012B18D8D2F85C360D
:105C80006362D2F858362362D2F85436E361394B56
:105C9000D3F85026A261D3F84C266261D3F8482687
:105CA0002261D3F84426E260D3F84036A360002393
:105CB0000121304AD2F8CC07A064D2F8D007E064C2
:105CC000C2F8C417C2F88436C2F8C837D2F81039FF
:105CD000002BFBD1C2F81838002E3BD1254BD3F84E
:105CE000040A40F04000FEF743FF0120FFF70AF8E6
:105CF00060BB1F48FEF7DEFF10BB3046BDE8F883EF
:105D00000423C2F8C837AAE74FF0FF3118484FF014
:105D10000109FEF7C7FF00283FF441AF1648FFF71F
:105D200057F80020FEF7EEFF064600283FF43EAF8E
:105D30001248FFF74DF839E7114E3046BDE8F883B9
:105D40001048FFF745F83046BDE8F8830E48FFF7E6
:105D50003FF8CEE7102104F10800FEF78BFFBDE706
:105D60000A4E3046BDE8F8834FF47306C5E700BF1E
:105D7000E0100020001084503063010048630100EF
:105D80000100F30088630100686301000300F30071
:105D9000A0B3034670B4D0E90240D3E9041226BA96
:105DA00005BA0CBA10BAC3E90440D3E90612986ADE
:105DB00009BAC3E9026512BA996100BAD3E9084188
:105DC00025BA0CBAC3E90725D3E90B12C3E9094088
:105DD00009BAD86B12BAD962D3E90D4125BAC3E921
:105DE0000C250CBA00BAD3E9101209BA12BAC3E9E9
:105DF0000E40196400205A6470BC70474FF4730061
:105E0000704700BF00201870704700BF431810B5DE
:105E100001D21F2A01D9002010BD013902F014035C
:105E20000144102B80EA01043CD009DC8BB1042B27
:105E3000F1D11F2C40E840F315D941E840F10EE0C4
:105E4000142BE8D11F2C40E8C0F30CD941E8C0F175
:105E500005E01F2C40E800F305D941E800F11C469D
:105E60000B468C42D7D122F01402013A0A2AD2D82A
:105E700001A151F822F000BFC75E0100C15E010020
:105E8000B35E0100175E0100175E0100175E01009E
:105E9000175E0100CD5E0100C75E0100BB5E010020
:105EA000B35E01001F2C40E880F3DCD941E880F1AB
:105EB000D5E713F4001FAFD1ADE713F4801FFAE765
:105EC0005B02A9D5A7E713F4002FF4E713F4802FA2
:105ED000F1E700BF08B5074B044613B10021AFF34B
:105EE0000080054B1868836A03B19847204600F08C
:105EF00029F800BF000000008864010070B50D4D56
:105F000000260D4C641BA410A64209D10B4D00269F
:105F10000B4C00F0F1F9641BA410A64205D170BD32
:105F200055F8043B01369847EEE755F8043B013637
:105F30009847F2E7480801004808010048080100B6
:105F40004C080100FEE700BFB7EE000AF7EE000ABA
:105F5000B7EE001AF7EE001AB7EE002AF7EE002AA5
:105F6000B7EE003AF7EE003AB7EE004AF7EE004A15
:105F7000B7EE005AF7EE005AB7EE006AF7EE006A85
:105F8000B7EE007AF7EE007AF1EE10CA40F29F0108
:105F9000CFF200013CEA010CE1EE10CA002383F3CA
:105FA00000887047FDF71ABAEFF30880EFF3098114
:105FB0002DE9F00F6B467246FAF77EFE08B0FFF748
:105FC000F1FFFEE7FDF70ABAEFF30880EFF309816E
:105FD0002DE9F00F6B467246FAF76EFE08B0FFF738
:105FE000F1FFFEE7FDF7FAB9EFF30880EFF309815F
:105FF0002DE9F00F6B467246FAF75EFE08B0FFF728
:10600000F1FFFEE7FDF7EAB9EFF30880EFF309814E
:106010002DE9F00F6B467246FAF74EFE08B0FFF717
:10602000F1FFFEE7FDF7DAB9EFF30880EFF309813E
:106030002DE9F00F6B467246FAF73EFE08B0FFF707
:10604000F1FFFEE7814270B40546144602D370BCEE
:1060500000F02EB8821821443CB141EA020313F04B
:1060600003030FD1E018032812D86FF00300A30830
:106070004343002019441A442344984210D128462F
:1060800070BC704711F8013D013C02F8013DE3E7A7
:10609000581850F8046C981840F8046C043BE1E779
:1060A0000C1A14F8016C141A04F8016C0130E4E7BE
:1060B00070B504463AB141EA040313F003030CD16E
:1060C000D518032D0FD822F003031C4419440023D4
:1060D00002F0030293420CD170BD11F8013B013A6A
:1060E00004F8013BE6E7CD1A2E68E51A2E60043B62
:1060F000E6E75D5CE5540133ECE7F0B5044662B9D0
:1061000022F00303234402F003021A44934214D101
:10611000F0BD04F8011B013AF1E7A307F9D11546D8
:106120000B0443EA01630B4343EA01231619032DD1
:10613000E6D9771B3B60043DF9E703F8011BE5E76F
:1061400008B5EFF30583C3F308030BB1FDF746F978
:10615000BDE80840FDF710BA10B50446EFF305831B
:10616000C3F308030BB1FDF739F92046BDE8104031
:10617000FDF705BA2DE9F04104460D4616461F46C7
:10618000EFF30583C3F308030BB1FDF727F93B4693
:10619000324629462046BDE8F041FCF757BD2DE9BF
:1061A000F04104460D4616461F46EFF30583C3F340
:1061B00008030BB1FDF712F93B463246294620464B
:1061C000BDE8F041FCF77CBD08B5EFF30583C3F3F0
:1061D00008030BB1FDF702F9BDE80840FDF79FB9D0
:1061E00000207047704710B5044608B1FDF714FF52
:1061F0002046BDE81040FDF7FFBE10B50446406ADA
:1062000010B1A16AFFF7EFFF0020C4E9090010BD3B
:1062100038B50546FFF7F1FF2B7F0446012B0ED062
:10622000023B012B0ED82B6A012B18BF6FF096048E
:106230002C2200212846FFF760FF204638BD2B6A3C
:10624000002BF2E76FF09604F2E7002070477047EA
:106250000020704713B5002001AB1446FDF7D6FFB0
:1062600030B9019BA34218BF6FF0930002B010BD7C
:106270006FF09200FAE7002070470346002030B527
:10628000013A00D230BD1D780C78A54202D008B981
:10629000281BF5E701330131F2E72DE9E04F2746EE
:1062A000A046A146A246A346A4462DED108B4FF072
:1062B000000545EC185B45EC195A45EC1A5A45ECBB
:1062C0001B5A45EC1C5A45EC1D5A45EC1E5A45EC30
:1062D0001F5AF1EE105A4FF66076C0F6FF76354041
:1062E000E1EE105A84F3008825462646A447BDEC0B
:1062F000108BBDE8E08F0000F8B500BFF8BC08BC0B
:106300009E467047F8B500BFF8BC08BC9E46704773
:106310007AFFFFFFFF8FFFFFFF8FFFFFFE8FFFFF63
:10632000FE8FFFFFFD8FFFFFFC8FFFFFFC8FFFFF46
:106330004661696C20746F206163717569726520B4
:106340006D757465780A00004661696C20746F2071
:10635000696E63726561736520504D20636F756E61
:106360007465720A000000004661696C20746F2039
:10637000646563726561736520504D20636F756E4F
:106380007465720A000000004661696C20746F2019
:1063900072656C65617365206D757465780A0000BF
:1063A000436F756C64206E6F74206C6F636B20702C
:1063B0006F7765722073617665206D7574657800FE
:1063C0006D757465785F667265652063616C6C6578
:1063D000642077697468204E554C4C20706172615E
:1063E0006D6574657200000043616E277420696EEC
:1063F000697469616C697A65206D757465782C20A3
:10640000776173204E554C4C0D0A00004661696C53
:1064100020746F20756E6C6F636B206D757465787A
:106420000A0000000A637478206973204E554C4CB2
:106430000A00000067E6096A85AE67BB72F36E3C2E
:106440003AF54FA57F520E518C68059BABD9831F3F
:1064500019CDE05BD89E05C107D57C3617DD7030BD
:1064600039590EF7310BC0FF11155868A78FF96421
:10647000A44FFABE0123456789ABCDEFFEDCBA9885
:1064800076543210F0E1D2C33C11002054464D5FE7
:1064900043525950544F0054464D5F504C4154465E
:1064A0004F524D5F5345525649434500000000008E
:1064B00000000000000000000000000000000000DC
:107C00007FE97FE9FCF71EB87FE97FE9FCF72CB834
:107C10007FE97FE9FCF75EB87FE97FE9FCF74CB8C4
:107C20007FE97FE9FCF732B80000000000000000A7
:107C30000000000000000000000000000000000044
:107C4000009000500000000008390100040000000E
:107C50000000000000000000000000000000000024
:107C600000000000FC1100209C11002044030100D2
:107C700090ED00E000A003507FA60350009000505C
:107C80006F950050E5610100E1610100FB600100BA
:107C9000D81000200811002000110020FC10002046
:107CA000F8100020A14D0100954D0100894D010003
:107CB00000000000AD4D0100341100202C11002007
:107CC00024110020000000001C110020B94E01000A
:107CD000054E0100394E0100814E0100542500205F
:107CE0003A00003A582500203A00003A5C2500206E
:107CF0003A00003A602500203A00003A00000000F7
:107D00000000000000000000000000000000000073
:107D10000000000000000000000000000000000063
:107D20000000000000000000000000000000000053
:107D30000000000000000000000000000000000043
:107D40000000000000000000000000000000000033
:0C7D500000000000000000000000000027
:10800000F071012005D301005D380300F1D20100B9
:10801000F1D20100F1D20100F1D20100F1D2010050
:10802000000000000000000000000000C9D40100B2
:10803000F1D201000000000025D40100F1D20100BE
:10804000D9D60100D9D60100D9D60100D9D6010070
:10805000D9D60100D9D60100D9D60100D9D6010060
:10806000D9D60100D9D60100D9D60100D9D6010050
:10807000D9D60100D9D60100D9D60100D9D6010040
:10808000D9D60100D9D60100D9D60100D9D6010030
:10809000D9D60100D9D60100D9D60100D9D6010020
:1080A000D9D60100D9D60100D9D60100D9D6010010
:1080B000D9D60100D9D60100D9D60100D9D6010000
:1080C000D9D60100D9D60100D9D60100D9D60100F0
:1080D000D9D60100D9D60100D9D60100D9D60100E0
:1080E000D9D60100D9D60100D9D60100D9D60100D0
:1080F000D9D60100D9D60100D9D60100D9D60100C0
:10810000D9D60100D9D60100D9D60100D9D60100AF
:10811000D9D60100D9D60100D9D60100D9D601009F
:10812000D9D60100D9D60100D9D60100D9D601008F
:10813000D9D60100D9D60100D9D60100D9D601007F
:10814000D9D601000000000000000000000000007F
:10815000000000000000000000000000000000001F
:10816000000000000000000000000000000000000F
:1081700000000000000000000000000000000000FF
:1081800000000000000000000000000000000000EF
:1081900000000000000000000000000000000000DF
:1081A00000000000000000000000000000000000CF
:1081B00000000000000000000000000000000000BF
:1081C00000000000000000000000000000000000AF
:1081D000000000000000000000000000000000009F
:1081E000000000000000000000000000000000008F
:1081F000000000000000000000000000000000007F
:10820000DEE61E284CBBCE8F025B00003C00000067
:10821000D09E0200010000000080010000800100EB
:10822000FFFF0291000000000000000000000000BD
:0C82300000000000000000000000000042
:1082400081F0004102E000BF83F0004330B54FEA07
:1082500041044FEA430594EA050F08BF90EA020F74
:108260001FBF54EA000C55EA020C7FEA645C7FEA07
:10827000655C00F0E2804FEA5454D4EB5555B8BF2A
:108280006D420CDD2C4480EA020281EA030382EA9B
:10829000000083EA010180EA020281EA0303362D2D
:1082A00088BF30BD11F0004F4FEA01314FF4801C00
:1082B0004CEA113102D0404261EB410113F0004F12
:1082C0004FEA03334CEA133302D0524263EB4303C9
:1082D00094EA050F00F0A780A4F10104D5F1200E67
:1082E0000DDB02FA0EFC22FA05F2801841F10001C2
:1082F00003FA0EF2801843FA05F359410EE0A5F196
:1083000020050EF1200E012A03FA0EFC28BF4CF0C6
:10831000020C43FA05F3C01851EBE37101F000457C
:1083200007D54FF0000EDCF1000C7EEB00006EEB89
:108330000101B1F5801F1BD3B1F5001F0CD3490813
:108340005FEA30004FEA3C0C04F101044FEA44526A
:1083500012F5800F80F09A80BCF1004F08BF5FEAF1
:10836000500C50F1000041EB045141EA050130BDD1
:108370005FEA4C0C404141EB0101013C28BFB1F5E3
:10838000801FE9D291F0000F04BF01460020B1FA2E
:1083900081F308BF2033A3F10B03B3F120020CDA01
:1083A0000C3208DD02F1140CC2F10C0201FA0CF0DF
:1083B00021FA02F10CE002F11402D8BFC2F1200C44
:1083C00001FA02F120FA0CFCDCBF41EA0C019040FA
:1083D000E41AA2BF01EB0451294330BD6FEA040443
:1083E0001F3C1CDA0C340EDC04F11404C4F120022E
:1083F00020FA04F001FA02F340EA030021FA04F340
:1084000045EA030130BDC4F10C04C4F1200220FA96
:1084100002F001FA04F340EA0300294630BD21FAD4
:1084200004F0294630BD94F0000F83F4801306BF9A
:1084300081F480110134013D4EE77FEA645C18BF8E
:108440007FEA655C29D094EA050F08BF90EA020F25
:1084500005D054EA000C04BF1946104630BD91EA1D
:10846000030F1EBF0021002030BD5FEA545C05D120
:108470004000494128BF41F0004130BD14F580045F
:108480003CBF01F5801130BD01F0004545F0FE41D3
:1084900041F470014FF0000030BD7FEA645C1ABF08
:1084A000194610467FEA655C1CBF0B46024650EA3F
:1084B000013406BF52EA033591EA030F41F400216B
:1084C00030BD00BF90F0000F04BF0021704730B5F1
:1084D0004FF4806404F132044FF000054FF00001C6
:1084E00050E700BF90F0000F04BF0021704730B587
:1084F0004FF4806404F1320410F0004548BF40425C
:108500004FF000013EE700BF42004FEAE2014FEAB0
:1085100031014FEA02701FBF12F07F4393F07F4F8B
:1085200081F06051704732F07F4208BF704793F08E
:108530007F4F04BF41F40021704730B54FF46074A1
:1085400001F0004521F000411CE700BF50EA0102A4
:1085500008BF704730B54FF000050AE050EA01024D
:1085600008BF704730B511F0004502D5404261EBBD
:1085700041014FF4806404F132045FEA915C3FF4FE
:10858000D8AE4FF003025FEADC0C18BF03325FEA9B
:10859000DC0C18BF033202EBDC02C2F1200300FA4C
:1085A00003FC20FA02F001FA03FE40EA0E0021FA71
:1085B00002F11444BDE600BF70B54FF0FF0C4CF45F
:1085C000E06C1CEA11541DBF1CEA135594EA0C0F11
:1085D00095EA0C0F00F0DEF82C4481EA030621EA4C
:1085E0004C5123EA4C5350EA013518BF52EA033587
:1085F00041F4801143F4801338D0A0FB02CE4FF039
:108600000005E1FB02E506F00042E0FB03E54FF068
:108610000006E1FB03569CF0000F18BF4EF0010E60
:10862000A4F1FF04B6F5007F64F5407404D25FEA5C
:108630004E0E6D4146EB060642EAC62141EA55510F
:108640004FEAC52040EA5E504FEACE2EB4F1FD0C51
:1086500088BFBCF5E06F1ED8BEF1004F08BF5FEACF
:10866000500E50F1000041EB045170BD06F0004681
:1086700046EA010140EA020081EA0301B4EB5C042E
:10868000C2BFD4EB0C0541EA045170BD41F4801126
:108690004FF0000E013C00F3AB8014F1360FDEBF4B
:1086A000002001F0004170BDC4F10004203C35DA27
:1086B0000C341BDC04F11404C4F1200500FA05F3AA
:1086C00020FA04F001FA05F240EA020001F000424B
:1086D00021F0004110EBD37021FA04F642EB0601C1
:1086E0005EEA430E08BF20EAD37070BDC4F10C04EB
:1086F000C4F1200500FA04F320FA05F001FA04F2AF
:1087000040EA020001F0004110EBD37041F100019A
:108710005EEA430E08BF20EAD37070BDC4F12005A5
:1087200000FA05F24EEA020E20FA04F301FA05F20D
:1087300043EA020321FA04F001F0004121FA04F2B5
:1087400020EA020000EBD3705EEA430E08BF20EA85
:10875000D37070BD94F0000F0FD101F000464000BF
:1087600041EB010111F4801F08BF013CF7D041EA41
:10877000060195F0000F18BF704703F00046520045
:1087800043EB030313F4801F08BF013DF7D043EA16
:108790000603704794EA0C0F0CEA135518BF95EACC
:1087A0000C0F0CD050EA410618BF52EA4306D1D153
:1087B00081EA030101F000414FF0000070BD50EA72
:1087C000410606BF1046194652EA430619D094EAFC
:1087D0000C0F02D150EA013613D195EA0C0F05D1E6
:1087E00052EA03361CBF104619460AD181EA03013A
:1087F00001F0004141F0FE4141F470014FF00000F2
:1088000070BD41F0FE4141F4780170BD70B54FF08C
:10881000FF0C4CF4E06C1CEA11541DBF1CEA13550C
:1088200094EA0C0F95EA0C0F00F0A7F8A4EB0504EE
:1088300081EA030E52EA03354FEA013100F08880E5
:108840004FEA03334FF0805545EA131343EA1263AE
:108850004FEA022245EA111545EA10654FEA002663
:108860000EF000419D4208BF964244F1FD0404F51C
:10887000407402D25B084FEA3202B61A65EB030578
:108880005B084FEA32024FF480104FF4002CB6EB35
:10889000020E75EB030E22BFB61A754640EA0C00B5
:1088A0005B084FEA3202B6EB020E75EB030E22BFF5
:1088B000B61A754640EA5C005B084FEA3202B6EB36
:1088C000020E75EB030E22BFB61A754640EA9C00F5
:1088D0005B084FEA3202B6EB020E75EB030E22BFC5
:1088E000B61A754640EADC0055EA060E18D04FEA83
:1088F000051545EA16754FEA06164FEAC30343EA23
:1089000052734FEAC2025FEA1C1CC0D111F4801FEF
:108910000BD141EA00014FF000004FF0004CB6E7E8
:1089200011F4801F04BF01430020B4F1FD0C88BF87
:10893000BCF5E06F3FF6AFAEB5EB030C04BFB6EB92
:10894000020C5FEA500C50F1000041EB045170BD85
:108950000EF0004E4EEA113114EB5C04C2BFD4EBB2
:108960000C0541EA045170BD41F480114FF0000E36
:10897000013C90E645EA060E8DE60CEA135594EAB2
:108980000C0F08BF95EA0C0F3FF43BAF94EA0C0FB5
:108990000AD150EA01347FF434AF95EA0C0F7FF42A
:1089A00025AF104619462CE795EA0C0F06D152EA7E
:1089B00003353FF4FDAE1046194622E750EA410662
:1089C00018BF52EA43067FF4C5AE50EA41047FF473
:1089D0000DAF52EA43057FF4EBAE12E74FF0FF3CD8
:1089E00006E000BF4FF0010C02E000BF4FF0010CA9
:1089F0004DF804CD4FEA410C7FEA6C5C4FEA430C22
:108A000018BF7FEA6C5C1BD001B050EA410C0CBF70
:108A100052EA430C91EA030F02BF90EA020F0020D2
:108A2000704710F1000F91EA030F58BF994208BF39
:108A300090422CBFD8176FEAE37040F001007047F6
:108A40004FEA410C7FEA6C5C02D150EA013C07D14D
:108A50004FEA430C7FEA6C5CD6D152EA033CD3D098
:108A60005DF8040B704700BF8446104662468C4692
:108A70001946634600E000BF01B5FFF7B7FF0028C5
:108A800048BF10F1000F01BD4DF808EDFFF7F4FFEE
:108A90000CBF012000205DF808FB00BF4DF808ED79
:108AA000FFF7EAFF34BF012000205DF808FB00BF9C
:108AB0004DF808EDFFF7E0FF94BF012000205DF8BE
:108AC00008FB00BF4DF808EDFFF7CEFF94BF012073
:108AD00000205DF808FB00BF4DF808EDFFF7C4FF6C
:108AE00034BF012000205DF808FB00BF4FEA4102BF
:108AF00012F5001215D211D56FF47873B3EB6252F0
:108B000012D94FEAC12343F0004343EA505311F016
:108B1000004F23FA02F018BF404270474FF00000A8
:108B2000704750EA013005D111F0004008BF6FF0E6
:108B3000004070474FF00000704700BF4FEA41020D
:108B4000B2F1E04324BFB3F5001CDCF1FE5C0DD9AB
:108B500001F0004C4FEAC0024CEA5070B2F1004FF5
:108B600040EB830008BF20F00100704711F0804FF8
:108B700021D113F13872BCBF01F00040704741F4BD
:108B800080114FEA5252C2F11802C2F1200C10FAC1
:108B90000CF320FA02F018BF40F001004FEAC123A5
:108BA0004FEAD32303FA0CFC40EA0C0023FA02F349
:108BB0004FEA4303CCE77FEA625307D150EA01331F
:108BC0001EBF4FF0FE4040F44000704701F00040EF
:108BD00040F0FE4040F40000704700BF7BB972B91E
:108BE0000029BEBF00204FF0004106E008BF00286A
:108BF0001CBF6FF000414FF0FF3000F057B8ADF1EF
:108C0000080C6DE904CE002909DB002B1ADB00F00B
:108C100069F8DDF804E0DDE9022304B07047404262
:108C200061EB4101002B1BDB00F05CF8DDF804E098
:108C3000DDE9022304B0404261EB4101524263EBA3
:108C400043037047524263EB430300F04BF8DDF8F7
:108C500004E0DDE9022304B0404261EB41017047CA
:108C6000524263EB430300F03DF8DDF804E0DDE938
:108C7000022304B0524263EB4303704753B94AB92D
:108C8000002908BF00281CBF4FF0FF314FF0FF3014
:108C900000F00CB8ADF1080C6DE904CE00F022F83C
:108CA000DDF804E0DDE9022304B07047704700BF3F
:108CB00010F8012B11F8013B012A28BF9A42F7D086
:108CC000D01A7047034611F8012B03F8012B002A34
:108CD000F9D17047034613F8012B002AFBD1181A6B
:108CE000013870472DE9F04786468C460846089EB5
:108CF000154674461946002B40F0C1808542B2FAF1
:108D000082F245D94AB1C2F1200300FA02FC954033
:108D100094402EFA03F343EA0C0C4FEA154EA8B226
:108D2000230CBCFBFEF80EFB18CC08FB00F943EA51
:108D30000C43994528D9EB1808F1FF3704D299451F
:108D400002D9A8F102072B44A3EB0903A4B2B3FB99
:108D5000FEFC0EFB1C330CFB00F044EA0344A04273
:108D600014D92C190CF1FF3304D2A04202D9ACF172
:108D700002032C44241A43EA07401EB1D4400023C6
:108D800034607360BDE8F0874746DDE76346F1E78E
:108D900092BB431B01214FEA154EAFB2200CB3FB2F
:108DA000FEFC0EFB1C330CFB07F840EA034398451E
:108DB00061D9EB180CF1FF3004D2984502D9ACF11F
:108DC00002002B44A3EB0803A4B2B3FBFEFC0EFB92
:108DD0001C330CFB07F744EA0344A7424DD92C1976
:108DE0000CF1FF3304D2A74202D9ACF102032C44A8
:108DF000E41B43EA0040C0E7C2F1200395409440E1
:108E000020FA03F12EFA03F34FEA154E9040AFB269
:108E10000343B1FBFEFC0EFB1C10190C0CFB07F806
:108E200041EA0041884522D969180CF1FF3004D28B
:108E3000884502D9ACF102002944A1EB08019BB29C
:108E4000B1FBFEFC0EFB1C110CFB07F743EA0143D0
:108E50009F420ED9EB180CF1FF3104D29F4202D988
:108E6000ACF102012B44DB1B41EA004193E7604671
:108E7000E3E76146F7E76046A4E76346B8E7834265
:108E800006D916B9002108467CE7C6E900E0F9E7F3
:108E9000B3FA83F78FB9834201D3724508D8BEEB8A
:108EA000020460EB030301209C461EB9002169E720
:108EB0003846FAE7C6E9004CF8E7C7F1200CBB409A
:108EC0000EFA07F522FA0CF42EFA0CF1BA401C4304
:108ED00020FA0CF3B8404FEA144901431FFA84FE0C
:108EE000B3FBF9F809FB18300B0C08FB0EFA43EA48
:108EF00000439A4540D9E31808F1FF3004D29A455F
:108F000002D9A8F102002344A3EB0A0389B2B3FB00
:108F1000F9F809FB183308FB0EFE41EA03418E45C0
:108F20002CD9611808F1FF3304D28E4502D9A8F17B
:108F30000203214443EA0040A1EB0E01A0FB02988A
:108F40004145CE46434602D306D14D4504D20138B1
:108F5000B9EB020E68EB0403002EA7D0B5EB0E02AE
:108F600061EB030101FA0CFC22FA07F3F9404CEA29
:108F70000303C6E9003199E74046C5E74346D9E710
:108F800037B5174C3F21A5682046EB68984718B1C4
:108F9000BFEE000A03B030BD0D216A4620462B69A2
:108FA00098470028F4D10198FFF79CFA0AA3D3E967
:108FB0000023FFF72BFC044600980D46FFF792FABA
:108FC00002460B4620462946FFF740F9FFF7B6FD5B
:108FD00000EE100ADEE700BF0000000080842E4192
:108FE00098BA03000000000037B5174C3F21A56870
:108FF0002046EB68984718B1BFEE000A03B030BDB9
:1090000010216A4620462B6998470028F4D1019820
:10901000FFF768FA0AA3D3E90023FFF7F7FB04463A
:1090200000980D46FFF75EFA02460B462046294699
:10903000FFF70CF9FFF782FD00EE100ADEE700BF34
:109040000000000080842E4198BA03000000000058
:1090500030B52DED028B83B01F4C3F21A568204613
:10906000EB689847014650B11C4816F0A1FFBFEECF
:10907000008AB0EE480A03B0BDEC028B30BD1B2164
:109080006A4620462B699847014608B11448ECE728
:109090000198FFF727FA0EA3D3E90023FFF7B6FBE9
:1090A000044600980D46FFF71DFA02460B4620467F
:1090B0002946FFF7CBF8FFF741FD08EE100AFFF74E
:1090C00023FA02460B46074816F072FFD1E700BFAD
:1090D0000000000080842E4180BA030077D703008F
:1090E0008ED70300AAD703002DE9F047054699461D
:1090F0000024282386B088469246CDE902431CF01E
:1091000000FE284602A91DF089F80746002800F055
:10911000AF8083793A2B18D104230399284604940D
:1091200005931CF075FE284604A91DF077F818B1C8
:1091300090F90030A34205DB6FF01505284606B014
:10914000BDE8F08728461CF0DCFDBB79112B58D018
:10915000062B58D00020AB68002B4ED19FED487BEA
:10916000022295F824308DED007B02FB03013A23A7
:10917000A869043108F0C2FB044600287BD095F8AA
:109180002420296A1DF02FF8061E31DBA368204633
:10919000DB68A36295F82C20A96A1DF024F8061E4E
:1091A00026DBA06895F82C100C301AF008FCA0689B
:1091B00050F80C3F236295F824101AF000FC95F843
:1091C0002C3007F1180184F8243095F8243084F805
:1091D0002C303B7EFF2B03D1A0691BF03AFA0146ED
:1091E000204607F108021DF0FFFC70B16FF0040685
:1091F00020461CF01BFD3546A0E71A8A5B68104428
:10920000AAE73020AAE73C20A8E74146524620467C
:109210001DF000FC01460028E8D1B8F1040F22D16E
:1092200099FA89F34246204604A904931CF0DBFF17
:10923000064620461CF01AFD0246002ED8D12946CB
:1092400020461CF0C1FE05460028D1D120461CF066
:1092500058FD3A2120461DF02AFD20461AF055FE01
:109260000028C5DB6AE7042220461CF099FEDFE7F0
:109270006FF0040562E76FF00B055FE7AFF3008066
:1092800000800000000000002DE9F3413F29054661
:109290001F46D0F8048007D01B2900F2A680704B2F
:1092A000CB40D90740F1A180D6B2142E09D0284670
:1092B0000BF0D2F8041E26DA6A496B481EF0B3FDA3
:1092C00004E03B68002B05DA6FF01504204602B07D
:1092D000BDE8F0817A68002AF6DBA3F52F72B2F5BB
:1092E000FA7FF1D8082128460DF10602ADF80630C4
:1092F0000AF0F8FF041E80F2A8805C495A481EF06C
:1093000092FD5B49D9E73C68002CDDDB78680028DA
:10931000DADB123E052E68D8DFE806F00337674B2C
:109320005D7A142CD0DCFFF7DDF84BA3D3E90023E2
:10933000FFF76CFA064620460F46FFF7D3F80246C1
:109340000B4630463946FEF781FFFFF7F7FBDFEDAE
:10935000497A07EE100ADFED486A27EE277AC7EE52
:10936000267AFCEEE77A17EE903A042128460DF1B2
:109370000602ADF806300AF0B5FF041E60DA3F4978
:1093800039481EF050FD3E4997E740F6B8339C42FD
:109390009ADC062128460DF10602ADF806400AF0D7
:1093A000A1FF041E4CDA37492F481EF03CFD364918
:1093B00083E7012C88DC0B2128460DF10602ADF86D
:1093C00006400AF08FFF041E3ADA304926481EF0A4
:1093D0002AFD2F4971E7A2077FF476AF98F808308D
:1093E00033B92C4920481EF01EFD6FF085046DE74F
:1093F000162128460DF10602ADF806400AF072FF6C
:10940000041E1DDA244918481EF00DFD234954E7B7
:10941000A3077FF459AF98F808300BB92049E1E76A
:10942000182128460DF10602ADF806400AF05AFF51
:10943000041E05DA1B490C481EF0F5FC1A493CE7EE
:1094400068680AF09BFF041E01DB00243EE7174911
:1094500033E700BFAFF300800000000080842E419E
:10946000002001084EE50300D8BD030007E6030015
:1094700036E6030000FF7F4700002F4367E5030047
:1094800098E50300BAE50300E8E5030056E60300AB
:1094900091E60300B7E60300EAE6030032E70300C3
:1094A0005BE703008FE70300D8E70300E0E4030075
:1094B0002DE9F0412DED028B1F4605238AB00C46A5
:1094C000014605A8904602930CF006FD012101AA71
:1094D00005A81EF065FF054658B101210346404A24
:1094E00040481AF046F828460AB0BDEC028BBDE8A9
:1094F000F081019BB3B1042B1DD0052B0CBF0923B8
:10950000FF232370032102AB03AA05A81EF04BFF23
:10951000064690B10346344A012132481AF029F830
:109520003546E0E7DFED317A0023C4ED017A2370A0
:10953000C4ED027AD7E70723E3E7029B002BF1D0C3
:1095400003A94046FFF7BEFB0222314603A817F0ED
:1095500075F82378C0B2092B1ED0072B22D19FEDBE
:10956000248A244B33F81000F8B1FEF7BBFF1AA38E
:10957000D3E90023FFF720F8FFF7E0FA0523606046
:109580000293042102AB03AA05A81EF00CFF0646B5
:1095900068B1194A0346BFE79FED188A184B33F8A4
:1095A0001000E1E79FED128AF8E71648E6E703A905
:1095B0003846FFF787FB0222314603A817F03EF832
:1095C000421C02F0FF0307EE903AF8EEE77A67EEEE
:1095D000887AADE7AFF300807B14AE47E17A244090
:1095E00036F50300B0BE030058F50300000000008C
:1095F0000AD7A33F8ACA030084F503000AD7234091
:109600006ACA03000AD7A3402DE9F04706460C4674
:1096100092B0002900F0BF800F68002F00F0BB80DF
:109620008D68D1F8048005F10409C1450AD80422E7
:10963000AD49781921F098FDA8B90423F360A36817
:1096400004331DE06B1D984510D2454580F0A38082
:109650007B5D7819222B24D12146304612B0BDE81B
:10966000F04711F0DBBC6B1D98450ED305229F49D6
:10967000781921F079FD30B90123F360A36805332F
:109680000120A36088E0C145DFD8042298497819F9
:1096900021F06AFD0028D8D10223F3600123736111
:1096A000CDE72D2B03D0A3F13002092A55D8002392
:1096B0000DF1080C67464FF0010EA8EB0505DFF829
:1096C0003882019310F8012B452A3ED82A2A10D956
:1096D000A2F12B01C9B20EFA01F111EA080F01D172
:1096E0002E2A06D101333F2B0CF8012B01D0AB42BF
:1096F000E8D1002548336B44384601A903F8405CA3
:1097000016F0DCFCDDF804A059EC108BBA4542D011
:1097100073A3D3E9002340464946FFF7D3F9B0B914
:10972000002240464946734BFFF7C2F990B94046C4
:109730004946FFF7DBF90823C6E906897061F36043
:10974000A368AAEB070A53449AE7652AC9E76FF0B2
:109750000040F0E74FF00040EDE75B2B58D1D4F824
:109760000C90B9F57A7F16D209F10103E3607B5DB5
:109770005B2B10D101352046A5601FF0FEFAA368CF
:10978000984506D9FA5C5D2A09D10027C4F80C90E7
:1097900036E0013BA360002012B0BDE8F087002551
:1097A0002F46013BA36020691FF034FBA846054605
:1097B000002800F0A5804FB3C8F80000C0F804806E
:1097C000A36820460133A3601FF0D7FA214628463C
:1097D000FFF71AFF002800F0938020461FF0CDFA13
:1097E000D4E90123934280F08E802268D35C2C2B35
:1097F000D9D05D2B40F08780E368013BE3607D605A
:109800002023C6E90273A368013339E70746D7E787
:109810007B2BC0D1D4F80C90B9F57A7FBBD209F17B
:109820000103E3607B5D7B2BB5D101352046A5604C
:109830001FF0A3FAA3689845ABD9FA5C7D2A03D13F
:109840000027C4F80C9047E000252F46A846013BAE
:10985000A36020691FF0DEFAA946054600284FD014
:10986000002F4BD0C9F80000C0F80490A368204630
:109870000133A3601FF081FA2146284611F0CEFB88
:1098800000283DD020461FF078FA2B69C5F81080DB
:109890002B62D4E90123934232D22268D25C3A2A65
:1098A0002ED101332046A3601FF067FA21462846D7
:1098B000FFF7AAFE20B320461FF05FFAD4E9012388
:1098C000934220D22268D35C2C2BC2D07D2B1AD19C
:1098D000E368013BE3607D60402392E7AFF30080E3
:1098E0000000C0FFFFFFDF4185FC0300D7D8030065
:1098F000D2D803000000E0C1E57F00040746B5E7C9
:10990000002F3FF448AF384611F07EFC43E700BF1C
:109910002DE9FF47804616460F46002900F0A28039
:10992000B1FA81F4341B002E04F10A04C0F2A280C3
:10993000304618F0FDFB0444304618F0FFFBA4EB62
:10994000060905466946304618F020FCA9EB0503D8
:109950006A4640467D33394621F0E3FCA642824602
:109960000D4600F38380B9F13F0F00F381804FF083
:10997000FF33A9F12000C9F1200103FA00F003FA36
:1099800009F223FA01F103FA09F3024328EA030377
:109990000A4327EA020213430CBF01200020002DD6
:1099A00000F08A80B5FA85F3E31A40F2FE7203F202
:1099B0003E43934200F38980002B23EAE376D4BF31
:1099C00001223246121BA2F23341A2F23447A2F224
:1099D0005344C1F1200C2AFA01F325FA04F4C7F12B
:1099E000200E05FA0CFC25FA01F105FA0EFE43EAF9
:1099F0000C03A2F2544CA2F2544223432AFA07F475
:109A000025FA0CFC44EA0E0444EA0C04C7F1200CCD
:109A100014F0010F54D0A8B14FF0FF3000FA02F259
:109A200000FA07F4144320FA0CF2B840144303F090
:109A300001022AEA000A25EA04054AEA020A5AEA69
:109A4000050A3DD0013341F10002C2F3130253EA8B
:109A5000020138D0184642EA065141EC100B04B01E
:109A6000BDE8F087B0FA80F420345BE7012096E788
:109A7000002094E7C6F10009484618F05FFB241A5D
:109A8000484618F05BFBA61B0546694648462E442F
:109A900018F0EEFB6A46404606F17C03394621F099
:109AA00040FC82460D464046394618F057FB81453A
:109AB0008CBF0020012072E7BAFA8AF3203373E7E3
:109AC000C1F31302C6E70136C4E79FED010BC6E7F9
:109AD000000000000000F07F70B50F4B18681DF00B
:109AE000B5FF002816DD4FF47A734FF4004503FBF1
:109AF00000F4002140F2E7304FF47A720023E4FBD7
:109B00000501FFF7BBF8BDE8704002460B4603486D
:109B100015F062BB70BD00BFA8EB002020CA00207A
:109B200010B5084820F08CFF14201EF097FD044665
:109B300028B103460121044A044818F040FC20469D
:109B400010BD00BF20CA0020C0CA030000BF030030
:109B500010B50020FFF7E4FF084C034640B1012197
:109B60000748084A18F02BFC2168074818F023FC26
:109B700021680648BDE8104018F01DBCA8EB002085
:109B800000BF0300E0CA0300020007D2010007D2B1
:109B900010B5064C0648216818F00DFC20681AF034
:109BA000DCFEBDE810400020FFF7BABFA8EB0020A4
:109BB000020007D203460121014A024818F0FFBB08
:109BC00001CB030000BF030008B51EF049FD0346AA
:109BD00020B10221034A044818F0F1FBFFF77CFF93
:109BE000002008BD1ACB030000BF030010B51520EC
:109BF0001EF034FD044618B9BDE81040FFF7E4BF7D
:109C000003460121024A034818F0D9FB204610BD43
:109C1000C0CA030000BF030030B52D4B8FB01A78C7
:109C2000B2B15A78A2B1B8B918702A4C59702068EC
:109C30001AF093FE1FF03FFA80B1002120681DF05A
:109C4000FFFE002832D00FB0BDE83040FFF744BF20
:109C500030B91870597001E00029E6D00FB030BD5E
:109C600001221A700029F5D01A4C002002A95A705E
:109C700025680DF013FA029A034600B942B9022191
:109C800000921548154A19F07EFC4FF410730293A8
:109C9000029A15B12B6803B11A8320681AF071FE7D
:109CA0000F480FB0BDE8304020F0CABEFFF738FFC4
:109CB00003460028D2D001210A4A074818F07FFB4A
:109CC000216809480FB0BDE8304018F074BB00BFF0
:109CD0005C010120A8EB002000BF030040CB030083
:109CE00020CA0020E0CA0300020007D210B50446D3
:109CF0004FF0FF324FF0FF33074814F041FF074B9E
:109D00005A78A24203D021461878FFF785FFBDE8B4
:109D10001040014814F0ACBF10CE00205C010120BF
:109D200010B5044600681AF018FE0121204618F00C
:109D300048FB0221204618F044FB0021204618F081
:109D400040FB00230B4823610DF076F9034650B128
:109D500001210948094A18F032FB21680848BDE88A
:109D6000104018F028BB07480CF008F92268064B91
:109D70001A6010BD299E010000BF030065CB0300DF
:109D8000020007D2FD9E0100A8EB002010B504469A
:109D90004FF0FF324FF0FF33074814F0F1FE074B4E
:109DA0001A78A24203D020465978FFF735FFBDE864
:109DB0001040014814F05CBF10CE00205C0101206F
:109DC00008B5094B186800F097F9034640B1012126
:109DD000064A074818F0F3FABDE80840FFF7D8BE76
:109DE000BDE80840FFF7D2BFA8EB002087CB0300F7
:109DF00000BF030008B5094B186800F0FDF80346E2
:109E000040B10121064A074818F0D9FABDE80840D8
:109E1000FFF7BEBEBDE80840FFF7D2BFA8EB0020A9
:109E2000A3CB030000BF0300084608B5082937D8B4
:109E3000DFE801F03A0522262E2236363A001B4B87
:109E4000186800F07FF810F13D0F034609D1022198
:109E5000174A184819F084FBBDE808400120FFF7B5
:109E600095BF0028F8D0144A0121124818F0A7FA2B
:109E7000BDE80840FFF78CBEBDE80840FFF7BABF59
:109E80000A4B186800F0CEF8034668B10B4AEBE7BE
:109E9000064B186800F030F9034628B1084AE3E79A
:109EA000BDE80840FFF786BE08BD00BFA8EB002054
:109EB000BFCB030000BF0300E4CB0300FDCB0300D6
:109EC00087CB0300052808B50ED005D801280BD094
:109ED00002280ED0002008E05A28FBD10221054AB2
:109EE000054819F03DFBF5E70120BDE80840FFF704
:109EF000FDBE08BD16CC030000BF030003780B2B8A
:109F000006D1017A022907D1044A054819F028BB75
:109F100013B9007AFFF7D6BF704700BF4ACC0300E1
:109F200000BF030010B5054C0548216818F043FA3E
:109F30002068BDE810401AF010BD00BFA8EB00205B
:109F4000020007D270B500240646A2B018222146AE
:109F500008A8CDE90044CDE9024421F0BFF8002E65
:109F60003DD0242221460FA80E9421F0B7F82422D8
:109F7000214619A8189421F0B1F81C491C4818ABC7
:109F80000EAA13F0C5F9A04203DC6FF00D0022B059
:109F900070BD012004AA0EA919F08EFD0128054606
:109FA00002D06FF03C00F2E70EA96846FEF78AFE89
:109FB0006846FEF78FFE08AA014668461AF00EFFB3
:109FC0000028E2D023460322304609A905F082FF8B
:109FD00040B1084B099A20461A601D71D7E76FF00F
:109FE0001500D4E76FF01200D1E700BFC1CC030029
:109FF000EECC0300ACEB002010B550B1084C237937
:10A000002BB121461AF012FC30B10023237100203D
:10A0100010BD6FF01500FBE76FF00D00F8E700BF13
:10A02000ACEB002070B500240546A8B024222146E0
:10A030000BA80A9421F052F81822214604A821F016
:10A040004DF8002D4CD02146242215A8149421F05F
:10A0500045F8214624221FA81E9421F03FF82349E9
:10A0600023481EAB14AA13F053F9041E35DD022059
:10A070006A4614A919F020FD01281FD114A90AA8C5
:10A08000FEF720FE0AA8FEF725FE04AA01460AA84C
:10A090001AF0A4FE08B305AC00230322214628468B
:10A0A00005F04EFCF8B194E80F00124E06F10805D9
:10A0B00085E80F000123002033760CE0012C08D046
:10A0C00002206A461EA919F0F7FC012801D11EA939
:10A0D000D5E76FF03C0028B070BD6FF00D00FAE7D7
:10A0E0006FF01500F7E76FF01200F4E7C1CC030042
:10A0F000EECC0300ACEB002010B558B1084C237E29
:10A1000033B104F108011AF03EFB30B1002323768D
:10A11000002010BD6FF01500FBE76FF00D00F8E7B1
:10A12000ACEB002008B500F093FE80B903210B4A88
:10A130000B4818F067F900F079FE58B90321094A75
:10A14000074818F05FF9BDE8084000F09FBE012104
:10A15000054AEDE70121054AF2E700BF0ACD0300F9
:10A16000D0BD030029CD030018CD030037CD030077
:10A170002DE9F04FC7B006AF18F046F96C4688B02D
:10A180000546002606AA844B5361844B93614FF425
:10A1900000739383824B42F8103F4FF4E6513346ED
:10A1A000804802F019F9A5467F4CFFF7BBFF2670E7
:10A1B00000F0E8FDDFF84092DFF840822378072BBB
:10A1C00000F2A880DFE803F01D3E5C04C2A24955FE
:10A1D000DFF82CA299F800B0BBF1000F40F09E8090
:10A1E00018F012F9D8E90023801A63EB4303824583
:10A1F0007BEB0303C0F092804FF4FA7018F011F972
:10A20000E8E70321694A674818F0FCF800F0E2FD2E
:10A2100078B10346664A0121624819F0AAF9012182
:10A22000644A604818F0EEF801F0F2FF002001F0F7
:10A23000AFFB00F0E9FB034608B15F4AEBE70123FF
:10A24000237067E05D4B1B78002B63D003215C4AD1
:10A25000544818F0D7F80623F2E7FEF791FE594B61
:10A2600083ED000AFEF7C0FE574B83ED000A07237B
:10A27000E6E7FEF7EDFE554B83ED000A0223DFE72C
:10A28000DFF860A19AF800B0BBF1000F42D1504B4B
:10A290001B78002B3ED04F4A0321424818F0B2F8F9
:10A2A0004A4B1868FEF730F9CDE90401464B1868AF
:10A2B000FEF72AF9CDE90201424B1868FEF724F9AE
:10A2C000454ACDE900014FF48071384615F0A2FEF1
:10A2D0005A463946414800F013FB034620B101219C
:10A2E0003F4A304819F045F941F2707018F099F87A
:10A2F00018F08AF80023C8F804309AF80030C8F83B
:10A3000000000BB105239BE7032399E74FF47A7014
:10A3100018F087F8C82018F084F84FE7314B1B7805
:10A32000002BEFD10122304BDFF8C4A01A7000F0EF
:10A3300059FBDAF8003003212C4A1A4819F019F9B0
:10A34000DAF8000000F0C6FC042379E718F05CF8A6
:10A35000274A401B126863EB0303904273F100032A
:10A360004FF0000BD6D3EA4688B006AA214BD6613F
:10A37000C2E90535042342F8103F4FF402515B4611
:10A38000084802F029F8184BD54683F800B018F0B9
:10A390003BF85E4605465EE748CD030070CD0300FE
:10A3A00003000001D0BD03007501012077CD03003B
:10A3B00094CD0300B3CD0300D6CD03007701012077
:10A3C000F5CD0300D0EB0020CCEB0020C8EB002043
:10A3D0007101012012CE030031CE030064CE0300D0
:10A3E00091CE0300730101205E010120B3CE030072
:10A3F000C4CA0020E1CE03006F010120A0D00020DC
:10A40000BFD4010013B50024164B0321164A174888
:10A410000093019418F015F868460DF00FFF10F145
:10A420000B0F03460DD11E23114A1048032118F0CB
:10A430000AF84FF4702200230E4814F0CDFE02B04B
:10A4400010BD0028FBD001210B4A084817F0FBFF84
:10A4500006480121094A17F0F4FF17F0F6FF2046DD
:10A4600001F096FA5F01012005CF0300B8BD03009B
:10A470001BCF030050CA00205DCF0300B3CD030003
:10A48000F0B500250226BDB000AFC422294607F171
:10A490002C00BD6220F022FE354B1C221B68294691
:10A4A0007B60344B07F10C001B783B7220F016FEEA
:10A4B000C8213A1D07F128003E7300F0E9FA04466E
:10A4C00078B1034601212C4A2C4817F0BCFF2B48D9
:10A4D00001212B4A17F0B5FF17F0B7FF284601F00E
:10A4E00057FA07F128031846BB61FEF7F3FB032177
:10A4F000F861244A214817F0A4FF6D4688B06A46E7
:10A50000214B536107F1280393614FF40073938348
:10A510001E4B42F8103F4FF4E6512346174801F016
:10A520005BFF3346AD463146194A144817F08BFF9E
:10A5300007F10C000DF014FD034668B10121154A26
:10A540000E4817F080FF0D4801210D4A17F079FFE2
:10A5500017F07BFF2046C2E74FF4F01200230E48AD
:10A5600014F03AFE01220D4BF4371A70BD46F0BDCF
:10A57000C4CA00207401012078CF0300B8BD0300D5
:10A58000B3CD03009ACF0300AECF03000300000158
:10A59000B8CF0300CACF030080CA00206F0101209A
:10A5A00098B510210F4800AF0CF0D0FD044620B143
:10A5B00001210D4A0D4817F044FF88B06A460C4B44
:10A5C0005361084B93614FF400739383094B42F836
:10A5D000103F00234FF4E651044801F0FDFE2046F1
:10A5E000BD4698BD5F010120E2CF0300B8BD030066
:10A5F00001D00300030000014FF420320023014882
:10A6000014F0EABD50CA002008B5044820F018FA3A
:10A61000BDE80840024820F013BA00BF50CA00202D
:10A6200080CA002070B51EF015FC044630B9BDE8A4
:10A63000704001211E4A1F4817F003BF1E491EF03B
:10A640000DFC054648B901211C4A1A4817F0F9FECD
:10A650002046BDE8704010F0D7BD19491EF0FEFB42
:10A660001849064628461EF0F9FB05465EB13046FD
:10A670001EF007FC38B1144A7369032113600D48BA
:10A68000124A17F0E0FE002DE2D028461EF0F2FB41
:10A690000028DDD028461EF0E7FB031E18BF01236B
:10A6A0000B4A0321137003480A4A17F0CCFECFE788
:10A6B00023D00300B8BD030038D003003ED0030010
:10A6C00059D0030064D00300C4CA002072D0030034
:10A6D000740101208CD003002DE9F047A0B003786D
:10A6E00004465A1E00AF0C2A00F2CA80DFE802F0CE
:10A6F000070A2D4082898B949092B2C3B500624ABA
:10A700000321A3E00321614A614817F09AFE012268
:10A71000604B61481A700022604B1A7020F090F96B
:10A72000237923B102215E4A594817F08AFE19F0B5
:10A73000A4F95C4B1B7823B9002200235A4814F07B
:10A740004BFD8037BD46BDE8F0870321574A50488E
:10A7500017F077FE0122514B53481A7000224D4BDF
:10A760001A7020F06DF94FF4203200234A48E6E7D2
:10A7700003214F4A464817F064FED4E90432E84604
:10A780008AB06D4640F2013A2E464A49DFF86C9194
:10A79000C5E90512EB61A5F820A046F8109F00233B
:10A7A00032464FF413513A4801F016FED4E9023212
:10A7B000C546AD464049EB61C5E90512A5F820A0A4
:10A7C000C5F81090002332464FF41251304801F082
:10A7D00003FE3A49C5463846394A15F047FC394622
:10A7E000A068FEF765FA0028ABD1D4E90401FFF7B1
:10A7F00019FFA6E78388334A0321254817F023FE73
:10A800009FE7314A7CE70122304B1A70304A77E7E4
:10A81000304A75E7304A73E7002503212F4A1C4868
:10A8200017F00FFE294B1D700DF0F2FB1A4820F0B7
:10A8300007F92379DB0707D50321294A144817F0C4
:10A8400000FE002001F0A4F80221264A104817F06B
:10A85000F8FD76E74368244ACEE743680321234A9C
:10A860000B4817F0F0FD0121214A094817F0E9FDD6
:10A8700017F0EBFDE5E70022144B1A701D4A3FE785
:10A8800002211D4AB9E700BFA9D00300C2D00300CE
:10A89000B8BD03007101012050CA002070010120E1
:10A8A000DAD003005E01012080CA002027D1030016
:10A8B00042D103005DD103006BD103007AD10300C4
:10A8C0005F0101209DD10300C2D10300730101206B
:10A8D000D9D10300F2D1030013D203002DD203001B
:10A8E00045D2030066D2030081D20300A6D2030042
:10A8F000B3CD0300BED20300D7D203000400000191
:10A900002DE9F04F8BB00E461546804600AF00B1E2
:10A9100059B901212C4A2D4817F093FD6FF0150409
:10A9200020462C37BD46BDE8F08F00243C60FEF782
:10A93000D1F9C7E90180C7E9084497E8070007F1A2
:10A940000C0484E807003046BE61FEF7C3F9F861E5
:10A95000204687F820500DF003FB044630B1034633
:10A9600001211B4A194817F06EFDD9E70321194A46
:10A97000164817F066FDE94688B06D46164B4FF451
:10A98000007BC5E90538A846DFF854A0A5F81CB03F
:10A9900048F810AF4FF4E451234642460B4801F00B
:10A9A0001BFDCD46AD460D4BA5F81CB0C5E90536DF
:10A9B000C5F810A04FF4E65123464246034801F083
:10A9C0000BFDCD46ACE700BFF8D20300B8BD0300D5
:10A9D00011D3030029D303003BD3030048D3030062
:10A9E0000300000108B5054820F02AF8044820F0CB
:10A9F00027F80022034B1A7008BD00BF50CA002080
:10AA000080CA00206F010120F8B5FFF7C9FD054697
:10AA100068BB184E377857BB17480DF0FDFC04464D
:10AA200078B103460121154A154817F00CFD14486A
:10AA30000121144A17F005FD17F007FD384600F014
:10AA4000A7FF042110480DF0CBFC034668B101219B
:10AA50000E4A0B4817F0F7FC09480121094A17F084
:10AA6000F0FC17F0F2FC2046E9E70123337028469A
:10AA7000F8BD00BF72010120D9A601004CD303002C
:10AA8000B8BD0300B3CD030038C2030080D3030078
:10AA9000F0B51B4B93B0144606460F461C2200210E
:10AAA0000BA80A9320F01AFB46F22A03ADF82C30CB
:10AAB000144B01250E93144B22460F93134B29463A
:10AAC00002934FF2226303930AAB0493022305938C
:10AAD0000F4B009706934FF21663079302AB089350
:10AAE00006A83346099501F0CFF9044628B1094A72
:10AAF00003462946084818F03CFD204613B0F0BD37
:10AB000059D0030064D0030036E8040094D4030055
:10AB100038D003009DD4030090BE0300084C08B554
:10AB200020460121074A17F092FC01212046064ADF
:10AB300017F08DFC01F06CFB002000F029FF00BF36
:10AB4000C8BD03003CD50300B3CD030008B5034BDB
:10AB5000994201D1FFF7E2FF08BD00BF020007D212
:10AB600008B50B4A03210B4817F071FC00F0F0F90F
:10AB70000121094817F06DFC0021084817F069FC15
:10AB80000122074B1A70BDE80840FFF735BD00BF32
:10AB90005AD50300C8BD0300F0C20300E8C2030099
:10ABA0007701012008B50F4B994203D00133994238
:10ABB00004D008BDBDE80840FFF7D2BF0A4A032110
:10ABC0000A4817F044FC00F0C3F90021084817F0C8
:10ABD00040FC0121074817F03CFCBDE80840FFF7A6
:10ABE00013BD00BF010014F17BD50300C8BD0300F5
:10ABF000F0C20300E8C203002DE99843037804463D
:10AC000000AF3BB3022B22D1C068FDF77DFC0022D0
:10AC10000023FDF71BFB804620698946FDF774FC85
:10AC200000220023FDF712FB6C468AB06A46224BD5
:10AC3000C2E9068953610623C2E9080142F8103FC0
:10AC400000234FF443511D4801F0C6FBA546BD4605
:10AC5000BDE89883037A052BF9D801A252F823F0B6
:10AC600099AC01008DAC010079AC01004FAC010042
:10AC70004FAC01008DAC01000321114A0F4817F0C1
:10AC8000E6FB00F077F900F049F9E0E703210D4A0F
:10AC90000A4817F0DCFBDAE70B4A0321074817F0F4
:10ACA000D6FB00F055F90021084817F0D2FB01212E
:10ACB000074817F0CEFBCAE795D50300C8BD0300CF
:10ACC000BED50300DBD50300F5D50300F0C20300B9
:10ACD000E8C203003C232DE9F0410122002403FBDC
:10ACE00000F5691F0029214800AFB8BF494250F85C
:10ACF0003230EB1A002BB8BF5B429942C8BF1446F2
:10AD000002F10102C8BF1946102AF0D100EBC400BD
:10AD10004668072031461DF09BFC044648B10346B7
:10AD2000134A0121134818F024FC2046BD46BDE813
:10AD3000F08101201DF08EFC044610B10E4A03463E
:10AD4000EFE7E8468AB06A460C4BD661C2E90535A2
:10AD500040F2013313840A4B42F8103F4FF4135171
:10AD60000346044801F038FBC546DEE768C203002D
:10AD700011D60300C8BD030032D603004DD6030030
:10AD80000400000101480BF0F9B800BFF9AB010065
:10AD900008B50948094B4360094B036106F074F894
:10ADA0000848094B4360094B036106F06DF8012226
:10ADB000074B1A7008BD00BFE8EB0020A5AB0100EF
:10ADC000030014F1D4EB00204DAB0100020007D2C8
:10ADD0007601012010B5104B1B780BB9FFF7D8FF97
:10ADE00003210E4A0E4817F032FB012008F0FCFB4D
:10ADF000044638B103460B4A0121094818F0B9FB53
:10AE0000204610BD012008F001FC04460028F7D0C0
:10AE1000054A0346F0E700BF760101207AD6030019
:10AE2000C8BD0300B6D60300D4D6030008B5064853
:10AE30001FF063FB28B9054815F0CCF86FF012003D
:10AE400008BD0020FCE700BF98BA030049D7030003
:10AE500008B506481FF051FB28B9054815F0BAF8A7
:10AE60006FF0120008BD0020FCE700BF80BA0300AD
:10AE700060D70300034B0448197881F00101197071
:10AE800017F0FBBA7801012008C303002DE9FF4148
:10AE900001AB1E46002401271C4A07CA83E80700AD
:10AEA00056F8045B28681FF028FB58B92346184A57
:10AEB0000121184818F05DFB0134032CF0D104B0D7
:10AEC000BDE8F08128682979EB88D0F810C0DA074E
:10AED00054BF43F4B01383F4D013DCF8005023F4D0
:10AEE000801207FA01FEDB07D0F808804CBF45EA64
:10AEF0000E0525EA0E05CCF80050D8F8003098472A
:10AF00000028D9D0044A2346D2E700BF40BF03003F
:10AF1000BBD7030098BE0300D1D7030007B50021BB
:10AF2000084B0948197017F0A8FA4FF400420023A3
:10AF30000648CDE900230022002314F03FFF03B0B0
:10AF40005DF804FB7801012008C3030030CD002028
:10AF500008B505481FF01BFF0021044B0448197079
:10AF6000BDE8084017F089BA30CD002078010120F3
:10AF700008C3030008B50021044817F07EFABDE8B5
:10AF800008400021024817F078BA00BF08C3030048
:10AF900000C30300F0B5002421F00302184D194E40
:10AFA000194F0244904218D1002301F003001044CD
:10AFB00082421FD112484C405843124B4FEA704016
:10AFC0005843124B604080EA10405843104B80EACF
:10AFD0005030584380EA1040F0BD50F8043B6B43BA
:10AFE0004FEA7343734363404FEAF34303EB830336
:10AFF000DC19D7E712F8015B45EA0323D8E700BF65
:10B00000512D9ECC9335871B646B54E66BCAEB8540
:10B0100035AEB2C22DE9F04F91B0009302F00403B7
:10B020000293C2F3C2030133840705460E46DDF8DE
:10B0300068800392059340F0BB81041D30B107295D
:10B0400009D86FF01B0011B0BDE8F08F01F00706C2
:10B050003444C6F10806009B4FF000094FF0040A83
:10B06000591E4FF0FF334F460193CB465346CDF860
:10B0700010900DB1009820600598002800F3E8803A
:10B080009848009A824203D397488242C0F0E080F9
:10B09000039AA4EB050E92074FEA9E0000F103818C
:10B0A0000F2F00F2B180002D00F0058107F1400262
:10B0B0000DEB020C019A0CF8200C0CF8102C0498E3
:10B0C00001300490E7E07A285DD84B280ED8472855
:10B0D00059D829282DD8252852D054D820287AD0BC
:10B0E0002338D0F1000B4BEB000B74E04C382E28CA
:10B0F00049D8DFE800F07048484848484848484880
:10B1000048484B484848484848484859484B4B5994
:10B110005959704B6D487048184B184848827F4BFE
:10B1200048484B487F0000204FF0000B4FF0040AC6
:10B1300038E001222A38C0B202FA00F010EA0E0FFD
:10B1400049D110F0625C2FD110EA020B43D0604667
:10B15000013C5444B4FBFAF40AFB04F4002D61D022
:10B16000A3EB050CA444B4453FF66BAF002868D1AF
:10B17000042B47D158F8043B2360042304342AE00D
:10B18000019A013A01924FF0000B24E011F8010CF2
:10B190006C2834D1002011F8023C83466C2BC5D1B9
:10B1A0004FF0080A5346D3E708F1070828F00708CC
:10B1B000073424F00704F8E802AB35B106982044C0
:10B1C000B0423FF63EAFC4E900AB4FF0000B08348D
:10B1D0004FF0080A534611F8010F002878D0BBF150
:10B1E000000F7FF470AF2528F5D14FF0010B019BC4
:10B1F000013301934FF0040AECE7584694E700202E
:10B200008346A5E7082B02D06FF015001BE708F175
:10B21000070828F00708B8EC027B84ED007B0823C0
:10B220000834D8E768B9042B02D108F10408A4E770
:10B23000082BE9D108F1070828F0070808F10808E9
:10B24000EDE705980138059058F8040B009010E7D9
:10B25000039A900720D54FF0010CA4EB050E4FEA9E
:10B260009E00BEF5007FCFD20F2FCDD8F5B107F1EC
:10B2700040020DEB020E019AC0B20EF8200C0EF83F
:10B28000102CBCF1000F3FF41AAF60F07F000EF8F5
:10B29000200C09F101090137C5F108024FF6DA7EE9
:10B2A0000434069297E74FF0000CDAE7BCF1000F88
:10B2B00001D00136EFE7029A0236002AEBD100985E
:10B2C000CDE90631FDF706FDDDE906310644E2E78A
:10B2D000631BB3F5806F97D245B9A6F10804E01857
:10B2E000B1E600BF28B903004C180400029A9B087D
:10B2F00028602B709DF81030C2B1EB7085F8029079
:10B30000B9F1000F05D0002208A8C5F1010C974241
:10B310000ED14FF0000AC5F101030DF12008019391
:10B320000DF1300B574512D1601B8CE66B70E5E7D1
:10B3300010F8013B190608D50CEB040EB64503F0D6
:10B340007F033FF67EAE04F8013B0132DFE7B9F13F
:10B35000000F03D098F90020002A17DB029BD3B11D
:10B360001AF80B2004F8012B0022019B1819104435
:10B37000B0423FF666AE98F80000009904F8010B61
:10B38000204603921FF083FE039A14440AF1010A37
:10B3900008F10108C6E798F8002055F8223000931C
:10B3A000029B009845F82230FDF794FC421CDCE734
:10B3B0006FF00D0047E600BF2DE9F04F97B000AFEA
:10B3C000D7F880B03B62CBF3C0030446894690F8BF
:10B3D00002A0FA62BB6141B9457800780AEB8000AF
:10B3E00020444D4517D8A0EB0409E378FB61BAF17E
:10B3F000000F02D01BF0010F16D1FB6953BBFB6A93
:10B400001BB1494620463A6A98474D4628465C3764
:10B41000BD46BDE8F08F461C3046FDF75BFC0130B1
:10B42000304409F10109DCE7626823787A62FA6A3C
:10B430009900796104EB8301002A40F001810E46F6
:10B440004FF000084D4601EB0A094E454CD101EB87
:10B450000A0610E01BF0020FD1D023789A007A611F
:10B46000626804EB83017A62FA6A002A77D14D465A
:10B47000904601EB0A061BF0050F0CBF02230123C7
:10B48000FB62FB6906EB430A0BF00203BB62564505
:10B49000BCD016F8021B16F8013C54F82390994BC7
:10B4A000994502D3984B994536D3BB69002B40D0C0
:10B4B000786A17F0A0FB00283BD0E9468AB06A46BC
:10B4C000924B53617B6AC2E906314FF400731384D7
:10B4D0008F4B42F8103F00234FF412518D4800F07B
:10B4E0007BFF023DCD46D2E716F8013BF96254F8E6
:10B4F0002300FDF7EFFBD7F88430F96A01304BB138
:10B50000D7F8883098453EBFD7F8843023F8180024
:10B5100008F10108054498E7BB6923B1786A17F080
:10B520006AFB0028C9D11BF0010F05D1FB6AED1A97
:10B53000ADE7BB6A002BAAD04846FDF7CBFBD7F896
:10B54000843053B1D7F8883098453FBFD7F884206E
:10B55000431C22F8183008F10108054497E7BAF1B6
:10B56000000F73D01BF0040673D0D046002607F1FD
:10B57000480052463B61B9621FF089FDB96A3B69D8
:10B5800001EB0A02BA62FA69F9695200FA60BA6A12
:10B5900002EB41023A610BF00202BA603A69B96A01
:10B5A0008A4258D162781BF0020F18BF00217A62DC
:10B5B00008BF4FEA5801B2181BF0010FD2B240F099
:10B5C0009F801BF0040F14BF40460020BB616270D7
:10B5D000A070E17020463A6A7969FB6A9847051EB7
:10B5E000FFF614AFBB69414623707B6A3A6A637009
:10B5F000FB6984F802A0E37007F14800FB6A9847F2
:10B60000B0F10008C0F2BA807B69A9EB0A01C91A3F
:10B61000FB683A6AC91AD7E90A0398470028C0F2BA
:10B62000AF804FF0000BA84408EB000507F1380A83
:10B63000B34571D300213A6A0846FB6A9847E5E6AC
:10B6400056464FF0000807F1380092E75646D046BC
:10B6500096E7B04694E7BA6A12F8021B12F8015C4A
:10B66000BA6254F82500274A904202D3264A9042F3
:10B670001ED3BA6932B1786A7B6017F0BCFA7B6876
:10B6800000288BD1BA6802BB08F1280207F1300C00
:10B6900008F10100944407F1580208F1020852FA37
:10B6A00080F00CF8101C5FFA88F800F8105C75E761
:10B6B000BA693AB1786A7B6017F09DFA7B68002816
:10B6C0007FF46CAF1BF0010F09D006F1280207F1DF
:10B6D0003000711C161806F8205CCEB25EE71BF035
:10B6E000040F3FF45BAF08F1280207F1300008F1C6
:10B6F000010102EB000808F8105C5FFA81F84DE7E1
:10B70000002063E728B903004C180400F1D70300B8
:10B710000400000110BE03001BF80A3054F8239007
:10B7200087F83730D7F884302BB3D7F888309B456B
:10B7300021D2D7F8843033F81B8001213A6AFB6AA2
:10B7400007F13700984700281ADB0544B8F1000FCD
:10B7500006D14846FDF7BEFA00F101081FFA88F845
:10B76000414648463A6AFB6A9847002808DB054488
:10B770000BF1010B5CE74FF00008DEE7454645E6BC
:10B78000054643E680B505460E461746984614F032
:10B790004BF8034620F0BEF80446DFF81890424606
:10B7A00049F8003039463046A84754F8090001F0FE
:10B7B00023FE00BF08000000032800B508D920F0D0
:10B7C000A9F80922074B1A504FF0FF305DF804FB2F
:10B7D0003022054B02FB0033D3E8AF3F002BEED005
:10B7E0000020F3E70C00000004EC0020302343436A
:10B7F00030B50D4908330B44D3E8AF2F92B1541E36
:10B80000D3E8EF5F954204D1C3E8EC4FBCF1000FE1
:10B81000F6D1F1D1012A05D13023584300230A186B
:10B820000B50536030BD00BFFCEB002038B5044620
:10B830001546FFF7C1FF00280DDB30236343074A9D
:10B84000D0184068086015B10C3313442B603023C6
:10B850005C43105938BD0020FCE700BFFCEB002022
:10B8600070B500254FF0FF334FF0FF32184817F046
:10B8700003FA184BD3E8AF2F82B10135042D03F141
:10B880003003F7D120F046F817224FF0FF35124B66
:10B890001A500F4817F0F2F9284670BD30246C4357
:10B8A000D3E8EF0F0130C3E8E10F0029F8D10B4EC8
:10B8B000331932515A609A6204F10C0030441EF080
:10B8C0002DFF04F1200030441FF0DAF8E1E700BF5B
:10B8D000FCCD002004EC00200C000000FCEB00205C
:10B8E0002DE9F0413024164644430F4A10191151F6
:10B8F0004660C362B6B1F368A3B120F00BF80B4FFA
:10B900000C3450F807801319054640F205123046F2
:10B9100017F0A3F9B8F15F0F04D0EB595F2B08BF04
:10B9200045F80780BDE8F081FCEB00200C0000002A
:10B93000F8B50546FFF740FF002824DB30246C43B0
:10B94000124F04F10C063E444FF0FF324FF0FF332C
:10B95000304617F091F93A1953689B688BB1D26A57
:10B96000385912F4404F0AD02946984704463046C9
:10B9700017F084F92846FFF739FF2046F8BD9847AD
:10B98000F4E71C46F3E74FF0FF34F6E7FCEB00204A
:10B99000044608B5EFF31183202383F31288BFF325
:10B9A0006F8F09F027FA204601F0DCFC024817F0FF
:10B9B00047F917F09BFFFCE7A5D803002DE9F047F6
:10B9C000058B04462807904611D4022905F0070587
:10B9D00040F0CC80204617F0B8FB78B10138218BBD
:10B9E000042811D8DFE800F0C2106D859500012908
:10B9F0000CBF45F0100545F02005258388F311881C
:10BA0000BFF36F8FBDE8F08701F0070AAA4500F089
:10BA1000A5800027B9463E46A368002B00F0BC80F5
:10BA200041F00801218388F31188BFF36F8FA1686B
:10BA3000002900F0BA800D68002900F0B680334676
:10BA400052462046D1F80480C047002D76D02B689E
:10BA500029461D46F0E701F007035A1F012A1BD8AB
:10BA6000002221F00701062B276889B2C4E90022D1
:10BA700009D13B4603E0628B013262831B68002BD5
:10BA8000F9D141F002012046218317F05EFB002826
:10BA90007AD041F0200176E0042B0AD121F0070191
:10BAA00089B22046218317F050FB10B141F02001EC
:10BAB0002183218B01F0070AAA454FD00027B94600
:10BAC000AAE7236921F0070141F00601062DD3F80A
:10BAD000009021832DD1B9F1000F3FD041F0080132
:10BAE000218388F31188BFF36F8F20463949C847F7
:10BAF00029E021F00701236941F0040189B2042DF6
:10BB0000D3F804902183E6D000274FF0040A3E4684
:10BB100082E721F00701236941F0050189B2052D73
:10BB2000D3F808902183D6D000274FF0050A3E466F
:10BB300072E700274FF0060A3E466DE72B4687E77F
:10BB4000B9F1000FD1D1EFF31188202383F31288CC
:10BB5000BFF36F8F238B23F008032383258BEA0623
:10BB60002ED525F01003238305F007056669218B88
:10BB7000002EBFF670AF00232768C4E9003321F020
:10BB8000070141F001012183218B4FF0000901F0F1
:10BB9000070AAA457FF440AF002F9CD041F008016E
:10BBA000218388F31188BFF36F8F002FC8D03D68C1
:10BBB000394633465246204617F0F3FA2F46F4E74B
:10BBC000AB067FF51BAF25F02003238305F00705A7
:10BBD00000E700BFCF3103002DE9F3410C460646D4
:10BBE000012113481546A04700281ADB5C27366858
:10BBF000B04616F8010B38B92A46012123460C48F5
:10BC000002B0BDE8F041184717F0DDFB60B12A46ED
:10BC100002218DF805008DF8047001A8A0470028C6
:10BC2000E6D002B0BDE8F0812A4601214046F5E7A2
:10BC3000ECCC03002DE9F14F0A9E0546884691465B
:10BC4000012132461B481C46984700282FDB00275D
:10BC5000DFF868A0DFF868B0B845324606D10121A8
:10BC60002346154801B0BDE8F04F18472146284645
:10BC7000FFF7B2FF00281ADB324601215046A047E9
:10BC8000002814DB334622464946284600F01AF8BD
:10BC900000280CDB08F1FF339F4202D30137103537
:10BCA000DAE7324601215846A0470028F6DA01B00B
:10BCB000BDE8F08FCED803003DFD030039D303006B
:10BCC000D0D803002DE9F04114464279B0F806803F
:10BCD0006D2A1D460E4688B001EB08074FEA520355
:10BCE00011D8212B16D9223B142B13D8DFE803F0EF
:10BCF0002D121212121212121212121212123F5B93
:10BD00006012714B5500742B11D006D85B2B24D0D8
:10BD1000662B0CD06FF0150026E07B2BFAD1009536
:10BD20002346D0E902013A46FFF784FF1CE016F8EB
:10BD300008302A4633B104212A48234608B0BDE81A
:10BD4000F041184705212848F7E72A46214638469A
:10BD500008B0BDE8F041FFF73FBF00950A46234613
:10BD60003946806800F04AF808B0BDE8F08151F823
:10BD700008301E4A0C2102A814F04CF901462A464C
:10BD800002A8A047F0E7D7E90023CDE90023184A2D
:10BD9000152102A814F03EF9F0E7D7E90023CDE918
:10BDA0000023144AF4E72A46796856F80800C4E7E5
:10BDB0002A4601211048A0470028D5DB2A46796889
:10BDC00056F80800A0470028CEDB2A4601210A4881
:10BDD000B3E751F808603046FCF77CFF2A4601467D
:10BDE0003046AAE7D2D80300D7D80300F3F7030000
:10BDF000DDD80300E2D80300ECCC03002DE9F14FBD
:10BE00000A9F1D46C388044652F803A00E463A46D0
:10BE100001211A48A84700282CDB63794FF000085D
:10BE200003F0FE03B62B08BFA4680AF1FF3B2046CF
:10BE300017F072FA8146D04507D13A4601212B46C8
:10BE40000F4801B0BDE8F04F1847E1883B462A464D
:10BE50002046711AFFF736FF00280BDBC34503D8D5
:10BE60004E4408F10108E6E73A4601210548A84793
:10BE70000028F5DA01B0BDE8F08F00BFE7D8030075
:10BE800046D30300D0D8030010B5002486B0CDE916
:10BE90000334089B059303AB0093024BFFF7CAFEE4
:10BEA00006B010BD033403002DE9F04704460746F1
:10BEB0004FF00109DFF8508014B93846BDE8F0872B
:10BEC00094FAA4F5B5FA85F509FA05F32E0108EB05
:10BED00005156FEA030A24EA03042B7B002BEBD041
:10BEE00058F806301B694BB946447368042228464B
:10BEF000196807EA0A0700F05BFADDE72846984769
:10BF00000028D9D1F0E700BF28BF030030B50022D8
:10BF100089B00F490F481EF02EFF00220023002495
:10BF2000CDE906230E230C4DCDE903344FF44072C6
:10BF30002846CDE90144094B0949009413F0DCF986
:10BF4000084928461EF0A6FD204609B030BD00BFB6
:10BF500069BF010078D90020A8D0002055C2010097
:10BF6000B0230120E9D80300014812F003BF00BF4D
:10BF70003CCF00202DE9F04780461F480F4617F0C0
:10BF80006DFA0646002830D000252846BDE8F08727
:10BF9000237B6BB12368DB680BB12046984723688D
:10BFA0001B69D3B9636804222046196800F000FABF
:10BFB000013610344C45EBD3B8F1000FE5D0002D1D
:10BFC000E2D02846FFF770FF0546002FF7D000218A
:10BFD0004FF4A4701EF00FFEF1E7204698470028AA
:10BFE000E0D00AFA06F31D43E2E705464FF0010AE6
:10BFF000024CDFF80C90DDE7CCEC002028BF0300FA
:10C0000038BF0300014B53F82000704724C30300DE
:10C0100008B5034608462BB1044A136000F074FCCF
:10C02000002008BD6FF01500FBE700BFC8CA002064
:10C0300010B5044C237813B9034812F09BFE01237A
:10C04000237010BD790101203CCF002010B50446BB
:10C05000094817F003FA3CB1084BD3E8EF1F013948
:10C06000C3E8E21F002AF8D105481EF090FEBDE8A3
:10C070001040044812F07EBEC4EC0020C8EC002042
:10C0800078D900203CCF002000200146034BD3E8A4
:10C09000EF0FC3E8E21F002AF9D17047C4EC00207B
:10C0A00070B5FFF7F1FF0546074C084EB44200D3C8
:10C0B00070BD63685B792BB123685B6813B1294657
:10C0C000204698471034F1E728BF030038BF03002B
:10C0D00010B5044C0449204616F0D0FE034B1C60FA
:10C0E00010BD00BFE8CC002010C30300BCEC002052
:10C0F00008B50023074A4FF400411370064A074869
:10C100001360074A1360FFF783FFBDE80840FFF79D
:10C11000DFBF00BF7A010120C4EC002059340300C6
:10C12000C8EC0020014600220023014816F0C7BEDB
:10C13000E8CC0020014816F060BF00BFE8CC00202A
:10C14000024B0146186816F0ACBF00BFBCEC0020E3
:10C15000014816F0E1BF00BFE8CC002070B5264BC7
:10C160001878002847D0FFF7E5FF054670B1234B4C
:10C17000D3E8EF1F0139C3E8E21F002AF8D1204CB1
:10C18000204EB4422DD32846FFF7DAFF1E4B1F4C3A
:10C190001B68002B19DD1EF0A7FD4FF47A72A0FB7F
:10C1A000020302FB0131C30B43EA4143D4E90020FF
:10C1B0009B1A40F2E9324FEAD13161EB0001934220
:10C1C00071F1000101D3FFF76BFFD4E9003213F5E1
:10C1D0007A7342F10002C4E90032BDE87040FFF713
:10C1E000B7BF63685B7923B12368294620461B6883
:10C1F00098471034C5E770BD79010120C8EC0020D4
:10C2000028BF030038BF0300C4EC002070D9002011
:10C2100070B50D4D297861B90120FFF7ABFE0B4CCD
:10C220000B4EB44206D3FFF799FF0028FBD1012340
:10C230002B7070BD63685B791BB1236820469B68D7
:10C2400098471034EDE700BF7A01012028BF0300B2
:10C2500038BF030000212DE9F0470846FFF78AFEAA
:10C26000044658B340F267684FF000091FF052FBD4
:10C270001B4B1C4A1B58136033B11B4B1B68092B0B
:10C2800002DD1A4812F076FD0025194FDFF85CA098
:10C2900044B12046FFF708FE044618B94FF0FF38B6
:10C2A0004FF0FF39FFF75AFF064628B9B5B94246A5
:10C2B0004B46504612F092FD3546E9E74FF0FF3805
:10C2C0004FF0FF39D2E72B689B691BB1002228464B
:10C2D000114698471035BD42F5D3E8E7054DFAE71A
:10C2E00008000000C0EC0020C8EC00203CCF00207B
:10C2F00038BF030028BF030013B5184817F0AEF885
:10C30000174B1B7873B1EFF31184202383F312884A
:10C31000BFF36F8FFFF722FF84F31188BFF36F8F96
:10C3200002B010BD0F4B1B68002BF9D050B9002292
:10C3300000230D48CDE900234FF40042002313F001
:10C340003DFDEDE70928EBD107481EF020FD074829
:10C3500002B0BDE8104012F00DBD00BFC8EC0020D7
:10C360007A010120C0EC002078D900203CCF0020C9
:10C3700010B5064B04461B6898472146A060044848
:10C3800016F01CFEBDE81040FFF7B6BFC8CA00207B
:10C39000E8CC0020044A054B9B1AB1EBD30F34BF05
:10C3A00052F8310000207047B8BD030028BF0300D9
:10C3B000084B10B4C31A44681B110133237143683E
:10C3C0009A7101224368196043685A715DF8044B01
:10C3D000FFF72EBE28BF03002DE9F04F8FB0C1F349
:10C3E0004A2804AF0D469146B8607B600C0DB8F149
:10C3F000000F63D000264FF0040B4FF00A0A07F13C
:10C400001403C7F80C80C7E907667E620193CDF874
:10C4100008B0CDF800A007F11C0332464846F96881
:10C42000FEF7CAFFB0F5006F03461CD36C468AB016
:10C43000D9F8041004AB26481A46C3E9050140F2B6
:10C44000FF71D9614FF400711984224B42F8103FFB
:10C450004FF4125133462048FFF7BEFFA5462C3754
:10C46000BD46BDE8F08FC0F30A0804F11700184478
:10C4700020F0070080083B60FFF754FE68F3532567
:10C48000044690B13B6800F11001C7E9083607F196
:10C490001403F961CDE900A3CDF808B048460F4A6E
:10C4A000F96807F11C03FEF787FF68F353252A4656
:10C4B00020467B68B96817F003F8D0E704F117004D
:10C4C00020F007008008FFF72DFE0446EDE700BFCF
:10C4D000FED8030004000001A0BE03009534030051
:10C4E0002DE9F04F87B00446DDE9105ADDE91279F5
:10C4F000934698460391BFB13B4652461021002017
:10C50000CDF80090CDF81490FEF784FDB0F5006FE3
:10C5100006460AD340F2FF730221174A174807B0B4
:10C52000BDE8F04F17F025B83E4605F1170030443E
:10C5300020F007008008FFF7F5FD04F007040BF07A
:10C54000070BE40044EA8B1444EA462444EA055409
:10C55000054640B13FB13B4652463146CDF80090CA
:10C560001030FEF757FD434622462846039907B090
:10C57000BDE8F04F16F0A4BF3DD90300A0BE0300F4
:10C58000406820B1034BC01A40F3CF0070474FF012
:10C59000FF307047B8BD03000EB403B503AB53F8CA
:10C5A000042B01460448019301F0B6FA02B05DF88D
:10C5B00004EB03B0704700BFD5350300CA0605D4AD
:10C5C0008B064CBF02490349FFF7E6BF704700BF27
:10C5D000500A04004F0A04002DE9F04F8BB09B462F
:10C5E000169B9DF854A00693179B04460593189B31
:10C5F0000D469046199E0493BAF1000F00F09E80FC
:10C6000006F00103089306F00803079306F480730D
:10C61000099316F03DFF06F00209024600283BD0C0
:10C6200020468F49FFF7B8FF0746B9F1000F08D041
:10C6300016F0440F32D12A4620468A49FFF7ACFF54
:10C640000744089B53B1884B204653F82A20874B58
:10C650008749002A08BF1A46FFF79EFF099B002B57
:10C6600048D0079B002B62D1B8F1000F64D042463E
:10C6700020468049FFF790FF0546069B3D44002B6E
:10C680006BD1049B002B71D1F30700F1E28031469E
:10C690002046FFF793FFD6E00746C6E7764B1868BB
:10C6A0000028CDD0754B4FF47A791B684FF03C0CC5
:10C6B000B5FBF3F5B5FBF0F14FF4616300FB1155E9
:10C6C00009FB05F5B1FBF3F2B5FBF0FE03FB12111C
:10C6D00000FB1E55B1FBFCF309FB05F5B5FBF0F5BE
:10C6E0000CFB131120460091CDE901E56449FFF7E9
:10C6F00053FFA5E7079BEBB1624B204653F82A2076
:10C700006149FFF749FF0546B8F1000F05D04246E1
:10C7100020465849FFF740FF0544BBF1000FACD05D
:10C720005A4620465949FFF737FF0544A5E74FF021
:10C73000000BE1E7079DE7E745469EE7BBF1010FE8
:10C74000069B06D1002B64D1049B002B7BD00025D7
:10C750000CE0002BF8D04E485CE04E48069B224689
:10C760004D4916F017FA049B002B68D0DFF838818A
:10C77000DFF83891049F3146102F204628BF10273C
:10C780004FF0000BFFF71AFF5D4545DC059B49465E
:10C7900020461A78FFF700FF4FF0010B1BF0070F40
:10C7A00003D141462046FFF7F7FE5F453BD9059B85
:10C7B0004946204613F80B20FFF7EEFE0BF1010B64
:10C7C000BBF1100FEAD14FF0000B20463349FFF7C1
:10C7D000E3FE5A46059B20469A5CA2F120015F29A0
:10C7E00028BF2E222E49FFF7D7FE0BF1010BBBF11C
:10C7F000100F1DD01BF0070F03D141462046FFF755
:10C80000CBFE5F455A46E5D841462046FFF7C4FEB9
:10C81000EBE720485546A1E741462046FFF7BCFE1E
:10C820000BF1010BB0E720461E49FFF7B5FEC5E747
:10C83000059B3B440593049BDB1B04939AD1BAF1FF
:10C84000000F7FF421AF20460BB0BDE8F04F16F08B
:10C85000B4BE2046054A0649FFF79EFE17E700BF13
:10C860007AD903007ED9030034C3030075D90300CD
:10C87000B5CF0300A3D90300D4EC0020D0EC0020F6
:10C8800087D9030048C30300A7D90300ADD903002B
:10C8900003360300D535030019DB0100BCD90300C2
:10C8A000A4F40300B8D90300BAD90300B2D9030035
:10C8B00042F20F7373B58B4228BF0B4605680446DE
:10C8C000052168460D4A13F0A5FB06466368284615
:10C8D0000B225B680A4916F062FE636832466946BD
:10C8E00028465B6816F05BFE63681B2228465B687F
:10C8F000044916F054FE02B070BD00BFF3F7030008
:10C90000DAD90300BED9030000210123064A904270
:10C9100006D8064A01B901231360054B1860704719
:10C92000012140085B00F2E740420F00D0EC0020FC
:10C93000D4EC00200122014B1A7070477B010120CA
:10C94000014B002019607047ECEC00200148FFF714
:10C95000AFBF00BF78C3030010B5064B0C46186884
:10C96000FFF750FB2146BDE8104003460F22024866
:10C97000184700BFECEC002078C303000122F8B593
:10C98000084B094D094E1A70D5E900470CB92C60C7
:10C99000F8BD214630463A4600F01EF8241A0644F7
:10C9A000F4E700BF7C010120E0EC00207D010120C4
:10C9B00010B9074B18707047064B1B781BB141F23A
:10C9C00088301DF095BDA42000211EF014B900BFD1
:10C9D0007B0101207C0101202DE9F04780460E46B5
:10C9E0000424DFF878901C4F99F80050A5B91CF08A
:10C9F0004BFB32468246414628460FF0FDFD054678
:10CA000050461CF049FBE5B101233B7099F800301A
:10CA100073B93046BDE8F0873246414600200FF03A
:10CA2000EBFD0546EFE72046651EFFF7C1FF2C46EC
:10CA300000200FF025FE0028EBD03B78002BF2D130
:10CA4000E7E73B78002BE4D0013C2046FFF7B0FF3E
:10CA50003B78002BC8D1DCE77B0101207C01012061
:10CA6000014B03600020704788C3030070B5104B72
:10CA70000D461C68B4B10F4B196800238B4202DBD2
:10CA80006FF0010070BD224612F8106B864202D092
:10CA900014460133F2E7E0681DF02FFD28B10020B5
:10CAA0002C60EFE76FF00C00ECE76FF01200E9E7A5
:10CAB000CCCA002088C3030010B504460121034AF4
:10CAC000034816F04DFD0020606010BD35DA03000C
:10CAD000E8BD03007FB5426904468A4203D88B1A39
:10CAE0008269934209D30121174A184816F038FD8C
:10CAF0006FF02105284604B070BDC06801AA1BF084
:10CB000075F8054630B101210346114A0F4816F069
:10CB100030FDEFE70199236A8B42EBD0E068029A7F
:10CB200083689B6853B19847064650B1012133464C
:10CB3000084A064816F01DFD3546DBE76FF057063C
:10CB4000F4E7019B2362D5E755DA0300E8BD030053
:10CB500074DA030095DA030073B58168054600298D
:10CB600037D0D0E9043601391E443144FFF7B2FF13
:10CB7000041E09DA2346284A00960121274816F0A8
:10CB800002FD204602B070BD6A6AAB68B3FBF2F4E6
:10CB900002FB14343CB12868141B224695F8281077
:10CBA00018441EF09BFAAB68E8682A682344816841
:10CBB0004C683146A047044618B1194A034600960E
:10CBC000DBE7EB695BB92B69AA6813442B6100238F
:10CBD000AB600024D5E7135DDB4313550134AB682C
:10CBE0002A689C42F7D3E86881680C683146A04700
:10CBF000044630B103460B4A0121084816F0B9FC3F
:10CC0000BFE73246EB69A9682868984704460028C0
:10CC1000D9D0054A0346EFE7B1DA0300E8BD0300C7
:10CC2000DFDA030003DB030019DB03002DE9F34720
:10CC30000E46DDE90AA891461F46044680B179B147
:10CC400072B18B680846DB6898470368B7FBF3F25C
:10CC500003FB12724AB1204A0121204816F080FCE1
:10CC60006FF00D0002B0BDE8F087BAFBF3F203FBF2
:10CC700012A20AB11A4AEFE7B8F1000F04D0B8FBCC
:10CC8000F3F503FB15850DB1164AE5E7C4E90097F6
:10CC9000C4E905A8E6602561A56003686A46636289
:10CCA0000C9B1149E3614FF0FF3323624379304617
:10CCB00084F82830CDE900751AF09CFF019A0AB972
:10CCC0000A4AC9E7D4E905310B449A4201D2084A1D
:10CCD000C2E72846C6E700BF2DDB0300E8BD03001E
:10CCE00064DB030078DB0300893703008ADB030081
:10CCF000A6DB030008B5044815F0A2FFBDE8084014
:10CD0000024815F09DBF00BFDFDB030014DC030009
:10CD10002DE9F84F80460C4600AF002965D0D1E9D7
:10CD20000012E9468AB0A3686D464FF0050A2E4608
:10CD30003748C5E90723C5E9050146F810AF0023C8
:10CD400032464FF421513348FFF746FBD4E9031232
:10CD5000CD466369AD463048C5E90723C5E90501FD
:10CD6000C5F810A0002332464FF421512948FFF79F
:10CD700033FBCD46E3690121284A264816F0F9FB2A
:10CD8000264600254FF00A0ADFF8A0B0E946D6E9AA
:10CD900008E0D6E90A138EB06A46C2F81CE005F135
:10CDA000010EC2E908E0A81CC2E90A01E91CC2E9B7
:10CDB00005B5C2E90C1342F810AF002345F240015B
:10CDC00014480435FFF708FB102DCD4606F1100678
:10CDD000DCD1236E0121124A0E4816F0CAFBA3696A
:10CDE0000121104A0B4816F0C4FBB8F1010F07D11E
:10CDF000EFF305830C4A41460648103B16F0B9FB99
:10CE00002146404611F00EFCBD46BDE8F88F00BF3C
:10CE100042DC030008BF030071DC0300A0DC030058
:10CE2000F2DC030001DD03002FDD0300AFDC0300B3
:10CE300030BFFFF7FDBF00BF2DE9F04105460B4EA7
:10CE4000DFF83080324606EB0807CC1B2046084945
:10CE50001EF01DF9A01942460021083C1EF03EF9C3
:10CE60006C6707F10800BDE8F08100BF000000001A
:10CE700038BF030008000000074A936893F90E10BA
:10CE8000002907DB926993421FBF044A536843F0AD
:10CE900080535360704700BFE400012000ED00E0C4
:10CEA00070B52A4C06460D4629482A4916F0DDFC85
:10CEB000A36ADB0647D52648274916F0D6FC112081
:10CEC000A36A1C0704D52248244916F0CEFC122080
:10CED0001E4CA36A990712D521491D4816F0C5FCBE
:10CEE000636BA26A120609D501211E4A184816F082
:10CEF00040FB1EB1A36A23F08003A3621320134CEE
:10CF0000A36ADE0704D51248174916F0AEFC1420B8
:10CF1000A36A9C0604D50E48144916F0A6FC1520F9
:10CF20000A4B9A6AD10658BF9A6A9A6A920642BF19
:10CF30005A6A22F400525A629A6A42F0FF029A62D6
:10CF400000232B7070BD1020BAE700BF00ED00E099
:10CF500008BF030042DD030058DD03008BDD030042
:10CF60009EDD0300B6DD0300CCDD0300EBDD030036
:10CF700010B5244C2449254816F077FCA36A990182
:10CF80003ED52248224916F070FC1E20A36ADA0121
:10CF900004D51E481F4916F068FC1F20194CA36ACF
:10CFA000DB0204D519481C4916F05FFC0220A36A75
:10CFB0001C0304D51548194916F057FC2120114CC3
:10CFC000A36A590304D51148154916F04EFC2220D6
:10CFD000A36A9A0304D50D48124916F046FC232093
:10CFE000084CA36ADB0304D508480F4916F03DFC42
:10CFF0002420A36A6FEA03436FEA1343A36210BDC0
:10D000001D20C3E700ED00E01ADE030008BF0300A7
:10D0100032DE030045DE03005FDE030089DE03002D
:10D02000A7DE0300CCDE0300E6DE030070B5294C6A
:10D0300006460D462848294916F017FCA36AD9046C
:10D040003CD52548264916F010FC1720A36A1A057E
:10D0500004D52148234916F008FC18201D4CA36A6A
:10D060009B0512D51C48204916F0FFFBA36BA26A52
:10D07000100409D501211D4A174816F07AFA1EB18D
:10D08000A36A23F40043A3621920124CA36A590532
:10D0900004D51148164916F0E8FB1A20A36ADA05F0
:10D0A0000ED50D48134916F0E0FB1B20094A936A80
:10D0B00043F47F43936200232B7070BD1620C5E7B5
:10D0C000A36A9B04F2D504480B4916F0CEFB1C2042
:10D0D000ECE700BF00ED00E008BF030011DF030034
:10D0E00027DF03008BDD030038DF030051DF03007F
:10D0F00066DF030081DF0300EBDD03002DE9F0476D
:10D100009CB0664B0546D3F804A089461446002619
:10D1100000AFCAF3080886F31188BFF36F8F02F0DF
:10D120007F43B3F17F4F1DD1D3071BD4500603D4E7
:10D13000110708D4012608E059495A4816F095FB12
:10D1400014F0040400D04D4600260023FB71A8F122
:10D150000303092B7FD8DFE803F0077679727E7E20
:10D160007E7E7E7C3546F0E74F494E4816F07DFBCB
:10D1700000234A4CFB71E36A9A0705D54B4949489D
:10D1800016F073FB002429E0E36A002B01DA48491A
:10D19000F5E7E36A5B00F5D54649424816F065FBC2
:10D1A0006369AA6943F480736361BFF34F8FBFF370
:10D1B0006F8F636932F8022C23F480736361BFF3CD
:10D1C0004F8FBFF36F8F4DF602739A4222D12B68B7
:10D1D0000121394A334816F0CCF92C68FB79ABB9F8
:10D1E0006822294607F108001DF051FF7B6A002ED6
:10D1F0004ED0C3F3080222B96FEA53236FEA4323E8
:10D200007B62204607F10801FFF782FD7037BD46BB
:10D21000BDE8F087A36ADBB223B10120F91DFFF757
:10D220003FFE0EE0A36A13F47F4F04D00120F91DE6
:10D23000FFF7FCFE05E0A36AB3F5803FA2D3FFF73A
:10D2400097FE0446CAE70020F91DE8E70020F91D13
:10D25000EEE71A4993E71A4A6C461AF4F87F8AB047
:10D26000184B18BF13466A461749C2E90513A8F1BF
:10D270001003D3614FF400731384144B42F8103F32
:10D2800000234FF411510748FFF7A6F8A54679E7A8
:10D2900023F4FF7323F00103B2E700BF00ED00E0C9
:10D2A000C7DF030008BF0300EADF030001E003005B
:10D2B00022E0030030E003004FE003006BE00300D6
:10D2C000AEDF030099DF03008FE0030004000001DC
:10D2D000064B5A6942F010025A615A6942F4806260
:10D2E0005A615A6922F008025A61704700ED00E065
:10D2F000EFF30880EFF3098101B57246FFF7FEFEF8
:10D3000001BD00BF002080F31488BFF36F8F0020A1
:10D3100080F30A8880F30B880F4880F308880EF0AA
:10D3200003F800200D490860BFF34F8F00F03EF86E
:10D33000202080F311880A484FF40061401880F3E0
:10D340000988EFF314800221084380F31488BFF3A7
:10D350006F8F00F011F90000F071012094ED00E0F2
:10D36000B0480120BFF34F8F0549064BCA6802F44D
:10D37000E0621343CB60BFF34F8F00BFFDE700BFF8
:10D3800000ED00E00400FA05002318460649D1F834
:10D390009020C2F30722934200DB7047C1F8983017
:10D3A000C1F8A0000133F6E700ED00E010B572B659
:10D3B000002484F31388FFF7E7FF23464FF0FF3084
:10D3C0000C4A03F120010133102B42F82100F8D15F
:10D3D00000234FF0FF30074A03F160010133102BA7
:10D3E00042F82100F8D162B6BFF34F8FBFF36F8FC1
:10D3F00010BD00BF00E100E0084B9B6883420BD1E9
:10D40000EFF3058343B1064B5A6842F080525A60ED
:10D410005A6A22F400425A6212F00CBAE400012067
:10D4200000ED00E025498A6882F8C1E04FF0300045
:10D430001044EFF3098C80E8F01F1EF0100F03D1A9
:10D4400002F1800080EC108A202080F31288BFF364
:10D450006F8F1B4F4FF000668A698A603E604FF005
:10D46000740414192068174C206092F9C1E0906F81
:10D470000023936780F311881EF0100F03D0002360
:10D48000E1EE103A03E002F1800090EC108AEFF335
:10D49000148323F0040383F31488BFF36F8F02F126
:10D4A000300090E8F01F8CF3098802F1000004B509
:10D4B00016F011FABDE8044070470000E4000120B6
:10D4C00004ED00E0F0EC00201EF0040F0CBFEFF3C1
:10D4D0000880EFF30980816911F8021C0229FFD04E
:10D4E00001B5724616F0B6F901BD00BF40B2002882
:10D4F00007DB01234109034A00F01F00834042F883
:10D500002130704700E100E040B200280CDB01222E
:10D510000649430900F01F008240203341F82320D0
:10D52000BFF34F8FBFF36F8F704700BF00E100E084
:10D53000054B420953F82220012300F01F0003FA93
:10D5400000F01040704700BF00E100E040B200284A
:10D5500001F10101ACBF00F16040064B4FEA4111FF
:10D56000C9B2ABBF00F5614000F00F0080F80013B6
:10D570001954704714ED00E0144A08B5144B22F01A
:10D580007F029A60BFF34F8FBFF36F8FD3F888206D
:10D5900022F47002C3F88820D3F8882042F4A00255
:10D5A000C3F888204FF04042C3F83422BFF34F8FB6
:10D5B000BFF36F8F0023E1EE103A11F01FF912F064
:10D5C0005DFA00F07DF811F059F900BF008001000C
:10D5D00000ED00E042F8203C009B0D4942F81C3C65
:10D5E000019B21F0010142F8183C029B42F8081C03
:10D5F00042F8143C4FF0807342F8043C00238367E8
:10D600004FF43C43203A0265C0F8C030704700BF79
:10D6100085B70100104B9B6883421AD1EFF3058058
:10D62000B8B9EFF31181202282F31288BFF36F8F14
:10D630001A7B22F002021A73EFF3148323F004031F
:10D6400083F31488BFF36F8F81F31188BFF36F8F5B
:10D6500070476FF015007047E40001200E46154634
:10D66000002300B5E1EE103AEFF3148323F0040336
:10D6700083F31488BFF36F8FBFF36F8F094B426F33
:10D680009860094B1A60436E83F30B882C4686F32F
:10D6900009880020054B98472046002100220023DE
:10D6A000034C2047E4000120F0EC0020DF380300A9
:10D6B00085B701001022014B1A61704700ED00E0B0
:10D6C000002320210348C2180133412B82F80013A4
:10D6D000F9D1704700E100E008B5EFF30583064A91
:10D6E000103B02EBC30152F8330049688847BDE89C
:10D6F0000840FFF7C1BB00BFB0BA03001FB5094C1B
:10D70000094A23460121094800F012F90023039336
:10D71000074B0121E41A01A80193029400F012F9C9
:10D7200004B010BD0000042080C500202CC40300FC
:10D73000A0D0002010B50C7A0B6804F01F0223F073
:10D740001F031A43CB68640923F01F03054943EA0A
:10D75000440343F00103C1F89800C1F89C20C1F8CC
:10D76000A03010BD00ED00E010B50A4BD3F89030AA
:10D77000C3F30723013B984208D901210346064A17
:10D78000064815F0F6FE6FF0150010BDFFF7D2FF4A
:10D79000FBE700BF00ED00E0A6E00300E0BE0300F1
:10D7A0002DE9F04F8946144606464FF00008514DCA
:10D7B00085B0C84527DAD6F804A0BAF1000F44D0E6
:10D7C000BAF11F0F17D91AF01F0F14D1D6F800B0F5
:10D7D0001BF01F0F0FD1584616F0A4F807460AEBAE
:10D7E0000B00013816F09EF8874210D06FF0150735
:10D7F000414A3B4601E04346404A0121404815F07A
:10D80000B8FE6FF01504204605B0BDE8F08F17F1A3
:10D81000160FEDD0BC42EBDDC5F89870D5F89C1022
:10D82000C5F89870D5F8A03021F01F0143F01F0B08
:10D83000D6E900321A44994202F1FF3A1DD1D3458C
:10D8400007D13146F8B216F076F808F101080C3627
:10D85000AFE73146C5F89870D5F89C3022F01F022A
:10D8600003F01F031343C5F89C30E0B216F063F8D1
:10D8700010F1160FC5D0441CE7E7C5F89870D5F82D
:10D88000A020013B23F01F0302F01F021343D345E6
:10D890003146E0B2C5F8A030E8D016F04CF810F1EF
:10D8A000160FAED0C5F89870D5F89C209DF80830BA
:10D8B0000BF1FF3B62F304038DF80830D5F8A0307C
:10D8C0009DF808205B0863F347128DF80820D6E91D
:10D8D00000321344009323F01F035B44A3EB0A03BD
:10D8E000013023F01F036946C0B20393FFF73CFFEA
:10D8F000BEE700BF00ED00E0EFE00300CCE0030076
:10D90000E0BE03000522044BC3F89420BFF34F8F01
:10D91000BFF36F8F704700BF00ED00E0BFF35F8F74
:10D920000022024BC3F89420704700BF00ED00E0D6
:10D9300010B5034C2278FFF733FF207010BD00BFF5
:10D940008D0101202DE9F74F294D8A4606464FF0FB
:10D950000008AB46274FD0451BDAD6F80490B9F142
:10D96000000F3FD031680846019115F0DBFF0199A7
:10D97000044609EB0100013815F0D4FF84424FF052
:10D9800014021D4B08D002FB08F36FF015024BF890
:10D99000032003B0BDE8F08F14F1160F2C60F8D00F
:10D9A0001978A142F5DD02FB08B0C7F89840C7F826
:10D9B0009840D7F89C4000F10801007B64F3040014
:10D9C0000871D7F8A0000C79400860F347140C7177
:10D9D000D7F89C1021F01F016960D7F8A01021F042
:10D9E0001F01296108F1010814350C36B3E700BFA7
:10D9F000F4EC002000ED00E08D010120F0B541497C
:10DA0000414CD1F890302568C3F307239D4287B07D
:10DA100075D80020FFF782FF3C4BC1F8C03085422B
:10DA200016D13B4C01A82570FFF71AF800250646D1
:10DA3000384FAE4213D1002023783249D1F89020DC
:10DA4000C2F30722934254DBFFF75CFF00202FE074
:10DA5000616801EB0011FFF76DFE0130DFE701990E
:10DA6000280101EB0513DA683A40B2F5001F21D016
:10DA7000B2F5800F2BD0B2F5801F38D15A689B6861
:10DA80000958013B22F01F0003440120844623F083
:10DA90001F0340EA4C10CDE902218DF8100002A9C5
:10DAA00020780593FFF760FE00281DDA6FF015005F
:10DAB00007B0F0BD5A689B680958013B22F01F006F
:10DAC00003444FF0020C012023F01F03E1E75A68E2
:10DAD0009B680958013B22F01F0003444FF0000CE3
:10DAE000022023F01F03D4E723780133237001358C
:10DAF0009FE7C1F89830C1F8A00001339EE74FF0CE
:10DB0000FF30D5E700ED00E038C40300AAFF440071
:10DB10008D0101200000F0FFF0B587B007460E46EA
:10DB200014460021102268461D461DF0D7FA022334
:10DB30008DF80230054B2A4621466846CDE9047629
:10DB4000019312F001FF07B0F0BD00BF6939030077
:10DB500008B5024B1B689847002008BD08ED00205F
:10DB600008B50649064821F00701C1F1005202F547
:10DB7000802214F0B7FF002008BD00BF53B701207A
:10DB80000CED00204FF0FF324FF0FF33014810F052
:10DB9000F7BF00BFE0CA0020014811F069B800BF1C
:10DBA000E0CA002038B50546FFF7ECFF2A460821F9
:10DBB000074814F081FE044628B925B11DF0AAFEDD
:10DBC0000C22044B1A50FFF7E7FF204638BD00BF78
:10DBD0000CED00200C00000038B504460D46FFF7A0
:10DBE000D1FF21462B460822074814F0D9FE0446EF
:10DBF00028B925B11DF08EFE0C22044B1A50FFF7F8
:10DC0000CBFF204638BD00BF0CED00200C0000000B
:10DC100010B50446FFF7B6FF2146034814F003FE93
:10DC2000BDE81040FFF7B8BF0CED002070B54169AA
:10DC30000446867A0A4D59B1437ADB0706D42C2371
:10DC400003FB06535B6A1B689B689847002363616C
:10DC50002C20214606FB0050BDE870401CF027BE7A
:10DC6000B4CF00202C21827A054B01FB02339A6A43
:10DC70001B7F801A1B3323F00303B0FBF3F07047C4
:10DC8000B4CF002038B52C24827A064B04FB023333
:10DC90005B6AD3E901240C601568FFF7E3FF04FB1E
:10DCA000005038BDB4CF00202DE9F04385B00546C3
:10DCB000684690461C4603911DF018F8DDE90067A0
:10DCC000EFF31189202383F31288BFF36F8F6B8BDF
:10DCD000002B41D02A8B9A4225D9002200232846C6
:10DCE00011F016F80446F0B189F31188BFF36F8F75
:10DCF000039B002B41D032463B4668461DF01AF884
:10DD00002C21A27A254B204601FB02335B6A03A932
:10DD10001B681D68DDE90023A847606170BB2046D1
:10DD2000FFF784FF24E0698B4B1E6B8389F3118816
:10DD3000BFF36F8F2B7F2A8BAC6A1B3323F0030357
:10DD4000521A02FB0344154B154AEB1A9B1053431E
:10DD5000A3722B7FE372CBE789F31188BFF36F8F38
:10DD600023464246284610F0D3FF04460028BFD180
:10DD70000024204605B0BDE8F0836361012300253F
:10DD80002381039B29466382E27A656004F11800CF
:10DD90001DF0A4F963692582E360EAE7B4CF0020AF
:10DDA000A38B2EBA70B52C250B4C00B970BD037A2D
:10DDB0004668013BDBB20372002BF7D1C3604360BE
:10DDC000837A05FB03431B6A13B198473046ECE79F
:10DDD000FFF72CFFFAE700BFB4CF00202DE9F04F8A
:10DDE0000F464FF00008BB4646469DB0069008A877
:10DDF00014461D461CF07AFFDDE90823DDF8189073
:10DE0000CDE904230DAB0A93CDF80C80BBF1000FD4
:10DE100021D1002E6BD0B5F1FF3F08BFB4F1FF3F19
:10DE200017BF4FF47A724FF0FF34A4FB024302FB9A
:10DE300005331CBFE40B44EA43444FF4827241466D
:10DE4000CDE90074069B039815F0C8FD06463046E0
:10DE50001DB0BDE8F08FD9F80000002842DB0CAA05
:10DE60000BA9FDF7E3FC824600283BD00C984FF04D
:10DE7000FF324FF0FF3310F083FE1CAB01930AAB6F
:10DE800000934FF481724B4651460B9815F0A6FD56
:10DE900010F1780F03461AD10023002208A81CF0C5
:10DEA00025FFDDE90834CDE9043400242546234666
:10DEB0000C98079310F0DCFE079B002B12DA5B42F4
:10DEC0001DF028FD404A4FF0FF361350BFE710F118
:10DED000120FEDD1039B13B9D0460B9B0393002384
:10DEE0000126E5E709F108090BF1FF3B8EE7DDE9C3
:10DEF000042308A81CF01EFFDDE90845B0462246B1
:10DF00002B46DFF8CC900A990DAC091B891009FB50
:10DF100001F1204611F08CFF00F10B030B2B04D80C
:10DF20002A4E1E4116F0010601D04342C8E73D4685
:10DF3000B2460A94069C85B9BAF1000F87D0002E2C
:10DF400085D1DDE9042308A81CF0F4FEDDE90845CD
:10DF50002B4625432246D6D179E72068A4F80680CF
:10DF600000282ADB0CAA0BA9FDF760FC834618B930
:10DF70002023E380013620E00C984FF0FF324FF071
:10DF8000FF3310F0FDFD0AAB5946009340F2031237
:10DF900023460B9815F022FD83460C9810F068FE7E
:10DFA0001BF10B0F0CD0BBF1000F02D0CBF1000323
:10DFB00086E7B4F90630002BDCD10834013DBAE71E
:10DFC0004FF0010AF9E700BF0C0000007EF7FFFFE9
:10DFD000CDCCCCCC0122024B0020C3F840257047A9
:10DFE0000090034020B1034B800143F00103184728
:10DFF000704700BFA0BF0300F7B506460D460D48A9
:10E000008AB2836831461B689847002810DA0024DA
:10E010000CE02F1B042F28BF042719F07BFF3A4682
:10E02000019001A930191DF032F83C44A542F0D806
:10E0300003B0F0BD38BA03002DE9F04105460E46A5
:10E040001746134CDFF85080444508D31DF062FC9E
:10E050006A22104B1A504FF0FF30BDE8F081236860
:10E06000AB4200D08BB93A4631462846A368984760
:10E0700058B11DF04FFC0022064B3146C2503A46C3
:10E080002846E368BDE8F04118471034DCE700BFDC
:10E0900098BD03000C000000B8BD030073B50D4629
:10E0A0001646694601AAFDF7C1FB0446B0B1009BC4
:10E0B0009B69DBB14FF0FF324FF0FF33019815F051
:10E0C000F5FC009B2046324629469B69984704464A
:10E0D000019815F0EDFC204602B070BD09231DF03B
:10E0E00019FC034A4FF0FF341350F4E75F23F6E7BF
:10E0F0000C0000002DE9FF410D46164602A903AAB7
:10E100001F46FDF793FB0446E8B1029B5B6A13B31D
:10E110004FF0FF324FF0FF33039815F0C7FC0B9B15
:10E12000204601930A9B32460093029B2946D3F86E
:10E1300024803B46C0470446039815F0B9FC2046AE
:10E1400004B0BDE8F08109231DF0E4FB034A4FF061
:10E15000FF341350F3E75F23F6E700BF0C00000025
:10E1600073B50D461646694601AAFDF75FFB0446E6
:10E17000B0B1009B5B6BDBB14FF0FF324FF0FF3370
:10E18000019815F093FC009B2046324629465B6BB4
:10E1900098470446019815F08BFC204602B070BDEC
:10E1A00009231DF0B7FB034A4FF0FF341350F4E787
:10E1B0005F23F6E70C0000002DE9FF410D461646EF
:10E1C00002A903AA1F46FDF731FB0446E8B1029BF2
:10E1D0009B6A13B34FF0FF324FF0FF33039815F0F3
:10E1E00065FC0B9B204601930A9B32460093029BE1
:10E1F0002946D3F828803B46C0470446039815F0CB
:10E2000057FC204604B0BDE8F08109231DF082FBD5
:10E21000034A4FF0FF341350F3E75F23F6E700BFE4
:10E220000C0000002DE9FF410D46164602A903AA85
:10E230001F46FDF7FBFA0446D8B1029B1B6B03B3E4
:10E240004FF0FF324FF0FF33039815F02FFC0A9B7D
:10E2500020460093029B3246D3F8308029463B4645
:10E26000C0470446039815F023FC204604B0BDE8DF
:10E27000F08109231DF04EFB034A4FF0FF34135089
:10E28000F3E75F23F6E700BF0C000000F7B5074691
:10E290000E461446FDF7E4FA051E18DB3CB97B1E5A
:10E2A000012B04D8022E17D0012E08BF0624F1B28C
:10E2B00001ABA2B2B8B202F067FF061E0EDA284622
:10E2C00014F0DEFC1DF026FB104B76421E504FF082
:10E2D000FF35284603B0F0BD1124E8E7002301987C
:10E2E0004360C36670301CF0A4FA019888301CF0BB
:10E2F000C7FB062C02D1019816F074FE4FF4404380
:10E300002846034A0199FDF7EBFAE2E70C0000000A
:10E3100070C4030037B5069D0446E3B9009300229C
:10E3200000230E4903F010F804F170001CF081FA8C
:10E3300004F188001CF0A4FB214605F170001CF0DC
:10E34000ABFA204616F04EFE05F1880003B0BDE89A
:10E35000304010F047BF03B030BD00BFE53A0300C6
:10E360002DE9F7430C46DDE90A9858EA090107460A
:10E370004D460C9E13D014F1690F02D014F10B0F0F
:10E380000DD168461CF0D6FCDDE9002313430ED105
:10E3900014F1690F0CBF6FF00B046FF068041DF0EF
:10E3A000B9FA244B64421C504FF0FF3037E0B8F10B
:10E3B000FF3F08BFB9F1FF3F0DD04FF47A71A5FBC5
:10E3C000013201FB0822DB0B43EA424332689A42E6
:10E3D00094BF32603360D7F8900008B110F048FC69
:10E3E00014F1690F35680ED14FF4004440F2E73064
:10E3F00000214FF47A720023E5FB0401FAF73EFC9A
:10E400001CF0F9FB01E00B34EED033685B00642BA9
:10E4100028BF64233360D7F8900018B9002003B0F8
:10E42000BDE8F0834FF0FF324FF0FF3310F0A8FB50
:10E43000F4E700BF0C00000038B505460C4609B1F2
:10E44000142A07D016231DF065FA104A13504FF016
:10E45000FF3038BD02F028FC1022014620461CF097
:10E4600049FE0028EED0206901F09EF930B995F9F7
:10E47000A000002804DC01F0A9F920B18623E2E71E
:10E4800001F092F9F9E70223DDE700BF0C0000007C
:10E4900010B5044609B10C2A07D016231DF03AFA2C
:10E4A0000E4A13504FF0FF3010BD0B68002BF4D014
:10E4B000886860B101F078F938B994F9A0000028B3
:10E4C00009DC01F083F90028E7D05823E6E7081DAE
:10E4D00016F033FAEEE701F067F9F4E70C000000FC
:10E4E00038B540F20314A14203465AD0B1F5827FF9
:10E4F0000ED2042921D0B1F5817F29D0032917D06C
:10E500001DF008FA5F22464B1A504FF0FF3013E01F
:10E5100045F21B44A14273D045F2214081426AD0AA
:10E5200040F205108142EBD11268C3F890200DE053
:10E53000C06EC0F34000800338BDC16E126821F088
:10E540000201520448BF41F00201C1660020F3E716
:10E550009468D2E900018288D50718D50A689442E8
:10E560005BD0042503F1700414610A68547B65F3E1
:10E57000050454730A68947B6FF3451494730A6816
:10E58000D4686FF39434D4600A6814320A608288C5
:10E59000520703D4DB6E13F0050FD7D06FF077006E
:10E5A000CAE711688888C5070FD552681068C06827
:10E5B00010F4FE1F02D1D86EC40703D5C88840F0FE
:10E5C0000100C8801068143010608A88500742BF6C
:10E5D000CA8842F00402CA80DA6E520742BFCA8873
:10E5E00042F00802CA80DB6EDB07AFD5CB8843F070
:10E5F0001003CB80AAE7DA6E42F00202DA66A5E7E2
:10E600000023146819461A4615F0CCFA6FF000433F
:10E61000984294BF2060236098E76FF00B008BE76F
:10E620000C00000013B50021B0F89E300446C3F37F
:10E630004103032B4FF000024FF00003009119D16A
:10E6400017F099F804236360E36E204643F0040357
:10E65000E36615F088FA204602F052FE031E06DA41
:10E660001DF058F9054A5B4213504FF0FF3318462E
:10E6700002B010BD02F068FEE4E700BF0C0000002D
:10E6800037B505460C4611BBB0F89E300022C3F3E7
:10E690004103032B00914FF000030DD117F06BF8ED
:10E6A000031E0CDA1DF036F90E4A5B4213504FF090
:10E6B000FF34204603B030BD02F046FEF0E7EB6EBB
:10E6C000284643F00103EB6615F04DFAF1E74C1EC6
:10E6D0001DF020F9012C94BF86221622014B1A50FE
:10E6E000E5E700BF0C00000013B5044616F0ADFCD2
:10E6F000031E07DA1DF00EF90C4A5B4213504FF06F
:10E70000FF3006E0B4F89E30C3F38113022B02D031
:10E71000002002B010BD6368002200932046002351
:10E72000034902F011FE031EF2DAE3E70C000000D9
:10E73000E53A03002DE9F043B0F89E301746C3F3E5
:10E740004102022A04460E4685B039D0012AC56E20
:10E750000ED11DF0DFF815F0040F08BF7822254B0D
:10E7600018BF62681A504FF0FF3005B0BDE8F08363
:10E7700015F00205C3F3811319BF4FF000084FF0E5
:10E7800000094FF4C0384FF0000918BF1A4D012B93
:10E79000426817D1009200230022184902F0D4FDEC
:10E7A000002801DA434217E063683A460293314693
:10E7B0002B462046CDE9008916F021FF0028F1DB29
:10E7C0000020D2E72B460292CDE900893A4616F0A6
:10E7D00016FF031E05DA5B421DF09CF8054A135034
:10E7E000C1E763680022009320460023034902F03A
:10E7F000ABFDE3E70C000000D33A0300E53A030069
:10E8000013B5044616F02FFD031E08DA5B421DF017
:10E8100081F8094A13504FF0FF3002B010BD0022BA
:10E82000002320460549009416F0A5FF002801DAD0
:10E830004342ECE70020F0E70C00000015E3010084
:10E840002DE9F04F16464FF0FF384FF0FF390A22FE
:10E850008FB05B0604460D46CDE90C89189F0B92DC
:10E8600003D4C36E13F002034BD000220023CDE982
:10E870000C2308A81CF03AFADDE90C23DDE908892D
:10E8800008A81CF033FADDE90823CDE90623636804
:10E890000022009320460023284902F055FD031E64
:10E8A00037DB4FF0000A0DF12C0B6168DDE90C231A
:10E8B000002F38D0CDE90223199B049100933246F2
:10E8C0003B4629462046CDF804A016F0D8FF002884
:10E8D00026DADDE90C230146CDE900232046424635
:10E8E0004B46CDF808B0FFF73BFD002818DBDDE90B
:10E8F000062308A81CF01EFADDE90823CDE90C2345
:10E90000D3E70CAA052102F0A9FE4FF4A0220023B0
:10E91000AFE71CF0FFFF0A4A5B4213504FF0FF3095
:10E920000FB0BDE8F08FCDE9002302913B4632469F
:10E930002946204616F04AFFC9E700BFE53A030022
:10E940000C000000F7B5C36E04469D070F4616463F
:10E9500014D44FF0FF334FF0FF326946CDE9002366
:10E9600015F00CFA031E09DA1CF0D4FF384A5B429A
:10E9700013504FF0FF35284603B0F0BD002204F1DC
:10E980007000002310F0C4F9044628B91CF0C2FF3F
:10E990000B222F4B1A50ECE7FCF762FF051E06DA3C
:10E9A000204615F0E0F8204602F0AAFCE1E704F169
:10E9B00070001BF08AFFA8B190F83330990711D589
:10E9C000E36E284643F00103E36614F059F920464C
:10E9D00015F0C9F8204602F093FC1CF09BFF712251
:10E9E0001B4BD7E7B4F89E305A0508D51CF092FFB0
:10E9F0007122174B1A50284614F042F9D0E723F43D
:10EA00000073A4F89E3077B16EB132683846182A88
:10EA100028BF182204F12C011CF039FBA38D012B17
:10EA200009D1082333604FF4404321462846094A60
:10EA3000FCF756FF9FE7022B01D11823F2E7284687
:10EA400014F01EF91CF066FF8622014B1A50A7E74E
:10EA50000C00000070C403002DE9F04F8FB002924B
:10EA600000934FF0FF32DDE9196A4FF0FF33CDE933
:10EA70000423189B07465C060D4603D4C36E13F0AF
:10EA800002032FD000220023CDE90423DDE904890D
:10EA9000189B07F1700413F00203019336D0102283
:10EAA000002109A81CF01AFB04230D948DF83130C5
:10EAB00001214B46424609A811F0BAF900F10B01B9
:10EAC0000B29034618D8A04A0A41D00714D420467F
:10EAD0001BF0F7FE0446F8B91CF01CFF0B229B4B01
:10EAE0001A500EE0042104AA02F0B8FD384604A929
:10EAF00015F044F9031EC9DA1CF00CFF934A5B427F
:10EB000013504FF0FF300FB0BDE8F08F42464B4638
:10EB1000204610F0FDF8DDE7D0E90398002E4DD037
:10EB2000BAF1000F4AD0B7F89CB0DAF8007017F0CD
:10EB3000E8F894F83330C3F30213338094F8333099
:10EB4000C3F30213012B46D100211423072FCDE973
:10EB5000091366D9204609A917F060FB074610B9CA
:10EB60006FF068035FE020460A9917F051F900281A
:10EB7000F6D1204694F8361017F04AF90028EFD164
:10EB8000FB6873605FFA8BFBBBF1110F06F10207A4
:10EB900058D14FF0080B07AB204609A90993CDF8CF
:10EBA00028B017F03BFB0028DAD003883B80C4E98B
:10EBB00003983388012B48D1CAF800B0002D00F02B
:10EBC0008E80EB6813B1AB68002B44D11CF0A2FE21
:10EBD0000C225E4B84E7022B34D100222823172F0E
:10EBE000CDE909231DD9204609A917F017FB0746CF
:10EBF0000028B5D020460A9917F00AF90028AFD1AD
:10EC00002046E18E17F004F90028A9D107F1080386
:10EC1000321D183753F8041BBB4242F8041BF9D1CC
:10EC2000B0E76FF01503C4E903985B421CF072FE75
:10EC3000464A1350019B002B7FF463AF204616F029
:10EC4000F5FF5EE76FF08503EDE7022B79D118231E
:10EC5000CAF80030B2E7204617F00BFA009B0646D0
:10EC6000834228BF03464FF0000B9A461F4697B9D0
:10EC7000009BC5F80CB09E4203D9AB6943F020035A
:10EC8000AB612B69002B57D06969002937D00F2958
:10EC900050D86F6133E0AA684FEACB0352F83B10BB
:10ECA00002EBCB0021B91CF035FE1622274B17E7EB
:10ECB00042682046BA4228BF3A460393029217F0B0
:10ECC0007AF9DDE9022308B16923AFE7BA42EAD84D
:10ECD000A968BF1A19444A600BF1010BC7E7204627
:10ECE00017F0C7F9009B0646834228BF03460299E6
:10ECF0001A4620469A4617F05EF90028E4D1019B97
:10ED0000E3B9204616F092FF189B13F0200F0CBFBA
:10ED100050463046F7E61744073222F0070010301D
:10ED200018448842B5D822F0070213441A68002A12
:10ED3000F1D1AEE71944F9E76B61E0E7C4E9039864
:10ED4000E2E7862372E700BF7EF7FFFF0C000000BA
:10ED50002DE9F04F17461E464FF0FF324FF0FF33BC
:10ED60008FB0CDE90A23B0F89E300C46D90705468E
:10ED7000DDF8608040F1B880C3F34103022B40F01E
:10ED8000B58018F0400F02D1C36E9A071ED500223D
:10ED90000023CDE90A23002E46D0DDE90A23CDE980
:10EDA0000C2308F48073CDE907760193002C3FD043
:10EDB000002F3DD1E3688BB96FF0150043421CF082
:10EDC000A9FD4B4A4FF0FF3613502DE013F0050319
:10EDD000E1D104210AAA02F041FCDCE7A3681A6829
:10EDE00007925A685F60D4F80CA009920026DDE90A
:10EDF0000C23374604A81BF079FFDDE90423CDE995
:10EE00000223089B7BB3EB6E13F0040013D06868F9
:10EE10004042002820EAE076D0DB18F0020F03D150
:10EE20003146284616F050FD30460FB0BDE8F08F51
:10EE30004FF0000ADAE7DB07EBD4DDE90CB95BEA57
:10EE4000090312D1C4B94346284608AA07A914F0F9
:10EE5000A9FEC31950EA030744D15BEA090918D097
:10EE6000019B002B38D13846D3E728460CA914F073
:10EE700085FF0028E6DACCE74346284609AA07A919
:10EE800014F090FE074450EA070305D15BEA09033A
:10EE900002D16FF00A0091E7A268F30002EBC6020C
:10EEA000516801445160A26852F83610014407913C
:10EEB0000899091A089109990029D1D101365645B6
:10EEC000D1D00833E660D018D2584368079209932E
:10EED00041600AB1002BCFD1DDE902230CA81BF061
:10EEE00029FF8EE71F46BBE7092368E7802366E713
:10EEF0000C000000F0B585B01C46DDE90A6713463A
:10EF000002B3B0F89E20C2F38112022A08D10A4649
:10EF1000CDE9016700210094FFF79EFD05B0F0BD2B
:10EF2000012A07D10A4600210A9405B0BDE8F04045
:10EF3000FFF70EBF1CF0EEFC8622034B1A504FF079
:10EF4000FF30EBE71046E9E70C000000F0B5B0F841
:10EF50009E4085B0C4F3811499B18E68D6B1002368
:10EF60001D46D1F80CC00436AC4517D1022C1AD17D
:10EF70000C1D02940C68CDE900240022FFF76CFD03
:10EF800006E016231CF0C6FC0A4A13504FF0FF306F
:10EF900005B0F0BD0C23F5E78623F3E756F835708E
:10EFA00001353B44E0E7012CF6D100920022FFF747
:10EFB000CFFEEDE70C00000073B506291C4606469F
:10EFC0000D46069B5AD005DC00295CD0012921D0D2
:10EFD0006D236AE02929FBD1182A00F39E800F2AAD
:10EFE000F6DD103A082AF3D801A151F822F000BF4B
:10EFF00039F101003FF1010051F10100D1EF0100B1
:10F00000D1EF0100D1EF0100D1EF0100D1EF0100FC
:10F010002BF101000F2A2ED00DDC032A1DD0042A6B
:10F0200015D0022AD4D12246092102F017FB00286C
:10F030001BDA434239E0262A1AD0272AC8D11B6896
:10F04000042B31D1B0F89E30C3F3C20303E01B6838
:10F05000042B29D14368236007E0B0F89E20C2F357
:10F0600081121B68042B1FD12260002002B070BDEA
:10F07000B0F89C20F5E722460A21D6E7012AA7D15D
:10F080006FF07A00F2E70E2A44D006DC012A50D055
:10F09000022A9DD122461021C7E7202A0ED0212A1C
:10F0A00096D122460D21C0E716231CF033FC2A4AD4
:10F0B00013504FF0FF30D9E76A23F6E7B0F89E20EF
:10F0C000C2F3C202012AF7D104221B68019294B153
:10F0D000934210D10DEB020313216A4602F0BEFAEF
:10F0E00000280CDA43421CF015FC4FF0FF351A4A99
:10F0F00013502846BAE71623F5E70223F3E70098F2
:10F1000008B92060F5E715F0DCFA0028F5D043686F
:10F110002360EEE72246142187E7432A09D0482AD4
:10F120007FF456AF224611217FE722461421304654
:10F130007BE72246082178E722460F21F7E7B0F85F
:10F140009E20C2F3C202022AB6D122461321EEE764
:10F1500022460E21EBE700BF0C000000F7B50629A0
:10F160001C4606460F46089B75D005DC002977D063
:10F17000012925D06D2347E02929FBD11A2A00F364
:10F18000BC800F2AF6DDA2F110050A2DF2D801A2EB
:10F1900052F825F013F3010019F301001FF30100E9
:10F1A00075F1010025F3010025F3010075F101005F
:10F1B00075F101000BF3010075F10100CFF10100C1
:10F1C0000F2A2DD005DC022A15D00D2AD2D100201D
:10F1D00020E0192ACED1B0F89E20C2F3C201013935
:10F1E000012910D813B1BCB12178E1B922F4006231
:10F1F000A6F89E20EBE72246092102F05DF90028DF
:10F20000E5DA434200E06A231CF084FB494A1350CC
:10F210004FF0FF3003B0F0BD1623F5E71323F3E7FB
:10F2200022460A21E9E7082BF6D1204601F0ACFA84
:10F23000031E01DA5B42E7E700F0B6FA0028EDD0E2
:10F24000B6F89E3043F40063A6F89E3001F0DCF976
:10F2500086F8A000BBE7012A8CD16FF07A00D9E7CD
:10F26000212A44D008DC022A44D0202A10D0012AC6
:10F2700080D122460821C0E7A2F12305012D3FF6E7
:10F2800079AF1A46214603B0BDE8F040FFF700B958
:10F2900000911CB10C2B03D0082B16D016231EE0B6
:10F2A000A06890B100F080FA0090009808B101F0D9
:10F2B000ABF904230190132130460DEB030202F059
:10F2C000FBF8002811DA434209E06368002BECD018
:10F2D0006946201D00F0D4FD0028E6D102231CF071
:10F2E00019FB4FF0FF37134A1350384692E7224676
:10F2F0000D2182E7224610217FE7432AB9D0482A10
:10F300007FF438AF2246112177E722461421304698
:10F3100073E722460F21FAE722461321F7E7224638
:10F320000E21F4E71A46214603B0BDE8F040FFF78E
:10F3300083B800BF0C000000F0B5034614460D462C
:10F3400087B069B162B1B0F89E20D1050AD480239C
:10F350001CF0E0FA224A13504FF0FF3007B0F0BD26
:10F360001623F5E7C2F38111012903D1C2F341024B
:10F37000022AECD19A8D012A12D1ADF80020DA8D43
:10F380001B6BADF8022022686946082A28BF0822B4
:10F39000284601931BF07BFE082300202360DDE755
:10F3A000022ADDD10021ADF80020DA8D0591ADF8FB
:10F3B000022001AF03F1300240333E46106851682D
:10F3C000083203C69A423746F7D122686946182A9E
:10F3D00028BF182228461BF05AFE1823DDE700BF7D
:10F3E0000C000000F0B5038C0E46012B04461546B8
:10F3F0004FF0000189B014D1436ACDE9021163B323
:10F40000082301AA01930DEB030116F06DFA031E08
:10F4100015DA5B421CF07EFA144A13504FF0FF30AD
:10F4200019E0022B1BD1182702A83A461BF056FE02
:10F43000636A93B12046019701AA02A9E5E7019BFF
:10F440002A6830469A4228BF1A4602A91BF01FFEBE
:10F450000020019B2B6009B0F0BD1623DAE71CF0F9
:10F4600059FA1622014B1A50D8E700BF0C000000D1
:10F47000014B1860704700BF18ED002010B4034C1A
:10F4800024682468A4465DF8044B604718ED00200A
:10F49000014B1B685B68184718ED0020036804489F
:10F4A0001BBA1B0C1B041B1A58425841704700BF63
:10F4B0000000FEA98388022B06D11023816900F188
:10F4C0000802064801F004BD012B05D1816900F155
:10F4D000080210230248F5E7704700BF0A0060E009
:10F4E000060004E038B54FF0FF324FF0FF33054619
:10F4F0001D4814F0C7FE1D4B1B687BB11A684FF006
:10F50000FF344FF47A705BB9631C1BD118481BF0B1
:10F5100097FABDE83840144814F0BDBE1A46EEE72D
:10F52000D9691B8C491B00FB0313002B09DD9C428E
:10F5300028BF1C461AB1116813460A46E3E7114674
:10F54000FAE700244FF4004540F2E73000214FF481
:10F550007A720023E4FB0501F9F790FB02460B46A3
:10F5600003480FF039FED4E74CCE002094EE002083
:10F5700010DA00202DE9F04F87B01F46029000916D
:10F58000039214F081FE029BD3F80480B8F1000FBF
:10F5900000F083800024A246A1462546264608F1B5
:10F5A000040101942C2303FB04839A6A3C4822F053
:10F5B0007F4222F47D0222F0FF0282423BD131F8E9
:10F5C000042C022A37D18B4648F2FE023BF804098C
:10F5D000059390422FD010220098049114F0D5FD8D
:10F5E000039B3A78984228BF1846C0B282420499D9
:10F5F00021D8059B93F82A305B070BD53F2809D803
:10F60000009B1B78FF2B16D1009B5B7803F00F0348
:10F61000032B10D12C2303FB0483109A93F82A3078
:10F62000D507C3F3C0031FD4002B08BF81460D4686
:10F6300008BF5E4638702C31A4B1109B990718D5CD
:10F6400046B104362946304614F0E8FD10B9354677
:10F6500087F800900298183014F01DFE284607B075
:10F66000BDE8F08F01249DE78A460D463870019071
:10F67000E1E7109BDA070CD5BAF1000FEAD0294672
:10F68000504614F0CBFD0028E4D1019B55463B7059
:10F69000E0E7109BDB05DDD5D2E74546DAE700BFA2
:10F6A000000102002DE9F7430646884617469946B1
:10F6B00014F0EAFDB4680CB900251CE0A36A124AF4
:10F6C0001A40124B9A42F7D12388012BF4D1251D01
:10F6D0002846FFF7E3FE4845EED1E26A63684046FC
:10F6E000134004220DEB0201019314F04EFD3B7810
:10F6F0008342E1D8387006F1180014F0CCFD28469A
:10F7000003B0BDE8F08300BF00FF0200000102006B
:10F710002DE9F04714F08AFD214E80464FF0FF326C
:10F720004FF0FF331F4814F0ADFD34682CB10025B5
:10F730004FF47A7AA94627683CB94046FFF7D2FED3
:10F74000BDE8F047174814F0A6BDE369218CA3EB90
:10F7500008030AFB0133002B224612DC2046FFF788
:10F76000A9FE22689DB9736832609C4200D1726024
:10F770002A4694F82230C4F8009069F3000384F814
:10F78000223057B13B683C4615461F46D4E72A60F5
:10F7900073689C4208BF7560EAE73B46F3E700BF29
:10F7A00094EE00204CCE0020002809DD4422431EA8
:10F7B000044802FB0300044B984228BF0020704716
:10F7C000002070470CD0002050D00020054B064A86
:10F7D000934205D0054A1068002808BF18467047B4
:10F7E000002070470CD0002050D000209CEE00205C
:10F7F00038B504460D4614F047FD0721204614F0A5
:10F80000E1FC20B3636843B105B12B60002504F12E
:10F81000180014F040FD284638BD4FF0FF324FF07D
:10F82000FF330C4814F02EFD0B4BD3F8002142B9E6
:10F830006360C3F8004105B12B60064814F02BFD4E
:10F84000E4E7044814F027FD6FF00205DFE76FF0EE
:10F850008505DCE74CCE002080ED00202DE9F84343
:10F8600006460F461D4DDFF878904D4501D3002424
:10F870002EE0284614F008FD6C6805F1180824B93C
:10F88000404614F008FD4435EFE794F82A309A0713
:10F8900008D52388022B05D180223046211D14F083
:10F8A0009BFCC0B994F856309B07E9D5A38D022B79
:10F8B000E6D18022304604F1300114F08DFC00289E
:10F8C000DED02C2307B13D6040461C4414F0E3FC1D
:10F8D0002046BDE8F8830023F4E700BF0CD00020E9
:10F8E00050D00020F8B5134E4FF0FF3204464FF0D1
:10F8F000FF3330460D4614F0C5FC01230E4F84F84B
:10F90000293018342146384614F0E3FB384614F009
:10F91000D6FB14F08BFC29460246204615F055F81C
:10F920000023002205480FF057FC3046BDE8F840A0
:10F9300014F0B1BC4CCE00208CEE0020E0D90020A9
:10F940002DE9F04F804687B00E4693469A4614F054
:10F950009BFC404601A9FFF74BFF0028C0F2A180A5
:10F96000D8F8044094F82A309D0704D53046211D6C
:10F9700014F054FCA8B994F85630980713D53046C3
:10F9800004F1300114F04AFC68B101232C2202FB7F
:10F99000034408F1180014F07EFC204607B0BDE8CF
:10F9A000F08F0023F2E7019F97F82A309907C3F3FD
:10F9B000400504D597F856309A0772D401254FF0C8
:10F9C0002C0909FB05F907EB090494F82A300DF11D
:10F9D000080C23F00A0343F0020384F82A300223C0
:10F9E00027F80930012362466361334684F828B062
:10F9F00006F1100BE646186859680833AEE80300B4
:10FA00005B45F446F6D104F1040C0DF1180E1346D3
:10FA100003CB7345CCF80000CCF804101A460CF167
:10FA2000080CF4D12C2202FB057393F82A20BAF1BA
:10FA3000000F2AD06FF300025146204683F82A2097
:10FA4000FFF750FF404614F093FB030722D43368BE
:10FA50003BB973682BB9B3681BB9F368B3F1807F06
:10FA600018D00B21404614F0ADFB98B92C2301228D
:10FA700003FB057383F8292009F104021023414692
:10FA800009483A4401F024FA83E742F0010283F87E
:10FA90002A20D7E72C2303FB0575012385F829309D
:10FAA000EAE7002475E700BF010060E02DE9F74FA9
:10FAB0000546019114F0E8FB6F6877B34FF000083A
:10FAC0004FF0180A07F15C090AFB087393F86C60A1
:10FAD00003F1680BF30717D54846019914F09EFB14
:10FAE000044688B16FF3000610234A4629460C48A5
:10FAF0008BF8046001F0ECF905F1180014F0CBFB71
:10FB0000204603B0BDE8F08F08F10108B8F1030FFB
:10FB100009F11809D8D10024EEE73C46ECE700BF14
:10FB2000040060E02DE9F74F80460D464FF0180BBA
:10FB3000204CDFF884A0544507D245B12B6833B17F
:10FB4000A34204D044345445F8D3002428E020468E
:10FB500014F09AFB676804F1180927B9484614F0B5
:10FB60009AFB4434E7E7002607F15C010BFB0673C0
:10FB700093F86C30DB0717D531F8043C022B13D116
:10FB800080224046019114F027FB019960B105B134
:10FB90002C60182404FB06744846583414F07BFB90
:10FBA000204603B0BDE8F08F0136032E01F11801A5
:10FBB000DCD1D3E70CD0002050D000202DE9F0415B
:10FBC00004460E4648F2FE081F4D204FBD4207D2A4
:10FBD00046B1336833B1AB4204D04435BD42F8D3AB
:10FBE000002419E0284614F04FFB6B6805F118005B
:10FBF00033B393F82A20910711D593F92920A24213
:10FC00000DD11A88022A0AD19A88424507D01C1DB4
:10FC100006B1356014F03FFB2046BDE8F08193F853
:10FC2000562092070CD593F95520A24208D19A8DFF
:10FC3000022A05D11A8E424502D003F13004E7E7CB
:10FC400014F029FB4435C1E70CD0002050D000202F
:10FC500000232DE9F04385B0044617460D468DF884
:10FC60000F30002958D048F2FE030A889A4233D058
:10FC70000B78FF2B04D14B7803F00F03022B2BD012
:10FC80002946204614F07DFC60B190F82480FCB138
:10FC900042462946204600970DF10F03FFF76AFC04
:10FCA000044610E04FF08008F1E73046424629460E
:10FCB00000970DF10F03FFF75DFC002818BF044605
:10FCC00044364E45F1D3CCB1204605B0BDE8F083B3
:10FCD000124EDFF84C90F4E724B10121204614F0D5
:10FCE00008FCDDE7FFF772FD012114F002FC044679
:10FCF0000028E9D1094D0A4EB54204D305B0BDE84C
:10FD0000F04300F0D1BF0121284614F0F2FB044675
:10FD10000028D9D14435EFE70C46D5E70CD00020B8
:10FD200050D0002038B504460D4614F0ADFA062137
:10FD3000204614F047FA10B3A36843B105B12B6015
:10FD4000002504F1180014F0A6FA284638BD4FF03B
:10FD5000FF324FF0FF330B4814F094FA0A4B1A6D40
:10FD60003AB9A3601C6505B12B60064814F093FAFC
:10FD7000E6E7044814F08FFA6FF00205E1E76FF050
:10FD80008505DEE74CCE00202CED002070B50D4639
:10FD900068B1BDE8704014F01EBB2946204614F03F
:10FDA0001AFB18B94434B442F7D3002070BD014C9B
:10FDB000014EF8E70CD0002050D0002000232DE9A0
:10FDC000F34105460E468DF8073000294ED008460F
:10FDD000FFF764FB034628BBFDB128460DF107027F
:10FDE000FFF760FC04460CE03846002331460DF175
:10FDF0000702FFF757FC002818BF04464437474561
:10FE0000F2D3A4BB0121284614F058FC044670BB71
:10FE100002B0BDE8F04100F03FBF2C46164FDFF8BE
:10FE20005C80ECE7EDB10121284614F044FCD9E7F1
:10FE30002046012331460DF10702FFF733FC00286D
:10FE400018BF074644344445F2D3FFF7BFFC3146A0
:10FE500001230DF10702FFF725FC044638B93C46A3
:10FE6000CFE72F46044CDFF81480ECE70C46204621
:10FE700002B0BDE8F08100BF0CD0002050D00020BF
:10FE8000F8B506460D46114C114FBC4201D3002473
:10FE90001AE0204614F0F8F9A36804F118001BB921
:10FEA00014F0F9F94434F0E793F82A209207F7D5D3
:10FEB0001A88012AF4D1326859689142F0D105B10B
:10FEC0002C601C4614F0E7F92046F8BD0CD0002049
:10FED00050D000202DE9F7430546884617461E46B8
:10FEE00014F0D2F9284601A9FFF71CFF002846DBD1
:10FEF000AC6894F82A309A0704D5D8F800206368D3
:10FF00009A420BD0022F019C03D194F82830042B85
:10FF100003D094F82A309B0731D43CB905F118007E
:10FF200014F0B9F9204603B0BDE8F0834FF00109A1
:10FF300094F82A30A4F8009043F0020384F82A30A1
:10FF4000D8F8003094F82A206360B6FA86F35B098B
:10FF500063F3000284F82A20284684F82870C4F845
:10FF6000149014F005F96FF07F43E36204232946EF
:10FF7000044884F82990E21800F0AAFFCEE7002494
:10FF8000CCE700BF010004E0F8B506460D46154C6D
:10FF9000154FBC4207D245B12B6833B1A34204D000
:10FFA0004434BC42F8D3002419E0204614F06CF924
:10FFB000A36804F118001BB914F06DF94434E8E7A4
:10FFC00093F84420D207F7D51EB1596B326891429D
:10FFD000F2D105B12C6003F1300414F05CF9204635
:10FFE000F8BD00BF0CD0002050D000200023F0B599
:10FFF00087B0019301AB07460E46154614F04DF944
:020000040002F8
:100000000446002851D000F11402D2E8AF3F002B83
:100010004BD0581ED2E8EF1F994204D1C2E8EC0F32
:10002000BCF1000FF6D1F0D1012B40DC94F82A305E
:10003000022E6FF3410384F82A303AD19DB338463B
:10004000019E14F021F97B684BB394F82A30DB074A
:1000500014D41F4D4FF0FF334FF0FF321D4814F002
:1000600011F9284604F1180114F033F82B6813B97C
:1000700019481AF0E5FC174814F00DF9012E04F1A7
:10008000040406D1204602A914F03EF83846FFF7D2
:100090000DFD102322463946104800F019FF07F1E4
:1000A000180014F0F8F8002001E06FF0150007B018
:1000B000F0BD012EF7D1002DF5D0384614F0E4F84C
:1000C000BB68002BEBD0042339460548E218E4E76F
:1000D0008CEE00204CCE0020E0D90020020060E031
:1000E000020004E02DE9F0418EB014F09FF80023E7
:1000F0000746CDE902334FF0FF324FF0FF333F4860
:1001000014F0C0F83E4B1C68B4B125684FF0FF36C0
:10011000DFF8EC80BCB13946204614F075FC68B9B4
:100120002146404613F0D5FF02A813F0C8FF3DB3A7
:100130002B682C461D46EDE72546E7E7864228BF9B
:100140000646AC42F3D1731C10D04FF4004440F289
:10015000E73000214FF47A720023E6FB0401F8F740
:100160008DFD02460B4627480FF036F8234814F061
:1001700092F8254F029C08AE24B90EB0BDE8F0817C
:100180002B46D6E7206A14F07FF894F82530206AD1
:100190006FF3410384F8253001A9FFF729FB0028FC
:1001A00029DB04F11002154694F824300199206AE5
:1001B00014F005FB2A4604AD2B4602F1100EAC46A6
:1001C000106851680832ACE8030072456546F6D104
:1001D0000FCB86E80F0094F8243038468DF8303085
:1001E000002332460D93216A182300F071FE206A25
:1001F000183014F050F82468BEE700BF4CCE002041
:1002000084EE0020B0D90020060060E073B50368DA
:100210000021044693F8205013F0D4FF00285FD14A
:1002200002202368002B00F0F68083F8200023686A
:1002300093F82030834240F0EE80062866D1062DE8
:1002400000F0E9800821204613F0FDFF00237348E9
:100250001A46214600F03CFE204613F070FF0028AD
:1002600040F0D980204613F083FF060700F1D380C9
:10027000204614F009F80721204613F0A3FF40B1EF
:100280000B21204613F09EFF18B9204601A9FFF765
:10029000AFFA04F11805284613F0FDFF204613F0CD
:1002A00067FF204613F0F0FF0621204613F08AFF77
:1002B00018B1204601A9FFF735FD284613F0EBFFE2
:1002C0000721204613F07EFF18B10B21204613F0C2
:1002D00079FF0621204602B0BDE8704013F072BFDE
:1002E000204613F027FF1AF008F968B109212046CB
:1002F00013F068FF002893D00A21204613F062FF14
:10030000C0F10600C0B28CE703208AE7062D40F05A
:1003100082800821204613F0A5FF002340481A469A
:10032000214600F0D5FD204613F009FF002872D1C8
:10033000204613F01DFF05076DD407212046656890
:1003400013F040FF20B30B21204613F03BFFF8B918
:10035000F5B195F82A3098070AD52B88022B07D1DA
:1003600095F82830012B03D12046291D14F00BFAF3
:1003700095F8563099070BD5AB8D022B08D195F81F
:100380005430012B04D1204605F1300114F0FBF963
:10039000204613F079FF0721204613F013FFB8B170
:1003A000204601A9FFF724FA002811DB00251826B2
:1003B00006FB05F30199CA1892F86C20D20704D500
:1003C00058332046194414F082F80135032DEFD13B
:1003D00004F11805284613F05EFF204613F054FF81
:1003E0000621204613F0EEFE28B9284602B0BDE8EB
:1003F000704013F050BF204601A9FFF793FC00287E
:10040000F3DB019991F84430DB07EED5204630311B
:1004100014F05DF8E9E702B070BD00BF020001D042
:10042000010001D02DE9F84F13F000FF4FF0FF332A
:1004300080464FF0FF322D4813F024FF2C4B1C68F0
:10044000002C4ED054F8185905B1183D4FF0FF3725
:10045000DFF89CA0DFF8A49001E02C461D4604F1D3
:10046000180B4146584614F0CFFA064608BB5946C9
:10047000504613F02EFE58463246314614F0A5FA87
:100480001C4848450DD24168A14204D001F12C031B
:100490009C420CD101262C2303FB0611043114F0DD
:1004A00072F95DB1AB69002BD7D0183BD5E744306A
:1004B000E7E7874228BF0746A542F2D17B1C10D050
:1004C0004FF4004440F2E73000214FF47A720023E9
:1004D000E7FB0401F8F7D2FB02460B4606480EF094
:1004E0007BFEBDE8F84F014813F0D5BE4CCE00208E
:1004F0008CEE00200CD00020E0D9002050D000204D
:10050000F8B54FF0FF33054617460E484FF0FF325F
:100510000E4613F0B7FE0C4B1B680BB11C6823B9D9
:100520000848BDE8F84013F0B6BE3A4631462846C2
:100530005B6898471CB1226823461446EFE72246C1
:10054000FAE700BF4CCE002024ED00200023F0B5D8
:1005500085B004460D46CDE9003300294CD0294B27
:100560001B68A3B1896A95F82C6081B1062E0ED85C
:100570000DF10A03184632468DF809601AF087FD1E
:1005800095F82D3000908DF804608DF80530092124
:1005900020466F6913F016FE80B30D21204613F03C
:1005A00011FE38B94FF0FF324FF0FF3304F12C0049
:1005B00013F068FE204613F0B8FD29464368204634
:1005C00098470D210646204613F0FCFD18B904F1AA
:1005D0002C0013F060FE002E02DA284615F026FBF0
:1005E0001FB13146384613F0B7FD009B23B13246A8
:1005F00069462046FFF784FF05B0F0BD6FF0720634
:10060000EBE700BF24ED0020074B984208D3074AD0
:10061000904205D2C01A064B8010584301307047F3
:100620004FF0FF30704700BF0CD0002050D00020AA
:10063000F1F0F0F0F8B505460E46054C054FBC420A
:1006400000D3F8BD20463146A8474434F7E700BF41
:100650000CD0002050D0002038B5054613F014FE11
:100660000021284613F0AEFD40BB284613F05DFD87
:10067000044680B1846874B1284613F05BFD19F01C
:100680003CFFF0B1284613F050FD01218368284655
:100690009847041E0CDB0021284613F0D4FD0023EC
:1006A00009481A46294600F013FC2846FFF7AEFD1C
:1006B00005F1180013F0EFFD204638BD6FF0770408
:1006C000F6E76FF00504F3E7040001D038B50546FE
:1006D00013F0DAFD0021284613F074FDE8B1284636
:1006E00013F023FD044628B184681CB12846A047B6
:1006F000041E0CDB0021284613F0B4FD002308483B
:100700001A46294600F0E4FB2846FFF77FFD05F175
:10071000180013F0C0FD204638BD6FF07704F6E7EF
:10072000030001D02DE9F0410D460646F8B1F1B1C4
:100730000846F8F7CFFA08281CD8114FDFF8448094
:10074000441C474508D32246294606F10C001AF0FE
:100750009EFC0020BDE8F081B74206D02246294623
:1007600007F10C001AF0C6FC38B14437E9E76FF026
:100770001500EFE76FF05A00ECE76FF07700E9E75C
:100780000CD0002050D0002070B50546B8B10D4CFB
:100790000D4EB44202D36FF0010070BD2846F8F749
:1007A00099FA2946024604F10C001AF0DDFC20B942
:1007B0002046BDE87040FFF727BF4434E9E76FF0FB
:1007C0001500EAE70CD0002050D000202DE9F043BE
:1007D0004FF0FF324FF0FF333C4885B013F052FD2D
:1007E000002515F04EFD3A4C3A4F3B4EDFF818818C
:1007F000BC4227D305B3394939481AF015F93949AC
:1008000039481AF011F94FF4A07547F23053374CBC
:100810002046C4F8F030A4F8FC5013F037FF344BF6
:10082000C4F8F40033493448A3F84C501AF0FCF8EB
:100830000022324BC3E90022244805B0BDE8F04352
:1008400013F029BD00222046C4E90322227513F0CB
:1008500071FCD0F80890B9F1000F1CD0D9F8003025
:10086000CBB12046062113F0EEFC0721204613F001
:10087000EAFC04F1180019F051FF04F12C0019F002
:100880004DFFD9F800302046984794F8403023F0C7
:10089000030384F84030237B83B9204614F085F8A5
:1008A00078B1174A1368591C1160164A092101A82A
:1008B0000FF0B0FB204601A9FFF734FF01354434A7
:1008C00096E733685A1C32604246EFE74CCE002070
:1008D0000CD0002050D000201CED00202504020088
:1008E000E0D90020E5000200B0D9002080ED002012
:1008F0002CED002011F7010010DA002094EE00200A
:1009000020ED002048E103004FE1030038B5074C1B
:10091000074DAC4200D338BD0321204613F052FCF2
:1009200010B92046FFF798FE4434F2E70CD00020BF
:1009300050D000202DE9F04F00248BB002288246D1
:100940000D46CDE9084405925CD10B68069143B988
:100950004A68002A4DD14FF6FF734C89E11A4C4288
:100960004C4108A80246002305F1100705EB43019E
:100970000E88002E3FD00133082B02F10102F5D181
:100980004FF0FF384FF0010B002710F8013B5B459B
:1009900088BFB84607F1010788BF9B46082FF4D1EE
:1009A0003A23BBF1010F02934FF0000308BF4FF051
:1009B000FF380493002105980026042F63D1049B7F
:1009C0009A5D7ABB0346302203F8022B029A4270EA
:1009D00018460136B742F0DC059B984214D0BAF1B4
:1009E000010F4FF0000340F08A8000F8013C0598A9
:1009F0000BE01C46B5E7167802310136B942167095
:100A0000B6D1B8E7012803D000200BB0BDE8F08FC5
:100A10002E2304274FF0FF38834625460491029386
:100A20000694C7E7039200224FF00909DFF8D4C00B
:100A300001900792DDF80CE0BEFBFCF20CFB12E328
:100A4000079A0393914501DBE64509D3BEFBFCFE03
:100A5000019B0EF1300E03F801EBCDF81C900193D1
:100A60000A2209F1FF39B9F1FF3FBCFBF2FCE1D1E9
:100A70004FF00002019B1A701B1A50FA83F0029B80
:100A800000F8013BA5E76CB1052E0BDD05F10C0369
:100A900004933A2300F8013B2E2304274FF0010A68
:100AA000029389E7B0450ED111B9B8F1000F02D118
:100AB0003A2300F8013B3A2300F8013B0BF1FF33E6
:100AC00000211E4485E711B13A2300F8013B069B43
:100AD00033F816305BBA13F47F4FC3F307215FFA84
:100AE00083F90AD00023612213F0D4FF0123494681
:100AF000612213F0CFFF01216BE70B46F7E703708C
:100B000075E700BF00CA9A3B01282DE9F7430C4660
:100B1000164626D10846F8F7DDF8234620448342DE
:100B200012D135460023033645F8013920460A2202
:100B300001A90FF07DFC019C05F8010FB54204F1FD
:100B40000104F3D1002009E013F8012BA2F13001D8
:100B50000929E4D92E2AE2D06FF0150003B0BDE8D0
:100B6000F0830228F8D12E2120461AF0D3FA2378F8
:100B700000280CBF082706273A2B08BF013420465F
:100B8000F8F7A8F800224349824223DB0025A84653
:100B90002378002BE0D03A2B41D0102200212046B0
:100BA0000FF046FC10228146002120460FF040FC49
:100BB000C9F3072949EA002926F815903A21204669
:100BC0001AF0A8FAD8B1441C0135AF42E0DC062F78
:100BD000B8D13EE0A35CA3F13005092D09D9462B1D
:100BE00009D82D2BB8D92E3BDBB221FA03F3DB0752
:100BF000B2D50132C8E7613B052BFAD9ACE77B1EC1
:100C0000AB42A9DC0135AF42A6DC062F9AD1A3E79F
:100C100006EB450306F8158083F801800135BD42D7
:100C2000F6DB3A2120461AF0ECFAA04229D1062F31
:100C30000ED06378002B85D07D1E013010F8013D69
:100C40003A2B01D1013D87D38442F7D10134BBE770
:100C5000013400250B362378002B3FF47DAF0021B3
:100C60000A2220460FF0E4FB2E2106F8010F204651
:100C70001AF050FA50B10135042D00F10104EAD107
:100C800060E7062F08BF00F1FF30D5E7032D7FF4A2
:100C900063AF57E70110F80100487047B8C403007C
:100CA00000487047B4C4030000487047BCC4030048
:100CB0002DE9F0474A4F4B4D8EB003AE0022002382
:100CC000314638460DF0FAFE10B10EB0BDE8F0879F
:100CD0004FF0FF324FF0FF3343480DF051FFDFF884
:100CE0000C81DFF80C91C8450DD32C682CB14FF066
:100CF000000AD046D4F800902CBB3B4814F01DF9F4
:100D00000EF0E8FCD9E70C98D8F8003080EA03022E
:100D100080EA0301C2F30172C1F30A410A430FD111
:100D200082B222B19AB212B103409BB243B1D8F859
:100D30000830324600930D990B9BD8F80440A04729
:100D400008F10C08CFE70C9B226983EA020183EAD1
:100D50000200C1F30171C0F30A40014325D199B2E9
:100D600021B191B211B113409BB2F3B10B9B23B3EC
:100D7000A6600B9B1201E360636828D5996911B1E5
:100D80000D9A914211D10C9A22610D9A9A612268B2
:100D9000BAF1000F13D16B682A609C4200D16A60DF
:100DA0006068C4F800800DF0E5FFB9F1000F14D0C1
:100DB000D9F800304C4699469EE7A360DAE7CAF8B6
:100DC00000206B689C4208BFC5F804A0E8E72046F5
:100DD000DDE90C129847A246E7E74B46EAE700BF79
:100DE000C4CE0020CCEE002074CE0020B8BD03009D
:100DF000B8BD030000210C4B1A6802B9704782424B
:100E00000FD1026839B959681A60884200D15A6016
:100E10000023036070470A605A68904208BF596017
:100E2000F6E711461268E8E7CCEE002000231A46E8
:100E3000114910B51148124C0B60A0420BD303B1FD
:100E40000A60104B1B685BB11A68002408684BB934
:100E500004B1086010BD50F80C3B1A430123ECE7C5
:100E60001A46F2E71B69184322B11468134622465A
:100E70000124ECE71446F9E7D4EE0020B8BD0300E6
:100E8000B8BD0300CCEE002010B504464FF0FF3291
:100E90004FF0FF330B480DF073FE2046FFF7AAFF1B
:100EA000094B1A6822605A681C6002B95C60074AE4
:100EB0002369116803480B431360BDE8104014F028
:100EC0003CB800BF74CE0020CCEE0020D4EE002051
:100ED0002DE9F0411E46234B17461B68040F020CF8
:100EE00024EA137422EA134204F00304C2F30A0250
:100EF00020EA030314439BB21C43054688462ED1C7
:100F00004FF0FF324FF0FF3317480DF039FE174B0B
:100F10002C22184621461AF0E1F8034647B13EB1AB
:100F2000202E17D8324639461AF0B1F80346066229
:100F3000C3E909580D494FF4A47200230C480DF081
:100F400061FD094813F0F9FFBDE8F04109490A487D
:100F500019F054BD0448BDE8F04113F0EEBFBDE800
:100F6000F08100BFD4EE002088CE0020A0EE00204B
:100F7000C4CE0020F4CA002040DA00201FB5FFF7DD
:100F800055FF0023094C0393094B2046029319F0A7
:100F900045FD02AB00934FF448724FF0FF332046FB
:100FA00004490EF07DF804B010BD00BF40DA002007
:100FB00055E10300B02601202DE9F74F06460F4604
:100FC00099460C9D9DF834A09DF83840DFF80481C7
:100FD0000192B8F89E20D10708D43D4B08F1A4082F
:100FE0009845F6D1002003B0BDE8F08F0EB146451C
:100FF000F3D0B8F89C10019B9942EED1B8F82210BA
:101000004945EAD113051AD42A88022A3BD1D8F8D7
:1010100024B0BBF1000FE0D0B8F82020022ADCD1C8
:10102000584613F094FF98B11CB198F89620002A06
:10103000D3D1BAF1000F15D16FF01000D3E7002F14
:10104000E2D098F9A00013F0A0FF8742C5D1DBE7FA
:10105000291D084613F07BFF50B134BBBAF1000FD5
:10106000BBD1E9E7281D13F072FF0028B5D0E3E7F4
:10107000102258461AF03EF80028AED1002CDBD0E2
:1010800098F896201BE0012AA7D1D8F82420002A3E
:10109000A3D0B8F8201001299FD1116851B16A6816
:1010A000002ADAD0914298D1E8E798F89620002AF1
:1010B000D4D092E734B9BAF1000FBDD06A68002AE3
:1010C0008BD1B9E798F89620002AF4D085E700BFC5
:1010D000C8F20020F0EE00202DE9F347294C0E461F
:1010E000174698460025A246B4F89E30DB0721D566
:1010F000636C98421ED1A4235D4305F10C04544453
:101100004FF0FF334FF0FF32204613F03CFFB06941
:10111000FFF77AFA0AEB050989F8A000C6F81490DF
:10112000D9F84830CBB9204613F055FF022002B061
:10113000BDE8F0870135062D04F1A404D4D14FF0A9
:10114000FF324FF0FF330C2013F01DFFB069FFF7A3
:101150005BFA002383F8A030FFDE05F15400504411
:101160000DF008FE2046002413F035FF0A9B009482
:101170000193484643463A463146D9F84850A84775
:101180002046D4E7F0EE002002282DE9F74F05466F
:101190000F4692469B4606D868B96FF06904204610
:1011A00003B0BDE8F08FC51E012D8CBF6FF0690440
:1011B0006FF05F04F3E7012906D0062A00F094805F
:1011C000022904D0032905D06FF06A04E7E7112A49
:1011D00040F08A80BBF1000F00F089804FF0FF33B0
:1011E0004FF0FF3243480DF0F9FD434B4FF000093B
:1011F0001C46B3F89E1011F001010CD009F1010951
:10120000B9F1060F03F1A403F3D16FF001043948DB
:101210000DF0B0FDC3E7A42202FB09F604EB0608BB
:101220004046019119F05AFFFEF7D0FAFF23012042
:10123000019988F8A030314BA8F89E103344D3E8C8
:10124000EFCFC3E8EE0FBEF1000FF8D1A4227B1E52
:10125000022B98BFB90102FB0947EB00B7F89E20AB
:10126000DBB2134319434FF4807306F12C001822AC
:10127000A7F89E1020440021A7F89CA0A7F898305A
:1012800019F02CFF002306F1200204EB020AA35000
:1012900051464046CAE9013313F079FEAAF802002C
:1012A00010B96FF06F04B2E7402387F8A130012333
:1012B00087F8A23006F154004FF0FF32012120449C
:1012C00019F007FB06F10C00204419F027FAA423BB
:1012D00003FB0944B4F89E3043F00103A4F89E30A8
:1012E0000024CBF8008092E76FF07A0457E76FF0A4
:1012F000150454E7D8EE0020F0EE0020F8EE0020B0
:1013000070B50446D8B10F4B984218D303F57673E5
:10131000984214D2002500F10C064FF0FF324FF036
:10132000FF33304613F02FFE2046C4E912552565E1
:1013300013F062FE304613F04EFE284670BD6FF08B
:101340001500FBE7F0EE00202DE9F04F1F46B0F846
:101350009E3091B0DB07044689469046DDF868A0D0
:1013600040F1A58000F10C064FF0FF334FF0FF3243
:10137000304613F008FEB4F89C30112B40F09480F6
:10138000162200210DF12A0019F0A8FEB4F89E30B3
:10139000656CC3F3C202ADF82820A5B3E28D13F447
:1013A000807352BA92B2C4F84890284600924149DC
:1013B000524618BF04F12C0300F0DEFC8346BBF15B
:1013C000000F19DB58EA070316D0543420460DF0FD
:1013D0002BFD304613F0FFFD42463B4620460DF004
:1013E000FDFC4FF0FF320B304FF0FF33304608BFAB
:1013F0006FF0730B13F0C7FD304613F0ECFD584649
:1014000011B0BDE8F08F204613F0F2FE83460028AD
:10141000D5D1B4F89E30C3F3C203022B38D1636A2E
:101420009BB10DF1180C624603F1100BE6461868EB
:1014300059680833AEE803005B45F446F6D10FCA9D
:101440000DF12C0C8CE80F000AAB628CADF82A2051
:10145000B4F89EC0B4F89C001CF4807FCCF3C201A9
:1014600004F1440CC4F84890CDE904ACDFF844C062
:1014700052BACDE9024C92B20192E28D18BF04F14A
:101480002C0552BA92B200922A4600F0FDFA95E776
:10149000012B06D1636A13B11B680B930AAB628CF4
:1014A000D6E72B462A46D3E76FF06A0BA4E76FF026
:1014B000080BA4E7D91002002DE9F0418846154633
:1014C0001E460446002800F0C380634B9842C0F0DB
:1014D000BF8003F57673984280F0BA8000F10C0764
:1014E0004FF0FF324FF0FF33384613F04CFD08F158
:1014F000FF31142912D8DFE801F09F9F9F9F9F9F23
:101500009F0B35409F9F171B13134B9F73569F00D4
:101510001DB3012E21D82B7884F89430002483E069
:101520002B6884F8A130F9E72B6884F8A230F5E73E
:10153000042E286811D1421C0DD194F9A00013F09B
:1015400016FD68B194F9A00013F011FD13F055F8E1
:1015500084F8A200E2E7FF28FAD96FF0150463E0EF
:101560000120F5E7002DF8D0042EF6D12B68003BC2
:1015700018BF012384F89530D0E7002DEDD0042E5C
:10158000EBD12B68003B18BF012384F89630C5E7E8
:10159000002DE2D0042EE0D12B68B3F5803FDCD2E1
:1015A000A4F89830BAE7B4F89E30C3F3C202012A17
:1015B00045D0022AB2D1042ECFD11B052D680AD501
:1015C00094F9A00013F0E1FC0028A7D00368002BD9
:1015D000A4D01D83A2E704F1300013F03EF8F3E736
:1015E000B4F89E302D68C3F3C20808F1FF32012A17
:1015F00028D8042EB1D1C3F38113022BADD115B974
:1016000084F89A508AE76B1EFE2BA6D8284613F062
:10161000AEFCD0B1B8F1020F0CD1072113F0A9FC38
:101620000028EDD16FF06A04384613F0D4FC204650
:10163000BDE8F0810621F1E76FF08504F4E76FF073
:101640005E04F1E76FF06904EEE76FF00104EBE789
:101650006FF01504EBE700BFF0EE00202DE9F0413C
:101660000D4617461E460446002800F0A080514B48
:101670009842C0F09C8003F57673984280F0978082
:1016800000F10C084FF0FF324FF0FF33404613F0EB
:101690007AFC691E142913D8DFE801F08383838361
:1016A0008383830B1E2783831B1B14142A835531CA
:1016B000830094F89430FFB13B700EB10123336086
:1016C000002466E094F8A1303B60002EF8D004239B
:1016D000F5E794F8A230F7E794F8953067B116B1C2
:1016E0003268042A08D13B60EAE794F89630F5E7BF
:1016F000B4F89830002FE7D16FF0150449E0B4F842
:101700009E3013F4006509D094F9A00013F03DFC5D
:1017100010B1006800B1008B3860D6E7C3F3C20394
:10172000022B09D104F1300012F097FF10B10368C9
:1017300003B11D8B2846EFE7012B35D104F13000B2
:1017400012F0DCFFF2E7B4F89E30C3F3C2056A1E64
:10175000012A29D894F89A000028DDD11B0513D559
:1017600094F9A00013F011FC022D034617D10721B4
:10177000184613F0FEFB50B11846FEF745FF00284F
:10178000CADC6FF0010404E0FEF720F8ECE76FF02C
:101790006A04404613F01FFC2046BDE8F081062194
:1017A000E6E76FF08504F4E76FF06904F1E76FF0A6
:1017B0001504F1E7F0EE00204FF0FF32012101485F
:1017C00019F087B8D8EE002073B5054616461C46BA
:1017D00019F05AF908B10026344601A932462346C9
:1017E00028460DF0E1F80146A8B9019C40222046A8
:1017F00019F074FCFF22012384F83B20074A20469D
:101800009542E361656008BF84F83D3014F079FAD1
:10181000204602B070BD0024FAE700BF68CD00206A
:101820002DE9F34DDDE90AAB0446154698460F460F
:1018300029B923B990F8333013F0700F43D019F061
:1018400023F918B14FF0000A4FF0000B204614F0B6
:101850000DFA94F833200646002838D112F0700FA4
:10186000C2F3021035D0414614F0DCF8A3693918F0
:10187000C2F3021213B11B6803B11B8B022A2AD1D7
:10188000B3F5A06F38BF4FF4A0639B1B994228BFEC
:1018900019466668164B174F17482A46BE4208BFBE
:1018A0001846CDE900AB14F0CFF80146E8B1204668
:1018B00014F02DFA3DB1A06829460C3012F075F8ED
:1018C000204614F01EFA002002B0BDE8F08D002082
:1018D000CCE73046CAE7012A05D1B3F5107F38BFFF
:1018E0004FF41073D1E70B46CFE76FF00B00EBE737
:1018F000E0CF002068CD0020B4CF002030B585B007
:101900000093DDE908451346CDE902450A46014644
:10191000024814F045FA05B030BD00BF68CD002084
:1019200010B588B00F4C204618F083FF4FF0FF32FF
:101930004FF0FF33CDE9062300230B49CDE9032304
:10194000CDE901334FF4BC62084B009404F1180058
:101950000DF0D2FC20B108B0BDE810400DF03EBF44
:1019600008B010BD28DB0020D029012063620300ED
:1019700002460B4601480DF003B900BF60CE0020BF
:1019800001480DF075B900BF60CE00202DE9F3418C
:101990006FF00105074688464FF0FF304FF0FF31EA
:1019A0001646FFF7E5FF114B1C682CB9FFF7E8FF5F
:1019B000284602B0BDE8F081227C33789A4213D1E8
:1019C000637C72789A4200D073B9A36813B1BA6984
:1019D000934209D1E368424600936568334639462D
:1019E0002046A847051EE1DB2468DEE7C8F2002098
:1019F000F8B50F4616461D460446C0B1BBB11422C9
:101A0000002119F06BFB4FF0FF304FF0FF316560A4
:101A100027746674FFF7ACFF064B1A6822605A6899
:101A20001C6002B95C60FFF7ABFF0020F8BD6FF0EF
:101A30001500FBE7C8F2002002460B4601480DF0F6
:101A40009FB800BFC0CD002001480DF011B900BF04
:101A5000C0CD002010B504464822002119F03EFBFD
:101A60004FF0FF304FF0FF31FFF7E6FF054B1A68EC
:101A700022605A681C6002B95C60BDE81040FFF744
:101A8000E3BF00BFD8F200202DE9F04F87B01D461C
:101A9000BDF84030129F0193BDF8443083468A461A
:101AA0001646029377B397F9A000FDF77DFE8146B5
:101AB000384613F092FA00904FF0FF304FF0FF31AC
:101AC000FFF7BAFF8C4B1C68002C00F09A80D4F80A
:101AD0000080029B5BBAADF80E309BB20493A4B9B0
:101AE000FFF7B2FF4FF0FF304FF0FF31FFF7A4FFD9
:101AF000824B1C68002C40F08880FFF7A5FF6FF038
:101B0000010554E0B9460097D6E7B4F840305B458C
:101B100019D194F84230534515D194F8433003F06D
:101B20000402002D47D072B12A88022A13D1A28B59
:101B3000022A08D1102204F12001281D059319F072
:101B4000D9FA059B80B1B8F1000F5CD0D8F800300D
:101B500044469846C3E7012AF5D1A28B012AF2D167
:101B60006968226A9142EED1E28B04998A42EAD1F5
:101B700003F0020366B3002BE5D03388022B1DD19E
:101B8000A388022BDFD1102204F10801301D19F0C7
:101B9000B1FA0028D7D1019BE2885BBA9BB29A4286
:101BA000D1D1A36BFBB9FFF74FFF6FF06F0528464C
:101BB00007B0BDE8F08F002AD6D0C4E7012BC2D110
:101BC000A388012BBFD17268A3689A42E3D0BAE719
:101BD000002BB8D1009B002BDDD0A06B0028DAD001
:101BE00013F0FBF9D5E7B9F1000FDCD0B3F89E2074
:101BF0001205D8D593F9A000FDF7D6FD8145A2D1F5
:101C0000D1E7A04665E74346A2E7596822688C42BF
:101C100008BF5A601A6000232360FFF715FF6DB3F9
:101C20002B88022B1ED12B4604F11C0205F1180152
:101C300053F8040B8B4242F8040BF9D1281D14F021
:101C400037FB80F001039B01DBB243F00403B6B124
:101C500031882A88914212D02046FFF7FBFE6FF0B0
:101C60001505A4E7012BF7D12B68E3616B682362AC
:101C70006B68003B18BF01239B01E6E72B46029AE5
:101C800022B1BDF80E2043F01003E283139A3146CF
:101C90006263149A2046E26384F84330019AA4F800
:101CA00040B084F842A0A76314F012FB0546002858
:101CB000D2D1159B03B11C6094F843304FF0FF3034
:101CC00043F0010384F843304FF0FF31FFF7B4FED7
:101CD000094B1A6822605A681C6002B95C60FFF701
:101CE000B3FE384613F07CF994F8443060F30003F7
:101CF00084F844305BE700BFD0F20020D8F2002027
:101D00001B4B10B5984204462CD303F51073984230
:101D100028D890F84330DB0727D54FF0FF314FF03C
:101D2000FF30FFF789FE0021124B1A6852B194422E
:101D300015D1226869B959681A608C4200D15A607D
:101D400000232360FFF780FE2046FFF783FE00207C
:101D500010BD0A605A68944208BF5960F0E7114606
:101D60001268E3E76FF01500F2E76FF00100EFE7AC
:101D7000E0F20020D0F20020F0B40E4D0F46A84251
:101D800016461946BDF810200CD305F51075A8426B
:101D900008D890F84330DB0708D54763C663F0BC2A
:101DA00014F096BA6FF01500F0BC70476FF00100A8
:101DB000FAE700BFE0F200202DE9F04F89B0CDE94D
:101DC000052390F833300546C3F302130393013B18
:101DD000012B0E46876900F2D0801346112A15BFE9
:101DE0004FF00009069BCA461B68D1F800B004BF3B
:101DF000B3F800A0B3F80290039B012B53D10BF171
:101E00000C0400212046FEF73BF88046002840F0F5
:101E1000F880FEF745FFDBF80C2003689A4200F0DB
:101E2000F08021464046FDF7B1FF3368DA681B6950
:101E30009A4200F0E68038B1D14500F09E80039BC5
:101E40003468012B40F0E38031680B6903F0F00344
:101E5000E02B3ED038461031FDF798FF4FF00008D8
:101E600004904FF0FF304FF0FF31FFF7E5FD6D4B71
:101E70004FF0000B1C684FF0FF33CDF808B007930C
:101E800064BB029B002B40F08B80FFF7DDFDB8F1B7
:101E9000000F00F0A080BBF1000F6ED0284613F0B9
:101EA000C5FE00206AE000210BF10800FDF7D6FC1A
:101EB00034688046102204F1180104F1080019F07A
:101EC00019F9002800F0A180B8F1000F00F09F8000
:101ED000B2E700234FF001080493C2E7A36B8BBB6A
:101EE00094F84230002B3AD1B4F84030059A93422E
:101EF00033D1E3880BB153452FD1E38B0BB14B4565
:101F00002BD194F84370B90706D5012331462846F2
:101F1000221D14F01CFA00B37A0707D500233146BE
:101F2000284604F11C0214F012FAB0B1079B07F026
:101F30007807BB4211DAB8F1000F14D13BB2079316
:101F400002940AE0B3F89E201005C9D5AF6993F951
:101F5000A000FDF729FC8742C2D0246890E7039ACD
:101F60009342C1D0F9E740F6CD420023284614F051
:101F700017F9834628B9FFF767FD022009B0BDE8CD
:101F8000F08FE36B0146009332462046069B676B59
:101F9000B847022802D1584613F048FEC346DCE792
:101FA000029B5C6BDF6BFFF74FFDB8F1000F10D0A9
:101FB000BBF1000F7FF472AF002CDED0069B3246DF
:101FC000294602980097A047831E58425841400076
:101FD000D4E7002CF2D1049B002BCED195F83330FE
:101FE000C3F30213022B06D1042201212846049BCD
:101FF000F7F77AF8C1E703222846114614F0A4FA4D
:10200000BBE7D1457FF420AFB7E7D145B5D000237A
:1020100094F818800493A8F1FF04D4F1000848EB69
:1020200004081EE7D0F2002000230B4A10B5C2E9D5
:1020300000330A4A1846114614460133082B08603B
:1020400002F1480202D008461146F6E7044B054A61
:10205000C3E9002410BD00BFD0F20020E0F2002050
:10206000D8F20020D8F4002000220821014B0248B9
:10207000FFF7BEBC0364030020F50020002280218E
:10208000014B0248FFF7B4BC476A030034F5002057
:102090002DE9F04F282300268DB0CDE9066308AB6B
:1020A0000A930823044688460B9383690393836845
:1020B0004BB9204606A914F0B1F8054638B90220FC
:1020C0000DB0BDE8F08F1A8A5B681644F0E7878888
:1020D0007FBABFB22837BE42F1DB03DD3946204666
:1020E00013F0D8FFAB6833B9EB6823B92B6913B988
:1020F0006B69002BE3D02B7AFF2BE0D005F118069B
:102100000021304614F049FD0028D8D1B8F1000F65
:102110007AD02B786A781B0143EA1213DAB2C3F340
:10212000850343EA821384F83C30AB79022284F8B9
:102130003B300023E386282384F83230A368DB6831
:10214000DB7984F8353094F8333062F3061384F881
:1021500033302B7EFF2B00F08E803146039812F037
:1021600086F90028ABD02B7EFF2B00F08480204620
:10217000079913F04DFE95F80690B9F12C0F00F079
:10218000A18000F29780B9F1000F00F09D80A9F1C5
:102190002B08D8F1000646EB0806B6004FF00608FB
:1021A0004FF0000AB9F13A0FA4F8388000F020810E
:1021B000B9F1110F00F01C81B9F1060F00F0188180
:1021C000B9F13B0F3FF47BAF204613F073FF0122C0
:1021D00080460DF10B01204613F0EDFE00287FF440
:1021E0006EAF9DF80B302C2B00F0CC806ED82BB14D
:1021F0002B2B03D0112B6FD0062B6DD0204613F064
:1022000059FF0122431EEEE0304614F0B5FC0028D1
:102210007FF455AF05F10808404614F0ADFC0028E6
:102220007FF44DAF0121304614F0B7FC00287FF455
:1022300046AFFEF739FD0146304614F0BAFC68B1EE
:102240000521304614F0A9FC00287FF438AF08219E
:10225000304614F0A2FC00287FF431AF0021404644
:10226000FDF7FCFA00283FF454AF90F92930002B19
:102270003FF44FAF23E70121304614F08EFC0028D5
:102280007FF475AF0221304614F087FC30B1304640
:10229000664914F08EFC00287FF469AF304603A92C
:1022A000FDF740FC00283FF40AAF037D98073FF597
:1022B0005EAF04E7A9F13C0CDCF1000646EB0C062E
:1022C00076006BE7082669E7012667E73C2B5FD1BC
:1022D000B10751D446F00206B9F1000F02D0B9F1AE
:1022E0003C0F8BD100230122204605A91FFA87FB52
:1022F0008DF8143013F05FFE00287FF4E0AE9DF8F7
:1023000014300133BBEBC30F4FEAC309FFF4D7AE60
:102310004FF0020BA9F103030193204613F0CAFE0C
:102320000122009004A9204613F045FE00287FF406
:10233000C6AE9DF810208ABB9DF81020B2B3012ACA
:102340009DF8141037D0019B8B427FF7B8AE02F096
:10235000C002802A45D0C02A3FD0002A7FF4AFAE09
:10236000204613F055FD00287FF4A9AE9DF81420F7
:1023700002320BEB02031BE072063FF53FAF46F063
:102380004006A9E733073FF539AF46F00806A3E753
:10239000A3F13B02012A9FD93A2B2EE701222046C6
:1023A00005A913F008FE0028C6D088E60BF101034A
:1023B0001FFA83FB07E08A1C0BEB020320461FFA7F
:1023C00083FB13F025FDD945A7D8D1441FFA89FA1C
:1023D0005FFA88F89DF80B90E4E62B7EFF2B3FF424
:1023E0006EAE0222009B04212046F6F77DFE66E6D3
:1023F000B9F1110FA4F836A008D0B9F13A0F7FF463
:102400005EAE2946204614F08DFB59E620460AA907
:1024100000F056F8049000283FF451AE4A4620469A
:1024200004AB05A90595FFF7C7FC49E6ECC403001A
:102430000823F0B585B0039390F833301E4A1F4F40
:10244000C3F302130E4602A90446022B08BF174627
:10245000CDF808D013F0E2FE054648B30023A26889
:1024600012BBE18E94F832200A449B1A5BBAAB800F
:102470003946A06912F05DFA00B97EB111212046FB
:1024800012F0FDFB4FF6FF73002818BF0346EB80E8
:1024900094F8343043F0080384F83430204602A91D
:1024A00013F0DAFE05B0F0BD118A52680B44D7E78D
:1024B0006FF06800F6E700BF000440000100400034
:1024C000F8B590F833301E4A1E4EC3F3021304468B
:1024D0000F46022B08BF164613F0A0FE054610B9A2
:1024E00000252846F8BD3946204613F0B5FE0346C0
:1024F0000028F5D1AA88A16852BA92B2A9B994F875
:102500003210E08E01445B1A9A42E9D13146A0694B
:1025100012F011FA0028E4D0EB8853B994F8333064
:10252000C3F30213012BDCD0DAE7088A49680344BD
:10253000E4E71121204612F0A2FB0028D1D0CFE71A
:1025400000044000010040002DE9F0470B6890F8BE
:1025500084503C4A03F1050806463B4B90F8820044
:10256000C1F80080032814BF104618460C4614F02A
:10257000DDFCC5F34005034638B9D4E90072974243
:1025800096F8821004D16FF00B031846BDE8F0876F
:102590003A4602F8011B616822608A42F3D0BB1CF4
:1025A000787023602146B6F8800014F0B0FC034632
:1025B0000028EAD106F1500014F0B8FC03460028C8
:1025C000E3D1706E6D00E8B1214696F884A090F8D2
:1025D000089014F0ABFC0AF0010A03460028D4D19D
:1025E000B36E214653B3184614F0A0FC03460028EE
:1025F000CBD145F004054FEAC90345EA4A1503F07B
:1026000018031D43F06D38B1214614F08FFC0346CA
:102610000028BAD145F08005306E38B1214614F05B
:1026200085FC03460028B0D145F040057D70224668
:102630004146BDE8F047102014F093BC14F067FC4D
:10264000D4E700BFFCC4030004C50300D2E9003195
:10265000C91A012983BF0549002009886FF00B00C2
:1026600084BF23F8021B5360704700BF5EE1030084
:10267000D0E90032D21A012A81BF054A128823F814
:10268000022B43608CBF00206FF00B00704700BF2F
:1026900060E1030038B5856D0446288806220121D3
:1026A000FBF7CAFC0028A06205DA19F033F90A4BDF
:1026B0001858404238BD2B88A16D012B0CBF082251
:1026C0001822FBF7EBFC002803DAA06A11F0F2F9FC
:1026D000EBE70020EEE700BF0C0000002DE9F3411E
:1026E000002406460F461546A046AC4201D3002002
:1026F0000EE0B06A0023CDE900882A1B3919FBF7E8
:10270000F9FC031E07DA19F005F9044B185840428A
:1027100002B0BDE8F0811C44E7E700BF0C000000F8
:102720002DE9F041002507462B460C46C9688B422F
:1027300011D10026B046AE4217D2B86A0022214617
:10274000FBF70EFD031E0DDA19F0E4F8144B1858D0
:102750004042BDE8F081A26802EBC3025268013337
:102760001544E4E71E44B54217D80020F1E71B1AD0
:10277000C1F804800132E1689142DCD9A16801EB23
:10278000C20148689842F2D9C01A4860A06850F85F
:102790003210194440F83210CDE70022EBE700BFB9
:1027A0000C00000013B5806A002483F00103CDE91A
:1027B00000449B01FBF700FD002804DA19F0AAF899
:1027C000024B1858404202B010BD00BF0C00000080
:1027D00008B5806A11F06EF9002805DA19F09AF848
:1027E000024B1858404208BD0020FCE70C000000D6
:1027F000142290F824305343014AD358184700BF9D
:102800000CC5030030B4142590F82440024B05FB9E
:10281000043330BC5B6818470CC5030010B41424A3
:1028200090F82420034B04FB02335DF8044B9B68B3
:10283000184700BF0CC5030070B4142690F824504C
:10284000034C06FB0544E468A44670BC604700BF27
:102850000CC50300142190F82420024B01FB023325
:102860001B6918470CC50300F7B590F84C30856D0F
:10287000002B04463F49288808BF01214FF481728C
:10288000FBF7DAFB0028A06206DA19F043F83A4BAE
:102890001858404203B0F0BD0423052200934FF4C2
:1028A0008D7104F12C03FBF7BDFC002803DAA06A4C
:1028B00011F000F9E9E7636BA06A002B31D1E36BFB
:1028C000A06A002B3AD1666CA76A002E43D1236C14
:1028D000A06A012B0AD104230C2200934FF48D71BE
:1028E00004F14003FBF79EFC0028E0DBA36CA06A28
:1028F00053B104230A2200934FF48D7104F148036D
:10290000FBF790FC0028D2DB2B88A06A012B0CBFC0
:1029100008221822A16DFBF7C1FB0028C7DB0020AD
:10292000B8E7226B002ACAD0920000924FF48D7152
:102930000322FBF777FC0028C1DAB8E7A26B002A74
:10294000C1D0920000924FF48D710122FBF76AFC16
:102950000028B8DAABE73046F6F7BCF90130009052
:10296000334602224FF48D713846FBF75BFC00289A
:10297000ADDA9CE7010000400C0000002DE9F341B6
:10298000002406460F461546A046AC4201D300205F
:102990000EE0B06A0023CDE900882A1B3919FBF745
:1029A000A9FB031E07DA18F0B5FF044B1858404284
:1029B00002B0BDE8F0811C44E7E700BF0C00000056
:1029C0002DE9F041002507462B460C46C9688B428D
:1029D00011D10026B046AE4217D2B86A0022214675
:1029E000FBF7BEFB031E0DDA18F094FF144B1858CA
:1029F0004042BDE8F081A26802EBC3025268013395
:102A00001544E4E71E44B54217D80020F1E71B1A2D
:102A1000C1F804800132E1689142DCD9A16801EB80
:102A2000C20148689842F2D9C01A4860A06850F8BC
:102A30003210194440F83210CDE70022EBE700BF16
:102A40000C00000013B5806A002483F00103CDE977
:102A500000449B01FBF7B0FB002804DA18F05AFF92
:102A6000024B1858404202B010BD00BF0C000000DD
:102A700008B5806A11F01EF8002805DA18F04AFF40
:102A8000024B1858404208BD0020FCE70C00000033
:102A9000A1F10A03DBB2162B10B507D87A4A22FA45
:102AA00003F3DB0740F1D780012018E0A0F1140305
:102AB0000B2BF9D8DFE803F006141E233131286808
:102AC00083839EB82F2900F0BC802A2900F0B980AA
:102AD00041F02001613919298CBF0120152010BD5A
:102AE00041F02003613B192BF9D93A2914BF012089
:102AF0001620F4E72F2914BF01201720EFE72F2914
:102B000014BF01201820EAE74029CDD02F2900F07A
:102B100098803F2909D11C20E1E72F2900F09180FE
:102B20003F29F8D0402900F08E8041F02003613B1E
:102B3000192B40F28A805F2911D85A2905D82139EA
:102B4000C9B21C29B0D8514B02E015235B39C9B278
:102B5000CB4013F0010F14BF19200120BFE77E29DD
:102B600008BF192018BF0120B9E7494ACB08D25C39
:102B7000012301F00704A3401A42B0D1232968D0F1
:102B80003F2908BF1C20EDE7414ACB08D25C012356
:102B900001F00704A3401A42A1D111F0800FECE725
:102BA0003B4ACB08D25C012301F0070083401A4264
:102BB0004DD123294DD03F2908BF1D20D2E7344AEB
:102BC000CB08D25C012301F0070083401A423ED1BA
:102BD00011F0800FECE72E4ACB08D25C012301F004
:102BE000070083401A421DD1232932D03F2908BF54
:102BF0001F20B7E7264ACB08D25C012301F007006B
:102C000083401A420ED111F0800FECE7204ACB0826
:102C1000D25C012301F00704A3401A427FF45FAFA6
:102C20002329E3D11F205AE7194ACB08D25C01239C
:102C300001F00704A3401A427FF451AF11F0800F56
:102C4000ECE71B204BE71A2049E7192047E71D2036
:102C500045E71E2043E7A0F11803072B3FF624AFFA
:102C600001A252F823F000BF2B2B02002B2B0200F5
:102C70002B2B02006B2B0200A12B0200A12B0200C8
:102C8000D72B02000D2C020009004000F9BFFF17EE
:102C900069E103002DE9F84F06460025171E1C4682
:102CA00014BF18201420B0464FF0070B1D805D8024
:102CB00006EB010AD045C14608D3228802F0020380
:102CC000D20749D5002B4AD1012055E199F80010CF
:102CD000FFF7DEFEA0F11503012208F101080A2B1F
:102CE000F2D801A151F823F0352D0200B52C0200D5
:102CF000B52C0200B52C0200172D0200152D020084
:102D0000292D0200B52C02002D2D0200B52C020049
:102D1000312D0200012501239B450DD104EB8B01D0
:102D2000CB880133CB80C5E70323F5E70423F3E722
:102D30000523F1E70023EFE704EB8301A9EB060984
:102D4000A1F80490CA80B4F800C002FA03F141EA85
:102D50000C019B462180ADE7002B00F0E9804FF08D
:102D6000000C23896189F2181944A4F80AC031447F
:102D70008DB1914240F2F3804FF00208F35C984D20
:102D8000501C402B28D18842024680F0E480034644
:102D900013F8010B04E08A4280F0DD80F05C531CE4
:102DA0005B284AD18B4280F0DE801A4612F8010B74
:102DB000A0F130050A2D05D940F02005613D052D13
:102DC00000F209819B1B238160898A4200F1010086
:102DD00060816DD3052349E043F0200EAEF1610E12
:102DE000BEF1190F0BD93D2B21D8202B7FF66CAFEC
:102DF000213BDBB225FA03F3DB077FF565AFB8F1C2
:102E0000030F07D02388921B43F04003A283A4F84A
:102E10001EC02380E38B884203F101030246E38353
:102E200080F09F804FF0030810F8013BA9E75F2B6B
:102E3000E5D07E2B7FF448AFE1E740F02005613D0F
:102E4000192D0AD9A0F13005092D06D9A0F12D05BB
:102E5000012D02D95F287FF437AF921B228162894E
:102E60008B4202F1010262812CD3042340F2AF3283
:102E700022FA03F3DA073FF527AF59E0A5F1300C4A
:102E8000BCF10A0F06D945F0200CACF1610CBCF185
:102E9000050F73D81A4697E75F2D00F08D807E2DC1
:102EA0007FF412AF88E04FF00C0C12F8010B25E014
:102EB000134613F8015B5D2DE0D18B424DD218789B
:102EC000931C10E013F8010B40F02002613A192A1C
:102ED000C5D9A0F13002092AC1D9A0F12D02012AD9
:102EE000BDD95F28BBD03A287FF4EEAE8B423CD2EE
:102EF0001A464FF00B0C002512F8010B3038092848
:102F00003FF6E2AEBCF10C0F06D09B1BA3812388D9
:102F1000E58143F004032380E3898A4203F101033E
:102F2000E3811346BFD30C23023BDBB2092B9DD9AF
:102F30002388F7B1062B7FF4C7AEA0890A220021AF
:102F400030440DF07BFBB0F5803FBFF4BDAE608038
:102F500011E008238AE7022388E7062386E7022395
:102F6000E2E70323E0E7032380E709237EE7072363
:102F70007CE75B07E1D40020BDE8F88F2E2D89D0D7
:102F8000252D7FF4A1AE01308B426081EFD2154830
:102F90001D78931C45F02002613A192A0CD9392D6D
:102FA0003FF67AAF242D7FF68FAE253DEDB220FAA5
:102FB00005F5ED077FF588AE62898B4202F10102CB
:102FC0006281C6D213F8015B5D2DE3D18B42C4D27E
:102FD00013F8010B87E72E287FF476AEF2E600BFE8
:102FE000F9BFFF1701FB1F0030B500240E4B89B05D
:102FF0001C8000220023CDE906234FF0FF330B4D48
:10300000CDE902434FF480622846CDE90044084BE5
:10301000084904940CF070F90749284617F03AFD66
:10302000204609B030BD00BF2A01012010DC00207D
:10303000D1300200B02F012089E1030002460B4687
:1030400001480BF09DBD00BFD4CD002001480BF01E
:103050000FBE00BFD4CD002013B50190FDF7D4FA08
:103060004FF0FF31441E4FF0FF30FFF7E7FF019BA9
:1030700083B10021184614F00DFC58B10821184600
:1030800014F008FC30B1114A32F8143043F0010357
:1030900022F81430012001A9FCF790FD30B10B4A51
:1030A00032F8143043F0020322F814300121019861
:1030B00011F004FB30B1054A32F8143043F0040338
:1030C00022F81430FFF7C2FF02B010BD2A01012020
:1030D0002DE9F74F4FF0FF304FF0FF31FFF7AEFF14
:1030E00000F03AFA00F0C4F900216748FDF7A2FAAF
:1030F000FFF7ACFFDFF8C8B14FF0FF324FF0FF33FE
:1031000062480BF06BFE4FF0FF304FF0FF31FFF7DE
:1031100095FFBBF80050002D00F0A08015F00604CC
:10312000C5F340314FEAD538C5F3803905F00406C0
:1031300005F0800205F0010305D1002B77D10024B2
:10314000254622466FE0002BF9D0002AF7D115F072
:10315000020564D0012425462246A246002E6CD1E9
:103160003746914271D001920120FCF71DFB019A74
:103170000090D0456CD001920120FCF715FB8046F1
:10318000019AB14567D001920120FCF70DFB814601
:10319000019ABBF80010C1F30C010AB141F40051CF
:1031A000ABF800101EB141F48041ABF80010BAF149
:1031B000000F07D0BBF800306FEA43436FEA534378
:1031C000ABF80030324E3388AB4209D0002D4BD1E2
:1031D0000099304814F05AFB2F4B009A35801A6042
:1031E0002E4D2B88BB4209D0002F42D149462C4896
:1031F00014F04CFB2B4B2F80C3F800902A4D2B88EA
:103200009C4209D0002C39D14146284814F03EFB9D
:10321000274B2C80C3F80080FFF718FF6CE776B9C6
:10322000012534462A462646A246274699E756B146
:10323000002A85D114461546A246012690E72C4661
:1032400001252A46F8E734467AE70023009390E701
:103250004FF0000895E74FF000099AE72F462C46FB
:10326000A946A8460095ADE7002BB5D100991148B5
:10327000B0E7002BBED149460F48B9E7002BC7D1B4
:1032800041460E48C2E700BF59300200F4CE00208C
:1032900028010120020014F150F500202601012030
:1032A000040014F14CF5002024010120060014F163
:1032B00048F50020010014F1030014F1050014F199
:1032C0002A01012010B5FDF79FF904464FF0FF31A8
:1032D0004FF0FF30FFF7B2FE044B013C33F81440CF
:1032E000FFF7B4FEC4F3C014204610BD2A0101202C
:1032F00037B51D4B0C460B400192ABB91046FDF79C
:1033000083F9451E4FF0FF324FF0FF3317480BF0A3
:1033100037FCA1B20D290BD008D8012908D0022909
:1033200016D012480BF0A4FC03B030BD0E29F7E70D
:10333000012001A9FCF742FC30B10D4A32F81530EA
:1033400043F0020322F815300A480BF013FDE8E7BA
:10335000012001A9FCF732FC0028F5D1044A32F81B
:10336000153023F00203EDE7F0FF9F1FD4CD0020BE
:103370002A010120F4CE00201E4B70B50B400C46F4
:103380001646ABBB1046FDF73FF9451E4FF0FF3226
:103390004FF0FF3318480BF0F3FBA1B20C290BD010
:1033A00008D8012908D0022916D0BDE8704012487B
:1033B0000BF05EBC0D29F7E70121304611F07EF9D4
:1033C00030B10E4A32F8153043F0040322F81530BC
:1033D0000B480BF0CFFCE8E70121304611F06EF905
:1033E0000028F5D1054A32F8153023F00403EDE743
:1033F00070BD00BFF0FFFB1FD4CD00202A010120CB
:10340000F4CE002038B5164B0C460B40104633BBAB
:10341000FDF7FAF8451E4FF0FF324FF0FF33114829
:10342000A4B20BF0ADFB012C06D0022C11D0BDE8EC
:1034300038400C480BF01CBC0B4B33F8153023F014
:1034400001039BB2084A22F8153008480BF092FCA1
:10345000EDE7054B33F8153043F00103F2E738BDD3
:10346000FCFFFE2FD4CD00202A010120F4CE002045
:1034700008B50B480B4B43600B4B0361FDF704FD94
:103480000A480B4B43600B4B0361FDF7FDFC0A48F8
:103490000A4B43600A4B0361BDE80840FDF7F4BCEA
:1034A0007CF5002005340200030001D068F50020FF
:1034B000F13202000F0060E054F500207933020081
:1034C0000F0004E0084B094A934201D300207047E3
:1034D0001968814205D15A681068002818BF18463B
:1034E00070471833F0E700BF88D00020A0D000203C
:1034F000054B10460B402BB989B20139012901D87F
:1035000014F022BA704700BFFCFFF82D38B5104DFB
:1035100014460D402DB90F4A914203D00332914217
:1035200010D038BD204614F008FA0028F9D02946FA
:10353000204614F0CAF90028F3D12046BDE83840EF
:1035400014F002BA2046BDE8384014F069BA00BF52
:10355000FAFFFE2F010001D070B500261A4C1B4D5A
:10356000AC4211D31A481B4B174C43601A4B0361F2
:10357000FDF78AFC19481A4B43601A4B0361FDF7AB
:1035800083FCAC4213D370BD63681B686BB19B684E
:103590005BB1606914F091F9636826611B6820468D
:1035A0009B689847606914F08EF91834D8E763680F
:1035B0001B6833B1206814F077F910B1206814F05B
:1035C0002FFA1834DDE700BF88D00020A0D00020FB
:1035D000A4F500200D350200050001D090F5002073
:1035E000F1340200030007D2002307B58DF8000074
:1035F000694605488DF801300193FDF71BF80198E5
:1036000003B05DF804FB00BFAB790300002313B5E2
:10361000094C69468DF8000020468DF80130019371
:10362000FDF708F80223204669468DF80130FDF7C2
:1036300001F8019802B010BDAB790300084B70B5DA
:10364000C31A0D4607499B100446594340220648B9
:1036500014F015FA2B4601462046BDE87040184785
:10366000CCF50020B76DDBB608BA0300402373B574
:103670000B4C0093041B0B460D460A49A4106143F2
:103680000646094A094814F025FA011E05DA3046B3
:103690002B4602B0BDE87040184702B070BD00BFB5
:1036A000CCF50020B76DDBB63D7B030008BA030004
:1036B00010B5EFF31184202383F31288BFF36F8FCB
:1036C000074A136823F00201DB07116002D40120CE
:1036D00015F0F6FB84F31188BFF36F8F10BD00BFA8
:1036E0001CF6002070B50022012104460520F9F7E0
:1036F0002DFF0F4807F0C0FE0E4B984215D107F082
:10370000CBFE26690C4930460FF06FFD00280BDB1D
:10371000012535642469084904F11C000FF065FD9A
:10372000002801DB0020E56470BD6FF00400FBE7BA
:10373000453802000000AD0B34C503007FB5002200
:103740000123CDE9022304ABCDE90433094A6B46DA
:10375000CDF800D0CDF804D014F0E9F9002805DB4D
:103760004FF48042002368460BF038FB07B05DF849
:1037700004FB00BF5D7B03000C22104B014602FBE3
:103780000033002030B4D3E90E529863EFF3118078
:10379000202484F31288BFF36F8F1C6C04F0C004E4
:1037A00044F002041C6480F31188BFF36F8F1DB1D5
:1037B0002B4630BC0248184730BC7047CCF500207F
:1037C00008BA030010B4EFF31182202383F31288A8
:1037D000BFF36F8F1848016841F002040460C80706
:1037E00008D482F31188BFF36F8F01205DF8044B7A
:1037F00007F066BE1149D1F80C04D1F80C14C907C2
:10380000EFD5EFF3118083F31288BFF36F8F0C496C
:103810000B6C03F0C00343F002030B6480F31188C8
:10382000BFF36F8F82F31188BFF36F8F00205DF8B5
:10383000044BFFF7A1BF00BF1CF600200050004062
:10384000CCF5002010B1012804D07047034B1B6C4D
:103850005B0701D1FFF790BF704700BFCCF5002098
:103860002DE9F041012207463449D1E8EF3FC1E894
:10387000E02F0028F9D133B9314932484B60CB6091
:103880008A600FF0C5FC7B1E012B28D8012F06D1C2
:103890002D4BD3F81C3403F00303022B1FD017F079
:1038A000F3F80546E8B9294B1B78D3B10222064646
:1038B000254BC3F80823244CDFF89480D4F818244F
:1038C000D4F81834D20315D503F00303022B01D02A
:1038D000012F0FD16DB386F31188BFF36F8FBDE851
:1038E000F081EFF31186202383F31288BFF36F8FEB
:1038F0000125E0E7C5B1304610F005F8D4F81835D9
:10390000DBB2012BDAD1D4F80421002AD6D0002270
:10391000C4F80421D4F804210222C4F81825202276
:10392000C8F88021A360C9E70021212017F063F9BE
:10393000E4E70222044BC3F80423D0E7C8F50020D3
:10394000B8F50020E8F5002000500040AE2301202B
:1039500000E100E0024B0B6001231360704700BFE1
:1039600020F600200048704758C5030007B50346FD
:10397000054A0091054801210FF005FE6FF0150082
:1039800003B05DF804FB00BFC7E1030058BE0300AD
:1039900010B501220648114616F09BFF15F0F4FA07
:1039A000044C206015F0EDFA6060002010BD00BFEF
:1039B00028F6002020F60020F7B50E46144615F034
:1039C000E0FA21460546304614F049F9374660B31F
:1039D000B6FBF5F305FB136323B9B4FBF5F305FB65
:1039E00013434BB13346134A0094134801210FF09F
:1039F000CAFD6FF0150002E0A54202D9002003B015
:103A0000F0BD4FF0FF324FF0FF330C480BF0E6F9FA
:103A100015F0B7FA0546384608F0FAF9641B2F444A
:103A2000F9D106480BF0A6F9E8E7054A33460094B9
:103A3000DBE700BFE4E1030058BE030028F60020E6
:103A4000C7E10300F7B50E461946304617461C4637
:103A500014F005F950B93346174A0094174801216C
:103A60000FF091FD6FF0150003B0F0BD46EA0405BC
:103A700015F0030503D0124A33460094EEE7A4B1D3
:103A80004FF0FF324FF0FF330E480BF0A7F924F050
:103A90000304A54205EB060009D10B4AD2F8003415
:103AA000DB07FBD507480BF065F90020DCE7795907
:103AB00008F0CAF90435ECE7C7E1030058BE03007B
:103AC00003E2030028F600200090034038B5456863
:103AD0002B69B3B11035284607F0E6FF044680B9DC
:103AE0000146284607F0AEFF084B98420BD122460C
:103AF0002846074907F08EFF224605213120F9F7B5
:103B000025FD002038BD6FF00400FBE70000AD0B81
:103B1000153B0200430970B507D10B4B596821B121
:103B200001250C68094E854001B970BD8A682A409C
:103B300002D030464B6898471CB1236821461C468A
:103B4000F2E72346FAE700BF40F6002020BA030060
:103B50002DE9F04340F206354668D00648BF032001
:103B6000337B02EA050558BFC2F3401087B001F06D
:103B70001F07B5F5837F144647EA43178DF8030006
:103B800042D00FD8062D18D007D8B5B1022D3DD0A0
:103B90006FF0150007B0BDE8F083B5F5807FF7D171
:103BA00001250AE040F20222954231D0B5F5407F6E
:103BB00030D0B5F5007FEBD102250123220303FAB3
:103BC00001F129D573689960326952BB07F01F0370
:103BD0007F0973D13B4A84F4803102EB8302D2F82F
:103BE0000032C1F30041C4F3404423F4E16344EAEA
:103BF000410423F007031C4344EA800444EA0524FB
:103C0000C2F800420020C5E70725D6E70425D4E71F
:103C10000525D2E70325D0E7630344BF7368D96065
:103C2000D2E71036394630460DF1020207F0F8FEB1
:103C300014F4403F80460CD13946304615F09AF9CD
:103C4000214B9845DED130469DF8021007F036FF33
:103C5000D8E74FF0000901AB3946304603AACDE959
:103C60000439CDE90199CDF80C9007F0ADFD164B64
:103C700098428DD114F4003315D09DF8033084F4AC
:103C80008034C4F300448DF80E3039464B4630463C
:103C900003AA8DF80C508DF80D4007F043FE0A4B37
:103CA0009842CDD074E7CDE9043339460DF10303D2
:103CB000304603AA039307F087FDF0E7803352F8FC
:103CC0002330FFDE002584400000AD0BF0B54068D6
:103CD00001F01F04057B87B044EA45140569002DF7
:103CE0005FD0B2F5001F00F1100506D1214628462D
:103CF00015F042F9002007B0F0BD0027B2F5800FA3
:103D000001AE0197776037D1B3F1007F14BF05236F
:103D100004238DF804300023CDE904630393836802
:103D200023FA01F111F0010118D1B2F1A07F15D1F0
:103D300004F01F03620903F1800338D11D4A52F8D1
:103D40002330DB070AD40DF103063246214628460C
:103D500007F066FE184B984219D002962146284675
:103D600003AA07F031FD154B98421DD101222146CF
:103D7000284607F0AFFEBDE7B3F1C06F05D0B3F141
:103D8000007F14BF01230223C3E70323C1E73146A9
:103D9000284607F099FE094B9842DED06FF00B00E1
:103DA000A9E76FF08500A6E76FF01500A3E751F8CB
:103DB0002330FFDE002584400400AD0B0000AD0B76
:103DC00002780B69012A08D0022A08D04AB9064AAB
:103DD0001A6303F118000AF0CDBF044AF8E7044A59
:103DE000F6E7044AF4E700BF0000AD0B0100AE0B9C
:103DF0000200AE0B0100AD0B2DE9F04F89B002AF10
:103E0000BB60036993463B6143684FF0FF32D3F8D0
:103E100028A09B8B0546FB604FF0FF330C4613F048
:103E2000B2FF3B6918337B610026002300227869CA
:103E30000AF0D4FF33465E4501D3002340E0207AE8
:103E4000010700F1948001365E45D4F800E00BD202
:103E5000820709D4227D80EA020C0CF0010C02F0EA
:103E600004025CEA020C08D023B90EF06042B2F101
:103E7000005F3FD04FF0000801E04FF0010862689A
:103E8000F96803EB020C8C4524D96C468CB0286889
:103E900002A9384ECA61C1E90563FB680A46C1E957
:103EA000083040F203530B85334B42F8103F002398
:103EB0004FF451513148F8F78FFA6FF01B03A546C4
:103EC00028467B6113F062FF7B691C371846BD46AC
:103ED000BDE8F08FC10706D40AEB030071467B6092
:103EE00017F0D5F87B6862681A4493B2B8F1000FF6
:103EF00027D1D3B94FF00008D4F80090A388BA684E
:103F0000217A284600924A4600F088F8031ED7DB43
:103F10004FF48042002378690AF060FF40B12846E0
:103F200000F030F86FF00403CAE79846D146E6E7A0
:103F30003B69134A1B6B9342F4D1237ADB0702D40B
:103F400000230C3477E7CA45FAD123460AE0A8EBF0
:103F50000201D8681FFA81F819FA81F17B6017F025
:103F600096F87B685A680C3B9045F0D2E8E76FF012
:103F70008503A5E752E203000600000180BE0300AE
:103F80000000AD0B73B544680DF107012368D3F849
:103F90000855D3F80C650FF077FB9DF8073013B97F
:103FA000204607F0F9FF3146284608F08BFA9DF8C5
:103FB0000710054629B9606A13F0EBFE204607F0AA
:103FC000DBFF044B9D4214BF6FF00F00002002B0D6
:103FD00070BD00BF0000AD0B08B5CA0743680AD426
:103FE000C1F34201012909D002290ED00121094A59
:103FF00009480FF0B5FA6FF0150005E04FF0CC72EC
:104000001B680020C3F8242508BD4FF0C8621B6858
:10401000F7E700BF34E3030080BE0300F0B50C46B1
:104020001D46164689B04768122200210DF10E0088
:1040300017F054F804F001038DF80C30BDF8383057
:1040400004958DF80D30BB8D0696AB420AD2104810
:10405000009301212B460F4A0FF095FA6FF01B00D9
:1040600009B0F0BD84F00202C2F3400238465201AA
:1040700003A907F0AFFF084B984207D00B339842D3
:1040800014BF6FF004006FF00F00E9E70020E7E7CE
:1040900080BE030046E303000000AD0BB0B504464C
:1040A000456800AF2B6A98470121686A13F071FEDA
:1040B00023462846AA6905F1080107F023FF104BA3
:1040C000984217D023686C4688B06A460D49C2E909
:1040D00005134FF4007393830B4B42F8103F0B48CA
:1040E00000234FF4E251F8F777F96FF00400A5468A
:1040F000BD46B0BD204606490FF0DBFAF8E700BF29
:104100000000AD0B8DE303000300000180BE03003F
:10411000B17D03002DE9F041002540F2FF162E4F3E
:10412000EBB2994202D80020BDE8F08150F825306A
:1041300013F4804FC3F3C324C3F3080E41D1B64533
:1041400017F804C04FEA136427D00B2C34D1C2F8FF
:1041500008E5BCF1000F08BF4FF0060C5FEA5E1ED9
:1041600050F8254003F01F0331D1DFF870E00EEB6B
:104170008303C4F3C03EC4F34124A400D3F80082F7
:1041800044EA4E04DFF858E008EA0E0E44EA0E0452
:1041900044EA0C24C3F8004205E00B2C05D14FF093
:1041A000FF33C2F808350135BAE70C2C0CD14FF0BB
:1041B000FF33C2F80C35F6E70C2C05D1C2F80CE53C
:1041C000C7E76FF01500AFE76FF08500ACE700229E
:1041D000803352F82330FFDEADE303000025844036
:1041E000F0F8FCFF10B51029036917D01B2924D063
:1041F0000D2925D1AF214FF6FF741B884B43B3FB2C
:10420000F4F0A0F12D01C0EB00401B1A0E4843430F
:10421000B3FBF4F30020C2E9001310BD64214FF694
:10422000FF705B884B43B3FBF0F1C1EB01441B1BF8
:10423000054C6343B3FBF0F3ECE799880023E9E70F
:104240006FF08500E9E700BF40420F00032370B51F
:10425000B1FBF3F504460026208840BA80B213F083
:10426000D3FDA378834206D00748084913F0DBFD4D
:104270006FF0040070BD0136F3B2AB4204F10304E9
:10428000EAD30020F6E700BFD8BD0300B5E3030082
:104290007FB503461646CDE9011203220D4600689C
:1042A0009B888DF80C209DF80C20816842F002025A
:1042B0008DF80C208C68012201A9A047041E06DBA2
:1042C0003146284604B0BDE87040FFF7BFBF034940
:1042D000034813F0A8FD204604B070BDC2E30300FC
:1042E000D8BD030073B5154D446835F821301088EA
:1042F0008DF801300E46190A030A8DF800108DF86A
:1043000002308DF8030013F07FFD8DF80400A388C0
:1043100020680522694613F09AFD041E06DA084952
:10432000084813F080FD204602B070BD05EB8605FD
:10433000688808B113F07BFD0024F4E7FCC9030092
:10434000DBE30300D8BD030037B50B4B022203EBC0
:10435000810533F8213001A95BBAADF804308388B8
:10436000006813F074FD0446688808B113F05FFD1F
:10437000204603B030BD00BFFCC9030010B5437A2E
:10438000012B0FD0022B14D0D3B90121FFF7DCFF92
:10439000041E02DB0024204610BD0B490B4813F01D
:1043A00042FDF8E70D21FFF7CFFF041EF2DA0849BE
:1043B000F4E70A21FFF7C8FF041EEBDA0549EDE731
:1043C0006FF01504E7E700BFF5E30300D8BD030075
:1043D00029E4030067E4030038B54368054618681C
:1043E00016F08BF838B91749174813F01CFD6FF019
:1043F0001204204638BD02216868FFF7A5FF002897
:104400000EDA15216868FFF79FFF15216868FFF72E
:104410009BFF041E04DA0D490B4813F004FDE8E786
:1044200000216868FFF790FF041E01DA0849F3E7EE
:104430006868FFF7A3FF041E01DA0649ECE70024D1
:10444000D7E700BF8BE40300D8BD03009DE4030061
:10445000C4E40300E0E4030010B504464068437A76
:10446000022B10D11521FFF76FFF60681521FFF7B0
:104470006BFF041E02DB0024204610BD05490648E0
:1044800013F0D1FCF8E70221FFF75EFF041EF2DA19
:104490000249F4E7FDE40300D8BD03001BE5030077
:1044A000F0B53F2905460F46466885B005D01B2963
:1044B0006ED8394BCB40DB076AD5737A022B1CD1FF
:1044C0002846FFF7C9FF041E04DA3449344813F0C4
:1044D000AAFC2EE0102F686801D00D2F06D1132101
:1044E000FFF732FF041E27DA2E49EFE71221FFF70C
:1044F0002BFF041E20DA2C49E8E70E213046FFF797
:1045000023FF041E05DA2949254813F08CFC2849AD
:10451000DCE70322686801A9FFF7BAFE041E01DA8E
:104520002449F1E7BDF804305BBAC3F30A031BB9B1
:104530000024204605B0F0BD032168682F69FFF70D
:1045400003FF041E05DA1C49154813F06CFC1B49D7
:10455000BCE70922686801A9FFF79AFE041E01DA88
:104560001749F1E7BDF804305BBABB80BDF80730EE
:104570005BBA3B80BDF80A305BBA7B80737A022B52
:10458000D6D16868FFF7FAFE041ED1DA0D499DE71F
:104590006FF08504CDE700BF002001084EE5030061
:1045A000D8BD030002E8030038E8030065E8030013
:1045B000C3E8030094E80300DFE8030033E90300E5
:1045C00009E90300E0E403002DE9F3413F29054632
:1045D0001E46D0F8048007D01B2900F2A2806F4B42
:1045E000CB40DB0740F19D80D7B2142F0DD198F856
:1045F0000930022B5BD12846FFF72EFF041E56DA46
:104600006749684813F00FFC8DE02846FFF724FF48
:10461000041EF5DB123F052F00F28380DFE807F070
:10462000033281657A9C05216868FFF78DFE041EC0
:1046300005DA5D495B4813F0F6FB5C49E1E70322CC
:10464000686801A9FFF724FE041E01DA5849F1E762
:10465000AF224FF6FF71BDF804305BBA9BB25343F3
:10466000B3FBF1F23260C2EB02429B1A514A534350
:10467000B3FBF1F373606868FFF780FE041E32DA63
:104680004D49BEE707216868FFF75EFE041E05DAA4
:104690004A49444813F0C7FB4949B2E70322686816
:1046A00001A9FFF7F5FD041E70DA4649F1E709217B
:1046B0006868FFF749FE041E05DA4349394813F0DC
:1046C000B2FB42499DE70322686801A9FFF7E0FDBC
:1046D000041E01DA3E49F1E7BDF804305BBA9BB233
:1046E00033600023736000241DE00C216868FFF72D
:1046F0002BFE041E05DA37492A4813F094FB36498D
:104700007FE70322686801A9FFF7C2FD041E3DDAB6
:104710003249F1E798F808304BB93149214813F094
:1047200082FB6FF08504204602B0BDE8F0811721BE
:104730006868FFF709FE041E05DA2A49194813F0D4
:1047400072FB29495DE70322686801A9FFF7A0FD14
:10475000041E1BDA2549F1E798F808300BB9244903
:10476000DCE719216868FFF7EFFD041E05DA21492F
:104770000C4813F058FB204943E70322686801A95D
:10478000FFF786FD041E01DA1C49F1E7BDF804308D
:104790005BBA9BB2336000236CE700BF00200108C6
:1047A0004EE50300D8BD03004EE90300AEE9030067
:1047B0007EE9030040420F00E0E40300D0E903007B
:1047C0002AEA0300FDE9030049EA0300A5EA030021
:1047D00077EA0300C5EA03003AEB0300FFEA0300AF
:1047E000B7E6030059EB0300DCEB03009AEB030090
:1047F0005BE7030009EC030099EC030051EC0300B4
:10480000F8B50D291546036919D1AF2019884FF65F
:10481000FF72484300230021F4F7E0F91F46144ECD
:10482000A0F12D04A2FB060100234FF6FF7206FB48
:104830000711F4F7D3F9C5E900400020F8BD1029AD
:1048400013D17D2059884FF6FF7248430023002181
:10485000F4F714FA841F43F60950A2FB001200FB80
:104860000322880A40EA8250E5E76FF08500E5E719
:1048700040420F0070B586B0154601AA0392062289
:104880000346049203220E4600689B888DF814208C
:104890009DF81420816842F002028DF814208C6883
:1048A000012203A9A047041E06DA1449144813F094
:1048B00008FB204606B070BDBDF8040040BA308049
:1048C00080B213F0EFFA9DF80630834206D00D490E
:1048D0000B4813F0F6FA6FF00404EAE7BDF807009E
:1048E00040BA288080B213F0DDFA9DF80930834287
:1048F00001D00549ECE70024DBE700BFD6EC03005C
:10490000E0BD0300F7EC03000AED030010B54368B7
:104910000446186815F0F1FD38B90C490C4813F03D
:10492000D0FA6FF01204204610BD6068942113F095
:10493000CCFA041E04DA0749054813F0C2FAF2E77C
:104940002120002116F057F90024ECE78BE4030046
:10495000E0BD0300C4E40300F8B53F2905464668FE
:10496000076903D00D2901D0102929D1337A174ABC
:104970003046D15C13F0A9FA041E05DA1449154833
:1049800013F09FFA2046F8BD327A002612494FF400
:1049900000448C463146114B33F812000023E4FBEF
:1049A00000C10F4A6046F4F769F916F024F9394658
:1049B0006868BA1CFFF75EFF041E04DA0949DEE7E7
:1049C0006FF08504DEE73446DCE700BF60ED0300EE
:1049D0001EED0300E0BD03003F420F0064CA030068
:1049E00040420F003BED03000123834070B5DC43E0
:1049F0000B4AD2E8EF1F01EA0405C2E8E65F002E89
:104A0000F7D14FF4803282400648C0F80823BFF344
:104A10005F8FBFF36F8F0B4214BF0120002070BD6A
:104A200084F600200050014070B40E4922F07F4609
:104A3000D1E90034D01AC31844F10004C1E90034AC
:104A4000A6F50013B3F5400F09D2074B1B681A0AED
:104A50001B069C19054B42F10005C3E9004570BCDB
:104A60000BF0CCB8E8DC002088F60020F0DC002059
:104A7000D9B101230D4A8340D2E8EFCF4CEA030CB1
:104A8000C2E8E1CF0029F7D14FF48033084A8340D0
:104A9000C2F80433074BD3E8AF3FC340DB0742BF44
:104AA0004FF40012044BC3F80021704784F6002035
:104AB0000050014080F6002000E100E00D4B186836
:104AC000010A0006BFF35F8F0B4BD3F804351818AB
:104AD00041F10001B3F5801F0AD2084BD3E900234E
:104AE000904271EB030303D210F1807041F1000199
:104AF000704700BF88F6002000500140F0DC002025
:104B00002DE9F04F85B016461F4604469DF840A09B
:104B1000FFF76AFF0190FFF7D1FFB04271EB070387
:104B200052D23B4B301A67EB0101984271F1000100
:104B30004DD2384B03EB0413D3E902239F4208BF45
:104B4000964258D04FF48038334908FA04F820468A
:104B500026F07F4BC1F8488313F0D0F94FF00309DA
:104B6000584604F15005AD00ADB205F1804504F59D
:104B7000A87305F5A8350293029A20F07F4341F807
:104B80002230C1F84483D1F80435244AC01A0338CE
:104B900020F07F4090422ED9286868B1D1F80435C2
:104BA000A3EB0B0020F07F40B0F5000F039322D958
:104BB000204613F0A3F9039BBAF1000F07D109EBCC
:104BC000030009F10109D7E7BAF1000F09D06FF02E
:104BD000150520460199FFF74BFF284605B0BDE8B3
:104BE000F08F01230E4AA340D2E8EF0F1843C2E82A
:104BF000E10F0029F8D107490E982301C8500F9BF7
:104C000001EB04120025C2E902675360E1E700BF2F
:104C100001008000D8DC002000500140FDFF7F0033
:104C200080F600207FB500254FF0FF304FF0FF31B8
:104C3000194C1A4B0226C4F80833C4F84833184BF1
:104C4000C4F80855C3E902014FF480334FF4001251
:104C5000C4F80433134B0121C4F804631520C3F8CE
:104C600080212A46F8F772FC1520F8F73FFC012353
:104C70000D4AA360236013600C4B0D4A0093284635
:104C80000023CDE90155FFF73BFF3046FEF7E8FD75
:104C9000284604B070BD00BF0050014003000F0063
:104CA000D8DC002000E100E084F60020294A020060
:104CB000FFFF7F002DE9F7432E4BD3F80423900725
:104CC0000BD5D3F8042142B10022C3F804212A4AAB
:104CD000D3F80431136801331360264AD2F8043341
:104CE000D90326D5254BD3E8EF1F21F00100C3E8F7
:104CF000E40F002CF7D1CB0702D4D2F84031C3B176
:104D000000251C4CC4F84051D4F84031FFF7D6FEC2
:104D1000EFF31182202383F31288BFF36F8F184BB8
:104D2000D3E90267B042B94106D282F31188BFF3DA
:104D30006F8F03B0BDE8F0834FF0FF38D3E9001068
:104D40004FF0FF391D60C3E902894FF48033C4F886
:104D50004833C4F84051D4F8403182F31188BFF38E
:104D60006F8F0029E5D0009032463B4628468847A1
:104D7000DFE700BF0050014088F6002080F60020E9
:104D8000D8DC002030B5431C124C85B005D08442DD
:104D9000A8BF0446012CB8BF0124FFF78FFE0E4BBD
:104DA0000C4DD3E90013401AB0F5000F0FD22218B2
:104DB000AA4228BF2A46002052180849CDE901001E
:104DC000009143F10003FFF79BFE05B030BD2A467A
:104DD000F1E700BFFFFF7F00E8DC0020294A020066
:104DE00008B5FFF76BFE024B1B68C01A08BD00BF79
:104DF000E8DC0020012310B5074C15206360F8F7AC
:104E000083FB4FF40012054BC4F80833C4F8483351
:104E1000034BC3F8802110BD0050014003000F0078
:104E200000E100E070B50546054C064EB44200D3E3
:104E300070BDD4E90031284698470834F6E700BF32
:104E40001C1804002418040070B5002201212A2037
:104E5000F8F77CFB0B4807F071FC044628B10121F0
:104E60000346094A09480EF084FB094D094EB54234
:104E700001D3204670BDD5E900312046984708355A
:104E8000F5E700BFECC5030063ED0300F8BE0300C7
:104E9000241804004418040037B5124C124DAC42DB
:104EA0001AD3124912480DF1060208F031FA01280E
:104EB0000DD1BDF8063023F004039BB23BB10D4881
:104EC00002210D4A0EF04CFB0C4808F0D5F807F013
:104ED0009BFC002003B030BDD4E900309847083473
:104EE000DDE700BF44180400441804008FED030000
:104EF0009AED0300F8BE0300A3ED0300FEED0300EE
:104F0000F0B50F4B01461A680E4B0B2500261846CC
:104F10001F46B84201D3013D04D11846013A196039
:104F20005A60F0BD04688C42FBD03CB14468141B4D
:104F3000A642BCBF034626460830EAE70346ECE734
:104F400060F700206CF700200020054BC3E900004B
:104F5000044BD3E8EF2FC3E8E10F0029F9D17047E4
:104F600064F7002060F700202DE9F04F89B0054676
:104F70000E4614F0A0F820B96FF06D0009B0BDE83E
:104F8000F08F15F0B1FE33680446002B0F4604D1B4
:104F90000AF0A0FB6FF00A00F0E7BCBF4FF0FF3350
:104FA00033600122002101A815F093FCE846079523
:104FB000EFF3118B202383F31288BFF36F8F16F06A
:104FC000A9FCDFF82CA1DFF82C915AF80000FFF7BC
:104FD00097FFD9F8003042689A426ED10023434DC2
:104FE00000936B68002B6FD1C5E900888BF31188A3
:104FF000BFF36F8F33685A1C6BD04FF4004E40F2F2
:10500000E730002123EAE37C4FF47A720023CCFBE3
:105010000E01F3F733FE02460B4601A809F0DEFE4F
:10502000EFF3118B202383F31288BFF36F8F0022DD
:105030002B685BB1434556D10099002A4DD16A686F
:1050400029609A4200D169600023009316F062FC47
:105050005AF80000FFF754FFD9F8003043608BF393
:105060001188BFF36F8F14F026F8002884D03568BC
:105070006B1C27D015F038FE4FF47A7EA0FB0E3261
:105080000EFB0121A4FB0E420EFB0722DB0BE40BFF
:1050900043EA414344EA42441B1B4FEAD1314FEA01
:1050A000E57C61EBD231ED1A6CEB010CBCF1000F29
:1050B000B8BF002535602DB96CE743608BF31188CC
:1050C000BFF36F8F002059E7C3F80080C5F8048054
:1050D0008CE74FF0FF3213469FE7116069689942F1
:1050E00008BF6A60B0E71A461B68A2E764F70020B1
:1050F0000800000060F70020024600B516F00AFC28
:10510000014B1A505DF804FB0C00000030B4046839
:105110002CB10D4B9C4202D3C0339C420BD30B4CA1
:105120002378072B0BD85D1C2570074C03EB43033A
:1051300004EBC3030360006830BC15F0CABB6FF01A
:105140000B0030BC704700BFA0F600209F0101207B
:1051500002682AB1094B9A4202D314339A4206D309
:10516000074B1A7832B901221A70044B03600068A9
:1051700015F0D4BA6FF00B00704700BF8CF600201A
:105180009E01012038B505460A4BD3E8EF1F0131D7
:10519000C3E8E21F002AF8D1074B1C6804B938BDE8
:1051A000E369AB4201D005B113B9201D09F0E2FD5E
:1051B0002468F3E760F7002064F70020014600222E
:1051C0000023014815F013BABCF70020014601483E
:1051D00015F017BABCF70020014600220023014851
:1051E00015F005BAD0F700200146014815F009BABC
:1051F000D0F7002008B54FF480620649064815F044
:10520000ACF9BDE808404FF402520449044815F0D7
:10521000A4B900BFA0010120BCF70020E884002051
:10522000D0F7002010B5044B1C6804B910BD201D38
:1052300009F0A0FD2468F8E764F7002070B5054682
:10524000054C064EB44200D370BDD4E90031284667
:1052500098470834F6E700BF041804001C1804003F
:1052600003460121014A02480EF083B912EE030001
:10527000F8BE030008B1FFF7F3BF014807F0F6BE20
:105280003D520200292800F0838009DC012853D018
:10529000062800F08780002874D04FF0FF30704758
:1052A000B0F58D7F08D0B0F5007FF6D140F206430F
:1052B0009942F2D11E2128E00F2929DC0029ECDDDA
:1052C0004B1E0E2BE9D801A050F823F00B5302001F
:1052D0000B5302000B5302000B5302000B5302004E
:1052E0000B5302009B5202009B5202009B52020091
:1052F0009B5202009B5202000B5302000B53020010
:10530000295302002D5302000E2100201160704726
:10531000A1F2FA33032BC0D8A1F2FB310229F3D852
:10532000DFE801F0260608000F21EEE71021ECE788
:105330001221EAE71321E8E740F20943994219D024
:1053400009DC1429E1D004DC0229DED00429DCD0F8
:10535000A3E71529FBE7B1F5826F0DD040F2254395
:1053600099420BD040F20A43994296D12221CCE7D0
:105370001121CAE72121C8E72821C6E73D21C4E75A
:105380002021C2E740F20743994286D11F21BCE7A2
:10539000B1F5816FF4D040F2264399427FF47DAF9E
:1053A0003E21B2E740F21F4399427FF476AF3721A6
:1053B000ABE700BF4FF0FF32064B00201A609A6146
:1053C0001A639A641A669A67C3F89020C3F8A820F3
:1053D000704700BFECF700202DE9F0411446002291
:1053E00086B001290D461E46CDE90422DDF8308045
:1053F000076803D1192C12D15F2307E02146284604
:1054000003AAFFF73FFF002824DA6D2316F082FA83
:10541000144A13504FF0FF3006B0BDE8F08121462A
:10542000284603AAFFF72EFF0028EEDB143C012CD0
:1054300007D836B14FF008083268B3680492059374
:1054400004AE334629463846039ACDF8008008F06A
:105450003FFCE1E7B5F58D7FF3D10C2C08BF4FF091
:105460000408EEE70C0000002DE9F0411D46002382
:105470008AB00F461446CDE9043308230668214656
:1054800038460DEB0302DDF840800393FFF7FAFE88
:1054900000280ADA16F03EFA6D224FF0FF361F4B55
:1054A0001A5030460AB0BDE8F081012F1DD1A4F199
:1054B0001403012B19D803AA04AB304600923946D5
:1054C000029A08F0DFFC06460028EAD1012FE8D155
:1054D000042C0DD128680028E3D0FFF70DFE16F04C
:1054E00019FA0E4B1B582B60DBE742462B46E4E7CC
:1054F000143C012CD5D8D8F80040049B102C28BFB0
:105500001024CDE90630059B2246284606A90893BB
:1055100015F0BDFDC8F80040C3E700BF0C00000057
:105520000B490346087880B90A49097839B1A2F5D0
:10553000807102290AD9A2F58872012A06D9013B95
:10554000022B8CBF0020012070470020704700BF55
:10555000210601202006012070B4002318250168CF
:10556000084C05FB03F2A658B14206D1B0F906106B
:105570000832A01870BC0AF0B3BC0133082BF0D17C
:1055800070BC7047ECF700202DE9F04389B0054668
:10559000D0E900900E4617469846109C08B112F0CC
:1055A00034FDA4B9CDE9004443463A463146484665
:1055B00014F03BFA0446686828B14FF0FF324FF010
:1055C000FF3312F020FD204609B0BDE8F0832388A8
:1055D000012B0BD1ADF80830636862880393082370
:1055E000ADF80A2001936B440093DDE7022B18D13C
:1055F0006288ADF80830ADF80A20231D0DF10C0CBF
:1056000004F1140E624618685968083303C27345E2
:105610009446F7D1237D8DF81C301623019302ABFD
:10562000E2E716F077F96A22024B4FF0FF341A5086
:10563000C1E700BF0C0000002DE9F3470746904684
:105640000C4679B300231A46C868834235D1802AB4
:1056500072D800254FF0FF324FF0FF33394812F077
:10566000D2FCA946384EE368AB422DD80026354619
:10567000DFF8D4A0B14511DD85B9636838460193E0
:105680002368A9EB060200930AEB06014346FFF7E5
:105690007BFF051EEEDD2E44B145EEDC294812F0FD
:1056A000B4FC06E016F036F916224FF0FF35274B12
:1056B0001A50284602B0BDE8F087A16801EBC3018B
:1056C000496801330A44C0E7A36806EB090003EB0D
:1056D000C50253F83510526815F0D9FCA3684FEA9B
:1056E000C50A53445B6801359944BCE7A3684FEA97
:1056F000C60A03EBC6035B683BB14FF00009A36821
:1057000003EB0A025268914504D30136E368B342C1
:10571000ECD8CEE753F80A10636849440193236834
:1057200038460093A2EB09024346FFF72DFF011E06
:1057300005DB89440D44E2E700263546E6E70D46E1
:10574000B7E700BF9CCE0020A00501200C000000A0
:105750004FF0FF324FF0FF3370B505460B4812F0A3
:1057600052FC002318200A4A00FB03F156588C18FB
:10577000013605D15550054812F047FC204670BD52
:105780000133082BF0D10024F5E700BFE8CD00205D
:10579000ECF7002038B5094D04464FF0FF3228469B
:1057A0004FF0FF3312F02FFC00234FF0FF32C4E91B
:1057B00000232846BDE8384012F027BCE8CD002081
:1057C00010B50446094B0A4A186003680948DA61B3
:1057D000F9F74EFE236843B10C33D3E8EF1F41F0D5
:1057E0000801C3E8E21F002AF7D110BDE8F7002046
:1057F0000D5902001CC60300F0B5A1F581730468C1
:1058000087B0032B58D8DFE803F002417A54012710
:10581000D2E9016113683B4AB3F904300492ADF850
:1058200014308DF816703368994205D116F072F86D
:105830000C22354B1A5014E000F10805284615F0EB
:10584000F0FB2B4600223946306815F0C1FB0823D7
:10585000204600933C22394604AB08F039FA04464E
:1058600010B14FF0FF340EE0336814333360CDE9EC
:105870000200284602AA03A915F0D8FB039B002BBF
:1058800018BF6FF07704204607B0F0BDD2E90042A0
:105890001368143313600023CDE9033303AA04A96A
:1058A000083015F0C3FB049B0BB1039BE38000247D
:1058B000E9E713684360FAE7032913D0042919D1F3
:1058C000126832F4804304D016F024F816210E4BEF
:1058D000195004212046C2F3803207B0BDE8F040E1
:1058E00014F00CBB2046002214F008FB840304F4DF
:1058F0008044C8E716F00EF81622034B9AE76FF0C3
:105900005E04C0E7595502000C0000002DE9F0418B
:105910000D1E0646174615DA09F08CFEDFF8848066
:10592000012388F800303A46304625F04041F8F728
:1059300083FB002388F80030044609F08FFE2046E0
:10594000BDE8F08115F0804804D009F073FEDFF85F
:105950005880E5E7F5F784FF041E09DB29463A463F
:10596000304613F05AFE051E05DA20460DF088F980
:105970004FF0FF34E3E7FFF7EBFE014640B915F0C7
:10598000C9FF0C22054B1A50284608F06DF9ECE7C8
:1059900043462046024AF5F7A3FFD0E70C0000007B
:1059A00024C6030021060120200601202DE9F04332
:1059B00089B007460C461546F5F752FF0646002EFD
:1059C00038681EDB04B315B32B6801AA082B18BF77
:1059D00016230DF108090193494613F088FFB0F131
:1059E00000080BDBFFF7B4FE074698B915F092FFED
:1059F0000C22274B1A50404608F036F930460DF07D
:105A00003FF94FF0FF3619E02246A146E4E72A4667
:105A1000A946E1E764B15DB1B9F80020012A11D1CE
:105A200008232B60BDF80A3022806380039B6360EB
:105A3000002339463046174AF5F752FF304609B081
:105A4000BDE8F083022A17D118232B60BDF80A3075
:105A500003AD638023460DF11C0C23F8042B2A466A
:105A600003CA624518605960154603F10803F6D170
:105A70009DF81C302375DBE715F04CFF8622044BA4
:105A80001A50404608F0F0F83846FFF783FEB5E7B5
:105A90000C00000024C60300F0B50A880B46012A5A
:105AA000066887B00DD1ADF80020082249885B68F0
:105AB000ADF8021001936946304613F0A6FE07B018
:105AC000F0BD022A15D14988ADF80020ADF80210CA
:105AD0001A1D01AD03F114072C46106851680832F5
:105AE00003C4BA422546F7D11B7D16228DF8143027
:105AF000E1E715F00FFF6A22024B1A504FF0FF301A
:105B0000DDE700BF0C00000007B5D0E9003201213D
:105B100000920448044A0DF036FD03B05DF804EB32
:105B2000F4F700BAF8BE030044EE030008B50648D7
:105B300007F096FA034620B10121044A04480DF00B
:105B400018FD002008BD00BF555B02006DEE03008C
:105B5000F0BD03002DE9F84304460026244DDFF88C
:105B6000AC9000AF4D4521D3EEB12046F3F7B2F82B
:105B70000022411D00231F4814F039FD054650BB8B
:105B80006E4688B06A461C4BC2E905344FF4007378
:105B900093831A4B42F8103F4FF4E45103461848E0
:105BA000F6F71AFCB546BD46BDE8F88395F80880BF
:105BB00018F0010F0BD1296819B1204615F037FBF9
:105BC00028B118F0020F04D020466B6898470C35B6
:105BD000C8E70126FBE721460430F3F773F82946AE
:105BE000084814F059FE084809F054FADBE700BFF2
:105BF00084CC002098CD00209AEE03000300000121
:105C0000F0BD03009CCF002020CB0020D8CC00208A
:105C10002DE9F843134E144FDFF85480002200237F
:105C2000304609F075F80546B8B9BDE8F883237A1F
:105C3000DA070AD49B0708D4216819B1484615F041
:105C4000F6FA10B14846636898470C34BC42EED36C
:105C50002946404614F0D5FCE0E7044C05F1040960
:105C6000F4E700BF9CCF0020D8CC002084CC0020DB
:105C700098CD002050B103685BB143684BB1006917
:105C8000054BC01A18BF4FF0FF3070476FF015007A
:105C900070474FF0FF307047EEFFC00000232DE942
:105CA000F04F0C46017B89B005464268079369B105
:105CB000C4E9002308222281426803730792AB687B
:105CC00000200133AB60079B6B6079E0D0F808805F
:105CD000B8F1000F05D1104612F0DEFA08B1023219
:105CE0006A606F683E78002E71D00D2E51D00A2E5A
:105CF00002D17B78002B6AD03A46137892460D2B5E
:105D000002F10102F9D00A2BF7D04FF00009DFF8B9
:105D1000D0B05BF8041B08460191F2F7DBFF019954
:105D20000246504615F020FA002850D009F101092A
:105D3000B9F1040FEDD10D2E01D00A2E02D17B78DE
:105D4000002B47D1384612F0A7FA002842D102AE04
:105D50003946304607AAB8F1000F20D112F02AFBCD
:105D600096E8070084E80700237ADBB1237A0798D6
:105D7000053B032BA3D80178627A0D2903D8174B72
:105D80000B41DB071FD512F087FAE0B9002A96D144
:105D900014E07B78DBB10A2BAED1BB78AAE712F016
:105DA0009CFBDDE73046696807AA00F0A5F896E895
:105DB000070084E80700237A002BD7D16FF04C004E
:105DC00009B0BDE8F08F012A08BF2A7377E76FF0AA
:105DD0000400F5E76FF00A00F2E700BFFEDBFFFF0B
:105DE00068C603002DE9FF411F460023054688468B
:105DF0001646CDE901330393002A64D0FFF73AFF3A
:105E0000044688B9AB68013B99429CBF2B68C5E941
:105E10000130284601A9FFF741FFAB680446013B6A
:105E2000984505D90028F4D0204604B0BDE8F0819B
:105E30000028F9D19DF80C30052B47D115F06AFDEB
:105E4000DFF89080052F054640F80840019810D1F2
:105E500003782D2B02D16FF02104E5E70A222146B9
:105E60000AF052FC55F80830222BF4D030607160F3
:105E7000DAE70A2221460AF051FB013F0546032FCB
:105E800003D8DFE807F00D10141810F5004341F1B6
:105E90000001B3F5803F71F10001DCD23580C3E72A
:105EA000B0F5803FF7E710F1004341F10001002910
:105EB000D1D13560B8E715F02DFD58F80030222B10
:105EC000C9D03560D3E76FF01504ADE76FF05E041D
:105ED000AAE700BF0C00000048B141B10023054A09
:105EE000C0E900118360C3600261184670476FF01B
:105EF00015007047EEFFC0000B7830B5392B08D87D
:105F00002F2B0AD8202B23D00023C0E90033836035
:105F100030BD5A2B18D8402BF6D90C46164D14F824
:105F2000013F5A2B21D8402BF9D8203BDBB2192B4B
:105F300003D825FA03F3DB07F1D402B11460641A25
:105F4000092301604460E2E7613B192BE5D9DBE7F7
:105F50004B785A2B06D8402B02D8303B092BD3D88C
:105F60000131DAE7613B192BF9E75F2BD7D0613BB1
:105F7000192BE2D8D3E700BF0160FF0320B903214A
:105F8000024A03480DF0ECBA00F070B8F6EE0300D8
:105F9000B0BE030070B5064C064EC5B2B44200D385
:105FA00070BDD4E90031284698470834F6E700BFB1
:105FB000041804000418040010B51149114812F027
:105FC00041FB034630B1104A0121BDE810400F48A3
:105FD0000DF0CFBA12F038FB044610B10C4A03465C
:105FE000F2E712F033FB01210A4807F045F820469A
:105FF00012F030FB034608B1074AE5E710BD00BFC9
:106000006FEF030078EF030081EF0300B0BE0300E1
:10601000A2EF0300C2EF0300D5EF0300034610B563
:1060200030B10A4A0121BDE8104009480DF0A1BA7B
:10603000084B1978084B187812F00EFB034608B18C
:10604000064AEFE7BDE81040FFF7B6BFF6EF0300E2
:10605000B0BE030020CC002021CC00202BF0030098
:10606000014808F005BE00BF24CE002070B50646EA
:10607000124D4FF0FF324FF0FF33114808F080FD12
:106080002C6844B9082014F0F0FF48B9FFF7E8FF86
:106090006FF068000DE063689E4207D02468F0E767
:1060A000046046606B682BB9C5E90000FFF7D8FFB4
:1060B000002070BD18606860F8E700BFACF80020F1
:1060C00024CE002038B50F4C05462368C3B14FF0ED
:1060D000FF334FF0FF320C4808F052FD23680BB13C
:1060E0001C681BB9BDE83840FFF7BABF28465B689B
:1060F00098471CB1226823461446F2E72246FAE785
:1061000038BD00BFACF8002024CE0020024B186838
:10611000B0FA80F040097047ACF800201FB50023AA
:106120000393074B4FF48062029302AB009305493F
:106130000E23054808F0B4FF05B05DF804FB00BF6E
:1061400061F00300B0340120F8DC00200048704703
:10615000F8DC00202DE9F043B1B000AF054638224D
:10616000002107F1880014F0B9FF0A230021302232
:1061700007F15800C7E9013114F0B0FF4FF0FF33C9
:10618000294607F14400C7E91833C7E90633FFF78A
:10619000A3FE3A46012107F1440012F001F904463A
:1061A000E8B10346A44A0121A4480DF0E2F96E4685
:1061B0008AB06A46A24BD561C2E9053440F2013388
:1061C0001384A04B42F8103F00234FF411519B4819
:1061D000F6F702F9B546C437BD46BDE8F08307F1CE
:1061E000080107F1440097F8008012F0B6F8044661
:1061F00010B1954A0346D6E7B8F15A0F24D0BB68D0
:10620000032B21D902213B1D07F1380207F144007D
:1062100012F0C9F8014628B9102207F138000AF037
:106220000DFA78660A2303217B6007F138023B1DD3
:1062300007F1440012F0B7F8014628B9102207F11F
:1062400038000AF0FBF938663A46042107F14400A9
:1062500012F0A6F800287BD197F80090052107F1ED
:106260000C0207F1440012F09BF80621044607F1E6
:10627000100207F1440012F093F8FB682043034337
:1062800015D1D7E918016C468AB03D696A46C2E962
:10629000070106216D4EC2F82490C2E9056542F857
:1062A000101F4FF442516548F6F796F8A54608F0DE
:1062B000FB05012D4FD0B8F1050F00F28B80FFF7E1
:1062C00025FF002887D1624B1A78424509D087F80C
:1062D000880007F1880083F8008087F89080FFF736
:1062E000F1FE5C4B396E9A68914203D1DB687A6E9D
:1062F0009A421DD00423574D07F1580487F888307F
:106300000FCC0FC50FCC0FC594E80F0007F158064E
:1063100085E80F000FCE07F190050FC50FCE0FC512
:1063200094E80F0085E80F0007F18800FFF7CAFE28
:10633000494A13784B4566D0B9F1090F05D840F2A8
:10634000812323FA09F3DB0752D4444A4B4647E042
:106350004FF0000982E7002309260721C7E9083327
:10636000C7E90B3387F8283087F8343007F120026B
:1063700007F1140307F144007E6112F014F807F1ED
:106380002C020446082107F1140307F144007E6142
:1063900012F009F854EA00020ED107F1180307F1D0
:1063A0002C0107F1200000F085FB034620B12C4AA8
:1063B000294622480DF0DDF8B8F1010F03D0B8F1FD
:1063C000050F7FF47CAF3B6E01330ED0254808F0FB
:1063D000D1FC74E7B8F15A0F3FF471AF4346224A3B
:1063E000012116480DF0C5F8F5E64FF0040866E700
:1063F000052307F1880082F8009087F8883087F835
:106400009090FFF75FFE08F0FB08B8F1010F7FF4F2
:10641000E2AEBB69013309D1FFF798FE044600F0F4
:1064200065FC0146204614F0E9FAD4E607F11800AD
:1064300000F09CFACFE600BF68F00300B0BE030096
:1064400064F103000400000195F00300E4F0030090
:1064500022060120E0DD002023060120B8F1030020
:1064600037F1030024CF002090F1030008B506485F
:1064700006F002FE38B101210346044A04480DF03B
:1064800078F86FF00D0008BDCDF10300D8F10300DE
:10649000B0BE0300042810B504461DD8042820D837
:1064A000DFE800F0280A281F2800012217499A4037
:1064B0000A421FD1012B14D1FFF7D8FF034618B9A8
:1064C00000F06EF80346A8B10121114A11480DF001
:1064D00050F86FF00D0010BDA0F11403DBB2182BC3
:1064E000E3D90C48234601210B4A0DF042F86FF026
:1064F0001500F0E72146094806F0BEFD0028EAD065
:106500000121074A03480DF02BF8E2E7010C3001A6
:1065100015F20300B0BE03003FF203005BF203007C
:1065200066F2030010B5044694B03822002106A894
:1065300014F0D4FD214601A8FFF7CEFC6A460121E4
:1065400001A811F02DFF044668B101210346104A4D
:1065500010480DF00EF8012123460F4A0D480DF0AA
:1065600008F814B010BD009B4BB1012B07D00121DE
:106570000A4A08480CF0FDFF6FF01504EBE78DF8B0
:106580002030032306A88DF81830FFF79BFDE8E7BD
:106590009FF20300B0BE0300E4F20300C8F2030060
:1065A00008B5064806F068FD38B102210346044AE2
:1065B00004480CF0DEFF6FF00D0008BD48F3030047
:1065C0000BF30300B0BE030070B58EB00446382252
:1065D0000021684614F082FD00250E4E0834214645
:1065E00056F8040BF2F764FB48B90B2368468DF8A4
:1065F00008508DF80030FFF765FD0EB070BD013515
:106600000A2DECD16FF03C030121034A03480CF042
:10661000B0FFF2E778C6030053F30300B0BE0300F7
:1066200008B5064806F028FD18B1054806F024FD17
:1066300008B9002008BD6FF00D00FBE783F30300ED
:106640008FF3030038B5431E062B05460C4608D9C8
:106650000346124A124801210CF08BFF6FF015001F
:1066600038BD042902D90F4A0B46F3E70E4B5A5C9A
:106670000E4B53F820100E4806F0FEFC40B10121ED
:1066800003460C4A06480CF074FF6FF00D00E7E774
:10669000094B1D70094B1C70E2E700BF4AF4030070
:1066A000B0BE03006CF40300CCF40300A0C60300EA
:1066B00091F40300A7F4030021CC002020CC00209B
:1066C0000023064A13601371054A13601371054ACB
:1066D00013601371044A136013717047330601206D
:1066E000290601202E06012024060120072810B5C6
:1066F000144605D009280CD0BDE81040FFF7E0BFD4
:106700000748F2F7DFFA21460648BDE81040F2F7E5
:10671000D9BA0548F2F7D6FA21460448F5E700BF92
:1067200033060120290601202E060120240601201F
:106730002DE9F74F052304226E460025CDE90023FD
:10674000154FDFF86880DFF8689056F804BB134BEC
:10675000BBF1040F14BF3C464446204614BFCA4652
:106760009A46F2F7B7FA042810D121465046F2F7BC
:106770009FFA58B122465946094806F07DFC034667
:1067800020B10121074A08480CF0F3FE15B103B00F
:10679000BDE8F08F0125D8E7380601202906012041
:1067A000FBF403000CF50300B0BE03003D0601201E
:1067B0002406012010B592B004463822002104A816
:1067C00014F08CFC00236A4600938DF80430029389
:1067D0008DF80C30204602AB06A9F2F769FE03469D
:1067E00030B101210D4A0E480CF0C3FE12B010BDAD
:1067F00069469DF8180002AAFFF778FF9DF8183047
:1068000023B1FFF7A3FC074914F0F8F8022304A80A
:106810008DF81030FFF756FCE8E700BFAFF5030036
:10682000B0BE030030CB00202DE9F74F0523042232
:10683000CDE90023224B187090B9224806F01CFCC9
:10684000034648B1204A214801210CF092FE6FF026
:106850000D0003B0BDE8F08FFFF732FF0020F8E72E
:106860006D4600241A4E1B4FDFF87C8055F8049BC0
:10687000194BB9F1040F14BFB246BA46504614BFC3
:10688000C3469B46F2F726FA042813D151465846D0
:10689000F2F70EFA40B152464946104806F0ECFBBA
:1068A000034618B10E4ACEE7FFF742FF002CD5D1C0
:1068B0000124DBE749460B4806F0DEFBF0E700BFAA
:1068C00042060120ECF50300F8F50300B0BE03001A
:1068D00022CC002027CC00203306012023F6030021
:1068E00046F6030037F603002E06012008B548B926
:1068F000054B1B7833B1FFF7E3FEBDE808400120EC
:10690000FFF792BF08BD00BF42060120072810B55F
:106910000C4609D0092813D00121104A10480CF068
:106920001FFE6FF015000AE091B10846F2F7D2F9A8
:106930000428F6D10B482146F2F7C4F9002010BD17
:1069400051B10846F2F7C6F90428EAD10648F2E741
:10695000044B00221A70F1E7034BFAE7CBF5030072
:10696000B0BE030027CC002022CC002010B5044686
:106970008EB038220021684614F0B0FB0C4B216821
:106980001A68914203D162685B689A420DD0012374
:10699000206861688DF80030054B03C3206861688A
:1069A00002AB03C36846FFF78DFB0EB010BD00BFFE
:1069B000B4F8002038B50C46054640B931B3084656
:1069C000F2F788F9082816D06FF0150012E0F2F7F8
:1069D00081F90828F8D18CB12046F2F77BF9082814
:1069E000F2D129460B48F2F76DF921460A48F2F731
:1069F00069F9002038BD074B1D70F6E729460548A8
:106A0000F2F760F90022044B1A70F2E7014B19709B
:106A1000F8E700BF2CCC002035CC002010B538B3EF
:106A20001448F2F757F904461348F2F753F9082CC3
:106A300015D108280ED1104A0E49104806F01CFB4B
:106A400038B1012103460E4A0E480CF092FD6FF05A
:106A50000D0010BD07490C4806F00EFBF0E70828B2
:106A600002D105490948F7E7094806F005FBE7E7C1
:106A70000848FAE72CCC002035CC002078F603003B
:106A8000BFF60300B0BE03008FF60300A1F60300BB
:106A9000B4F60300CCF70300002208B51146034604
:106AA000034806F0E9FA002818BF6FF00D0008BD92
:106AB000EEF603002DE9F3411D46002307460E467E
:106AC00014460193F2F706F9082838D13046F2F758
:106AD00001F9082833D124B12046F2F7FBF8082841
:106AE0002DD13288B3780021ADF8042001A802220C
:106AF0008DF8063009F0A2FD274B022253F82080C2
:106B00000021F01C09F09AFDB8F1000F1CD14FF0E4
:106B1000FF332B60ECB12288A378ADF8042000216C
:106B2000022201A88DF8063009F088FD1B4B53F8AE
:106B3000206036BB01211A4A1A480CF011FD6FF093
:106B4000150002B0BDE8F08100FB08F028600130BC
:106B5000E0D03A88BB780021ADF8042001A80222D9
:106B60008DF8063009F06AFD0F4B022253F82040E1
:106B70000021F81C09F062FD5CB1444300206C6008
:106B8000DFE702220021E01C09F058FD7043286075
:106B9000DFE74FF0FF34F1E700C70300E0C6030072
:106BA00003F70300B0BE0300C0C603000023F0B526
:106BB00093B00D460646CDE90433CDE90733CDE960
:106BC0000A338DF818308DF824308DF83030019369
:106BD00000285ED000295CD02F4CA02120462F4AEF
:106BE000237006F0ADFA034640B12D4801212D4A2D
:106BF0000CF0BFFC6FF00D0013B0F0BD21460DA8E6
:106C0000FFF76AF9012101AA0DA811F0C9FB03469B
:106C100038B10121244A22480CF0ABFC6FF04C0043
:106C2000EAE7019B23F00404012C02D002211F4A51
:106C3000F1E709276B460E2104AA0DA8009711F071
:106C4000B2FB034610B1184A2146E4E76B460F2118
:106C500007AA0DA8009711F0A6FB03460028F2D161
:106C60006B4610210AAA0DA8009711F09CFB034661
:106C70000028E8D102AB0AAA07A904A8FFF71AFF67
:106C800010B10B4A0346DFE7029B3360039B2B6086
:106C9000B2E76FF01500AFE74306012023F70300CA
:106CA000B0BE030030F703004DF7030072F7030096
:106CB00037F103004FF0FF3307B5684601A9CDE96E
:106CC0000033FFF773FF48B14D3004D00121054A6E
:106CD00005480CF045FC03B05DF804FB6846FFF77F
:106CE00045FEF8E7AEF70300B0BE0300004870476A
:106CF00040CB00207FB5014601A8FFF7EDF80DF16C
:106D00000202012101A811F048FB024630B10649F8
:106D1000064811F0A7FC07B05DF804FB044B9DF892
:106D200002001B689847F6E7D6F70300D0BE0300C1
:106D3000BCF8002037B50A2201A90B3009F07EFC0F
:106D400005460198D0B103782C2B17D10A220021D7
:106D5000013009F073FC04460C4B1B6873B193F9C6
:106D600008209442F9D15B6853B9094B93F900208C
:106D7000A24203D15D70074807F0FCFF03B030BDAD
:106D80002A460021E0B29847EFE700BFC0F8002094
:106D90003ECC00206CCF002010B5044668B14FF007
:106DA000FF324FF0FF33144811F093FC0021134BD6
:106DB0001A6822B9104811F08EFC002011E09442AC
:106DC00016D1226871B959681A608C4200D15A6094
:106DD00000230948236011F07EFC204614F03EF9A0
:106DE000012010BD0A605A68944208BF5960EFE75D
:106DF00011461268DDE700BF38CE0020C0F8002041
:106E000038B50C2014F031F9044698B17F230025E1
:106E100003724FF0FF324FF0FF334560084811F026
:106E200058FC084B25605A6832B9C3E9004404484D
:106E300011F051FC204638BD14605C60F7E700BFDC
:106E400038CE0020C0F800202DE9F7430646002583
:106E50003B4F57F835903046494614F0E8F94FEA71
:106E6000C5080446019008BB0135072DF1D1304615
:106E7000344914F0DCF9B0B10A22103001A90190B4
:106E800009F0DCFB45B201980A220021013009F02B
:106E9000CFFAC0B2002814BF062607262A4BEFB24D
:106EA0001C68002C3FD103B0BDE8F0834846F1F7E1
:106EB00011FF0346E35C2018202B01902DD10A22FC
:106EC00001A909F0BBFB44B247443F79012F12D11D
:106ED0001E4D95F90030A3420DD1019803782C2B5B
:106EE0001ED10A220021013009F0A2FA40B2A87096
:106EF000174807F03FFF144B1D68002DB7D06B6893
:106F00004BB195F90800844201D0621C03D10022E4
:106F10003946C0B298472D68EFE74FF0FF34D3E70A
:106F20004FF0FF30E3E763683BB194F908209542E6
:106F300003D100223146384698472468B1E700BFA4
:106F400020C7030057F90300C0F800203ECC002002
:106F500054CF002003460121014A02480CF009BB2E
:106F600012EE030010BF030010B518B1BDE81040C9
:106F7000FFF7F0BF064806F07FF8034630B1BDE8E2
:106F800010400121034A04480CF0F3BA10BD00BFC1
:106F900068F9030074F9030010BF0300012838B535
:106FA000044601D0152813D11C4806F065F80346A5
:106FB00020B101211A4A1B480CF0DBFA1A4806F0EE
:106FC0005BF8034620B10121184A16480CF0D1FAAB
:106FD0001CBB4FF0FF334FF0FF32154811F079FB27
:106FE000144B1C680CB1256824B91148BDE8384021
:106FF00011F071BB94F9080040B163681BB1002225
:107000000821C0B298472046FFF7C6FE1DB12B6885
:107010002C461D46E8E72B46FAE738BD94F90300F5
:107020009FF9030010BF0300C7F90300D3F9030061
:1070300038CE0020C0F8002010B5044618B34FF039
:10704000FF334FF0FF32134811F043FB124B1B6824
:107050000BB11A6853B90F4811F03DFBFFF7D0FE92
:10706000A0B1002344600372002010BD93F9081002
:1070700011B95B68A342F7D01AB1116813460A46EA
:10708000E8E71146FAE76FF00D00EEE76FF00B004E
:10709000EBE700BF38CE0020C0F80020F0B5002795
:1070A000A1B004460D460297002942D0302239464D
:1070B000284614F013F82E22394614A814F00EF8BE
:1070C00002AE234611211C4A03A808F0A3FF1B4966
:1070D000009614AB08AA03A806F01AF9041E0BDCEC
:1070E00014F14D0F05D001212346154A15480CF027
:1070F00040FA204621B0F0BD14AB2846029908AAF8
:1071000011F0B7FA2E22394614A813F0E7FF0E4902
:10711000009614AB08AA03A8029706F0F9F8002815
:1071200005DD2846029914AB08AA11F0A2FA002442
:10713000DFE76FF01504DCE78BFA03009BFA03002E
:10714000DAFA030010BF0300FDFA030070B50E4623
:10715000054686B098B10F2911D9162168460B4A09
:1071600005F0EEFF044668B98DF80F006B46314616
:107170002846074A08F04EFF204606B070BD6FF063
:107180001504F9E76FF00404F6E700BF1EF80300EA
:10719000B5CF0300014610B5064805F06DFF034664
:1071A00030B1BDE810400121034A04480CF0E1B9B8
:1071B00010BD00BFB5CF0300A6FB0300C8BE03008F
:1071C00003460121014A02480CF0D3B912EE030034
:1071D000C8BE030008B518B1BDE80840FFF7F0BF0E
:1071E0000B4811F07AFA0B4811F077FA084811F0C1
:1071F00074FA074811F071FA054811F06EFA044864
:1072000011F06BFABDE80840014811F066BA00BF02
:10721000510A0400CCFB03002DE9F04184B004AF17
:107220001E4615460346D7F8188000285DD0002971
:107230005BD05468002C58D09068002855D0002EA0
:1072400053D097F81CC02A4A91F800E0BCF1000F17
:1072500018BF1046DFF8B4C0CDE90240BEF1000F00
:1072600018BF62463046CDE900129521214A08F048
:10727000D1FE9428044619DD6C4688B06B6804AAD8
:107280001D49C2E905134FF4007393831B4B42F869
:10729000103F00234FF4E2511948F5F79DF8A54639
:1072A0006FF00B042046BD46BDE8F081002815DADA
:1072B0006B686D468AB004AA1249D061C2E9051311
:1072C0004FF400731384104B42F8103F00234FF427
:1072D00011510B48F5F780F8AD46E3E70123002490
:1072E000C8E9006088F80830DCE76FF01504D9E7DA
:1072F000510A0400F2FB03000FFC0300030000012D
:1073000008BE03004CFC030004000001C807040091
:10731000012307B5034A0093034B11F0F2F903B0C0
:107320005DF804FB70C70300510A040007B50B4663
:10733000114601220092034A11F0E3F903B05DF80F
:1073400004FB00BF64C7030070B5ADF5AB6D0E461E
:10735000DDF86C150546002936D01D480291002B3A
:1073600008BF0346DDF8681504A8CDE90031194BC4
:1073700040F2465153F82230174A08F04BFE40F2D3
:107380004553984204460ADD0121144A14480CF082
:10739000E7F86FF00B0420460DF5AB6D70BD0028CB
:1073A00006DA012103460F4A0D480CF0E2F8F2E735
:1073B000DDF870353146CDE900030B4A284604ABB1
:1073C00011F0C9F90446E6E76FF01504E3E700BFE2
:1073D00085FC03007CC703008AFC0300DAFC030081
:1073E00008BE03000CFD030058C70300132307B5B4
:1073F00001920093034A044B11F0ADF903B05DF81C
:1074000004FB00BF64C703002BFD0300024B1A7886
:10741000824218BF18707047F20F012038B5044639
:107420000A480D46F1F756FCA84206D90848022141
:10743000084A11F0F6F9002038BD2046034913F040
:10744000F6FE003818BF0120F6E700BF41CC00204F
:10745000F8BD0300A6FD030030B504460D4685B017
:1074600011491248F1F724FCD8B1114B2046029380
:10747000104B2A460193104B0C491B6800930023C4
:10748000FFF762FF041E08DA234601210B4A0C486D
:1074900011F0C9F9204605B030BD0A4B00241D701B
:1074A000F8E76FF08B04F5E7D2FD030041CC002034
:1074B000C60E0120510A0400CCF80020E1FD0300B3
:1074C000F8BD0300F10F0120002313B5CDE900330F
:1074D000022304468DF80030064B68461B68984727
:1074E0000420FFF793FF03212046FFF7B5FF02B00A
:1074F00010BD00BFC8F8002040F2465370B50D4CD7
:107500009942054601EB04060DD8A64201D8002099
:1075100070BD21462846321B10F09CF90028F7DB8D
:1075200004D00444F1E76FF07900F1E76FF0040054
:10753000EEE700BFEB08012010B500240120FFF7A3
:1075400065FF054B40221C70044B0549184613F09B
:107550001DFE80F8404010BDF10F012041CC0020FD
:10756000D2FD030013B50378052B44D8DFE803F000
:107570003D03231D2B2D05238DF800306423224C61
:107580006846019323689847204B02211868FFF74B
:1075900063FF60B11E4B1B784BB1022368468DF828
:1075A000003023689847FFF7C7FF02B010BD0320E3
:1075B000FFF72CFFF9E703238DF80030124B6846E4
:1075C0001B689847F1E70423F6E70121114A1248A6
:1075D00011F027F90D4B1868FFF776FF0028E4DA61
:1075E00002B0BDE81040FFF7A7BF052243688DF841
:1075F00000200193E2E70221084A074802B0BDE8F3
:10760000104011F010B900BFC8F80020D0F80020D9
:10761000F00F01200AFE0300F8BD030022FE030064
:107620002DE9F04F9BB0DFF808A304469AF80060FC
:107630000D4606AF5EB90221A14AA24811F0F1F849
:107640006FF0010B58465437BD46BDE8F08FDFF8A8
:10765000E4920B78C9F80000072B0BD8DFE813F091
:10766000080047004B00F8010A000A000A00020265
:10767000CB6913B14FF0010BE4E70122924B032ECB
:107680001A701DD0042E30D09642F3D18F49FFF7E7
:107690003FFE834658B18E4A31468A4811F0C1F800
:1076A0005B468C4A0221874811F0BDF8A7E02046CE
:1076B000894A8A49FFF73AFE834610B1884AEBE7C8
:1076C000022688498848F1F7F3FA0028D2D03146DB
:1076D0002046FFF7C1FE83460028CBD00346012198
:1076E000824A784811F09FF8DAE70326E9E700229A
:1076F000754B1A70BEE7D1E9018B4E695A46414677
:107700007B4B754811F058F800283DD15A46414648
:10771000784B714811F050F8002835D15A4641464F
:10772000734B6A4811F048F870BB5A464146714B9A
:10773000714811F041F8A8B95A4641466F4B6E485E
:1077400011F03AF8002895D09AF80030012B40F05B
:10775000478159464046FFF761FE002840F04581C9
:10776000674A0CE09AF80030012B40F09C805946A3
:107770004046FFF753FE002840F0DE80614A0221B8
:10778000504811F04EF892E09AF800A0BAF1010FBB
:1077900040F08D80DFF894813146D8F800302046E3
:1077A0007B60FFF7A9FE834610B15B46564A75E041
:1077B00009230493554B31460393FF230293544B03
:1077C000544801934FF48073CDF81480009307F16F
:1077D0000C02514B00F0C8F90128064623D00028BE
:1077E00010DA031D012B0DD96FF03C0B03465146F7
:1077F0004A4A344811F017F87B68C8F80030FFF7A0
:107800009BFE1FE7DFF8E0A04122514607F10C0084
:1078100013F0AAFCC0B90221414A2A4811F001F82C
:107820007B68C8F800302B7B012B0AD12B8BD9F851
:107830000000BB8107F10C010FF0CEFE834600284B
:10784000DDD14FF0000BFDE64022504607F10C0160
:1078500013F09CFC0023F01C8AF8403010D1334612
:10786000304A0121174810F0DEFF2046FFF72CFEBA
:107870008346BBF1000FC2DBBBF1010FD3D1F9E6A8
:10788000311D02D13346284AEBE701212046FFF79C
:10789000E3FD83460028C6D00346144A0121094867
:1078A00010F0C1FFE5E7033B012B7FF660AF3146E7
:1078B0002046FFF721FE83460028B4D075E700BFBD
:1078C0003EFE0300F8BD0300F00F01205B0F012016
:1078D0005FFE0300DBFE0300310E012088FE030083
:1078E0008EFE0300D2FD030041CC0020B4FE030055
:1078F000510A04003FD40300C60E01209600040084
:107900003F000400AFFF0300FCFE0300E20801207B
:10791000E3060120EB080120E20701201FFF03001E
:107920003FFF030069FF03008AFF0300CCF800203B
:10793000F20F0120D0F8002031462046FFF7DCFD91
:10794000834600287FF431AF5B490A6801320A6040
:107950005A4A1678022E23D0032E30D0012E37D16A
:107960000522C7E903005649564813F0FDFB0028DD
:107970005B460CBF1E224FF0FF3253495348CDF8EF
:1079800000B011F0A4F8034608B1514A69E702209B
:10799000FFF73CFD4F4B07F10C001B68984742E78F
:1079A0000123C7E903003B7302F06EFA494B3874B8
:1079B0001B6807F10C009847FFF7BEFD33E7FFF7A0
:1079C000BBFD454A4549D9F80000FFF70FFD2AE7FE
:1079D0000121434A434810F024FF6FF0150B0EE7D6
:1079E000033B012B3FF663AFB3E60023C7E9033344
:1079F000022301213C4A3B483B7310F012FF2E4A00
:107A0000314613682046013B1360FFF775FD83463E
:107A100010B10346354A41E76C4688B006AA34499E
:107A20005161344991614FF400719183324942F8B8
:107A3000101F4FF4E25103462A48F4F7CDFC254BC2
:107A4000A5461B6807F10C0098476FF00D0BD6E6B2
:107A5000CB69002B3FF40EAE0121284A214810F0DB
:107A6000E2FEEEE6D1F81CB0BBF1000F7FF4EAAD08
:107A70008B88B3F5046F06D06FF404621344022BB5
:107A80007FF6DFAEF6E5144A1449FFF7AFFC8346F4
:107A900058B1034601211A4A124810F0C4FEBBF146
:107AA000000F02DA5B46174AFCE50BF1FF33D3F116
:107AB000000B4BEB030BC5E5CCF80020F10F0120C8
:107AC000EEFF0300E2080120E3060120E2070120A7
:107AD000F4FF0300C8F80020310E012088FE0300E7
:107AE00026000400F8BD03007E0004009F0004008F
:107AF000B5CF0300EB08012003000001C100040022
:107B0000D60004000301040010B5E8B1104B1B7847
:107B100043B102210F4A104810F083FE4FF0FF34AA
:107B2000204610BD0D4B18600D4802F06BF904465D
:107B300030B1034601210B4A074810F074FEEFE70D
:107B40000120FFF763FCEBE76FF01504E8E700BFE7
:107B5000F20F01201C010400F8BD0300C8F800204A
:107B6000657502004A0104002DE9F04F89B0154601
:107B70001E46DDF848B0DDF850A0179F002800F041
:107B8000DA80002A00F0D780002B00F0D480139B0D
:107B9000002B00F0D080159B002B00F0CC80002F34
:107BA00000F0C98011F052F9804640B96FF001042D
:107BB000404603F029FB204609B0BDE8F08F5F493D
:107BC00011F04FF90446002800F0B3805C4911F031
:107BD00048F9814611F063F90028E7D02846412290
:107BE000D9F8101010F021FE2046564911F039F94D
:107BF000054611F046F90028D8D06B692046524955
:107C00003B6011F02EF9044611F050F910B96FF0F5
:107C10000204CDE720464D4911F023F9044611F046
:107C200045F90028F3D02046494911F01AF949498D
:107C30000746204611F015F947490546204611F040
:107C400010F946498146204611F00BF9044611F01F
:107C500026F900283CD068460FF014FE2569284616
:107C6000F1F738F86B46014600222846FBF712F878
:107C7000BDF806201699013292B28A42BDF80A7008
:107C8000BDF81250BDF8163050D80137BFB25F456D
:107C90004CD81D440135ADB2554547D82369BDF8D0
:107CA00004101598194410F0C0FDBDF80830216982
:107CB0003A461944304610F0B8FD2A46BDF8103057
:107CC000216901331944139810F0AFFD00246FE7C8
:107CD000384611F0E4F8002899D0284611F0DFF872
:107CE000002894D0484611F0DAF800288FD0D9F84F
:107CF00010402046F0F7EEFF169B984216D23869E6
:107D0000F0F7E8FF584511D22869F0F7E3FF504536
:107D10000CD22146169A159810F087FD5A463969FB
:107D2000304610F082FD52462969CCE76FF003041B
:107D30003EE701243CE74FF0FF343CE76F010400CD
:107D4000790104007F0104008D0104009901040001
:107D5000A2010400A7010400AC0104002D090400E5
:107D600000B589B020220021684613F0B7F903233B
:107D70008DF80030034B68461B68984709B05DF8E2
:107D800004FB00BFD4F8002010B588B004462022C0
:107D90000021684613F0A2F905238DF80030044B4A
:107DA00068461B68ADF80440984708B010BD00BF96
:107DB000D4F8002000B589B020220021684613F0D5
:107DC0008DF906238DF80030034B68461B689847F1
:107DD00009B05DF804FB00BFD4F8002070B58CB08A
:107DE00002AC84E803006946042481E80C0004A87E
:107DF0002022002113F072F9009B029D039E08933C
:107E0000019B3246284622498DF810400695079678
:107E1000099313F0D7F970BB324628461D4913F079
:107E2000D1F950BB324628461B4913F0CBF930BB81
:107E300032462846194913F0C5F910BB3246284688
:107E4000174913F0BFF9F0B932462846154913F027
:107E5000B9F9D0B932462846134913F0B3F90028CE
:107E60000CBF002307238DF81430104B04A81B68A7
:107E700098470CB070BD0123F5E70223F3E7032315
:107E8000F1E72346EFE70523EDE70623EBE700BF25
:107E9000F70304001A04040090D1030038D403004F
:107EA00077D40300B5010400C5010400D4F8002014
:107EB00013B500906846ADF80410ADF8062002F046
:107EC000C9F9044620B102460349044810F0C4FC35
:107ED000204602B010BD00BFD501040000BE030063
:107EE00010B5044688B020220021684613F0F6F849
:107EF0002378052B24D8DFE803F003071612141D9E
:107F000007238DF8003005E008238DF80030237931
:107F10008DF804300E4B68461B68984715E009231E
:107F2000EFE70A23EDE701210A4A0B480BF018FBA3
:107F30000C23E6E70B238DF8003063680193E9E733
:107F40000121064A04480BF00BFB08B010BD00BF2E
:107F5000D4F80020F101040000BE03000402040074
:107F600010B5044686B040B923480121234A0BF0DE
:107F7000F7FA6FF0150006B010BD1022002102A81C
:107F800013F0ACF8237D227E8DF80830E36802F010
:107F900001020393236960680493637EA1685B0018
:107FA00003F0020313438DF8163023780090022B60
:107FB000019112D0032B12D0012B12D11048009046
:107FC000F0F788FE0190E08A08B902F06BF9ADF88D
:107FD0001400684602F052F9CDE70A48EFE70A4874
:107FE000EDE708B10029EED103480121074A0BF063
:107FF000B7FA6FF03C00BEE700BE030017020400B2
:108000007B10012037100120F30F01203002040003
:1080100010B502F0FDF8044620B1024602490348BB
:1080200010F01AFC204610BD5802040000BE0300E8
:1080300010B588B0202200210446684613F04EF89F
:108040000D2301948DF80030FFF7E2FF024B6846E4
:108050001B68984708B010BDD4F8002010B5FFF792
:10806000DFFA041E09DA22460649074810F0F4FB3D
:108070002046FFF7DDFF002010BD14BF01200020C7
:10808000FAE700BF7A02040000BE030010B5044600
:1080900002460449044810F0DFFB2046BDE81040CA
:1080A000FFF7C6BF9F02040000BE0300202210B5E8
:1080B00090B0044600210DEB020013F00FF80223EC
:1080C0001C22002104F0010401A88DF820308DF855
:1080D000244013F003F801238DF804300B4B01A862
:1080E0000493FFF73DFF044638B1024608490948AA
:1080F00010F0B2FB2046FFF79BFF074806F03AFE60
:10810000064B08A81B68984710B010BD510A040020
:10811000B702040000BE030084CF0020D4F8002082
:1081200010B502460C4649B10A461448144910F0ED
:1081300093FB2046BDE81040FFF77ABF114B19882A
:10814000814209D1197939B11C715B79A3B9BDE8B4
:1081500010400020FFF7AABF5988914205D15979F4
:1081600019B100225A711B79F0E70448064910F052
:1081700073FB6FF00100DDE710BD00BF00BE030020
:10818000E7020400380101200C03040038B5174B46
:10819000174C1968A1B1012340F6A5122371154BA4
:1081A00022801868FFF784FE054648B12A46124827
:1081B000124910F051FB2846BDE83840FFF738BFA0
:1081C0004FF4F862012303210D4862806371FFF7C9
:1081D0006FFE05460028E9D123792BB963791BB9D5
:1081E000BDE83840FFF762BF38BD00BFFCF8002093
:1081F0003801012000F9002000BE0300DC0104006A
:10820000D8F8002010B5044648B1024609490A488A
:1082100010F022FB2046BDE81040FFF709BF21B156
:10822000BDE810400120FFF741BFBDE81040FFF757
:10823000ADBF00BF3303040000BE0300F0B5044629
:1082400089B01C22002101A812F048FF34B16068F7
:108250002468009058B9CDE901048CB94B4B0093C8
:108260002E2301934A4B02930823039319E0F0F75E
:1082700031FD0546CDE901045CB90028F2D1EDE7F6
:108280002046F0F727FD0390404B00932E230193E7
:1082900005E02046F0F71EFD0390002DF4D00028E5
:1082A000E0D0029D41212B463A4A3B4807F0B2FEFE
:1082B00000284ADB2B464421384A394807F0AAFEF9
:1082C000002842DB2B464421364A374807F0A2FEFD
:1082D00000283ADB354E2B464A213046344A07F017
:1082E00099FE002831DB334C30462660F0F7F2FC73
:1082F0000126314F60602B464A2138462F4A2672AC
:1083000007F088FE002820DB3846E760F0F7E2FC43
:108310002B4F20612B464A2138462A4A267507F002
:1083200079FE002811DB3846A761F0F7D3FCE06145
:10833000684684F8206001F09DFE044680B1024644
:108340002149224810F088FA07E06FF00B0220491B
:108350001E4810F081FA6FF00B04204609B0F0BD02
:108360001C4B186098804FF4702200231A4806F0C6
:1083700035FD10F10B0F0446EFD1184A3146134872
:108380000BF0EEF8FFF744FEE7E700BF55030400EB
:10839000840304008D0304007B100120A703040064
:1083A00037100120C4030400F30F0120061101203F
:1083B000E1030400D8F80020BC10012004040400EC
:1083C000501101207AD103004A04040000BE0300CA
:1083D000270404003801012084CF00206904040030
:1083E00008B510B14B1E072B07D907480121074AD2
:1083F0000BF0B6F86FF0150008BD054B1860054B83
:1084000000201960F8E700BF00BE03009C040400D0
:1084100000F90020FCF80020002330B589B000935B
:10842000184B05460193184B0293184B0393184BB6
:108430000493184B0593184B0693184B079348B9B0
:108440000121174A17480BF08BF86FF015042046EE
:1084500009B030BD1448FFF757FB044628B1024667
:108460001249104810F0F8F9F1E7114B68460093F3
:1084700001F0E6FD044610B102460E49F1E70E4B4D
:108480001D60E4E705820200617D0200DD7D0200DF
:10849000897D020021810200B57D02008D800200ED
:1084A000AD04040000BE0300E17E0200C30404002A
:1084B0005D800200DC040400D4F80020F7B5044617
:1084C00001900E4601A81949174610F0CAF9019DFE
:1084D0002B785B2B12D15D21284612F01BFEF8B1E0
:1084E0000130441B631CBB421DD82246294630463E
:1084F00012F0CDFD0020305503B0F0BD3A212846E2
:1085000012F008FE0028ECD12F21284612F002FEBE
:108510000028E6D12046F0F7DDFB431CE018E0E739
:108520006FF01500E8E76FF00600E5E7C607040006
:10853000F0B585B001900E4601A81B4910F091F9E5
:10854000019B1B785B2B03D1184901A810F089F916
:10855000174901A810F085F9054608BB019F2F2196
:10856000384612F0D7FDC8B93846F0F7B3FB0446D9
:10857000072C28BF07243946224602A812F087FD9F
:1085800004F110030DEB0304002302A804F8083CD7
:1085900012F0ACFD3080284605B0F0BDC41BE7E703
:1085A0006FF01505F7E700BFC607040046D30300C8
:1085B00039D303002DE9F3410E46164917460190C1
:1085C00012F035FE58B9144901A810F04AF90446D2
:1085D00060B16FF01504204602B0BDE8F0810F498C
:1085E00001A810F03EF90028EDD0F2E7DDF8048094
:1085F0004046F0F76FFB431CBB42054606D80246D7
:108600004146304612F043FD7455E4E76FF006042E
:10861000E1E700BFC7070400C8070400C60704005D
:108620002DE9F04198460C4698B000AF0546164635
:108630000021542207F10C0012F050FDC7F81480FD
:10864000002C35D004214FF4805378183B611E4A2A
:10865000234607F0DFFC391D284607F1080307F120
:108660000C020BF01FFA044620B37B696E46022B06
:1086700098BF164A8AB094BF52F82330144B6A460A
:10868000C2E90730134B14495362144BC2E9051574
:1086900042F8103F00234FF443511148F3F79CFE7A
:1086A0006FF07504B54620466037BD46BDE8F081E1
:1086B0002146D1E7BD683046D5E9062112F0E7FC36
:1086C00028460BF0F1F9EEE7F3F703009CC703002F
:1086D0000005040000020103080504000500000273
:1086E00048BE030038B505460068002814DB0BF0CF
:1086F000E1F9044658B113F00DF9084B1B58092B4A
:1087000005D00121064A07485C4210F0BCF84FF042
:10871000FF332B60204638BD0024FBE70C0000002F
:108720003405040048BE03002DE9F04F91B002AFBC
:10873000D7E91854B5F800A006468B46C7E90023D0
:10874000D7F86880BAF1000F47D1D8F810302A4620
:10875000002B08BF0223204698F80510FFF760FFA2
:108760008146002839D0D8F81030CBB16D468AB098
:1087700002AABE4BC2F81C90C2E905344FF4007344
:108780001384BB4B42F8103F00234FF41151B948FA
:10879000F3F722FEAD4648463C37BD46BDE8F08FB4
:1087A000EA468AB002AAB449D061C2E905144FF47E
:1087B00000711184AE4942F8101F4FF41351AD48B7
:1087C000F3F70AFED54601232A46204698F80510FD
:1087D000FFF726FF81460028C8D1288801281FD02E
:1087E000022840F03D817B685BBA6B801823BB6038
:1087F0005A463968F5F720FC00288146306014DAC3
:1088000013F088F89D4B01211B589D4A9948C3F1EC
:10881000000910F038F8B9F1000F00F0158125E0DB
:108820007B685BBA6B800823E1E798F805305BB39F
:108830000321944A8F483B6110F025F804234FF43C
:10884000826200930121484607F11003F5F7EAFC24
:10885000D0B113F05FF8894A3B69125801210092A8
:108860008448894A0AF08FFE6FF072093046FFF79C
:1088700039FF2B88022B4B4640F018810321834A95
:108880007C4810F000F89EE7BBF5817F04D040F2F1
:1088900011139B4540F0B580D8F80030FB60002BE9
:1088A00000F0AF8098F80490B9F1000F00F0A980B3
:1088B0000223D6F800A03B610423052200934FF465
:1088C0008D71504607F11003F5F7ACFC002858D025
:1088D00013F020F88146DFF8A4A16D4A50F80A3061
:1088E000012164480FF0CFFF59F80A30C3F10009A5
:1088F000B9F1000FBAD1BBF5817F5DD101202146CE
:1089000007F112020BF0D8F801287AD00220214694
:1089100007F112020BF0D0F8012872D02046F0F7D0
:10892000D9F9D6F800900222009023464FF48D71B9
:108930004846F5F777FC002863D012F0EBFFDFF82C
:108940003CA1C7F80CD08AB0814650F80A3002AA80
:10895000D3614FF400734F491384454BC2E90514AA
:1089600042F8103F00234FF411514248F3F734FD11
:1089700059F80A30D7F80CD0002B42D0C3F10009C7
:1089800074E74B460321444A3A480FF07CFF4FEA14
:108990008903009301224FF48D715046FB68F5F76F
:1089A00041FC0028A7D012F0B5FFDFF8D0A0814627
:1089B00050F80A30394A93E740F211139B4520D111
:1089C00098F80E30EBB1022330683B6104230E228D
:1089D00000934FF48D7107F11003F5F723FC80B17C
:1089E00012F098FF254B012153F800A02C4ACAF140
:1089F00000094B461F480FF046FFBAF1000F7FF405
:108A000035AF294631F8040B282307F11002F7F798
:108A100091FFE94688B002AA224B536107F1100387
:108A200093614FF4007393831F4B42F8103F002370
:108A30004FF4E6510F48F3F7CFFCCD463068294696
:108A4000BA68F5F72BFB10B94FF00009A3E612F056
:108A500061FF0A4B1B58682B05D0C3F10009DAE609
:108A60006FF0690902E76FF06E09FFE65505040033
:108A70000400000148BE0300800504000C00000053
:108A8000C5050400E7050400FD0504001307040004
:108A900028060400B40604005406040081060400FD
:108AA000E006040002070400030000010121024A5D
:108AB00002480FF0E8FE6EE64707040048BE0300D8
:108AC0002DE9F341002506460F461446A8460CB989
:108AD00020460EE0002322463046CDE90088791971
:108AE000F5F708FB031E07DA12F014FF044B1858C1
:108AF000404202B0BDE8F0811D44E41AE7E700BF40
:108B00000C0000004FF47A73B1FBF3F230B500248F
:108B100003FB1211594387B0431C02920394049142
:108B200015D0102314220093012102ABF5F77AFB34
:108B300058B112F0EFFE0446064D02214359064A91
:108B400006480FF0A0FE6059404207B030BD6FF0FC
:108B50001500FAE70C0000006107040048BE03009E
:108B6000431C07B50ED00023CDE90033F5F724FBF5
:108B7000002804DA12F0CEFE044B1858404203B02D
:108B80005DF804FB6FF01500F9E700BF0C00000072
:108B90007FB5044600F55076012120460FF0B4FE63
:108BA00030B14FF0FF324FF0FF33304606F016F988
:108BB000022120460FF0A8FEC8B1D4F83C3220466E
:108BC000DB689847014668B120680FF060FE002816
:108BD000E2D020680FF069FE0122022120460FF04A
:108BE00078FED9E70422022120460FF072FE03210D
:108BF00020460FF089FE30B14FF0FF324FF0FF33C7
:108C0000304606F0EBF8042120460FF07DFE0028E8
:108C10004ED0D4F83C3220465B699847054698B35D
:108C200010F1680F09D0014620680FF030FE0546AC
:108C300018B120460FF07EFEAEE720460FF043FE4F
:108C4000D4F83C322046DB68984703460028A3D07E
:108C50000121354A35480AF08CFC15F1680F0AD11C
:108C6000294620680FF013FE28B9042120460FF092
:108C70004BFE0028E1D120460FF025FE20680FF0C2
:108C800014FE01220421A9E794F8383283B1284A5E
:108C9000032126480AF064FC20460FF04BFE022216
:108CA000CDE90155236803958DF8042001A8984764
:108CB000052120460FF028FE60B1637E8BBB204665
:108CC0000FF001FE0122204605210FF002FE206870
:108CD0000FF0EBFD062120460FF016FE00283FF4B2
:108CE0005BAFD4F83C3253B120460FF0ECFDD4F822
:108CF0003C3220469B6898470023C4F83C3206214A
:108D0000204600220FF0E5FD0023CDE90133039357
:108D1000042322688DF804300DEB0300904704B063
:108D200070BD0322CFE700BF9407040048BE0300D4
:108D3000B00704002DE9F04FC5B004469946D0F8BD
:108D40003C3200AF00F556784046BB6016464FF007
:108D5000FF334FF0FF328A460FF097FD0121204686
:108D60000FF0D2FDB0B9032120460FF0CDFD88B938
:108D700094F86C330121994A99480AF0FAFB40466D
:108D80000FF0A5FD4FF0FF35284607F58A77BD4661
:108D9000BDE8F08F032120460FF0B6FDF860F0B17A
:108DA0004FF48072304607F11001FFF787FB50B196
:108DB00001218C4A8A480AF0D3FB40460FF087FD18
:108DC0006FF01505E0E74FF4807204F12C0107F114
:108DD000100012F0C9F9B0FA80F35B09FB604FF4A0
:108DE0008072304604F12C01FFF768FB834630B1F6
:108DF000012103467C4A7A480AF0BBFBDDE7FF22EB
:108E0000304604F59671FFF7D5FB0546B8B16C46C0
:108E10008AB06A46754BD661C2E9053040F201332B
:108E20001384734B42F8103F4FF411515B466C486A
:108E3000F3F7D2FA4046A5460FF049FDA4E7D6461F
:108E400004F10C0CBEE80F00ACE80F009EE80F0028
:108E50008CE80F0094F8283004F10C02C4E98B5917
:108E6000C4F8345284F838527A6013B90A2384F86B
:108E70002830DFF8A8910023CB46C4F83C325D4A85
:108E80005B4693450DD21A683146204612683B6016
:108E900090470BF1040B3B680028F0D01B68C4F826
:108EA0003C32D4F83C32002B54D13046524912F0B7
:108EB000BEF9C0B16C4688B06A46504BC2E905366F
:108EC0004FF4007393834E4B42F8103F00234FF44E
:108ED000E2514348F3F780FA4046A5460FF0F7FC0D
:108EE0006FF07A0550E7DAF80030002B46D09AF898
:108EF0000410444A444B00290CBF92469A46EB4664
:108F00008AB06A46414BC2F81CA0C2E90536404B04
:108F10001362404B42F8103F00234FF42251304877
:108F2000F3F75AFADD46334A9145CB460ED2DBF8C9
:108F30000030514620461B68984709F104092D4A24
:108F40000028F1D0DBF80030C4F83C32D4F83C32D1
:108F5000002BAFD0032120460FF0D6FCF8B1FB6800
:108F60007BB10422032120460FF0B3FC40460FF0F2
:108F7000AEFC04F5507005F0FDFE05E7DFF884A0B7
:108F8000BDE7BB685BB11B6920469847BB682046BC
:108F90009B6898470122032120460FF09AFC022289
:108FA000012120460FF095FCD4F83C323246204691
:108FB0005B687968984706460028D7D001220221CD
:108FC00020460FF086FC40460FF081FC012133461D
:108FD000114A03480AF0CDFA3546D5E6D307040016
:108FE00048BE0300EB070400040804002508040041
:108FF000040000014C180400C60704004E080400D9
:1090000003000001C2070400CA0704006808040046
:10901000000201030400000295080400481804003F
:109020002DE9F04184B00E46D0E98B130446154675
:1090300000AF29B3E8468AB06A461448D161C2E954
:10904000050364204343B3FBF1F31362052342F8A5
:10905000103F00234FF423510D48F3F7BDF9C546E7
:109060000022C7E9026523683A71381D984710B19C
:1090700020460FF05FFC00201037BD46BDE8F081B0
:109080000321044A02480AF074FAE9E7BC08040024
:1090900048BE0300DA08040070B50D46044688B0E7
:1090A000002847D0002945D00B68002B42D04B68E0
:1090B000002B3FD08B68002B3CD04FF41462002172
:1090C00012F00CF895E8070084E80700012200215F
:1090D00004F5507011F0FDFB04F55676304611F0A2
:1090E0001DFB4FF0FF324FF0FF3330460FF0CDFB4A
:1090F000002200230025CDE906230E234FF4A062B1
:10910000CDE90335CDE901550C4B009404F5886198
:1091100004F55C7006F0F0F8C4F83804084911F062
:10912000B9FC0123304684F86C330FF0D0FB28469D
:1091300008B070BD6FF01500FAE700BF918B020018
:10914000EE0804002DE9F743894616461F460446FB
:10915000C8B3C1B3BAB3B3B300F5567840464FF0C5
:10916000FF324FF0FF330FF090FB012120460FF04C
:10917000CBFBA0B9032120460FF0C6FB78B994F8C9
:109180006C3301211A4A1B480AF0F3F940460FF0EC
:109190009EFB4FF0FF34204603B0BDE8F08330461D
:1091A000EFF798FD05463846EFF794FDA1680544B2
:1091B00002358D420AD90F4801210F4A0AF0D0F931
:1091C00040460FF084FB6FF01504E4E70097334648
:1091D0000A4A606806F01EFF6268494620460A9BFC
:1091E000FFF7A8FD044640460FF071FBD3E700BF30
:1091F000D307040048BE0300F90804003109040045
:1092000038B506220D4601230446C0E997231F49BD
:109210000822284611F0A8FF48B1072228461C4919
:1092200011F0A2FF98B1237C8BB1E3687BB14FF4BE
:109230008173C4F85C32E3680BB1237C3BB91548F9
:109240000221154A0AF08CF96FF0150038BD284646
:1092500004F51971FFF76CF950B1D4F85C32062BA4
:109260000AD0B3F5817F03D140F2BB13A4F8643276
:10927000237E1BB90020E9E75023F7E7D4F86032DA
:1092800043F08043C4F86032F4E700BFCA0704002B
:10929000C207040048BE03003709040010B50C469D
:1092A00008222046074911F05FFF40B107222046FF
:1092B000054911F059FFB0FA80F0400910BD0120B6
:1092C000FCE700BFCA070400C20704007FB500F135
:1092D0000C03029300F12C03019300F26623009328
:1092E00000F51676B0F86432D0E99712044630469D
:1092F000FFF71AFA054680B9D4F84012D4F858029C
:10930000FFF700FC054658B101210346074A08480B
:109310000AF02FF93046FFF7E5F9284604B070BD92
:10932000012384F8440284F88032F6E75D090400E2
:1093300048BE03002DE9F04387B090F88032044620
:1093400004AF002B6FD00023C0F8343280F85432C1
:10935000D0F85C32B3F5817F10D1037E73B94369D5
:10936000B3F5006F08D90221B34AB4480AF0F8F8FF
:109370004FF40063636101E0002BF9D0D4E90101EF
:109380006569D4F8306204F5967304F12C0C35B39A
:10939000D4F82C223544013D1AB1013A954228BF38
:1093A0001546CDE90165A64ACDF800C006F032FEAB
:1093B000012384F845320023C4F84832002802DB38
:1093C000A36883421CD201219E4A9C480AF0C8F837
:1093D0006FF0670528460C37BD46BDE8F0833EB107
:1093E000CDE900C6984A06F015FE84F84552E5E737
:1093F000964ACDF800C006F00DFE84F84562DDE720
:1094000002466168D4F85802FFF75AFB48B112F0DF
:1094100081FA8F4B1B5801218E4A88480AF0A9F81F
:10942000D6E784F88002D4F83432D4E90112D4F8B3
:109430005802D21A1944FFF793FB051E14DA15F1EE
:109440007A0F0CD1636953B1B3F5807F02D9803BA9
:109450006361BDE7083B082B6361BBD9B8E794F8AB
:109460004432002BB6D0B3E7B2D0D4F8346294F8CB
:1094700054322E44002B40F0B18132467649606868
:1094800011F0A0FE002876D0012384F854326368DE
:10949000011DCD1A00210A46AA4260686DD12A46F4
:1094A0006E4911F08FFE804678B162686C49821A6D
:1094B000AA1A11F087FE786038B10A22391D08F126
:1094C000090007F0BBF8C4F850026FF49671D4F8A5
:1094D00050325A18022A05D96FF499721344012B9D
:1094E00000F2D0802A465F49606811F06BFE80462A
:1094F000002800F0C78062680130821A5849AA1A11
:1095000011F060FE7860002800F0BC8008F10C05C6
:109510004FF000086E4688B080F8008004AA524BD5
:10952000C2E905354FF400739383504B42F8103F66
:109530004FF4E65143464148F2F74EFF2946B546FF
:109540002046FFF75DFE814668B38AB004AA484B07
:10955000D561C2E9053040F201331384454B42F82E
:10956000103F43464FF411513448F2F735FFB546EA
:109570006FF04C052EE735468CE7835C00EB020C60
:109580000D2B09D00A2B07D049B93A2B09D0A3F1EA
:109590004101192998BF203300218CF80030013295
:1095A0007AE70121FBE74FF48072284604F12C0191
:1095B000FEF784FF804668B18AB004AA2E4BD561BD
:1095C000C2E9053040F2013313842A4B42F8103FC0
:1095D0004B46C7E7FF22284604F59671FEF7EAFFDF
:1095E000B8B18AB004AA254BD561C2E9053040F272
:1095F000013313841F4B42F8103F4FF4115143467F
:109600000E48F2F7E9FEB54604F5567005F030FB5A
:10961000AEE794F8813294F828200133DBB29A4205
:1096200084F88132BFF4D4AE0121154A034809F011
:1096300097FF6FF01E05CDE68509040048BE0300C4
:10964000BE090400890A0400090A0400520A040041
:109650000C000000B50A04004D0A0400DB0A0400F7
:109660004F0A0400E50A0400F10A040003000001A7
:10967000060B0400040000012F0B04002508040061
:10968000580B0400D4F82C326068C3B994F8453202
:109690002A467BB3684911F095FD80B1636867493C
:1096A000C21AAA1A11F08EFD804640B16268644960
:1096B000821AAA1A11F086FD7860002832D12A4653
:1096C0006049606811F07EFD38B102215E4A5F4852
:1096D00009F046FF012384F8443294F85432002BF9
:1096E00042D0D4F850323BBB594A0121574809F0C7
:1096F00037FF3DE7574911F065FD0028DFD03A21DB
:1097000011F008FD626880460028D8D0821A4C49C2
:10971000AA1A11F057FD78600028D0D0D4F8303262
:10972000C4F82C3208F1010011F0E0FCD4F82C321E
:109730000344C4F82C32C2E794F845226AB9D4F83D
:109740003022002A0CBFC822CE22934207D001212A
:10975000414A3E4809F00DFF0AE7CE22F5E7D4F86A
:109760002C329BB93D4AC0E76568AB199D427B60CE
:1097700004D219780D2901D00A2911D1796811F87C
:10978000013C0D2B0ED00A2B0CD04D1B002DFFF6EB
:1097900021AEAE4209D10023C4F83432002519E6C7
:1097A000013BE3E701397960E8E73DB16068761B8A
:1097B0003246411911F078FCC4F8346294F85432FE
:1097C00063B9A368D4F834229342E7D10121244A33
:1097D0001E4809F0CEFE6FF00605FBE5D4F83032E6
:1097E000D4F82C2233449342354603D1012284F825
:1097F00080220AE094F845223AB1D4F84822606900
:1098000032448242C4F84822F0D2002E7FF7E2AD03
:1098100094F85422002AC1D03246C4F8303220468F
:109820006168FFF7FDFBD4E98B329A42B3D1012383
:1098300084F83832AFE700BF7F0B0400C80704008C
:109840004F0A0400A00B0400B40B040048BE030040
:10985000DC0B04008F0B04000D0C04002F0C040023
:10986000410C0400002307B5CDE90033044B8DF80B
:1098700000001B686846984703B05DF804FB00BF12
:1098800054FB002008B50649064811F0CDF80649FA
:109890000648FFF701FC10B90122054B1A7008BDFC
:1098A0000D99020010DE002050CB002040DE002089
:1098B0009A11012007B56FF0010111480FF0E3F88C
:1098C000104B1B7873B10022CDE9002205228DF8E0
:1098D00004300D4B68461B688DF80020984703B094
:1098E0005DF804FB6FF0200105480FF0CCF883060B
:1098F0004CBF0620012003B05DF804EBFFF7B2BFB8
:109900001CF900209B11012054FB0020B0B584B04D
:109910002D4802AFD0E8AF3FDB0608D44FF4004239
:1099200000232A4805F024FC0837BD46B0BD6FF07F
:1099300004010FF0A8F8381D00F018FD0446D0B15E
:109940006D468AB002AA224B5361224BC2E906300F
:109950004FF400731384204B42F8103F00234FF460
:1099600011511E48F2F738FD0523AD461C4A13700D
:10997000FFF7A0FFD8E77D681A4B1B4A00951B68CC
:1099800012681A491A48FFF7DDFBB0B16D468AB07C
:1099900002AA184B5361184BC2E906304FF400730A
:1099A00013840D4B42F8103F4FF4115123460B48DE
:1099B000F2F712FD0223AD46D8E703212B460F4AEA
:1099C000064809F0D6FDAFE71CF9002010DE0020A4
:1099D000760C0400C90E04000400000160BE030000
:1099E0009B1101204CFB002050FB002024FB002099
:1099F00040DE00209C0C0400B90E0400C60C0400DC
:109A00007FB50446002800F024810378032B00F280
:109A10009F80DFE813F00400BA00A20012016FF08B
:109A200002018D480FF02FF8820740F185808B49A5
:109A30008B480EF0CAFF58B105228A4B1A706FF09E
:109A4000040185480FF01FF8002000F0A5FC6BE032
:109A5000854BD4E901011B7863B100F049FC834DCB
:109A6000287050B9824A0121824809F079FD032209
:109A70007C4BE3E700F022FCF1E77F4B1B7830EAF8
:109A8000030209D07D4A009301210346794809F079
:109A90007AFD0422734BD1E7704E794B0021326876
:109AA00000F032FC10F11B0F034601D1754ADAE7D2
:109AB000002807DA744A01216E4809F05AFD06228F
:109AC000684BBBE7BBD103A800F050FC0028F6D1DF
:109AD000039B63B36048D0E8AF3F1B0713D56FF01B
:109AE00004010EF0D0FF00F06FFC014610B1674A90
:109AF0000346E0E7624B3268287800F005FC034635
:109B0000D0B1634AD7E704210EF0B2FF54480EF0FB
:109B100032FF4FF4004200235E4805F029FB032189
:109B20005D4A544809F01CFD4FF0FF3011E06FF022
:109B3000040149480EF0A7FFD4E9010100F020FC20
:109B400010F1160F034602D10321544A8CE710B9D5
:109B5000002004B070BD524AADE7012000F01CFCAB
:109B6000034618B900F04AFC034608B14D4AA2E783
:109B70006FF0010138480EF086FF102136480EF0D4
:109B800077FF0120FFF76EFEE2E7474D43682A6842
:109B90007AB113F1680F02D013F10B0F09D1022132
:109BA00013463448414A09F0E4FC2B68013B2B6022
:109BB000CEE701213E4A2F4809F0DBFC002000F0EF
:109BC000EBFB10F10D0F05D020B10121394A2948D6
:109BD00009F0C6FC6368234A13F16E0F10DA13F123
:109BE0007B0F1CDB01217B3301FA03F313F4A95F24
:109BF0001CD113F0C00F1BD1D90710D5072318E0D3
:109C000013F1220F14D013F1210F0ADA13F16A0FA6
:109C100011D004DB13F1680F0AD04D3308D00523AF
:109C200007E013F1160F06D00733F7E7117006E7C8
:109C30000223137003E70823FBE7074C102120469B
:109C40000EF016FFD4E8AF3F5B0781D4FFF732FE7A
:109C50007EE76FF015007CE71CF9002004F9002076
:109C600040DE00209B1101209D1101209C1101204C
:109C7000E40C040060BE030082CC0020F70C04005A
:109C80009D8A03002A0D0400380D0400510D0400C4
:109C9000750D040010DE00209D0D0400C20D0400AF
:109CA000D00D0400EA0D040020FB0020040E040087
:109CB0002E0E0400480E04002DE9F04F85B00D462D
:109CC0001E460446039200287AD0002978D0414BE2
:109CD0001B68002B74D001213F480EF0C9FE10EA2A
:109CE000010970D13D4F9DF83830052E7B710F9BD7
:109CF000BB606BD86FF0100137480EF0C4FE6FF0F8
:109D0000040135480EF0BFFE354B204683F8009025
:109D1000EEF7E0FF01462046F1F73CF9824628467F
:109D2000EEF7D8FF01462846F1F734F9DFF8CC808A
:109D30008146D8F80020DFF8C8B0924503D1DBF89F
:109D40000020904236D0082123480EF091FE254B8A
:109D5000C8F800A01C60244BCBF800901D60039B4A
:109D600043B13EB1214B03991846B20011F08FF96F
:109D70003E71386002211E4B9DF8402019601D4B3A
:109D800015481A700EF074FE002322460093134902
:109D90002B461948FFF7D6F9044638B16FF0010198
:109DA0000D480EF070FE14480EF0E5FD204605B09B
:109DB000BDE8F08F6FF0080107480EF064FEC6E7BB
:109DC0006FF01504F2E76FF07704EFE76FF0060429
:109DD000ECE700BF54FB00201CF9002024FB00200E
:109DE0009B11012050FB00204CFB002008F90020B3
:109DF00020FB002082CC002040DE002048FB002019
:109E000044FB0020B0B500AF50B3174B4FF40071C6
:109E10001860164800F01CFD0446B8B16D468AB0C3
:109E20006A46134B5361134BC2E906304FF400737B
:109E30001384114B42F8103F00234FF411510F4887
:109E4000F2F7CAFAAD462046BD46B0BD0C4B1870BD
:109E50000C4B1B78002BF6D1FFF714FD0446F2E7FC
:109E60006FF01504EFE700BF54FB002020F900203D
:109E70007D0E0400A60E04000400000160BE030075
:109E80009D1101209A110120014B1878704700BFE5
:109E90009C110120014B1860704700BF5CCB002073
:109EA000024B1A78824218BF187070479E19012021
:109EB00030B53A4D0C462B6887B04BB92378092B47
:109EC00009D8DFE803F00A1D28580808086108636C
:109ED00098470028F2D107B030BD637973B90520E7
:109EE000FFF7DEFF6B68002BF5D021796079003930
:109EF00018BF012107B0BDE8304018470120EFE747
:109F00000120FFF7CDFFAB68002BE4D0E06907B07C
:109F1000BDE8304018476368626921490293A3682D
:109F2000B2F5006F0393049107D9EB69002BD2D0EF
:109F3000002007B0BDE8304018471A480DF08DFCEE
:109F40000028F2D1237B012B06D1238B154801A9D0
:109F5000ADF804300DF040FB6369EC680593002C0C
:109F6000B9D0DDE90201A44606AB13E90C0007B045
:109F7000BDE8304060472B69002BACD0E169A08878
:109F800007B0BDE8304018476B69F5E7AB69002BB7
:109F9000A1D007B0BDE83040184700BF58FB0020F3
:109FA0009F19012078FB002007B5224C224D002389
:109FB000CDE900334FF0FF334FF0FF321F4804F07C
:109FC0000DFF0123ADF80430A36A00932B78032B17
:109FD00008D0052B06D02B78062BE8D020460DF0B4
:109FE000C6FBE4E720460DF0FCFB02460121684673
:109FF00009F003FD0028EEDB07D120460DF0CCFB75
:10A000000028E3D00B30E6D1E0E7BDF80630DB07EF
:10A0100006D4BDF8063003F03803002BD6D0DAE7BB
:10A0200020460DF0F5FB0028D5D12B78012BF0D878
:10A03000D1E700BF78FB00209E1901200CCF002043
:10A0400038B50A4B04461B78012B0BD80FCC084DB2
:10A050000FC594E80F0085E80F000120FFF720FFEF
:10A06000002038BD6FF05E00FBE700BF9E190120A5
:10A0700058FB0020F0B55C4B05461C78ADB0012CB8
:10A0800040F0AE80036904934369059383690693A6
:10A09000C369564807930DF0FFF92E68542200213A
:10A0A00016A811F01BF80021304603AB16AA19942C
:10A0B00009F0F8FC20B145420120FFF7F1FE7CE0F9
:10A0C000039B2BB39A68022A7AD108AF3E46DC691B
:10A0D000221D1434BC46106851680832ACE80300F5
:10A0E000A2426746F6D1424F0CAA344603CC9442B2
:10A0F00038607960264607F10807F6D118894BF2D7
:10A1000022333C4908804B8028230431F6F712FCA7
:10A11000039809F0C9FC354C364B374AA365374BD9
:10A12000E366AB682365EB686365042384F88230DB
:10A13000334B23674FF48073C4E91E236367314BAD
:10A140006366314BA366012384F824306B6903B145
:10A1500004ABE365EB6903B106AB23661E23022063
:10A160000C93002301260CAAC4E90B03C4E90F23B6
:10A170006363A6632A6884F84C306264FFF790FE3C
:10A180001A480DF0A1F90546002895D10420FFF7E3
:10A1900087FE0320FFF784FE3C220023CDE91855FB
:10A1A000CDE91623A06A102315220093314616AB81
:10A1B000F4F738F8154804F0DDFD28462DB0F0BD61
:10A1C000012A0BD1DA690B4952684A6018894BF2AF
:10A1D000223308804B8028230CAA96E71B6870E77F
:10A1E0006FF05E05E9E700BF9E19012078FB0020B3
:10A1F00044010120400101209F210120B19E020065
:10A200009F22012068CB002060CB00200CCF0020D3
:10A2100010B50D4B1B78052B12D10620FFF740FE21
:10A2200000210A480DF0FFF9044638B10120FFF77C
:10A2300037FE074B9B680BB120469847204610BD60
:10A240006FF05E04FAE700BF9E19012078FB002042
:10A2500058FB0020C388014633B1064B1B78052B01
:10A2600005D105480DF00BBA6FF0150070476FF07F
:10A270005E0070479E19012078FB0020838A01460A
:10A2800033B1064B1B78052B05D105480DF05EB99F
:10A290006FF0150070476FF05E0070479E19012047
:10A2A00078FB0020044B1888013080B2012838BFA9
:10A2B00001201880704700BF3E0101201F2910B502
:10A2C00004460BD900F0BCFA50B9204600F074F9EE
:10A2D00040B90121044A054809F042F9002010BDA7
:10A2E0000120FCE70220FAE7520F040028BE030019
:10A2F00008B50121024A034809F032F9002008BDDF
:10A30000520F040028BE030010B50446012C10466D
:10A310001A4603D0022C0FD10E4C05E00E4B1C68E0
:10A320000E4B9C4210D01C460B4B1C600C4B196012
:10A330002368BDE8104018470A4801210A4A09F07D
:10A340000FF96FF0850010BD054B1B688B42EBD1F8
:10A350000020F8E7D8C7030004FC0020C0C70300B2
:10A3600074CB002028BE0300E40C0400034B1B68E0
:10A370000BB15B6818476FF00C00704704FC0020BD
:10A38000044A126812B108B1936818476FF00C00C4
:10A39000704700BF04FC002010B5084B1B6853B188
:10A3A000DB689847044620B10121054A054809F0B9
:10A3B000D7F8204610BD6FF00C04FAE704FC00202B
:10A3C000700F040028BE030038B5094D2B6863B137
:10A3D0005B699847044630B10121064A064809F0F6
:10A3E000BFF8204638BD2860FBE76FF00C04F8E7A3
:10A3F00004FC0020700F040028BE0300034B1B6800
:10A400000BB11B6918476FF00C00704704FC00206B
:10A41000004870470CFC002030B5134C85B0236811
:10A42000DBB9E8B10568DDB14168C9B18268BAB18C
:10A43000256002934369019303690093C3680B4845
:10A44000F2F7F4FB044628B101210346084A094803
:10A4500009F08FF8204605B030BD6FF00D04F9E724
:10A460006FF01504F6E700BF08FC00200CFC00208C
:10A470008E0F040040BE030010B50446024809F0E8
:10A48000D3F92060002010BD0CFC00200A4610B556
:10A4900001460023064809F083F9044628B101214A
:10A4A0000346044A044809F064F8204610BD00BF82
:10A4B0000CFC0020B00F040040BE030010B50446A1
:10A4C00068B1002201231146074809F069F90446E2
:10A4D00028B101210346054A054809F04AF800223F
:10A4E000044B20461A6010BD0CFC0020B00F040085
:10A4F00040BE030008FC002008B500230648836026
:10A500000361C36833B1416900F07EFA0022034B56
:10A510001A6008BD1846F9E70CFC002008FC002072
:10A5200073B51F4A03211F4809F01AF80FF099FF6D
:10A53000024650B1112808D01B491A480EF0D3FA30
:10A540006FF00D04204602B070BD184E0020336835
:10A5500098473C2501A80FF0EFFE0446B0B16B1CF4
:10A5600003D10120336898473C25112C07D0052CD6
:10A5700005D022460E490B480EF0B5FAE2E74FF43B
:10A580000040002110F037FB013DE3E70220336873
:10A5900098470321074A034808F0E2FFD2E700BFCB
:10A5A000E70F040038BE03001E10040038FC002032
:10A5B000401004005D1004004068024BC31A58426A
:10A5C000584170476D6544752DE9F04198B002AF70
:10A5D0002B4B07F10C08054640461A600FF0E8FEC9
:10A5E000044650B10246274927480EF07CFA6FF026
:10A5F0000D005837BD46BDE8F08107F13006CDF8B3
:10A600000080242325213046204A05F003FDE8463A
:10A6100088B002AA1E4BC2E905364FF4007393833B
:10A620001C4B42F8103F4FF4E65123461648F1F711
:10A63000D3FE07F10800C5460FF09CFE024608B1A4
:10A640001549D1E7BB68AB4209D20F4800930121FD
:10A650002B46124A08F097FF6FF01A00C9E7381D21
:10A660000FF06AFE20B1112806D002460C49BBE764
:10A670007B68B3F5201FBCD1FFF752FFB9E700BFDD
:10A6800038FC00207610040038BE0300A01004003F
:10A69000A510040003000001C0100400F410040021
:10A6A0002311040008B50FF047FE30B102460349FC
:10A6B00003480EF018FA6FF00D0008BD23110400D6
:10A6C00038BE0300F8B506460F4603F09FFE02466B
:10A6D00048B110F1780F06D01C491D480EF003FA5E
:10A6E0006FF00D00F8BD01251A4B394630461D703C
:10A6F0000FF07AFE041E02DA22461749EDE71FD05A
:10A700002246164912480EF0EEF9012C1AD0A31E6B
:10A710000C2BE5D8A54015F40A7F0ED115F4904F07
:10A7200004D1022CDCD16FF00600DBE7FFF7F8FE66
:10A7300039463046FFF7C6FF10B16FF01500D1E77C
:10A740000020CFE76FF00B00CCE700BF57110400EB
:10A7500038BE03009F23012094110400B9110400A6
:10A7600008B503F083FE38B10246054905480EF0EE
:10A77000BAF96FF00D0008BD034B1870FBE700BF7E
:10A78000D611040038BE03009F23012010B50FF03E
:10A7900051FE1328044608D101210B4A0B4808F04A
:10A7A000DFFE6FF01504204610BD38B1024608499F
:10A7B00006480EF098F96FF00D04F4E70321054AFE
:10A7C000024808F0CDFEEEE70912040038BE03008F
:10A7D000431204007612040008B5074B1B781BB91E
:10A7E000BDE808400FF03DBE0020FFF7B9FF00288C
:10A7F000F6D06FF00D0008BD9F2301200023032138
:10A80000014A024808F0B5BEBC12040030BE030085
:10A8100013B50021084609F028F9044648B1002381
:10A8200000900121044A054808F0ADFE204602B020
:10A8300010BDFFF7E3FFF9E7F612040030BE030096
:10A840000068024BC31A5842584170473DB8F3960E
:10A8500040B110F0030305D1044A1060044A1846C1
:10A86000116070476FF01500704700BF44FC002076
:10A8700040FC0020F0B58BB000252C4A2C4C156014
:10A880002268034602AF52B901212A4A2A4808F039
:10A8900067FE6FF0120420462437BD46F0BDB0F5C8
:10A8A000F02F0AD94FF4F022012100922248234AC6
:10A8B00008F069FE6FF01A04EDE7214E30460FF004
:10A8C0001CFE0346A8B96C4688B002AA1D49516116
:10A8D0001D4991614FF4007191831C4942F8101F8A
:10A8E0004FF4E2511448F1F777FDA5466FF00D04DF
:10A8F000D1E7174B4FF40822C7E901362368381D0A
:10A90000FB60144BFD611B683B614FF4F023C7E90A
:10A910000523FFF781FD041E06DA012123460E4AB6
:10A92000054808F026FEB6E72C46B4E73CFC0020BC
:10A9300044FC00202113040030BE03005513040022
:10A9400050BA030087130400AA1304000300000197
:10A95000BE13040040FC0020C713040010B50446D9
:10A96000FFF78AFD20B9034A236812681344236065
:10A9700010BD00BF3CFC002030B4064A064C1368F2
:10A9800024680B44B3FBF4F504FB1533136030BCAF
:10A99000FFF77CBD3CFC002040FC002038B505469C
:10A9A000FFF78CFD044638B103460D4A01210D48DE
:10A9B00008F0DFFD204638BD65B10B4B1860FFF78E
:10A9C00027FD0A4900F020F804460028F2D0084A82
:10A9D0000346EBE70321074A024808F0C1FDE9E717
:10A9E000E813040030BE03003CFC0020FFFF0F0012
:10A9F00008140400271404000022024B1A60FFF719
:10AA00007BBD00BF3CFC00207FB50546C06801AAA5
:10AA10000DF0ECF8044640B1012103460D4A0E4802
:10AA200008F0A7FD204604B070BD01992B6A8B4247
:10AA3000F8D0E868029A08F0F9FE064638B101211C
:10AA40000346064A044808F094FD3446EAE7019BB1
:10AA50002B62E7E774DA030020BE030059140400F8
:10AA60002DE9F043224885B00EF04AF8002604464E
:10AA70001F4B204FD3F83880DFF88090B04503D8C3
:10AA8000002005B0BDE8F083636A97E807001D6801
:10AA900001AB83E807000C221946284610F02AFB78
:10AAA00078B975B122692B699A420AD1AB69A2695A
:10AAB0009A4206D8E2699A4203D963696A69934364
:10AAC0000CD0256A75B10C4808F0BAF8002383F35E
:10AAD0001188BFF36F8F0423184602DFE368013645
:10AAE0001C44CBE7484608F0ABF8636A1D60F5E705
:10AAF000008201004CBF03008B140400B414040056
:10AB000010B5074907480EF00AF8044628B101219C
:10AB10000346054A054808F02CFD204610BD00BF3D
:10AB20007DAD020048FC0020E714040008BF0300CC
:10AB30002DE9F041DFF840820D46D8F8704000AFB3
:10AB4000072C00F008065BD0132C00F0A080052C29
:10AB500040F0B980D8F854806C496D480DF0DBFFA7
:10AB600018F4805F41D06B4969480DF0D4FF172479
:10AB700018F4006F04D0684965480DF0CCFF182424
:10AB800018F4007F0ED0654961480DF0C4FF644B96
:10AB900018F4004F9B6B04D00121624A5C4808F016
:10ABA000E8FC192418F4806F04D05F4958480DF070
:10ABB000B2FF1A2418F4807F19D05C4954480DF074
:10ABC000AAFF1B24EB69002E40F09B80C3F3080210
:10ABD00022B96FEA53236FEA4323EB6129462046EB
:10ABE000F2F796F8BD46BDE8F0811624C0E718F4E8
:10ABF000005FE7D04E4946480DF08DFF1C24E1E789
:10AC0000D8F85C4042484B490DF085FF600606D5F8
:10AC1000D8F868300121484A3D4808F0AAFCE1070D
:10AC200005D546493A480DF076FF2624CAE7A20723
:10AC300005D5434936480DF06EFF2724C2E7630768
:10AC400005D5404932480DF066FF2824BAE72007B1
:10AC500005D53D492E480DF05EFF2924B2E7E106F7
:10AC600005D53A492A480DF056FF2A24AAE7A2063C
:10AC700005D5374926480DF04EFF2B24A2E72306C1
:10AC80003DD5344922480DF046FF2C249AE7D8F8E8
:10AC90006C8031491E480DF03EFF18F0020F03D0C2
:10ACA0002E491B480DF037FF18F0010F03D02C4937
:10ACB00017480DF030FF18F0040F83D029491448CD
:10ACC0000DF029FF7EE7284A284BE8468AB00F2C72
:10ACD000C8BF13466A462649103CC2E905134FF423
:10ACE00000731384234BD46142F8103F00234FF4C8
:10ACF00011510748F1F770FB0024C54662E725248F
:10AD000060E723F4FF7323F0010366E711DF03001C
:10AD100008BF030027DF03008BDD030038DF0300DB
:10AD200000ED00E051DF030066DF030081DF030078
:10AD3000EBDD0300211504003A1504004A15040058
:10AD4000601504007E15040099150400B615040072
:10AD5000CB150400E5150400F815040012160400D4
:10AD60004216040070160400AEDF030099DF0300F2
:10AD70008FE003000400000148FC002000B5104BE8
:10AD80009BB05A6AD86C00929A6A20F00500019232
:10AD9000DA6A694602921A6B03925A6B04929A6BB2
:10ADA0000592DA6B06921A6C1B6D07929B0748BFDF
:10ADB00040F00400FFF7BCFE1BB05DF804FB00BFD1
:10ADC00048FC0020F0B585B06E4681680546103914
:10ADD00021F0070408F0D1FC32460A4B03F1100CB5
:10ADE000374618685968083303C763453E46F7D1AC
:10ADF00010232146284608F08AFC003818BF01209D
:10AE000005B0F0BDAACA030030B50D46816887B011
:10AE1000102302AA1039044608F064FC002802DA64
:10AE2000012007B030BD1022204602A90DF0A4FE7B
:10AE300000283AD110221E4902A810F05BF9002820
:10AE40000CBF012302232B7020460DF08FFE01233F
:10AE500001460DF10702204608F044FC0028DFDB24
:10AE60009DF80730204603F00F021B096A702B7112
:10AE700001220DF107010DF07FFE10B96B78042B54
:10AE800003D901236B7000232B71A2682046183A66
:10AE900022F00702083AA91C0DF081FE0028BFD15C
:10AEA0002046E91C0DF0D4FEBBE70323CBE700BF2F
:10AEB000AACA030013B50C4B0C4603EBC00001A952
:10AEC0000079F1F7D3FD014660B9221E18BF0122B7
:10AED00001980DF0DAFE0446019808F002FC2046C5
:10AEE00002B010BD0124FAE7F0C703002DE9F041DC
:10AEF000A2B005460E46174698460FF0C5FD70B93C
:10AF0000114B1B785BB14FF0FF324FF0FF330F480E
:10AF100003F036FE044618B16FF0830510E00124FB
:10AF2000684608F0A6FC424639463046289BA847AA
:10AF30000546684608F0B5FC14B9044803F098FECD
:10AF4000284622B0BDE8F081AE230120B0CE00201B
:10AF5000002300B589B0CDE9063303AB0493042385
:10AF600003900593A9B10B6806934B6807930223DE
:10AF7000111E18BF01210848CDE9002140F2F5312A
:10AF800004AA00F02FF80028B8BF012009B05DF82E
:10AF900004FB0123ECE700BF0501004070B540262B
:10AFA00096B006AB05460C4632460021184610F016
:10AFB00095F84FF48072CDE90206CDE90454ADF85E
:10AFC000402054B1012304AA0092002104480193B7
:10AFD00002AA00F007F816B070BD2046FBE700BFDC
:10AFE0000001004010B4B1F5004F029C0FD2042BB9
:10AFF0000DD8042C0BD8240444EA0364134644EA15
:10B00000010201465DF8044B0348FFF76FBF6FF084
:10B0100080005DF8044B7047217C01002DE9F0476A
:10B020000A688B6806465C1CD018D35C0F46222B3E
:10B03000144440F0E18025460023D1F804C0A91A49
:10B04000614580F0D9802978222919D1C3F1010303
:10B05000281A3A69184490478146002800F0CC80AD
:10B060008046AC4216D3002388F80030102301201C
:10B07000C6E903393B68ED1A0135BD60BDE8F087CC
:10B080005C2905D10135A91A614580F0B5800133ED
:10B090000135D4E723785C2B06D0013408F1010296
:10B0A00088F800309046DCE76378752B0AD86D2B62
:10B0B0000FD8622B2AD023D82F2B39D05C2B37D036
:10B0C000222B35D048467B6998473B68E41ABC6020
:10B0D00095E06E3B072BF5D801A252F823F000BF94
:10B0E00019B10200C5B00200C5B00200C5B002002F
:10B0F00021B10200C5B0020029B1020037B102003F
:10B10000662BDFD10C2308F1010202E0082308F1CD
:10B11000010202210C44C3E70A2308F10102F8E707
:10B120000D2308F10102F4E7092308F10102F0E719
:10B1300008F10102EDE72B1B052BC3DDA01C0DF070
:10B14000FDFDA0F55C43B3F5806F8246BAD3A0F550
:10B150005843B3F5806F2CD2A31DEB1A052BB1DD3C
:10B16000A3795C2BAED1E379752BABD104F1080048
:10B170000DF0E4FDA0F55C43B3F5806FA2D20C2185
:10B18000204BC0F3090003EA8A23034303F5803A06
:10B19000F020042202F1FF3C58FA8CFCE0455FFAF3
:10B1A0008AF320D1012A14BF034303F07F034244F2
:10B1B000B0E77F280BD9B0F5006F0CD3B0F5803F16
:10B1C0000DD3B0F5881FBFF47DAF0621E0E706215F
:10B1D00000200122DEE70621C0200222DAE7062154
:10B1E000E0200322D6E703F03F0363F07F030CF86F
:10B1F00001394FEA9A1AD1E7002C7FF466AF00209C
:10B200003CE700BF00FC0F0070B504460F4D04B9C9
:10B2100070BDE3682668D90504D4A06870B92069B8
:10B220006B6888B9E3689B0503D4206A08B16B6832
:10B23000984720466B6898473446E8E7FFF7E4FFF5
:10B24000E368DA05EBD5EDE79847EBE778CB00202C
:10B250002DE9F04305464FF0000989B02F4F0C4609
:10B26000164600211C2201A898460FF037FFC7E9B7
:10B27000009925B90024204609B0BDE8F083002CD0
:10B280003DD0274BCDE9015493E8070008AB03E913
:10B2900007000DF0BFFD0446002830D0019850B1E2
:10B2A000039BE3B9029B042B04D903221D490FF031
:10B2B0005BFF88B101A80DF060FD01462046EEF766
:10B2C000A3F9C8B1B8F1000F0BD1002ED3D0019B68
:10B2D000039A13443360CEE703230393EAE7484617
:10B2E000E9E701A80DF049FDDDE90223934203D20D
:10B2F000019AD35C002BE8D02046FFF785FFDDE9FB
:10B300000223934201D332B1531E0EB1EA183260C8
:10B31000C7E90053AEE71346F7E700BFBCFC0020C7
:10B3200078CB0020C3160400054AD2F8883043F4D5
:10B330007003C2F88830BFF34F8FBFF36F8F704731
:10B3400000ED00E030B50468ACB1B4FA84F301223A
:10B35000C3F11F03DBB29A4024EA0202D0E8EF5F98
:10B36000A54204D1C0E8EC2FBCF1000FF6D1EAD120
:10B3700002480B7030BD0248FCE700BF0000AD0B77
:10B380000200AD0B10B50368CB40DB0710D40123DE
:10B390008B40026843EA0201D0E8EF4F944204D1A7
:10B3A000C0E8EC1FBCF1000FF6D1F2D1014810BD8E
:10B3B0000148FCE70000AD0B0400AD0BF7B50646F5
:10B3C00018B301281FD104224FF480730146294885
:10B3D0000025C0F80813012142F2107402F18042E6
:10B3E00003F1804303F5A04302F5A04211601D6004
:10B3F0008E421B681F4F8DF8071008BF0DF107051F
:10B4000046B1012E23D003B0F0BD0C224FF482735D
:10B410000221DCE7D7F8183403F480333DB9002B60
:10B42000F1D001200DF04AFD013CF3D1EBE7D7F854
:10B43000182402F003022A70002BE4D09DF80700C4
:10B440000128E0D10DF03AFD013CD9D1DBE7D7F876
:10B450000C3403F480333DB9002BD4D001200DF01F
:10B460002DFD013CF3D1CEE7D7F80C2402F0010208
:10B47000E1E700BF00500040044B1A7922B90122D5
:10B4800018601A710248704702487047C4FC0020D7
:10B490000000AD0B0C00AD0B08B5074B1B6833B1BA
:10B4A0000520F2F745F810B90520F2F71FF8012240
:10B4B000024BC3F8182508BDC4FC00200050004012
:10B4C00010B510B1012848D010BD294BD3F818147D
:10B4D000D3F81824C90324D502F00303022B05D0A6
:10B4E000012B02D00020FFF769FF0123204A022030
:10B4F000C2F8183508224FF48273002103F180430B
:10B5000003F5A04319601C68012402F1804202F592
:10B51000A0421460174A12681AB3154BC3F804030B
:10B52000D2E7D3F81424D207DFD5D3F81C2402F0D5
:10B530000302013A012AD5D80E4A12681AB1022232
:10B54000C3F80423C0E7D3F80421002AFBD000226B
:10B55000C3F80421D3F80431B6E700224FF4807316
:10B56000CBE71A68002AFCD019601B68ACE700BF63
:10B5700000500040C4FC0020F8B50126194C1A4FB9
:10B58000D4F8045305B9F8BDB5FA85F0C0F11F0031
:10B59000830003F580739BB203F1804303F5A0435E
:10B5A00006FA00F21968D2B225EA02050029E9D0AC
:10B5B0000021022A19601B68C4F808230DD1D4F8B1
:10B5C0001834D4F8183403F00303012B05D1C4F860
:10B5D0001825C4F80423A360D4E73B68C0B2984799
:10B5E000D0E700BF00500040C4FC0020036803F017
:10B5F0001F025B090260024818BF0020704700BFAD
:10B600000025844070B50D4C00F1080334F8133068
:10B610000546DA050E4607D5C3F3432304EBC30200
:10B62000526854F833309847A3682BB13146284606
:10B63000E268BDE87040184770BD00BF84CB0020B1
:10B64000024611F0010004D003490B6A13600B623B
:10B6500003B90020704700BF0025844010B4134A8E
:10B66000C0B2083032F81030D9051CD5C3F34321DD
:10B6700023F4F85322F81030002002F10E0434F8BD
:10B68000023F13F4807F03D0C3F3432399420AD0CF
:10B6900001302028F3D1002342F8313004485DF80E
:10B6A000044BFFF76FBE5DF8044B704784CB00205E
:10B6B000DCCB0020F0B505460020012604460746F5
:10B6C0008C420BD1114BD3F87C2132B10022C3F84C
:10B6D0007C21D3F87C3140F00040F0BDE3B29B0008
:10B6E00003F580729B0806FA03F31D420BD002F1AA
:10B6F000804202F54432D2F800C0BCF1000F02D003
:10B700001760126818430134DAE700BF00100340E5
:10B71000CBB2024608460D49083331F8133099067A
:10B7200011D599070FD4012110685B0B9940C0F81F
:10B730000813126802EB8303D3F8102522F00302EA
:10B74000C3F81025704700210DF005BC84CB002004
:10B75000F7B5194ECDB2083536F815300746DB0778
:10B760000C4626D5FFF7D4FF36F815309A0608D5D3
:10B770005A0B3B6803EB82030022C3F81025C3F881
:10B7800010252046FFF76AFF002301A826F8153090
:10B790000194FFF72BFF019B00EB8300D0F8002200
:10B7A000064B134043F00203C0F80032044803B0D4
:10B7B000F0BD0448FBE700BF84CB0020F0F8FCFF9D
:10B7C0000000AD0B0400AD0B2DE9FF4113680746E7
:10B7D0000C461646FBB1DFF84481CDB2083538F887
:10B7E000152002F02202222A22D000222046CDE992
:10B7F00000228DF80E208DF80F200DF10E010DF1B5
:10B800000F020DF05FFB38F8153023F0020343F010
:10B81000010328F8153073684BB31A785868DFF8BD
:10B82000FCC0E3B208333CF813108D0702D5B0B169
:10B8300038481FE021F02001C904C90C2CF813106E
:10B8400068B1032AF4D870683D68406890F800E059
:10B8500005EB8E058AB9C5F81025C5F810253CF80A
:10B86000131021F01C0141EA82022CF81320B36866
:10B870002BBB294804B0BDE8F081D5F8108541EA1A
:10B880004E3128F00308C5F810853D6841F02001CD
:10B8900005EB8E05D5F810052CF8131020F4473071
:10B8A00020F44070C5F810052002D5F8107500F49A
:10B8B000F85040EA02403843C5F81005CFE720466B
:10B8C000D3E90067FFF7CAFE002ED2D0134DD5E9A9
:10B8D0000023964203D19F4201D1002209E0104883
:10B8E0000DF10F01FFF72EFD0B4B9842C2D19DF8D1
:10B8F0000F20E4B205EBC20308345F6035F8143062
:10B9000045F8326043EA422343F4807325F814304B
:10B91000AFE700BF0400AD0B0000AD0B84CB0020EF
:10B92000DCCB00202DE9FF4107460C461E4612B332
:10B93000DFF8D480CDB2083538F81530980701D437
:10B94000990621D413F01C0F02D05378012B1BD081
:10B9500001238DF80F3000232046CDE900230DF19F
:10B960000F01931C01320DF0ADFA38F8153043F099
:10B97000030328F81530002E44D0234DE1B20831DE
:10B9800035F81120930703D4204804B0BDE8F081B6
:10B99000002096F800E03B6822F02002D20403EB7E
:10B9A0008E03D20CC3F8100525F81120C3F810053A
:10B9B00096F801C04FEA8E08BCF1000F22D038681B
:10B9C000B6784044D0F810354FEA0C4C23F4981365
:10B9D00023F4F853C0F81035230203F4F8530CF4A1
:10B9E000403C3605D0F8107543EA0C0306F4801687
:10B9F000334342EA4E323B4342F02002C0F8103556
:10BA000025F811200248C0E784CB00200400AD0BCC
:10BA10000000AD0B014BC3E90212704784CB00203C
:10BA2000054BC9B2083133F81130990643BF5B0B9F
:10BA3000024813700248704784CB00200000AD0B11
:10BA40000400AD0B70B5154D064695F860401CBB63
:10BA50002146402205F110000FF040FB21463068DE
:10BA60002E6D8E420ED10023C0F87C31D0F87C318F
:10BA700040F30730F1F73AFD0123094885F86030BB
:10BA8000AB6570BDCBB29B0003F580727C2B04BF0D
:10BA9000845083580131E4E70248F2E784CB002068
:10BAA0000000AD0B0C00AD0B034B93F860000038A9
:10BAB00018BF0120704700BF84CB00200148FFF76A
:10BAC00061BC00BFD8CB00200148FFF73BBC00BFE2
:10BAD000D8CB002073B503680C46D3F804130029B3
:10BAE000A4BF4FF00041C3F804131E49E3B208336A
:10BAF00031F8133099061AD513F0020617D15B0BF3
:10BB000005689C0004F580716E50695801682144F5
:10BB1000D1F8104544F00104C1F810452AB10122C2
:10BB2000016802FA03F3C1F8043302B070BDC3F335
:10BB30008203042B11D0052B11D001A80194FFF72B
:10BB400055FD019A0369D34003F00103991C204677
:10BB500002B0BDE870400DF0FEB90321F7E7022105
:10BB6000F5E700BF84CB00202DE9F347534B544F3A
:10BB7000D3F80403396DC0B240F00040FFF79AFDDE
:10BB8000051E18DA00236846F96D00934FF001088E
:10BB9000FFF756FD97F85C30DA0757D4396D4FF050
:10BBA0000040FFF787FD6846F96DFFF749FD002863
:10BBB000F0D125F000450124002D66D102B0BDE88A
:10BBC000F08794FAA4F4B4FA84F4E00804F10803CA
:10BBD00037F8139004F007021DF8003008FA02F25B
:10BBE00023EA02030DF8003001A80194FFF7FEFCE0
:10BBF000019B4FEA9901803350F82360C9F3820A10
:10BC00004B07D146C6F3014624D520465146FFF7DF
:10BC1000F9FC01A80194FFF7E9FC019BF6B280331F
:10BC200050F82330C3F301439E4207D10021204640
:10BC30000DF091F9314620460DF08DF901A80194DF
:10BC4000FFF7D4FC019B08FA03F30362009C002C6D
:10BC5000B7D1A3E7022E0CD1032120460DF07BF9CA
:10BC60000AF00503012BE9D149462046FFF7CAFC3B
:10BC7000E4E7022120460DF06EF9BAF1030FF3D08C
:10BC8000032EDBD1BAF1020FEDE795FAA5F3B3FA73
:10BC900083F304FA03F29B0003F1804303F544337A
:10BCA000D3F81005D3F81015C0F30420C1F30141F7
:10BCB00025EA0205FFF7A6FC7EE700BF001003405F
:10BCC00084CB002070B5084C0E462379154643B945
:10BCD0002A20F1F70BFC0123044823712660A5609C
:10BCE00070BD0348FCE700BFCCFC00200000AD0B9A
:10BCF0000C00AD0B002330B50D4A50F8234003F57E
:10BD0000A2710133082B42F82140F6D10023084AE2
:10BD100000F11C0103F5B27451F8045F0133082BE4
:10BD200042F82450F6D1036CC2F8043330BD00BF92
:10BD300000A0024038B50024154D2A20C5F8104552
:10BD4000C5F81445C5F81845C5F81C45C5F8204583
:10BD5000C5F82445C5F82845C5F82C45C5F89045D3
:10BD6000C5F89445C5F89845C5F89C45C5F8A04563
:10BD7000C5F8A445C5F8A845C5F8AC45F1F7C4FB1E
:10BD80004FF0FF33C5F80833024B1C7138BD00BFBC
:10BD900000A00240CCFC00200123024A8340C2F8EC
:10BDA0000433704700A002400123024A8340C2F8D6
:10BDB0000833704700A00240F8B5012600270B4B5E
:10BDC0000B4DD3F80C4304B9F8BD94FAA4F0B0FAC3
:10BDD00080F006FA00F324EA0304064B82009F5029
:10BDE0002B68002BEFD0A9689847ECE700A0024031
:10BDF000CCFC002000A10240044AD2F80834DB0742
:10BE0000FBD50160BFF35F8F704700BF0090034018
:10BE1000C0F30B037BB90222084BC3F884254FF013
:10BE2000FF320260D3F80024D207FBD50022044879
:10BE3000C3F8842570470348704700BF0090034053
:10BE40000000AD0B0A00AD0B012310B5044CC4F883
:10BE50008435FFF7D1FF0023C4F8843510BD00BF3F
:10BE60000090034010B4CC7B8A6803682CB9D1E9F8
:10BE70000041C3F80845C3F80C15C3F8242528224F
:10BE800003795343064AD35833B100685DF8044B35
:10BE900040F30730F1F72ABB5DF8044B704700BF51
:10BEA000D8FC002070B5817BE9B9046804F01F0359
:10BEB00064091AD140F20C65104A114E02EB83035B
:10BEC000D3F8001231402943C3F80012416801F051
:10BED0001F0349090DD102EB8303D3F8002232403E
:10BEE0002A43C3F80022012070BD803351F823306B
:10BEF000FFDE803354F82330FAE700BF002584408A
:10BF0000F0F8FCFF2DE9F041074690F80480282066
:10BF100000FB08F0144E0C46351895F82210F1B9C4
:10BF2000A96032506B6085F8251085F824106CB13B
:10BF3000A37B204685F82730FFF7B4FF88B1637BE9
:10BF40002146384685F82630FFF78CFF282303FB6F
:10BF500008660123054886F82230BDE8F0810448D0
:10BF6000FBE70448F9E700BFD8FC00200000AD0B58
:10BF70000C00AD0B0400AD0B062103680279C3F879
:10BF800000152821034B01FB0233022283F82220F3
:10BF9000704700BFD8FC0020282102790B4B01FB21
:10BFA00002330021996002680948C2F80803D2F8F8
:10BFB000000220F4BC50C2F80002C2F800150122B1
:10BFC00083F8241083F82220704700BFD8FC00209B
:10BFD00002029C012DE9F84F28239046002290F898
:10BFE0000490AE4D046803FB095383F823204B688B
:10BFF0000E4633B1CB6803F06043B3F1005F40F00D
:10C0000085813378023B012B06D8336903F0604306
:10C01000B3F1005F40F07A81A14BC4F808332823C4
:10C0200003FB095393F8241001F0FF0239B19B6818
:10C03000DFF878B2C4F804335846BDE8F88F18F03A
:10C04000140F0CBF0121002183F82410317809EB73
:10C05000890783F82010717805EBC70783F8211052
:10C06000F168D9607168196131695961B168C3F8C3
:10C070001C809961C8F3001183F825107378C4F807
:10C080008835C4F86021D4F86031C4F84821D4F868
:10C090004831C4F82421D4F82431C4F80421D4F858
:10C0A000043118F0010318BF0123C4F8503518F00B
:10C0B000020318BF0123C4F840353378032B00F284
:10C0C000A480DFE803F0799962024FF48073C4F82A
:10C0D0000032D7E90323C4F84425C4F848350123C6
:10C0E000A3604FF4801120460CF093FF0028F8D194
:10C0F000D7E90523C4F84425C4F8483528234FF46C
:10C10000802203FB09539A60DFF8A4B1282202FBC6
:10C1100009F218F0080AAB5805EB020013D1317888
:10C12000032910D0012940F086802160002B6FD0B8
:10C13000282202FB09F27168AA5821B9002A00F0EE
:10C14000BB8001226261282202FB09F2A918AA58C9
:10C15000002A00F0B18018F0040F1CBF00228A6092
:10C1600018F0400F06D1282202FB0952916841F0D5
:10C1700002019160282202FB0952916841F400718A
:10C1800091609268C4F8042356E7D7E90323C4F802
:10C190004425C4F84835D7E90523C4F83425C4F844
:10C1A00038354FF48453C4F8003201232362282326
:10C1B000022203FB0953A6E718F0200FD7E9032357
:10C1C000C4F8442514BF4FF480724FF40072C4F8D1
:10C1D00048354FF0280315BFC4F80022C4F80022E8
:10C1E0004FF48022022214BF03FB095303FB0953BF
:10C1F0009A600123236287E7D7E90323C4F8342533
:10C20000C4F838354FF48053CDE7DFF8A8B07DE7A8
:10C21000026902B961612349DFF88CA020460CF065
:10C22000F8FE012210F4007F18BF626110EA0A0FC5
:10C230001C49F3D07CE70121A160002B7FF478AF8B
:10C24000006918B3184B1AEA030F7FF471AF204648
:10C2500014490CF0DEFE10F4007F8246F2D04FF05D
:10C26000807120460CF0D5FED4F8001280B111F494
:10C27000007003D10122824622626261CB05E1D5C2
:10C280004FF4802120460CF0C4FE04E06161D9E740
:10C290000122226262614FF0000AD3E7D8FC00203D
:10C2A00002029C0102020400020004000B00AD0B1C
:10C2B0000000AD0B0400AD0B282101FB0955002146
:10C2C000D4F8C424C4F8C42485F824108AB11149D0
:10C2D000114B12F0010F14BF8B469B46013112F037
:10C2E000020F18BF8B4612F0040F0C4A18BF93467A
:10C2F000A2E618F0400F7FF49FAE394620460CF0BE
:10C3000046FE054A002808BF934695E6DFF810B0C0
:10C3100092E600BF0000AE0B0100AD0B0200AE0BB9
:10C320000A00AD0B70B55D4D022186B028460CF0B9
:10C3300070FE4FF40071064628460CF06AFE584C19
:10C34000D8B1E6B9A3684FF08071C5F8083302236D
:10C35000A360A3682846C5F804330CF05AFE18B150
:10C36000D5F800329B0503D401224C4B1A625A6166
:10C37000012384F8233006B070BD002E58D0E56943
:10C380006E060AD494F823303BB9454943480CF073
:10C39000FEFD80F0010084F8230015F0040525D18E
:10C3A0003E4B94F82520C3F86051D3F86011C3F8D0
:10C3B0005C51D3F85C1112B194F823205AB10022D9
:10C3C000C3F80022A260374AC3F808234FF48072F2
:10C3D000354BC3F88021238CADF80430E368049317
:10C3E0002369029363690593A36903932B4AD2F8E7
:10C3F000C4349807C2F8C4344AD459074AD4DA0777
:10C400004AD494F823309B00DBB28DF8003094F8C6
:10C4100025300BB984F82430E3695B0703D594F821
:10C420002330002BA7D0D4E9003168469847A2E713
:10C430004FF4802128460CF0ECFD94F82030ABB985
:10C4400094F8253053B94FF48072C5F80032A360D8
:10C45000144BC5F80833144BC3F8802100238DF822
:10C46000043094F821308DF80530B7E74FF40073AD
:10C47000C5F8003240F20223A36003F1CE73C5F881
:10C480000833A368C5F804330123AB602B6272E75D
:10C490000123BAE70223B8E70323B6E70080004090
:10C4A000D8FC002002029C0100E100E0036803F0D8
:10C4B0001F025B090260024818BF0020704700BFDE
:10C4C00000258440F7B506460CF0CDFD08460CF07B
:10C4D000CAFD01A80196FFF7E9FF0C4640F20D6185
:10C4E000019B2B4D00EB8300D0F8003201942B40D0
:10C4F0000B43C0F8003201A8FFF7D8FF019B0127CA
:10C5000000EB8300D0F800322B400B43C0F8003220
:10C5100004200CF0D3FC092501A80194FFF7C6FF05
:10C52000019A0369D340DB0714D401A80196FFF7F1
:10C53000BDFF019B013D07FA03F3C36004200CF02B
:10C54000BDFC30460CF08FFD04200CF0B7FC15F05C
:10C55000FF05E1D101A80194FFF7A8FF0123019A8B
:10C560009340C36004200CF0A9FC20460CF07BFD36
:10C5700004200CF0A3FC01A80194FFF797FF019A97
:10C5800003690448D34003F00103C01A03B0F0BDAF
:10C59000F0F8FCFF0100AD0B08B5124BA8220021FA
:10C5A00018460EF09BFD03220F49026142610F4ABB
:10C5B0008161C2614FF48062026200228262426243
:10C5C000C26201660A490346416610218166094933
:10C5D0000267C266426711F8010D98540132102AB1
:10C5E000F9D108BD78C90020C716040078C500201D
:10C5F00068C50020E01604002DE9F84F1826DFF882
:10C600007C80074606FB008E00FB0666DEF82440B1
:10C61000DEF828C046447368A4458946154603EBF6
:10C62000040022D8DEF820B0ABEB040A0AF1FF3395
:10C630009A4203D80EF02BFD2C440FE063449A423B
:10C6400019D852462C440EF022FDB4EB0B0405D051
:10C650002246706809EB0A010EF019FD182301202B
:10C6600003FB07835C62BDE8F88F0CF1FF3CACEB89
:10C67000040C9445DED20020F5E700BF78C9002005
:10C680001822034B02FB00339A6A586A801A7047DB
:10C6900078C90020002310B4084A0949C85C12F880
:10C6A000014D844205D10133102BF7D15DF8044BC5
:10C6B00070475DF8044BFFF76FBF00BFE016040042
:10C6C00078C9002037B50125074C4FF4FA70656131
:10C6D0000BF024FC0023636101932561236901931E
:10C6E000019B03B030BD00BF0056004030B50D4D7A
:10C6F00089B0036A03AC01908DF808300FCD0FC4E8
:10C700002B6801A823600CF0E6FC40B9044603AD99
:10C7100055F8043B984710B90134052CF8D109B0FD
:10C7200030BD00BF64BF0300034BD3E8EF2FC3E865
:10C73000E10F0029F9D1704700FD002038B505460A
:10C74000002850D0436A002B50D0836A002B4DD074
:10C750000124294BD3E8EF2F002A03D1C3E8E14F8E
:10C760000029F7D145D1686A00F0B2F8F8F742FD28
:10C77000224BC8209C660BF0D1FB2846FFF7B6FF82
:10C78000044640B901221D4B0220DA66FFF7CCFFB8
:10C790000024204638BDFFF795FF002C11DBAB6A63
:10C7A00020469847164B9C421AD013DCA4F18864AB
:10C7B000033C012C11D82846FFF798FF04460028B7
:10C7C000E0D001220D4BDA66F8F72CFD0020FFF7D0
:10C7D000ABFFDEE70B4B9C42EDD06FF00404F0E7BB
:10C7E0006FF00A04EDE76FF00D04D2E76FF0150467
:10C7F000CFE74FF0FF34CCE700FD002000500040B1
:10C80000050040040100500530B52D4B87B01A6873
:10C81000022A05D0032A43D04FF0FF3007B030BDC5
:10C820000422D3E8EF1F022903D1C3E8E02F002838
:10C83000F7D1F1D1234D0DEB02040FCD0FC42B68BE
:10C8400001AD2360002455F8043B01349847052CC2
:10C85000F9D10CF042FC00F05BF850B1002000F080
:10C8600049F8FFF72FFFF8F7DDFC0020FFF75CFF2A
:10C87000D4E7154BD3F8F030DB070DD50A200BF0C9
:10C880004FFBEEE70A200BF04BFBD5F84034012BB1
:10C89000E7D1013CF6D1E4E741F2C1240B4DF4E7C6
:10C8A0000422D3E8EF1F032903D1C3E8E02F0028B7
:10C8B000F7D1B1D1002000F01DF80CF0FEFBD0E75D
:10C8C00000FD002078BF030000ED00E000500040B4
:10C8D000014B1860704700BF04FD002007B5044BF2
:10C8E000CDE900011B686846984703B05DF804FB7A
:10C8F00004FD0020014B1870704700BFA0230120E9
:10C90000024B1878431E584258417047A02301201B
:10C91000024B1878C31E584258417047A02301208B
:10C9200070B503680446033BDBB2052B03D8094A04
:10C9300052F823502DB9A06858B1BDE8704000F0FE
:10C940001DB80CF016FC21682B46BDE87040090CA0
:10C95000184770BDF8C70300014B5B69184700BF5B
:10C96000E8CB0020014B1B68184700BFE8CB002034
:10C97000014B5B68184700BFE8CB0020014B1B69E7
:10C98000184700BFE8CB0020014B9B68184700BF49
:10C99000E8CB0020014B9B69184700BFE8CB002083
:10C9A000014BDB69184700BFE8CB0020014B1B6A35
:10C9B000184700BFE8CB0020014B5B6A184700BF57
:10C9C000E8CB0020014B1868704700BF08FD00202D
:10C9D000002230B50B4B19680C6894420FD001EB64
:10C9E000C2039D68A8420BD14FF003020433D3E881
:10C9F000CF1F002903D1C3E8C02F0028F7D130BDD5
:10CA00000132EAE728FD00202DE9F0410024064626
:10CA10000F462046DFF854803368A34201D8BDE8B2
:10CA2000F08106EBC4056B68DBB2012B16D16A6896
:10CA3000B8F80030B3EB124F10D1022FA8680FD115
:10CA4000FFF76EFF01206B6823F0FF0343F0030341
:10CA50006B60B8F800300133A8F800300134DBE730
:10CA60000168090C0CF02BFBECE700BF580101201A
:10CA700010B5074C02216068FFF7C6FF0028F9D106
:10CA800001212068FFF7C0FF0028F3D110BD00BFCF
:10CA900030FD002070B5072860D8DFE800F00B5F9C
:10CAA000475F435F3C0401F053FD0320BDE8704045
:10CAB000F8F768BB03202A4BD3F81446D3F818665E
:10CAC000284B1D781870EDB2FFF714FF012D10D11F
:10CAD000254B264A9C4212D0230C1B04B3F1886FCD
:10CAE0000DD0A4F58033203B022B0FD96FF0040347
:10CAF00013603146C4F30B00FFF7F0FE00E0146052
:10CB00001B4B18680BF026FA0020CFE7194931F9C2
:10CB100013301360F4E70024124B20461C70FFF71B
:10CB2000E9FEEDE7FFF7A4FF0220BFE70D4B1A78FF
:10CB3000012AD0B20ED1104A1168104A8C68546094
:10CB40004968116002221A70FFF7D4FE084B18687A
:10CB50000BF000FAFFF78CFF0120A7E770BD00BFC4
:10CB600000A00240A2230120010050052CFD00205E
:10CB700018FD0020BACA030014FD002030FD00207B
:10CB80000A23F7B54FF47A750C4E0D4F01933168B7
:10CB900038680CF0C9FA044640B90BF0D9F940B92D
:10CBA000012001A9F8F7E0F96E30F0D1204603B07A
:10CBB000F0BD019868430BF0B1F9E8E71CFD0020D7
:10CBC00024FD0020054B1B782BB9054B1968054B3C
:10CBD00018680CF0A9BA0020704700BFA1230120FB
:10CBE00020FD002028FD002070B5164B42681B6810
:10CBF00022F0FF0242F00202C31A42601248134AB6
:10CC00000168C3F38913D2E8DF4F651CC2E8D65F21
:10CC1000002EF8D101EBC3014A6892B242EA044205
:10CC20004A600268032002EBC302536823F0FF034B
:10CC300043F0010353600BF071F90122044BDA60F9
:10CC400070BD00BF20FD002028FD00205A010120FA
:10CC500000A002402DE9F04F95B038220021064691
:10CC600003A80EF03BFA0223049308230693202323
:10CC7000089304230D93102340250F938023012252
:10CC8000CDE91153D52300215A480B921393F8F79D
:10CC90003DFA0546002840F0A98002465649307901
:10CCA000FFF710F803A8FFF725F834686268B2F5BB
:10CCB0009D6F40F098806169E3680B44E16903F57A
:10CCC0009D630B44B3F5003F00F28D802068294638
:10CCD0000EF004FA33681C68D3F81C9004F1E802E3
:10CCE000009204F53A72019204F16007434A04F19C
:10CCF000A40804F1200BB9F1000F5ED1C2F800B016
:10CD000000254FF0010A2570657084F802A0E570D7
:10CD1000336840461B69636033685B69C4F814B0CC
:10CD2000A360374BC4F81890C3F80080354BE76018
:10CD30001F600823C4F8108084F8A43088F80150DC
:10CD400088F8025088F8035084F860307D70BD7018
:10CD5000FD700CF0CCF938460CF0C9F9019A2A4B59
:10CD600031681A60009A294BC8681A60284B294E0E
:10CD700018600869496958609960274B2749C3F8CA
:10CD80001046C3F81456264B264C1D80264B86F8B9
:10CD900000A01D80254B029525601D611B69029333
:10CDA000029B144B18680BF0D7F898B103236FF06F
:10CDB00073043370FEF7BEFF11E09B6904F1400974
:10CDC000636433684846DB69C2F800B0236401F04D
:10CDD00097FB95E72468002CECD1154B1C7020467E
:10CDE00015B0BDE8F08F6FF01504E3E76FF02D0488
:10CDF000F5E700BF18FD002095CA020014FD0020D1
:10CE000028FD002024FD002020FD00201CFD002026
:10CE100008FD0020A223012000A00240F0490200EA
:10CE20005A0101202CFD002058010120005600402D
:10CE3000A123012070B5164B42681B6822F0FF0247
:10CE400042F00102C31A42601248134A0168C3F358
:10CE50008913D2E8DF4F651CC2E8D65F002EF8D1F7
:10CE600001EBC3014A6892B242EA04424A60026896
:10CE7000032002EBC302536823F0FF0343F00103D6
:10CE800053600BF04BF80122044B5A6070BD00BF99
:10CE90001CFD002024FD00205A01012000A00240BA
:10CEA00010B5FFF76DFE012400220321047081708C
:10CEB0004270C270FFF7BEFF054B1C700CF02AF9E0
:10CEC000BDE81040034B47F2305118680BF044B8EE
:10CED000A123012018FD002038B50A4B04461B7819
:10CEE000022BDDB20DD1FFF74BFE50B10022012124
:10CEF0008460017042708570C270BDE83840FFF7F1
:10CF000099BF38BDA2230120034A126812B100283C
:10CF100000DB1047704700BF44FD00202DE9F743B8
:10CF2000002581460F461048294690461E4601932B
:10CF300004F042FE041E11DB013420460CF046F9D9
:10CF4000C9F8000068B1334642462146019604F014
:10CF500033FE28463C6003B0BDE8F0836FF0150057
:10CF6000F9E76FF00B00F6E794BF030010B50E4B26
:10CF700004461B68A3B1EBF7ADFE082810D9237A4D
:10CF80003F2B0DD00949082220460EF0D0F801466B
:10CF900030B904F108000A22BDE8104003F04EBB8E
:10CFA0004FF0FF3010BD00BF44FD0020E11604002B
:10CFB000F7B504460F460420002116461D460CF026
:10CFC000DAF8024638B914B120460CF001F96FF0D6
:10CFD0000B0003B0F0BD00206FF0580314600D4C3F
:10CFE000137350739073D0732070314603205760D1
:10CFF0000CF0E1F84FF0FF3301932378AB4201D1FD
:10D000000020E6E7022001A9F7F7AEFF0028F4D0E0
:10D01000DFE700BFA3230120F8B5054600240F4F2A
:10D0200057F8046B284631460EF001F928B901344F
:10D03000042CF5D14FF480300DE06CB1A31E012B10
:10D04000F8D83046EBF746FE0A220021284403F0C8
:10D05000EFF940EA0440F8BD2046FCE710C80300A1
:10D06000014B18600020704748FD0020014B1860FC
:10D07000704700BF44FD00200FB42DE9FF410A9C1A
:10D08000FFF73EFC00284AD0002C4BD0284E294FF9
:10D09000316838680AF082FF002846D1264D316891
:10D0A00028680AF059FF002836D122460BAB03A9A5
:10D0B00002A80193FFF732FF044658B128680AF02E
:10D0C00049FF38680AF068FF204604B0BDE8F04127
:10D0D00004B07047029C2046FFF748FF0223064633
:10D0E000012220460399FFF763FF04460028E5D19B
:10D0F000DFF84880D8F80000FFF78EFF0446D8F824
:10D1000000000CF05FF828680AF024FF002CD8D14A
:10D110003046FFF7F9FED4E76FF00A04D1E74FF08D
:10D12000FF34D1E76FF00D04CEE76FF00A04CBE7D0
:10D130005CFD002054FD002058FD00204CFD002027
:10D140000CB42DE9F04F8BB007460E46149CFFF748
:10D15000D7FB002800F0C380002F00F0C380002C14
:10D1600000F0C080002E00F0C080DFF89C81624B90
:10D17000D8F8001018680AF011FF002840F0B880B5
:10D180005E4DD8F8001028680AF0E6FE002840F04E
:10D19000A380224615AB09A908A80793FFF7BEFE96
:10D1A000044618B128680AF0D5FE3CE0DDE90883A2
:10D1B0000393534B1C68002C5AD0C246DDF80C90E8
:10D1C000CDF804809AF80030202B36D0093B042B90
:10D1D00033D90C224FF0000B4A4BCDF808B01B6836
:10D1E00002FB03430493049B9C422ED1029B002B21
:10D1F0003ED028680AF0AEFE019A114611F8013BB4
:10D20000202B0191F8D0093B042BF5D93146384643
:10D21000029B9847044618B93846FFF7FDFE0446BE
:10D2200040460BF0D5FF344B18680AF0B5FE204697
:10D230000BB0BDE8F04F02B07047B9F1000FC8D095
:10D240000AF1010A09F1FF39BCE7A3685B450DD972
:10D250004B451A46504628BF4A46216805930DF0B3
:10D2600066FF18B963680293059B9B460C34BAE7C6
:10D270004046FFF77BFE0223814601224046039988
:10D28000FFF796FE044600288CD1DFF880803846F0
:10D29000D8E9004AB2455246214628BF32460DF031
:10D2A000F6FEB245204607D90BF08CFF28680AF03D
:10D2B00051FE6FF00604B6E7FFF7AEFE0446D8F85D
:10D2C00000000BF07FFF28680AF044FE002CAAD172
:10D2D0004846FFF719FEA6E76FF00A04A3E74FF0F0
:10D2E000FF34A4E76FF00D04A1E76FF015049EE78B
:10D2F0006FF00A049BE700BF54FD002058FD00209A
:10D300003CFD002038FD00205CFD00204CFD00208D
:10D310000EB42DE9F343DDF824808146FFF7F0FADF
:10D3200000285FD0B9F1000F5FD0B8F1000F5CD0DA
:10D33000314C324F216838680AF030FE002857D14E
:10D340002F4E216830680AF007FE002847D1484672
:10D35000EBF7C0FC451C28460BF038FF044668B9C3
:10D3600030680AF0F7FD6FF00B0438680AF014FE1D
:10D37000204602B0BDE8F04303B0704749462A4654
:10D380000DF004FF2046FFF7F1FD02238146012244
:10D3900020462946FFF70CFE044618B130680AF013
:10D3A000D9FDE2E7174B30681D680AF0D3FDB9F1EB
:10D3B000000F06DB2846FFF72FFE10B94846FFF79F
:10D3C000A3FD0AAA41462846019204F01DFC041E52
:10D3D000284608BF6FF04C040BF0F4FEC5E76FF071
:10D3E0000A04C2E74FF0FF34C2E76FF00D04BFE755
:10D3F0006FF00A04BCE700BF5CFD002054FD002074
:10D4000058FD00204CFD002038B5C3680446A72B0A
:10D4100001D0206810E0032907D0042926D0022972
:10D4200002D10122154B1A7038BD144B00681A78CE
:10D43000022A05D10028F7D0BDE838400BF0C2BE63
:10D440000F4D2A6862B12B689847002320682B6033
:10D450000BF0B8FE0B4B1868BDE838400AF07ABDF7
:10D46000094A1060616851600222DCE7074B1B68C3
:10D47000002BCED000689847CBE700BFA323012044
:10D4800040FD002058FD00204CFD002048FD0020FC
:10D49000012210B511460B48F7F738FE70B90A485B
:10D4A000F7F756FE014648B94FF0FF32074B1A60B6
:10D4B000BDE8104001230522FFF77ABD6FF02D0073
:10D4C00010BD00BF58FD002054FD00205CFD002071
:10D4D00010B400F11C03D3E8EF2F511EC3E8E41F82
:10D4E000002CF8D1012A0DDC084BD0E8EF2FC0E862
:10D4F000E13F0029F9D1642200215DF8044B04309A
:10D500000DF0ECBD5DF8044B704700BF1EF101004B
:10D5100010B500240A4B4FF45072214609481C7084
:10D520000DF0DCFD21462246064B07480131082953
:10D53000C3E900029A6003F16803F7D110BD00BF90
:10D54000A423012060FD00201EF10100164830B523
:10D55000002203464FF0FF34144DD0E8EF1FA942DC
:10D5600004D1C0E8EC4FBCF1000FF6D10CBF012193
:10D57000002112D1682101FB023301220C49DA613A
:10D58000097893F8202061F3451283F820200222C5
:10D59000A3F8482083F84A2030BD0132082A00F160
:10D5A0006800DAD10846F7E760FD00201EF10100AF
:10D5B000A423012030B5024600236825054905FB58
:10D5C00003F460180C59944203D00133082BF6D1B0
:10D5D000002030BD60FD002010B5044604300BF083
:10D5E000EEFF606C08B1F7F7F1FD064BD4E8EF2FC2
:10D5F000C4E8E13F0029F9D12046BDE81040FFF71B
:10D6000067BF00BF1EF1ADDE70B50825064C074EA2
:10D610002368B34202D02046FFF7DEFF013D04F14C
:10D620006804F5D170BD00BF60FD00201EF101004F
:10D630002DE9F8430F4C06460025A0464FF0680937
:10D640000D4B0E4F18702368BB420CD009FB0583AD
:10D6500093F8202066F3451283F82020A36B13B1C2
:10D6600020460BF017FE0135082D04F16804EAD1BD
:10D67000BDE8F88360FD0020A42301201EF1010015
:10D68000112807DC002801DA00207047064B23FA36
:10D6900000F005E0A0F1FF03122BF5D80348D840B5
:10D6A00000F00100704700BF4100020009000400C3
:10D6B00010B5436904461BB90CF0CFFC23684360E6
:10D6C000044B18680AF046FC2046BDE810400CF0F8
:10D6D000C6BC00BFA0000120032208B511460448C3
:10D6E000F7F714FD002818BF6FF02D0008BD00BF2C
:10D6F000A00001202DE9F04F9A46002387B0814613
:10D700000E461446CDE903330593FFF7F9F828B91F
:10D710000120F7F7F1FC6FF00A0475E0B9F1000F92
:10D720004ED1002E00F0BA80002C55D12546062798
:10D730004FF0010801940A220021304602F07EFFDA
:10D740004FF6FE73421E9A4200F21A814FEA002BF6
:10D750004BEA102B1FFA8BFB002C3AD02368DB041A
:10D7600037D53A2130460DF0D5FC00B1461C304685
:10D7700085490DF05CFD0A2200286DD000210330A0
:10D7800002F056FE0446814B4FF47A6118680AF0A5
:10D79000E3FB002840F08980B9F1000F61D04846D2
:10D7A000EBF798FA014618200BF0E5FC0646002836
:10D7B00059D1764B6FF0090418680AF0CBFB23E0CF
:10D7C00054B9002EB2D1354606274FF00108B346B2
:10D7D00001964FF0FF34D6E7236823F4A05323F0DB
:10D7E0000203002B40F0C980606838B9A06878B1A6
:10D7F0000BF085FE60B96FF0060405E00BF079FED2
:10D800000028F3D16FF00504204607B0BDE8F08F83
:10D81000E068D0B9606800F0DDFCC3B20193A36892
:10D82000E768002B08BF0123002F08BF06272568E3
:10D830005FFA83F8BFB296B105F4A053B3F5805FE9
:10D840007FF479AF4FF0000B88E7A1680BF06BFE17
:10D850000028DFD16B205CE70146304690E7B346F5
:10D86000B7E749469FE70461B9F1000F07D0484682
:10D87000EBF730FA4946024630680DF008FC019B90
:10D88000314647F20D00B361C6F81C8037627561FE
:10D8900003AA00F0BFFC1628044602D16FF0010471
:10D8A000B2E705DC50B10B2806D16FF00204ABE7FC
:10D8B000722801D173202CE720462AE72020DDF8CA
:10D8C0001090F7F77BFC0646CAF8000068B3D9F859
:10D8D00008000CF02CFB7060DAF800607368012B14
:10D8E0000CD0022B24D03046F7F770FC6FF0050403
:10D8F0000498002888D00BF065FC85E70823C6E96A
:10D900000287002733613560F76109F118085A462C
:10D910004046B9F814100BF063FC7061DAF800604F
:10D9200073693BB93046F7F751FC6FF00904DFE744
:10D930001623E4E715F002051DD0B9F816000130F2
:10D94000F7F73CFCDAF80030B061986928B95869FB
:10D95000F7F73CFCDAF80000E5E7B9F81410B9F87D
:10D96000162041440DF093FBDAF80020B9F8163088
:10D970009269D754BCE7B561BAE74FF0FF3443E78B
:10D980006FF0070440E700BFA2FB0300A0000120E6
:10D99000F8B548F20F03994205460E4640D022D80A
:10D9A00048F20D03994233D048F20E03994233D026
:10D9B0000069FFF7FFFD044610B3B6F5004F1FD90D
:10D9C000A6F50046013E0B2E1AD8DFE816F0AE0091
:10D9D000E800B600B600B6003A013A01B600C4004D
:10D9E000190019000B0149F2040399421CD0B1F54A
:10D9F000104F3FD9C068FFF7DDFD0446002848D12D
:10DA00002868002800F02D81BDE8F8400BF0DABB53
:10DA1000BDE8F840FFF74CBEBDE8F8400BF0F0BDA4
:10DA2000BDE8F8400BF0D9BD0369082B00F219815D
:10DA3000DFE813F01000160009000E0016001701B1
:10DA4000170118001E000020BDE8F840FFF7F0BDE8
:10DA50000120F9E70021E868BDE8F8400BF00DBDB2
:10DA60000121F8E70021E868BDE8F8400BF011BD9E
:10DA70000121F8E70069FFF79DFD04460028BFD0AB
:10DA800048F281039E42BBD10146284600F0E8FAE5
:10DA900056E049F202039E4200F0CD8037D80BF0E9
:10DAA00074FC0746E0B91020F7F788FB0646B8B1CA
:10DAB000394610220DF012FB2B6873606B683381BE
:10DAC000698A002900F0C8802A8A05F114000BF049
:10DAD00087FBF060002840F0BF803046F7F776FB08
:10DAE00028680BF06FFB20460BF011FC58B1204664
:10DAF0000BF04BFC38B994F8203043F0800384F8E5
:10DB000020300C23A36120460BF006FC18E049F2FC
:10DB100003039E423DD049F282039E427FF470AFE0
:10DB20000146284600F0B4FA0AE06B692BB9284692
:10DB30000CF093FAAA6943681A6028460CF08FFA31
:10DB400020460BF032FC002800F08B802046BDE818
:10DB5000F8400BF09FBB90F8203043F0010380F8B1
:10DB600020300BF0F9FB18B13E4B18680AF0F2F9BF
:10DB700094F82030204623F00A0384F820300BF07C
:10DB800014FC10B120460BF085FB2046FFF724FD66
:10DB9000D3E7286969280BD16823A361D0E790F8FF
:10DBA0002030EE686FF3410380F82030686918B1C7
:10DBB0000CF002FAA061C3E720460BF0B7FB28B9CE
:10DBC00094F8203043F0040384F8203020460BF012
:10DBD000ADFB0028B4D0002EB2D00021204600F0CA
:10DBE00075FAADE76B69F3B928460CF036FAAA6905
:10DBF00043681A60426892F8203043F0040382F8C8
:10DC00002030436822691A61436862695A618368F7
:10DC10004BB105F10C0205F1300152F8040B8A42B8
:10DC200043F8040BF9D194F82230002B85D0013B46
:10DC300084F8223081E790F82230013380F82230D6
:10DC40007EE728460CF009FA6B6913B9AB694360AB
:10DC500073E74FF0FF33FAE7314620460BF037FB0E
:10DC60006EE7F8BDA400012030B585B00546FFF78A
:10DC7000A1FC044628B90920F7F73EFA4FF0FF301F
:10DC80000EE0FEF73DFE68B920460BF065FB18B1CB
:10DC90000E4B18680AF05EF92046FFF79DFC002045
:10DCA00005B030BD002108200BF065FA014608B927
:10DCB0006920E1E7056101AA47F2090000F0AAFA2C
:10DCC0000028ECD01628EAD0D6E700BFA400012037
:10DCD0002DE9F04385B08146884614461D460C9ECA
:10DCE000FFF768FC40B90920F7F706FA4FF0FF3359
:10DCF000184605B0BDE8F08315B90EB11620F3E75C
:10DD0000B8F1290F00F09D800CDCB8F1010F11D0A3
:10DD1000B8F1060F00F09180B8F1000F00F08F808D
:10DD20006D20E1E7B8F58D7F39D0B8F5007FF7D1E8
:10DD30001E2C08E0222C10DC202C05DC142C12D028
:10DD4000152C17D0022CEBD1314610200BF013FA12
:10DD50000746002879D16920C6E73C2C11D03D2C1C
:10DD600016D0282CEFE73246294605B0BDE8F0432F
:10DD70000CF079B93246294605B0BDE8F0430CF005
:10DD800080B93246294605B0BDE8F0430CF087B9AA
:10DD90003246294605B0BDE8F0430CF0A0B9631E39
:10DDA000112BBDD801A252F823F000BF03DE020000
:10DDB0002DDE020049DD020021DD02001FDE02002F
:10DDC000F5DD020021DD020021DD020021DD02007F
:10DDD00021DD020021DD020011DE020049DD02002A
:10DDE00049DD020049DD020021DD020049DD0200BB
:10DDF00049DD02003246294605B0BDE8F0430CF08B
:10DE000091B93246294605B0BDE8F0430CF09EB901
:10DE10003246294605B0BDE8F0430CF0ACB93246B5
:10DE2000294605B0BDE8F0430CF0B7B932462946A3
:10DE300005B0BDE8F0430CF0BFB9372C83E71F2CC9
:10DE400081E7202C80D03E2C7DE7C0F81090404622
:10DE50000CF095F87861204600F0C4F9B86125B15E
:10DE60003246294638680DF012F9394647F2030068
:10DE70007E6001AA00F0CEF9034600283FF438AFD7
:10DE800032E700BF2DE9F04385B08146884614464D
:10DE90001D460C9EFFF78EFB40B90920F7F72CF9C1
:10DEA0004FF0FF34204605B0BDE8F08305B10EB950
:10DEB0000E20F3E7B8F1290F00F094800CDCB8F1E4
:10DEC000010F11D0B8F1060F00F08780B8F1000FF4
:10DED00000F086806D20E1E7B8F58D7F2DD0B8F594
:10DEE000007FF7D11E2C79E0152C1FD00ADC042C02
:10DEF00015D0142CEED13246294605B0BDE8F043CA
:10DF00000CF094B9A4F12103012BE3D8102031685F
:10DF10000BF031F90746002868D16920BEE7324688
:10DF2000294605B0BDE8F0430CF070B932462946E9
:10DF300005B0BDE8F0430CF088B9621E122AC9D8BA
:10DF400001A151F822F000BFBFDF0200CDDF0200C7
:10DF50000DDF02000DDF0200B1DF020095DF0200DD
:10DF6000D5DE0200D5DE0200D5DE0200D5DE0200DD
:10DF7000D5DE0200A3DF0200D5DE02000DDF0200C5
:10DF80000DDF02000DDF0200D5DE0200D5DE02004B
:10DF90000DDF02003246294605B0BDE8F0430CF023
:10DFA00063B93246294605B0BDE8F0430CF072B9BA
:10DFB0003246294605B0BDE8F0430CF07DB9324643
:10DFC000294605B0BDE8F0430CF088B93246294631
:10DFD00005B0BDE8F0430CF093B9372C96D079E743
:10DFE0001F2CFBE7202C91D03E2CF7E7C0F81090B7
:10DFF00040460BF0C4FF7861204600F0F3F8394644
:10E00000B86101AA47F20400D7F8008000F002F9D5
:10E01000044620B140460BF0DBF820463EE77A6824
:10E02000336841469A4228BF1A46284632600DF0AE
:10E030002EF840460BF0CCF834E700BF08B5FFF7E8
:10E0400067FAFFF749FB40B9012204481146F7F788
:10E050005DF8002818BF6FF02D0008BDA400012056
:10E0600010B543690C467BB191F820306FF3C303C0
:10E0700081F8203040690BF09FFF044BA061BDE8A0
:10E080001040186809F066BF10BD00BFA400012051
:10E0900010B591F820300C466FF3C30381F820309F
:10E0A000006960B9DBB223F0140343F0140381F874
:10E0B0002030054BBDE81040186809F04BBF0BF04D
:10E0C0007BFFA061F5E700BFA40001202DE9F74325
:10E0D000DFF8FC900446D9F80000019109F03CFFFC
:10E0E000074650B1019B002B70D11023A3614FF064
:10E0F000FF37384603B0BDE8F083606CD8B1EAF76B
:10E10000E9FD461C94F84B8031464FEA880808F137
:10E110000C000BF030F8054678B920460BF021F9D9
:10E1200008B16923A361D9F8000009F013FF692041
:10E13000F6F7E2FFDBE73E46E4E723684246036189
:10E1400094F8483004F14C01037594F84A301830C3
:10E1500000F8023C94F8493000F8033C94F84B3046
:10E1600000F8013C0CF093FFF6B13246616C286870
:10E170000DF00CF86E6094F82030042043F0080392
:10E180002A4647F2810184F820300BF014F820462B
:10E190000BF0E7F80028ACD120460BF0DDF840B9D1
:10E1A000A0690028A5D0C3E72E706E70AE70EE7027
:10E1B000E0E7022001A9F6F7D7FE10F10B0F05D01A
:10E1C0000028E9D00028B8BF4042B1E77420AFE78B
:10E1D000A400012003289CBF014B1856704700BFC4
:10E1E000EA16040002383C289ABF034B53F820007B
:10E1F0004FF0FF30704700BF34C8030001380428D7
:10E200009ABF034B53F820004FF0FF30704700BF18
:10E2100020C803004FF0FF3337B50D4DCA601446D8
:10E2200015600A460146042001930AF0C4FF2068E5
:10E23000A84202D00BF0C0FE08E0022001A9F6F7C8
:10E2400093FE0028F3D00028B8BF404203B030BD91
:10E25000EEC100BC2DE9F041056807460C463DB112
:10E2600001F47043B3F5005F04D1404BC3E90015DE
:10E27000BDE8F0813E4E336863B144F2040291423E
:10E2800064D00CD844F2020399424ED044F2030306
:10E29000994253D03868BDE8F0410AF093BF44F288
:10E2A000012221F4807393420FD044F20313994268
:10E2B000F0D1304C206808B10AF084FF01222E4BC7
:10E2C0001A7025600420336826E0DFF8BC80D8F897
:10E2D000000008B10AF076FF44F201339C420CBF03
:10E2E0000322022295F85170244B254C1A70C8F86D
:10E2F000005017F008053368227810D01AB90520AD
:10E3000098470123237007F04107012F02D1022013
:10E310003368984701203368BDE8F0411847002A68
:10E32000F1D0062098472570EDE7164C206808B11B
:10E330000AF048FF032033682560EDE70D4C2068A4
:10E3400008B10AF03FFF00220B4BB9E72A78032AF5
:10E35000A0D8DFE802F0020507090720984799E7EF
:10E360000820FBE70920F9E70A20F7E7B8000120B9
:10E37000A8000120AC000120A5230120A623012034
:10E38000A7230120B0000120B400012008B500231C
:10E39000094A0A4813700A4A13700A4A13700A4A53
:10E3A00013700A4A136001221146F6F7AFFE0028E7
:10E3B00018BF6FF02D0008BDA7230120C000012069
:10E3C000A9230120A8230120A6230120A8000120C1
:10E3D00010B50B4C206818B10AF0F4FE002323603E
:10E3E000084C206818B10AF0EDFE00232360064CAB
:10E3F000206818B10AF0E6FE00232360002010BD5B
:10E40000B4000120B0000120AC0001201FB5FEF7D0
:10E4100077FA00B3144C237803BB01A80BF08CFFF0
:10E42000B8B9014608200AF0A6FE0146C8B1019B12
:10E4300002AA0361032000F035F850B9C823029303
:10E44000002002A9F6F790FD02980028F8D10123D8
:10E45000237004B010BD4FF0FF30FAE76FF0770083
:10E46000F7E76FF00B00F4E7AA23012007B5FEF7EA
:10E4700047FA78B1002104200AF07DFE014660B120
:10E480006A46062000F00EF808B9054B187003B074
:10E490005DF804FB4FF0FF30F9E76FF00B00F6E793
:10E4A000AA2301204FF0FF3337B50B4DCA60144645
:10E4B00015600A460146062001930AF07CFE20689A
:10E4C000A84201D0404205E0022001A9F6F74CFD28
:10E4D0000028F4D003B030BDEEC100BC30B4074B0F
:10E4E0001C6844B143688589A4460268C1899BB20F
:10E4F000E8B230BC604730BC704700BFC4000120A8
:10E5000000210122074B1970074B1A70074B197035
:10E51000074B1960074B1960074B18600748F6F75F
:10E52000F5BD00BFAB230120AD230120AC230120AA
:10E53000CC000120D0000120E0000120C800012013
:10E54000024B186808B109F005BD7047C8000120EA
:10E5500070B4284B1B68196958691A7C00221A7418
:10E560005C7C5A749C7C9A74DC7CDA741C7D1A7511
:10E570005C7D5A759C7D03299A75DC7DDA7529D0FE
:10E58000042929D001290FD185681B4E954210D14D
:10E590001A7A012100221972597A5A72997A9A725A
:10E5A000DA7A6FF05F02DA72144B70BC186809F007
:10E5B000D1BC911C00EB81014C682178622907D005
:10E5C000633918BF0121490046F821400132DDE7D7
:10E5D0000121F9E7187ADEE7187A1972597A5A7226
:10E5E000997A9A72DA7A6FF05F02DA720122044B3A
:10E5F0001A70D9E7E0000120D4000120C8000120F2
:10E60000AC23012010B50446EDF702FE03480121BA
:10E61000034A04F0A5FF20460BF07AFF08BF030071
:10E62000EE1604002DE9F84304460D4600AFEFF363
:10E630001188202383F31288BFF36F8F0428294A9F
:10E6400098BF294BE9468AB09668117C98BF53F869
:10E6500020306A4688BF254BC2E9073140F20133BA
:10E6600023489384234BC2E9050442F8103F00235A
:10E670004FF431512048EDF7AFFECD4645B1EB697F
:10E68000C3F3080323B101211C4A1B4804F068FFAF
:10E690002EB130460CF001FA08B1037803B91848DE
:10E6A000E9468AB06A46174BD061C2E9053640F2A6
:10E6B00001331384144B42F8103F00234FF41151DF
:10E6C0000D48EDF789FE2946CD462046FFF79AFF13
:10E6D00088F31188BFF36F8F3046EEF78DFEBD468D
:10E6E000BDE8F883E400012028C90300FD160400FA
:10E6F000131704000500000108BF03003B170400C6
:10E700000B1704005C1704000400000138B5094B26
:10E7100053F82040013053F82050A54200D838BDAE
:10E72000636823B120460BF0FBFE0834F5E723684D
:10E730009847FAE73CC90300012270B52A4B032031
:10E7400086B01A70FFF7E2FFEEF7D4FA0BF004FF81
:10E750000420FFF7DBFF254C254D2646AE4204F191
:10E76000300410D300F066FF204C224EAC4226D37A
:10E7700000F074FFEBF7FCFC1F4A137B23F001034E
:10E78000137306B070BD54F80C3C059354F8103C5C
:10E79000049354F8143C039354F8183C029354F82F
:10E7A0001C3C019354F8203C009354E90A2354E99B
:10E7B0000C0100F063FD54F8303C5E65CDE7D4E910
:10E7C0000A23B3F1FF3F08BFB2F1FF3F05D052EA81
:10E7D0000301206803D101F001F83034C6E7314667
:10E7E000183001F095F9F8E7AE230120B8BC03001A
:10E7F000E8BC03008DAB030010E9002008B5034816
:10E80000034A0021121A0BF0A3FE08BDA0D000207D
:10E81000B0230120C82370B5134E012203FB00660C
:10E82000002386B0CDE904230F220193CDE9023203
:10E8300018234FF4A0720D4D0D4903FB00550446FB
:10E8400002FB00110B4B3046009500F017FD737B67
:10E850002C7423F004037373074B013403EBC423BC
:10E86000EE606B6006B070BD48E80020E400012057
:10E87000B0500120DDA60300B0480120BFB5002044
:10E88000FFF744FF2E4B03F5006282F3088883F301
:10E890000A880024E0232B4D2B4E85F82230EC779C
:10E8A0002C766C76AC7685F820406B6A274F43F463
:10E8B000E0236B6285F82340EEF70AFDEEF7FAFEDF
:10E8C0004FF0FF33AB62EB62EFF798F8EEF716FF0D
:10E8D000EDF70EFC40F201131D4D2846AB81C5E952
:10E8E000194401F02DFBB5600BF006FE0120FFF787
:10E8F0000DFF0220174DFFF709FF00F0E3FE164B56
:10E90000B5610593012315494FF40052CDE9034346
:10E9100028463B46CDE90144009400F0AFFC064692
:10E920006A7B284622F004026A730CF0F2F8204653
:10E93000FFF770FF3A4631462846EEF78FFE00BFDC
:10E94000B048012000ED00E0E400012039E70200BA
:10E95000D8E9002010E90020BE170400F051012082
:10E9600038B5064C064DAC4201D3002038BD2046D8
:10E97000D4E901120BF0F1FD1434F4E784CD00204A
:10E98000ACCD0020002038B5054C064DAC4200D37C
:10E9900038BD20460BF051FE0028F9DB1C34F5E7AA
:10E9A00068CD002084CD002073B50C46EFF31181B3
:10E9B000202585F31288BFF36F8FC5685DB1256090
:10E9C0002B68C360836901338361002081F3118860
:10E9D000BFF36F8F11E052EA030603D16FF00B0013
:10E9E0002560F3E7CDE900230246083000F082FD00
:10E9F00018B9034B9B685B69236002B070BD00BF10
:10EA0000E40001202DE9F34104460E4600F1080719
:10EA1000EFF31188202181F31288BFF36F8F006A12
:10EA2000E168884233D22568AC4216D0ADB12846A1
:10EA30000BF05FFE05F118000CF031F9A26800241C
:10EA4000314668690CF023FB2846EC670CF061F84E
:10EA50004146384600F0C8FD27E0A2683146E0692B
:10EA60000CF015FBE369A26804F124001344626909
:10EA7000E361934208BF23694FF0100108BFE361CF
:10EA8000236A013323620CF0B2FA0024E0E752EA71
:10EA900003010ED00849384689684E61CDE900234C
:10EAA0004146224600F026FD0446204602B0BDE85D
:10EAB000F0816FF02204CBE7E4000120F7B50446B3
:10EAC000084604F10807EFF31186202181F312882C
:10EAD000BFF36F8F216A002939D0A268A1690CF0B9
:10EAE000D6FAA369A268256813446269A3619342B8
:10EAF00004BF2369A361236AAC4203F1FF3323629D
:10EB000033D02846002D31D00BF0F3FD05F118006D
:10EB10000CF0C5F8A2686969E0690CF0B8FAE3691D
:10EB2000A268284613446269E361934204BF2369E3
:10EB3000E361236A013323620024EC670BF0E9FFF1
:10EB40003846314600F050FD204603B0F0BD52EA91
:10EB5000030110D0094989684861CDE90023314695
:10EB60002246384600F0C6FCEFE7002086F3118805
:10EB7000BFF36F8FE9E76FF02200F7E7E4000120B1
:10EB80002DE9F341044617461E46EFF31188202372
:10EB900083F31288BFF36F8FC368334A7BB18068F9
:10EBA0009168884219D057EA060318D188F3118872
:10EBB000BFF36F8F6FF00F0002B0BDE8F081916876
:10EBC00091F90E100133E36093682161A36088F32B
:10EBD0001188BFF36F8F0020EEE72169F2E791F90A
:10EBE0000E1090F90E306FF07E029942A8BF1946C0
:10EBF0009142B8BF11468B422DDD0BF087FD0546D3
:10EC000022464146CDE90076184800F073FC002802
:10EC1000E1D0EFF31186202383F31288BFF36F8FC7
:10EC2000A068D0B1236821699C420AD04BB193F906
:10EC30000E309942A8BF19466FF07E039942B8BFC3
:10EC400019460BF063FD40B13146084800F0CCFC9A
:10EC50006FF00A00B0E70025D2E7002DF4D186F36B
:10EC60001188BFF36F8FF3E7E4000120AF23012089
:10EC7000F8B583680546002B3FD0234A926893423B
:10EC80003ED1C368012B03D9013BC3600020F8BD0E
:10EC9000EFF31187202383F31288BFF36F8F01698D
:10ECA00080680BF033FD2C68AC4207D10023C5E926
:10ECB000023387F31188BFF36F8FE7E7002CF5D09D
:10ECC000D4E90032002613605A60637BC4E9006611
:10ECD00023F002036373A66004F118000BF0DFFF5A
:10ECE000AC6094F90E3020462B61E6670BF011FF03
:10ECF0003946064800F078FCC8E76FF01500C6E713
:10ED00004FF0FF30C3E700BFE4000120AF23012034
:10ED100037B51146EFF31185202282F31288BFF335
:10ED20006F8F04689CB12368426823F00303944208
:10ED3000036008BF4360012120460BF06EFD0446CE
:10ED400085F31188BFF36F8F204603B030BD51EAC1
:10ED50000302F5D000F10802CDE900131046294660
:10ED600000F0C8FB0028EFD1014B9B685C69EBE722
:10ED7000E400012070B5EFF31186202383F312889D
:10ED8000BFF36F8F0468A0421AD0CCB1D4E900322F
:10ED9000002513605A60637BC4E9005523F0020329
:10EDA0006373A56004F118000BF079FF2046E56756
:10EDB0000BF0AFFE3146BDE87040074800F014BCD0
:10EDC000D0E902329A4218BF013302218360103029
:10EDD0000CF00DF9EEE700BFAF23012013B5EFF300
:10EDE0001181202484F31288BFF36F8F846844B1AB
:10EDF000013C846081F31188BFF36F8F002002B063
:10EE000010BD52EA030406D181F31188BFF36F8F5E
:10EE10006FF00F00F3E7CDE900230246014800F050
:10EE200069FBECE7AF2301202DE9F0410546EFF344
:10EE30001187202383F31288BFF36F8F00266FF0B2
:10EE40000A082C68A54215D0A4B1D4E90032136099
:10EE50005A60637BC4E9006623F002036373A66013
:10EE600004F118000BF01BFF2046C4F87C800BF067
:10EE700050FEE6E7002305F110000221AB600CF024
:10EE8000B6F83946BDE8F041014800F0ADBB00BF1F
:10EE9000AF2301202DE9FF41044620274E4EEFF31A
:10EEA000118887F31288BFF36F8FD4F8C850F5B973
:10EEB000022104F1E0000BF01CFD002868D004F1F1
:10EEC000D8050022012128460BF0AEFE0028F8D11B
:10EED00000234FF0FF3202934FF0FF334146CDE95C
:10EEE00000233E4804F1D00200F030FDD7E7D4F80B
:10EEF000CC202B689542C4F8C83008BFC4F8CC3089
:10EF0000D4F8E03043F00203C4F8E030EB6823F0BB
:10EF1000040343F00103EB606B6888F31188BFF3CF
:10EF20006F8F28469847EFF3118887F31288BFF355
:10EF30006F8FEB68D80623F0010236D4EA60EB68E5
:10EF40009A0716D5306823F00203EB6088B10021E0
:10EF5000036870B14268954235D1036869BB726835
:10EF60003360824200D17360002340F8083BFFF712
:10EF700001FFD4F8E03023F00203C4F8E03088F356
:10EF80001188BFF36F8FDB0589D400F0A3FB86E700
:10EF9000D4F8E030D9069BD5C4F8E00088F3118896
:10EFA000BFF36F8F04B0BDE8F08123F01103EB6075
:10EFB00005F11000FFF7DEFEC1E70B6073688342C6
:10EFC00008BF7160D0E723B11A680146184613469E
:10EFD000BFE71A46F9E700BF0C010120AF2301206B
:10EFE000F8B5C36804469A070F46C3F340062CD40D
:10EFF0005B071AD40B680BB983680B60E368DD0705
:10F0000042BFA36802263B603D6858BF0126002D21
:10F010003AD01F4B9B68AB420AD0D5F8E030D807F6
:10F02000C3F3800214D46FF0120600233B6025E086
:10F030000BF02AFDD5F8E0300028F0D1D907C3F352
:10F04000C002F0D552B15B0708D46FF00F06ECE7B1
:10F05000002AFAD1C3F3C003002BF6D100232360AA
:10F06000D5F8CC3063B9C5E9324428460BF05BFCD7
:10F07000E36843F00403E3603B68A3603046F8BDF7
:10F080001C60C5F8CC40F0E76FF01506CDE700BF77
:10F09000E4000120014601480BF0B0BCC0EA0020AA
:10F0A000F0B50446002089B0C4E932000E9D04F199
:10F0B000D000C4E9340004F1D800C4E936004DB3EF
:10F0C0002879002840F2011008BF0120C4F8E000B0
:10F0D00000204FF0FF364FF0FF37CDE90330CDE988
:10F0E0000100CDE9066720460B4B009400F004F9BF
:10F0F00055B1296811B120460BF0CCFC6B791BB1DE
:10F10000237B43F001032373204609B0BDE8F040A0
:10F1100000F064BB0120D9E795EE020037B50190FD
:10F120000846EFF31184202181F31288BFF36F8F1B
:10F13000C16811F01E0F16D153EA020508D101A9CA
:10F14000FFF74EFF84F31188BFF36F8F03B030BD1C
:10F1500041F00801C160019910308161034900F05C
:10F16000D7FC0120EEE70020ECE700BF9BA90300DD
:10F1700001460148FFF7D2BFC0EA0020F7B50C46B0
:10F1800016461D460190EFF31187202383F3128862
:10F19000BFF36F8F08460BF0B7FB55EA060309D1A2
:10F1A000204601A9FFF71CFF87F31188BFF36F8F7B
:10F1B00003B0F0BDE36804F1100043F00803E3601E
:10F1C000019B3246A36203492B4600F0A1FC0120BB
:10F1D000EAE700BF9BA9030001460148FFF7CEBF45
:10F1E000C0EA002038B5EFF31185202383F312889D
:10F1F000BFF36F8F0468A04212D08CB120460BF091
:10F2000032FC04F118000BF04AFD00232046E367AE
:10F210000BF07FFC2946054800F0E6F9002038BDD8
:10F2200085F31188BFF36F8FF8E700BFAF2301208C
:10F230002DE9F34105460C4617461E46EFF31188AB
:10F24000202383F31288BFF36F8F0846FFF710FD6A
:10F250002A464146CDE90076074800F04BF90546BD
:10F260004FF0FF324FF0FF332046FFF789FC28466E
:10F2700002B0BDE8F08100BFAF2301202DE9F043CB
:10F28000984685B000F15803C0E91633109B00265C
:10F2900003730423073222F0070543730F9B01EB2E
:10F2A00005090F4683734946C0E906668660C67342
:10F2B0000446EDF7C1FD0E9B073020F00700E06625
:10F2C000C4E9197502930D9BA9EB000901930C9BEE
:10F2D0004A460093394643462046EEF77BF9054BF4
:10F2E00066659B6803B11B6F4846236705B0BDE8A0
:10F2F000F08300BFE4000120F0B5002587B005953C
:10F30000109DDDE9127604950F9D044603950E9D30
:10F3100002950D9D01950C9D0095FFF7AFFFB6F18D
:10F32000FF3F08BFB7F1FF3F05D056EA070305D1FD
:10F33000204600F053FA204607B0F0BD3A46334667
:10F34000024904F1180000F0E3FBF4E78DAB030081
:10F350006FF00A01084A9368D967084998674B68B3
:10F3600043F080534B60002383F31188BFF36F8F0A
:10F370009368D86F704700BFE400012000ED00E003
:10F3800070B590F90D20437B002A39DBD90637D1BF
:10F390008269002A34D11D4C63F07F0322464373F7
:10F3A00052F81C3F93422CD1216AC0E90021086029
:10F3B000206211E09942F8D01B68002BF5D090F93B
:10F3C0000E5093F90E60B542F4D0AE42F2DD5968AA
:10F3D000C0E9003108605860E569954200D005B980
:10F3E000E568A3685A7BD20604D1DA897F2A01D95D
:10F3F000AA6942B1AB4202D0284600F0E7FAA56103
:10F4000070BD216AD9E7A361FAE700BFE4000120DB
:10F4100038B590F90D200146002A437B04DA03F049
:10F420007F0343730BF03BFB0D4D2A4652F81C4FF4
:10F43000AB68944200D004B9EC688B4207D05A7B89
:10F44000D20604D1DA897F2A01D9A2692AB1A3425E
:10F4500002D0204600F0BAFA2346AB6138BD00BFA7
:10F46000E400012070B590F90D200146002A437B8D
:10F4700004DA03F07F0343730BF011FB1C4C4B7B4E
:10F48000224663F07F034B7352F81C3F206A93427D
:10F4900007D1C1E900200160216211E09842F8D053
:10F4A0001B68002BF5D091F90E5093F90E60B54210
:10F4B000F4D0AE42F2DD5868C1E900300160596015
:10F4C000E569A368954200D005B9E5688B4207D08D
:10F4D0005A7BD20604D1DA897F2A01D9AA692AB1D6
:10F4E000AB4202D0284600F071FA2B46A36170BDF2
:10F4F000E4000120F8B5124B0C46DDE90676114612
:10F500009868104A1060EFF31182202282F312886B
:10F51000BFF36F8F9D6828460BF0D3FAB6F1FF3F1B
:10F5200008BFB7F1FF3F06D03A463346064905F11A
:10F53000180000F0EDFA2046BDE8F840FFF708BFDC
:10F54000E4000120140101208DAB0300F8B504464E
:10F55000EFF31186202383F31288BFF36F8F437B71
:10F5600049B2DA0617D18269AAB903F07F031D4DAB
:10F5700043730BF094FA2A46437B817363F07F0355
:10F58000437352F81C3F93422AD1286AC4E90020F1
:10F5900004602C6216E00020A17386F31188BFF38B
:10F5A0006F8FF8BD8342F1D01B68002BEED093F92A
:10F5B0000E70B942F6D08F42F4DD5968C4E90031CB
:10F5C0000C605C60EC69944200D004B9EC68AB68F4
:10F5D0009C4202D0204600F0F9F90120AC61DCE742
:10F5E000286AE2E7E400012049B9EFF3058030B969
:10F5F000054B9A699B689A4201D0FFF7A9BE81F337
:10F600001188BFF36F8F7047E4000120034648B9AB
:10F61000EFF3058232B9064A91699268914201D0AE
:10F62000FFF796BE83F31188BFF36F8F704700BF5B
:10F63000E4000120EFF31181202383F31288BFF34C
:10F640006F8F054B9A68D37B013BD37381F311888D
:10F65000BFF36F8F704700BFE400012070B5EFF378
:10F660001186202383F31288BFF36F8F144DAB688C
:10F67000DA7B0132DA732A4652F81C4F944200D0EA
:10F6800004B9EC685A7BD20604D1DA897F2A01D901
:10F69000A2692AB1A34202D0204600F097F923467E
:10F6A000AB6186F31188BFF36F8FEFF311802023D6
:10F6B00083F31288BFF36F8FBDE87040FFF7A6BFDA
:10F6C000E4000120024B03F11C02C3E9072270474A
:10F6D000E400012070B5EFF31186202383F3128834
:10F6E000BFF36F8F1B4CA168206A0B68814214BF67
:10F6F0001A46002249680B605960A368216A2AB93A
:10F70000154AC3E900210B6023620CE093F90E0057
:10F7100092F90E50A84218D0854216DD5168C3E90F
:10F7200000210B605360E5690B4B9D4200D005B989
:10F73000E568A3689D4202D0284600F047F9A5611C
:10F740003046BDE87040FFF703BE8A42D8D0126849
:10F75000D5E700BFE40001200001012050EA0103C9
:10F760002DE9F04105460E4604D1FFF7B3FF002016
:10F77000BDE8F081831C71F1FF3324DB0BF0B0FA9C
:10F780002C18EFF31188202383F31288BFF36F8FB7
:10F790000F4F104BB8681860FFF73AFEB8680E4973
:10F7A0002A463346183000F0B3F9BA684046537B16
:10F7B00043F004035373FFF7CBFD0BF091FA201ACB
:10F7C00020EAE070D4E76FF00104241AD9E700BF03
:10F7D000E4000120140101208DAB030038B504467C
:10F7E00018300BF05CFAEFF31185202383F31288B5
:10F7F000BFF36F8F637B5A0704D485F31188BFF37F
:10F800006F8F38BD23F0040320466373FFF7B8FD04
:10F81000EFF30583002BF0D12946BDE838400148BD
:10F82000FFF7E2BEAF230120014B9868704700BF8D
:10F83000E40001202DE9F8430446EFF3118720236B
:10F8400083F31288BFF36F8F067B16F001060DD08D
:10F8500087F31188BFF36F8F002383F31188BFF301
:10F860006F8F0423184602DFBDE8F883437B1A0735
:10F8700004D587F31188BFF36F8FF5E7D90943F0FB
:10F88000080255D14273A36813B120460BF00FF95B
:10F8900004F118000BF003FAA56D04F15808A8450F
:10F8A00011D04FF0000975B128460BF000F905F1B1
:10F8B00018000BF0F4F92846C5F87C90FFF760FDBE
:10F8C000A56DA845EFD11E4DAB689C4204D1EFF366
:10F8D0000586003E18BF0126D5F81C80194A9045C0
:10F8E00002D0B8F1000F01D1D5F80C80434502D009
:10F8F000404600F06BF82046C5F81880EDF78AFE08
:10F9000056B140F20113104EB38100233046C6E9D0
:10F91000193300F015FBAE60AB689C42A9D1EFF340
:10F920000583002BA5D13846BDE8F843FFF710BD8D
:10F9300003F07F0343F0080343730BF0B0F8A2E732
:10F94000E400012000010120D8E90020D3B5DDE961
:10F950000667089CCDE90067FFF7CCFD1CB1034B9F
:10F960009B685B69236002B0D0BD00BFE40001204A
:10F970000122044BC01A044BC0105843034B1A54C5
:10F98000704700BFA0EA0020ABAAAAAAAF230120BB
:10F99000C3897F2B12D80A4B1B6863B1094B90F9BE
:10F9A0000E201B689A4209DB437BDB0606D1064B1F
:10F9B000C31A18BF012303F0010070470023FAE7C0
:10F9C0001C0101201801012048E8002070B50E4BF1
:10F9D0000E4C1E7C054606EB460304EBC304204692
:10F9E0000BF05DF900220A4B28469A55FFF7D0FF2D
:10F9F00048B1084B2046BDE870401A680649013AF4
:10FA0000D31700F085B870BDE4000120A0EA002003
:10FA1000AF2301201C01012071F9020038B5EFF37A
:10FA20001185202383F31288BFF36F8F104B114A87
:10FA30009C681068A04206D1FFF7C8FF85F31188C3
:10FA4000BFF36F8F38BD00211B7C11600A4AD35C65
:10FA5000002BF3D02046FFF79BFF0028EED0637BFE
:10FA6000DB0602D12046FFF7FDFC2046E4E700BF9D
:10FA7000E400012014010120AF230120074808B54C
:10FA8000074A0849121A0AF065FDBDE80840064811
:10FA9000064A0749121A0AF05DBD00BF20CA0020BD
:10FAA000A0D000204C18040020CA002020CA00204A
:10FAB0004C180400024B1868984208BF0020704799
:10FAC00010CC0020034B1B680BB9F5F789B9002057
:10FAD000704700BF2001012030B570B10B4B5B684F
:10FAE00098420AD0036843B1D3E90421D0E9044520
:10FAF000121941EB0501C3E90421D0E9003213607A
:10FB00005A600023C0E9003330BD00BF10CC002094
:10FB1000B3F1FF3F08BFB2F1FF3FF8B504461D4601
:10FB200016465AD08160EFF31187202383F31288A1
:10FB3000BFF36F8F013275F1FF3321DA6FF00103EC
:10FB40002B49D1E900209B1A4FF0FF3262EB0000F5
:10FB50009E1B60EB0500012E70F1000301DA012607
:10FB60000020C4E90460FFF7A5FF224E84467068B8
:10FB7000BCF1000F0DD1C4E90060046074601CE0AA
:10FB8000FFF7A0FF013645F10005361845EBE070A0
:10FB9000E7E7DCE90425D4E90431934271EB050E73
:10FBA0001CDAD21ADCF8043065EB0105CCE9042537
:10FBB000C4E900C31C60CCF80440FFF77BFF84421B
:10FBC00007D10D4B1C6824B90BF050F82146F5F70E
:10FBD000D9F887F31188BFF36F8FF8BD9B1A61EBDB
:10FBE00005018445C4E90431C5D0DCF800C0BFE795
:10FBF000B8EA002010CC0020200101202DE9F047B8
:10FC0000EFF31185202383F31288BFF36F8F254F05
:10FC10004FF0000838604FF00009FFF74BFF224E0D
:10FC20003B68D6E9001E4FEAE37C50B1D0E90442BC
:10FC3000A3427CEB020A18DAE41A62EB0C02C0E978
:10FC4000044200245B184EEB0C02C6E900323C6013
:10FC50000BF00CF82146F5F795F885F31188BFF302
:10FC60006F8FBDE8F047FFF7D9BE61184EEBE47324
:10FC7000C0E90489C6E90013FFF72EFF85F3118858
:10FC8000BFF36F8F83689847EFF31185202383F3C9
:10FC90001288BFF36F8F3B681B1B3B60FFF70AFFA7
:10FCA000BEE700BF20010120B8EA002010B5EFF345
:10FCB0001184202383F31288BFF36F8FFFF702FFB5
:10FCC0000346054AD2E90001181841EBE37184F3B9
:10FCD0001188BFF36F8F10BDB8EA0020F8B5044655
:10FCE000EFF31187202383F31288BFF36F8F02682D
:10FCF00022B187F31188BFF36F8FF8BDD0E90A36C0
:10FD0000581C46F10001022871F1000127D3012B94
:10FD100076F10001BCBF012316465D1E46F1FF3699
:10FD20000AF0E2FF013041F10001401946EB010108
:10FD3000012871F1000139DB0AF0D6FF013041F1F1
:10FD400000016FF00102401946EB01034FF0FF3153
:10FD5000121A61EB030320461749FFF7D9FE236B04
:10FD600001332363236A6BB187F31188BFF36F8F6D
:10FD70002046236A9847EFF31187202383F31288E4
:10FD8000BFF36F8F54F8185FA542B2D0002DB0D0EA
:10FD900028460AF0CDFE0023EB6787F31188BFF3F6
:10FDA0006F8F2846BDE8F8400AF0B3BE6FF001023D
:10FDB0004FF0FF33CFE700BFDDFC02002DE9F0413B
:10FDC00005461C4690461F46EFF31186202383F319
:10FDD0001288BFF36F8FB4F1FF3F08BFB2F1FF3F4E
:10FDE00005D186F31188BFF36F8FBDE8F081531CF6
:10FDF00074F1FF3309DB012A74F10003BCBF012257
:10FE0000002412F1FF3844F1FF3728460AF047FF7B
:10FE1000DDE90623C5E90A23002342462B63284671
:10FE20003B460249FFF774FEDBE700BFDDFC020042
:10FE30002DE9F74F1D46274B16469F68012387F88B
:10FE4000603087F8613052EA05030CBF01230023BC
:10FE500007F1600280460BF00EF88146EFF3118B3C
:10FE60004FF0200A8AF31288BFF36F8F97F8604033
:10FE70004CB901465A4640460AF0A5FF8BF311885B
:10FE8000BFF36F8F0BE0002387F8603056EA05035D
:10FE900009D18BF31188BFF36F8F6FF00A042046EE
:10FEA00003B0BDE8F08F5946CDE900650A4A0B481A
:10FEB000FFF720FB0446EFF311858AF31288BFF3A6
:10FEC0006F8F2A46494640460AF07DFF85F3118828
:10FED000D6E700BFE400012018CC0020B0230120A9
:10FEE00038B50346EFF31185202282F31288BFF361
:10FEF0006F8FC160012181600068834206D185F364
:10FF00001188BFF36F8F0024204638BDD0E900323E
:10FF100013605A600023C0E900330BF013F8294640
:10FF200004460248FFF760FBEEE700BFB023012064
:10FF30000A46014601480BF07EB800BF84CD002080
:10FF4000014B0367704700BF84CD002038B50446DD
:10FF50000D460AF099FD20B9064B9B681B6F0BB943
:10FF600038BD054B2A4621461846BDE838400BF0FF
:10FF700062B800BFE400012084CD00201FB5094A0B
:10FF800002AB92E803004FF4805283E80300009331
:10FF900005494FF0FF330548FFF782F8002005B010
:10FFA0005DF804FB8CBF0300F0910120C0EA002043
:10FFB0000FB407B504AA064B52F8041B1868019247
:10FFC00000F0C2FC03B05DF804EB04B0704700BF62
:10FFD00060C40300F8B50E4B06461D68AB789B075E
:10FFE00012D56F6816F8014B29462CB90A20B8477C
:10FFF000002805DB204609E02046B8470028F1DA52
:020000040003F7
:10000000AB7843F00403AB704FF0FF30F8BD00BF96
:1000100060C403000CB430B589B005460C461C2200
:10002000002101A80BF05AF8022305958DF806303F
:100030000D4B029323462CB1B4F1004F28BF4FF073
:100040000043013B1D440DAA0C9901A8069500929E
:1000500000F07AFC14B1059B00221A7009B0BDE8CB
:10006000304002B0704700BFD1B803000EB470B585
:1000700089B004461C2200210DAD01A855F8046B7F
:100080000BF02CF8022301A82A4631468DF80630E1
:10009000094B0594029304F100430095013B06933C
:1000A00000F052FC0028A4BF0023235409B0BDE88F
:1000B000704003B0704700BFD1B803002DE9F84F7E
:1000C00000228046894618F80230511C202B00F08F
:1000D0009E81A3F10900042840F299812B2B0D4643
:1000E00033D02D2B36D01846042440F02003692B42
:1000F00032D06E2B60D000224FF00A0A964694460A
:100100001346114614F400666BD040F02007A7F1A7
:10011000610BBBF1050F64D8573FFFB2BA4540F3FE
:10012000F28044F08006E005B6B268D5F40506F426
:10013000007079D5002F18BF4CF0010C00B90132C6
:1001400018F8050034460135DCE7042418F80100EE
:10015000951CCAE74424F9E7AE4B0026AE4F13F8CE
:10016000011B49B118F80520681C42F020028A42A0
:1001700026D0AA4A934230D132463B4630463946D1
:10018000E8F782FC48B918F80530282B05D101356D
:1001900018F805300135292B14D1630602D507F173
:1001A00000431F46B9F1000F02D04544C9F8005082
:1001B00047EC106BBDE8F88F994B0026994FCEE7BE
:1001C0000546CCE723F02002413A192AE0D9A3F1F1
:1001D0003002092ADCD95F2BDAD00026002700255F
:1001E000E0E7A0F13007FFB257452DDA44F0800672
:1001F00014F48070B6B299D1BAF10A0F06D0BEF1EC
:100200000F0F93DD44F4C076B6B28FE7BEF1100F46
:100210008CDD44F4C076042FB6B287D9052F4FF099
:10022000020C08BF074681E700B1013AAAFB03347C
:10023000FB180AFB014444F1000153EA01003FF4BA
:100240007FAF0EF1010E7BE7FE2F5CD1A70556D5DF
:100250002006C2D5002E40F0968053EA010005F139
:10026000FF3500F0D180200540F1B2803632B1F583
:10027000800FC0F091806C4FB1F5000F80F091803D
:10028000BA42C0F28E804CEA0303084603F003062C
:10029000032E04D003F00606062E40F08B800433B4
:1002A00041F10000B0F5000FC0F084800132B2F5DA
:1002B000806F80F2A68000234FF4801102F2FF329B
:1002C00021F480111E4641EA025747EC106B02F000
:1002D0004BF80138022804D8544B22220BF01AFBA9
:1002E0001A5047EC106B02F03FF8013802283FF635
:1002F00054AF4E4B22220BF00DFB1A504DE744F445
:100300000076B6B21CE740F0200004F080077828A1
:1003100009D147B153EA010A05D144F400664FF010
:10032000100AB6B20CE7002F3FF457AF6EB392003D
:100330007026864291D118F805006E1C2B2804D037
:100340002D2824D144F48064A4B218F80600A0F14A
:100350003006092E81D8AE1C354640F2D34A00261D
:100360004FF00A0B5645DCBF30380BFB060618F879
:1003700005000135A0F13007092FF3D9670548BF03
:100380007642324469E72E20D1E76526D1E7A0F115
:100390003007092FE0D960E7DB1802F1FF3249414D
:1003A00065E75E0803F00103013246EAC1764908B9
:1003B000334361E7B2F5806F23DA9B08B0F5800F15
:1003C0004FEA900143EA8073BFF478AF002279E7E7
:1003D0000EEB020010F5A27F10DDB0F59B7F10DA66
:1003E00003F0010040EA0C0001308008181841F1C8
:1003F0000001E9F78DFA57EC106B72E70026002731
:100400006FE70026044F6CE700260027C5E60A4682
:1004100059E600BFD21704000000F07FD517040092
:10042000CF1704000000F87F02FCFFFF0C00000063
:10043000242A2DE9F041044601D8012A4CD1364B3B
:1004400016220BF067FA1A5001B10C6000273846EB
:10045000BDE8F08135462E4616F8010B2028F9D06C
:10046000A0F109070346042FF4D92B2836D02D28F4
:1004700037D14FF0010CAE1C6B78302B38D130786F
:1004800040F0200078282FD132F010002CD1737862
:100490003446102202360CF1004000270138B0FB30
:1004A000F2FE02FB1E08392B82BF03F1FF3343F03B
:1004B0002003263B303B9A421ED9774502DC03D10C
:1004C000984501D24CF0020C354607FB0237344602
:1004D00015F8013B2E46E6E70546BCE74FF0000C59
:1004E000C9E74FF0000CC8E7002A08BF0822D2E78E
:1004F000002A08BF0A22CEE701B10C601CF0010FF0
:1005000018BF7F421CF0020FA1D0034B22220746E6
:100510000BF000FA1A509AE70C000000242A2DE98B
:10052000F84F8046894601D8012A60D1424B1622F5
:100530000BF0F0F91A50B9F1000F01D0C9F80080A2
:10054000002319461846BDE8F88F31460E4616F8C6
:10055000013B202BF9D0A3F109001C460428F4D953
:100560002B2B46D02D2B46D101278E1C4C78302CBE
:1005700048D1337843F02003782B3ED132F010037A
:100580003BD17478B0461025023617F1FF3B6FF06F
:1005900000432A4643F1000A584600235146E8F733
:1005A0006DFB00238C461946392C82BF04F1FF34C1
:1005B00044F02004263C303CA54228D998427CEBEC
:1005C000010E05DB614508BF834203D1A24201D27F
:1005D00047F00207A5FB033EB04605FB01EEE3181A
:1005E0004EF10001B6461EF8014B7646DCE70146A7
:1005F000ACE70027B9E70027B9E7002A14BF154682
:100600000825C2E7002A14BF15460A25BDE7B9F13F
:10061000000F01D0C9F80080F80702D55B4261EBFA
:100620004101BA078ED5044A22240BF073F95B46C8
:100630005146145086E700BF0C000000242AF0B594
:10064000044601D8012A40D12E4B16220BF062F944
:100650001A5001B10C600020F0BD2F463D4615F840
:10066000010B2028F9D0A0F109060346042EF4D985
:100670002B282CD02D282CD10126BD1C7B78302B8B
:100680002DD1287840F02000782824D132F01000B5
:1006900021D16B782C46102202350020392B82BFE5
:1006A00003F1FF3343F02003263B303B9A421AD933
:1006B000A0FB02040CB9C01801D346F002062F4675
:1006C0002C4617F8013B3D46E8E70746C6E70026FB
:1006D000D3E70026D3E7002A08BF0822DDE7002A77
:1006E00008BF0A22D9E701B10C60F20748BF4042B7
:1006F000B307B1D5034B22220BF00CF91A504FF07F
:10070000FF30A9E70C000000242AF0B505460E468C
:1007100001D8012A0AD13E4B16220BF0FBF81A50E1
:1007200006B1356000200146F0BD2046044614F8AD
:10073000011B2029F9D0A1F109070B46042FF4D998
:100740002B2939D02D293AD14FF0010C841C437844
:10075000302B3BD1217841F02001782932D132F081
:1007600010012FD163782546102202340020014663
:10077000392B82BF03F1FF3343F02003263B303B8C
:100780009A4232D9002729BBA0FB02E517F00107E6
:100790007046294608D11EEB030E55F10005704640
:1007A00028BF012729460FB14CF0020C27462546E9
:1007B00017F8013B3C46DBE74FF0000CC6E74FF073
:1007C000000CC5E7002A08BF0822CFE7002A08BFAF
:1007D0000A22CBE7A2FB0151A0FB02E02D1841F158
:1007E0000001002918BF0127D0E706B135601CF0D1
:1007F000010F02D0404261EB41011CF0020F93D087
:10080000034B22220BF086F81A504FF0FF308AE794
:100810000C0000002DE9F04101260746B24201DC40
:10082000BDE8F0813B461F4613F8014B002CF7D082
:10083000252CF8D11C780237252CF3D00023DFF8C3
:1008400004819C461D461F2D18D8A4F1200EBEF130
:10085000100F09D9A4F1300EBEF1090F1ED80A24D9
:10086000202504FB03E304E028FA0EFE1EF0010F2E
:1008700006D017F8014B002CE5D128E07F2D1CD8BD
:10088000A4F1300EBEF1090FE9D9242C10D1BCF12E
:10089000000F46D0B34246D00023EAE724F0040E0E
:1008A000BEF12A0FF8D06C2C09D145F08005E0E7A5
:1008B00024F0040EBEF12A0FEED06C2C22D06C2C4A
:1008C0001BD8682C23D06A2C28D04C2C26D0BCF105
:1008D000000FA5D0B445A1D144F020070B68A7F1C3
:1008E000650CBCF1020F01D9612F1ED1073323F033
:1008F0000703083301360B608FE7742CB9D07A2CCC
:10090000B7D0E4E72C0648BF45F40075CDE7EC0509
:1009100048BF45F4007545F48075AAE745F4207595
:10092000A7E79C46B8E76324D6E7692C02D007D82E
:10093000632C03D02F0601D5AC05D7D40433D9E7F7
:10094000732CF6E7892801002DE9F04F436893B036
:100950008046019383789807CDE9061216D50B4699
:1009600000250B921F789FB1252F15D001330593D9
:1009700041463846019B01359847002880F22A8479
:1009800098F8023043F0040388F802304FF0FF3546
:10099000284613B0BDE8F08F5F789A1C252F05928A
:1009A000E6D000242646A246A346BBF11F0F32D84C
:1009B000A7F12003102B0AD8DFE803F02409092A45
:1009C0000909091B09090922092709091900A7F1C1
:1009D0003003092B2DD92A2F39D154B90B9B1BF089
:1009E000400F53F8042B0B9329D0164601E04BF02F
:1009F000010B059B13F8017B0593002FD5D15BE01C
:100A00004BF0020B4BF0040BF3E74BF0080BF0E755
:100A10004BF0100BEDE7BBF17F0F3FD8A7F1300390
:100A2000092BD8D81BF0400F03D00A2202FB063650
:100A3000DFE70A2202FB0A3A4BF0200BD9E7B2F1BA
:100A4000000AF9DACAF1000A4BF0280BD1E72E2F81
:100A500005D11BF0400F9BD14BF0400BC9E7242F71
:100A60001CD1002C00F03E81079B1BF0400F0B9324
:100A70000AD152460BA90698FFF7CCFE0B9B1A1D14
:100A8000D3F800A00B92B4E732460BA90698FFF703
:100A9000C1FE0B9B1A1D1E680B92AAE76C2F00F07B
:100AA0000E8100F20581682F00F011816A2F00F09D
:100AB00016814C2F00F0138134B1079B22460BA9FD
:100AC00006980B93FFF7A6FE002E47F02009B8BF4B
:100AD0002BF0400BA9F16503BCBF00261FFA8BFB6E
:100AE000022B40F20481B9F1610F40F05882FF43BC
:100AF0001BF0400F0CA84BF4C05407F0200308BFB4
:100B00004FF0FF36049331460B9B073323F0070366
:100B100003F1080293ED000B0B92049A0AF012FE07
:100B20000130C3B2B342029301DB029B5E1E01237C
:100B30000C9FA3464FF07009039307F10903122B92
:100B40000DD907F16303C62B40F20A8107F2E733A0
:100B500040F2CE72934294BF0323042303939DF883
:100B6000342002F00C0312F0010240F014811BF05B
:100B7000020F40F00D811BF0040400F0F380002B05
:100B800040F00C8120231BF4405F20D1029A002EFC
:100B900002F1480208BF01266A44133A029921B1C2
:100BA00012F8011D302900F02E811BF0100F029A5F
:100BB00018BF3246391DC0F22B81B74280F228811E
:100BC000BA424BF4005B40F325817E1C961B1BF45C
:100BD0000052089200F0208127EAE774013403B143
:100BE0000134002E00F02081721C1444A245CCBFB9
:100BF000AAEB040400241BF0090F04D12C44A542E5
:100C000040F0178100243BB118464146019B013555
:100C100098470028FFF6B4AE1BF4006F12D041468F
:100C20003020019B98470028FFF6AAAE049B41465E
:100C30000235C3F17800019B00F0F80098470028C6
:100C4000FFF69EAE1BF0080F05D12C44AC4240F0DD
:100C5000FC8025460024089B002B00F0158127EA24
:100C6000E77A7642A7EB0A07029B0AF1FF3A05F101
:100C700001094146BB4289BF0CAB3020FB185879B3
:100C80005645019B00F3EA809847002807F10107C9
:100C9000FFF676AEBAF1FF3F08D141462E20019B08
:100CA00098470028FFF66CAE05F102094D46DBE7D8
:100CB000742F3FF49EAE7A2F3FF49BAEFCE61BF000
:100CC000800F18BF4BF4007B4BF0800B91E61BF4B8
:100CD000807F18BF4BF4007B4BF4807B89E64BF49C
:100CE000207B86E626465446B346B24681E6FF435D
:100CF0001BF0400F07F0200308BF0626B9F1650F6F
:100D000004930B9B03F1070323F0070303F108028D
:100D100093ED000B0B9211D1711C00224BF4805B00
:100D2000C9B2134611290CA828BF112100F09AFF5F
:100D30000C9FC3B2029302230393FEE6B9F1660F40
:100D400005D14BF4005B334601221121EAE7F1B2F1
:100D500000224FF065090129134638BF0121E1E760
:100D60000223FBE6002B3FF40EAFBAF1030F39DC90
:100D70009DF83430A14E13F0080FA14B08BF1E465A
:100D80003746B94617F8010BA0BBAE1BB14478E05B
:100D900023BB2B23F7E61BBB2D23F4E62022BAF15D
:100DA000040F12DD1BF0080FAAF104040ED12C442D
:100DB00041462020019B0135029298470028FFF60A
:100DC000DFADA542029AF3D192B10024414610460C
:100DD000019B013598470028CADAD1E52B22DEE7CE
:100DE0002D22DCE71BF0080FAAF10304C0D1DEE7D7
:100DF0001446BDE7049B4146C01A019BC0B2984708
:100E00000028BEDABCE502990139C9B20291C5E6F3
:100E1000561EDCE60026DAE61BF4006F039A0CBFD0
:100E2000032405241444DAE61BF0100F18BF013424
:100E3000DCE609934146019B20209847002805F1F4
:100E40000105099BBFF6DBAE9AE541463020019BC8
:100E5000013598470028BFF6F9AE91E5984700287C
:100E6000FFF68EAD1BF0100F0BD0BAF1FF3F08D18B
:100E700005F1020941462E20019B98470028FFF604
:100E80007FAD4D464C442CE241469DF83500019B18
:100E900098470028FFF674AD002E65DD41462E20F0
:100EA000019B98470028FFF66BAD4FF0010A029BAB
:100EB0004146D3469A45B7BF0CAB302053445879CE
:100EC000019B98470028FFF65BAD0AF1010A5645E1
:100ED000EDDA02355D44049B4146A9EB0300019B1A
:100EE000C0B298470028FFF64BAD002F4146019B4A
:100EF000B6BF2D202B207F4298470028FFF640AD3B
:100F0000039B042B3DD14FF47A794146019B033575
:100F1000B7FBF9F606F13000C0B298470028FFF69B
:100F20002FAD09FB16774FF064094146019B01354F
:100F3000B7FBF9F606F13000C0B298470028FFF67B
:100F40001FAD09FB16774FF00A094146019B013599
:100F5000B7FBF9F606F13000C0B298470028FFF65B
:100F60000FAD09FB167713E01BF0100F01D101350F
:100F7000B1E741462E20019B023598470028AADAA6
:100F8000FEE4039B0235032BCDD0039B012BDAD16A
:100F900007F1300005F101094146C0B26CE7A7F145
:100FA0006303122B00F2FF80DFE813F013005700F9
:100FB000FD00FD00FD00FD005700FD00FD00FD00EF
:100FC000FD00FD001701F800FD00FD002C00FD00F4
:100FD000B9000B9B01240CAF1A1D1B680B928DF8F6
:100FE00030301BF0080F2ED03E19B946B1452CD138
:100FF000EF1BB944AAEB040443E700BFDA1704006F
:10100000FED903000B9B1A1D0B921F68AB4B002FE0
:1010100008BF1F461BF0400F384614BF31464FF043
:10102000FF310AF0C3F80446DBE741462020019B6C
:1010300098470028FFF6A4AC013EB442F5D35544CE
:10104000B246AD1BD0E75646F7E7414619F8010B0B
:10105000019B98470028C9DA92E41BF0800F0B9B94
:1010600035D01BF4007F2DD0073323F0070303F1A5
:101070000802D3E900010B922BF0100900291FFA96
:1010800089F936DA404249F4806961EB41010DF19A
:10109000300B0A235A460AF0E0F819F0400FA0EB93
:1010A0000B0B65D029F001025E4592B240F3B2808D
:1010B000002F00F0A98019F010033446914626D085
:1010C00002345CE01A1D18680B92C117D4E71A1D90
:1010D0001BF4807F19680B9201D10846F5E71BF4D9
:1010E000007F19BF48B241F3C01108B241F3C031CB
:1010F000C2E750EA0103CAD11BF0400FC7D0002E4F
:10110000C5D12BF0110B34461FFA8BF9B34640F2D0
:10111000064319EA03031CBF013400232FE02BF020
:10112000100B0A231FFA8BFB1BF080040B9A57D07D
:101130001BF4007115BF0732101D22F007020B903F
:101140000FBF106802F108010B91D2E9000150EACB
:10115000010252D12BF016091BF0400F1FFA89F93A
:101160004FD0002E4DD12BF0170B1FFA8BF9B34641
:1011700019F0100352D0002F4ED10BF1010419F0D9
:10118000080F5ED119F0010F06D0A2456EDDAAEB63
:10119000040404EB0B06544622464DE04BF0100BC2
:1011A00010237827C0E7B9F1780F04D1C7F178038D
:1011B00043F01003B8E741462520019B98470028DB
:1011C000FFF6DEAB41463846019B98470028FFF604
:1011D000D7AB0235059BFFF7C5BB08230027A3E764
:1011E000111D10680B911BF48071B0D01BF40071BD
:1011F0001ABFC0B2214680B2A9E72BF0060B1FFA36
:101200008BF90DF1300B45E729F0110934461FFA2F
:1012100089F97CE79146ABE75C4651E75C4676E7A7
:10122000CDE9022341462020019B98470028FFF684
:10123000A7AB029A039B01329245F1DC2C1BA51847
:101240001446F3B141463020019B98470028FFF631
:1012500097AB6FB90135A9462E44A6EB09035B4550
:1012600021DC5D460CAE5DBBD944C3E65E4693E728
:10127000023541463846019B98470028EBDAFFF7D4
:101280007FBB40F2064319EA030FE4D019F0020FC6
:1012900005F10105414614BF2B20202019F4806F71
:1012A00018BF2D20E7E741463020019B09F10109D5
:1012B00098470028D1DAFFF763BB00BFDE170400B0
:1012C000013D4146019B705D98470028CBDAFFF74E
:1012D00057BB41462020019B013598470028FFF667
:1012E0004FAB631B002BF4DC74E700BF2DE9F04F1C
:1012F000002391B0029007920E920F9306930D4631
:1013000015F8016BAEB1202E17D0A6F10903042BFE
:1013100013D9252E17D00FA9029809F0C5FF031E77
:10132000C0F2F380DBB2B3420BD00FAA029909F0EE
:10133000C5FF069811B0BDE8F08F0FA9029809F01B
:10134000C5FF2946DBE74E788D1C252EE3D02A2EDB
:1013500003BFCD1C8E78012400240027A6F13003A2
:10136000DBB2092B19D9A20723D5242E23D1079B41
:1013700024F0020400220E93A4B201239F4215DC44
:1013800042B17B1E002F0E9A4FEA8303D8BF002381
:101390001A440E9215F8016BDFE744F002040A22AA
:1013A00015F8016BA4B202FB0737D7E7013301221E
:1013B000E4E74FF0FF376C2E35D007D8682E24D0E5
:1013C0006A2E3FD04C2E37D026B9B2E7742E36D0D5
:1013D0007A2E34D03146894809F09CFE0028A8D0E6
:1013E00014F001030C9311BF4FF0000A0E9B1A1D5D
:1013F0000E9208BFD3F800A06E2E26D10F9A0023BC
:101400005046009409F077FF9BE72E78682E04D0B1
:1014100044F02004A4B20135D6E744F030046E78DD
:10142000A4B20235D0E72E786C2E02D044F004042A
:10143000F0E744F00C04F2E744F00C04A4B215F811
:10144000016BC1E744F00804F8E7632E1FD114F0E4
:10145000020F04F0040408BF01270FA9029809F045
:1014600023FF002851DBBAF1000F02D064B14AF823
:10147000040B013FF1D10C9B002B7FF462AF069B64
:101480000133DBB206935CE70AF8010BF1E75B2E50
:101490005DD12B7800265E2B06BF01354FF0010988
:1014A0004FF000090FA9029809F0FEFE0022A8469D
:1014B00005F1010E9446114618F8013BFBB1F045C9
:1014C00008D05D2B12D02D2B04D132B90B4601224E
:1014D0001946F1E7002A08BF194688424FF000027A
:1014E000F6DB9842D8BF4FF0010CF1E7002805DB8E
:1014F000E14511D10FAA029909F0E0FECEB9029B95
:101500009B7813F00C0F3FF414AF069B002B14BF15
:1015100018464FF0FF300DE7BAF1000F05D0630712
:101520004CBF4AF8040B0AF8010B013F4FF00106CB
:10153000B8D1BAF1000F01D145469CE714F004047C
:1015400016BF00238AF80040CAF80030F4E70FA95C
:10155000029809F0BBFE0028D7DB582E7BD0643EF2
:10156000F3B2142B00F2BD80142E00F2BA80DFE833
:1015700006F00BB8B8B8B841B8B8B8B8B86F72B818
:10158000B852B80BB8B872004FF00A080FA9029809
:1015900009F08AFE2B2804D02D280AD144F04004FB
:1015A000A4B2013FABD00FA9029809F07DFE00283C
:1015B000A5DB302877D1B7F1010918D00FA902981F
:1015C00009F072FE002812DB40F0200344F0800492
:1015D000782BA4B242D138F0100344D1B7F10209FC
:1015E00005D00FA9029809F05FFE002862DA0026F4
:1015F00037464CE04FF00008C8E700BFE51704008D
:10160000BAF1000F05D066074CBF4AF8040B0AF880
:10161000010B013F0FD00FA9029809F045FE0028E9
:1016200009DB202803D0A0F10903042BE8D80FAA76
:10163000029909F043FEBAF1000F3FF41CAF14F019
:10164000040416BF00238AF80040CAF8003012E7ED
:101650004FF008089AE74FF0100897E7B8F1000F2D
:1016600008BF4FF00808002637463928034682BFD6
:1016700000F1FF3343F02003263B303B98451CD854
:101680000FAA029909F01AFE20067FF538AF61060D
:1016900002D5764267EB470732463B4650460094F8
:1016A00009F029FEE7E6B946B8F1000FDBD14FF0AB
:1016B0000A08D8E74FF01008D5E7A8FB066244F007
:1016C00080049E1908FB0722A4B242F10007B9F179
:1016D0000109DCD00FA9029809F0E6FD0028C4DA60
:1016E000D5E70FA9029809F0DFFD03909DF80C30B3
:1016F0002B2B04D02D2B0DD144F04004A4B2013F7C
:101700003FF4FDAE0FA9029809F0CEFD031E03932E
:10171000FFF6F5AE039B43F02003692B69D06E2BD7
:1017200000F099804FF000080A234646C146CDE9F3
:101730000488220540F1BE80039A42F02002D2B212
:10174000A2F16101052900F2B580573AD2B2934265
:1017500040F3008144F0800BE1051FFA8BFB40F160
:10176000CC801BF4807F0BF4007100F0D7800598CB
:10177000002A18BF40F00100059009B908F10108DE
:10178000013F0D9300F0FB800FA9029809F08CFD3A
:10179000031E5C4603930D9BCBDA21067FF5AFAEAB
:1017A0002205039A4CBF7023652342F0200248BFF4
:1017B0004FEA88089A4240F02A81B7F1010B00F005
:1017C00028810FA9029809F06FFD0346C2B22B2AA7
:1017D00005D02D2A40F0F18044F48064A4B2B7F122
:1017E000020B40F0CE800FAA0299184609F066FD60
:1017F0000FE1734E4FF00008DFF8D09116F801BBEF
:10180000BBF1000F13D0013F0DD00FA9029809F0D2
:101810004BFD031E07DB43F020035B45EED00FAA10
:10182000029909F04BFD674B9E427FF468AE424639
:101830004B4640464946E7F727F938BB013F25D0DC
:101840000FA9029809F030FD282816D00FAA029996
:1018500009F034FD1AE05C4E4FF00008DFF870919B
:10186000CCE720F02003413B192B06D9A0F130032F
:10187000092B02D95F287FF442AE013F3FF43FAE0F
:101880000FA9029809F010FD2928EAD1630606D5B0
:1018900009F10043CDF828800B93DDE90A89BAF1FC
:1018A000000F3FF4E8AD14F00C0F00F07181CAE9AD
:1018B0000089E0E5039A303AD2B29A4240DA44F025
:1018C000800BE1051FFA8BFB3FF54BAF0A2B14D1C0
:1018D00014F00C0F1FD1049908297FF742AF44F48C
:1018E000C07B042A1FFA8BFB7FF63BAF052A4FF023
:1018F000020108BF0022059133E714F00C0F049990
:1019000007D107297FF72DAF44F4C07B1FFA8BFB6B
:1019100027E70F29F6E704991029DEE709B108F156
:10192000FF38A3FB0661961903FB091141F1000979
:1019300056EA09023FF424AF049A013204921FE7E9
:10194000FE2A07D1A2053FF528AF44F4007B1FFA19
:101950008BFB15E7039A04F0800342F02002782AFB
:101960007FF41BAF002B3FF418AF56EA09037FF456
:1019700014AF44F4006B10231FFA8BFB00E75C46A6
:101980000BE70FA902980D9309F08EFC0D9B1F46E3
:101990000346A3F13002092A1CD918460FAA02995E
:1019A00009F08CFC7B1C04D00FAA0299384609F080
:1019B00085FC0FAADDE9021018E74FF0FF37E8E7D2
:1019C000FC170400FF170400F91704000000F07F63
:1019D0000000F87F00270A2240F2D3418F42DCBF8B
:1019E000A3F1300102FB0717BBF1010B09D00FA9CE
:1019F000029809F059FCA0F1300103460A22092996
:101A0000EAD96005039348BF7F42B8445F46002F80
:101A1000CFD156EA090300F0B680210504F00C028C
:101A200040F18A80002A4FF00100614912BF35233E
:101A300018236FF07D015F1CA3F11F02C7F1200C7A
:101A400000FA02F2B84420FA0CFCB84042EA0C0258
:101A5000864279EB020751D30127A3F11E02C3F19D
:101A60001E0C981C07FA02F227FA0CFC07FA00F089
:101A700042EA0C02864279EB020745D2884543DBF5
:101A8000059A324316464A4606F00300032803D05F
:101A900006F0060006280BD1043649F10002B2F523
:101AA000000F21BF760808F1010846EAC276520805
:101AB000B608C3F13500C3F11507153B46EA827637
:101AC000920806FA07F726FA03F3824006FA00F0B6
:101AD0003A431A43364B994225D1B8F5806F61DA03
:101AE000B2F5801F25D308F2FF3822F4801242EAB3
:101AF000085308900993DDE90889C7E6B61908F18B
:101B0000FF3849EB0909A3E7770806F0010608F159
:101B1000010847EAC9774FEA59093E43AAE7001886
:101B200008F1FF385241B2F5801F38D218F57F7F97
:101B3000F5DA4FF00008DAE7059B06F001001843DC
:101B4000049B013043448008301849F100015AB128
:101B500013F5A27F17DDB3F59B7F23DA4246E7F743
:101B6000D7FE59EC108B91E613F12D0F0BDB272BD1
:101B700018DC414609F005FC10EE100AE6F7C4FC3B
:101B80008046894682E64FF000084FF000097DE666
:101B900040464946E6F7D2FFCAF800006BE4B8F5C4
:101BA000806FA0DB4FF00008DFF808906EE600BF02
:101BB00002FCFFFF0000F07FF0B589B005460C463F
:101BC000164600211C2201A81F4609F087FA0223AD
:101BD000204605958DF806300A4B02932CB1B4F1DE
:101BE000004F28BF4FF00040013805443A463146C7
:101BF00001A80695FEF7A8FE14B1059B00221A70F5
:101C000009B0F0BDD1B8030070B588B006460C46E7
:101C1000154600211C2201A809F060FA01232A467A
:101C200021468DF8063001A8034B05960393FFF774
:101C30005DFB08B070BD00BFBDB803001FB502ABAF
:101C4000074A00934FF0CC3309F022FDDDE9020191
:101C5000C00840EA4170C90805B05DF804FB00BF48
:101C6000CDCCCCCC2DE9F04F9DB055EC104BCDE94F
:101C70000C322A46C5F313030B91290DD20FC5F37D
:101C80000A5507908DED050A0A9275B922461A4346
:101C90001BD130230126056043710A9B43F00203E8
:101CA000037130461DB0BDE8F08F40F2FF729542DF
:101CB0004DD1059A002613430A9B079A14BF43F09F
:101CC000080343F004031371EBE7059A4FEA830816
:101CD0009A46B14D02F001020992059A48EA9278BB
:101CE000970001221646C5F1000B0892584600F0F5
:101CF00019FAB5F1FF3FACBF8146A0F10109ABEB8A
:101D0000090B09EB05035846069300F01FFA18A9C2
:101D1000A0F17D05584600F039FA14AB089AA9EBFA
:101D20000505019312AB02925146009318AA2B4667
:101D3000059809F0B6FBB9F1010F04460D4600F213
:101D4000D880099B002B40F0CB8001276FE0059ADB
:101D500043F4801AA5F2354502F001024FEA8A08E1
:101D60000992059A134348EA92784FEA82074BD1C9
:101D700040F2FE7319420CBF01260026002D3246A8
:101D8000B1DB284600F0C8F90346032DC8BF013B6C
:101D90001846069300F0DAF9069B7C3018A95D1B03
:101DA0000544184600F064FA14AB18AA059801938C
:101DB00012AB5146029600932B4609F072FB069B2C
:101DC00004460D46152B00F2888016AB734A384640
:101DD000414600934FF0CC3309F05AFC169B179AFA
:101DE0009B0843EA827303EB8303BB42DDE9129A4B
:101DF0000CD13846414600F0B1F9069B83428CBFB6
:101E000000270127002612E00126B7E7099B002BD7
:101E100053D1013F48F1FF31B81B61F1000100F0DF
:101E20009DF9069B099F83428CBF002601260D9BCE
:101E3000002B40F09380DDF82CB04FF000084FF0FD
:101E40000A0ACDF82080CDF81480DDE91201FFF7F1
:101E5000F5FE149BCDE90E01184615991093FFF776
:101E6000EDFE0E9B81460F9A98420B4611919341CD
:101E700080F08E8020462946FFF7E0FE0AFB09F33A
:101E8000109AB8F1000F14BF002707F001070AFBF2
:101E900010480D46934214BF002606F001060E9B23
:101EA0005FFA88F8044612930F9BCDE91339119B12
:101EB0001593089B01330893C7E7B81C48F100014C
:101EC00000F04CF9069B83428CBF00200120B9EB47
:101ED00000006AF10002CDE9120200273E46A6E7A3
:101EE000129B0127139A013B42F1FF32CDE91232D6
:101EF00088E7B9F13E0FF0D84FF0FF33A9F1200089
:101F0000C9F1200103FA09F203FA00F023FA01F102
:101F100003FA09F3024327EA03070A4328EA0208FF
:101F200057EA08070CBF012700276BE700FB02FCFC
:101F30000133A1FB001262448C4275EB020CF5D216
:101F4000069A13440C9A1344D20F9342B8BF134617
:101F50000B9A9A42A8BF1A4693466EE70A210022BE
:101F600001230846E8E70AFB03F00131A2FB0A233C
:101F70000344944275EB0300F5D2594510DDBBF1E3
:101F8000000F02D154EA05030AD00123059371E73B
:101F90000A2200230121ECE7CCFBFFFFCDCCCCCC07
:101FA0007EB34FF00A0A149B159918460F93FFF75A
:101FB00045FE0F9B0AFB00F281460E919A4220D10A
:101FC000B8F1000F14BF002707F00107DDE9120187
:101FD000FFF734FE10900F9120462946FFF72EFEA2
:101FE0000F9B0AFB1048109A04460D465FFA88F8CA
:101FF0001292CDE913390E9B1593089B0133089378
:10200000D1E7069B089A13449946002F5DD0B8F19A
:10201000050F5AD114F001034DD1059A32B9DDE90B
:1020200014239D4208BF944262D0059B18194FF0BB
:102030000A044FF000024FF0010645F10001254669
:10204000A04271EB020756D2FBB1B3451DDA0D9BDE
:1020500073B106EB09030C9A1A44012A13460B9A32
:10206000B8BF01239A42A8BF1A46964293460CDD98
:10207000053009F1010906F1FF364FF00A024FF071
:10208000000341F10001E6F7F9FD5E450FFA89F919
:10209000079BA8BF5E4636B2B14406F1050809F1B8
:1020A000FF3798444FF00009B1452BDB079B0A9A94
:1020B0001F601A71F5E5059B2BB9DDE914239D42DC
:1020C00008BF944209D00123B0E7059B53B9DDE96D
:1020D00014239D4208BF944204D1099B002BF2D1E6
:1020E000002EF0D0B8F1040F94BF002301239DE728
:1020F0004FF00408F1E705FB02F70136A4FB0542A7
:102100003A449DE70A220023E6F7B8FD303209F190
:10211000010908F8012DC7E7014B5843800C7047AF
:1021200041340100014B5843000D7047FB2E0B005A
:10213000014B5843C00C70474F931200024B584359
:10214000C00C0130704700BF4F931200024B584340
:10215000C00C0130704700BF4F93120070B50346AA
:10216000094A00204FF0CC364FF0333506FB03F41C
:1021700002FB0144A3FB023121449D4275EB0104A3
:1021800001D30130F2E770BDCDCCCCCC1A232DE9C0
:10219000F04FB0FBF3FA334E03FB1A0389B0044649
:1021A0000D4606EB0A1653B9D6E90023C1E9002310
:1021B000D6E90201C5E9020109B0BDE8F08F2A4A5B
:1021C00002EBC303D3E9008904AB404649460093C0
:1021D000D6E9022309F05CFA06AB83460F46404677
:1021E00049460093D6E9002309F052FA00238146BC
:1021F000DDE9066216EB0B0652EB070828BF012348
:1022000033B1049B059A013342F10002CDE9043257
:1022100020460391FFF79AFF07461A2000FB0AF0B9
:10222000FFF794FF3F1A324643464846039900970A
:1022300009F049FA0D4A4FEA141C640004F01E0329
:1022400052F82C40DC4004F003042418304641F1DD
:102250000001DDE90423C5E900414146009709F08A
:1022600032FAA7E778C00300A8BF030054C90300EF
:102270002DE9F04F1A2700F11905DFF8E8A089B021
:1022800004460E46B5FBF7F56F434FEA051B0AEB14
:1022900005153A1A0AD1D5E90023C1E90023D5E989
:1022A0000201C6E9020109B0BDE8F08F2B4B03EB38
:1022B000C203D3E9008904AB404649460093D5E9FF
:1022C000022309F0E5F95AF80B206B68013ACDE9D1
:1022D000020106A963F1000340460091494609F056
:1022E000D7F98A46029900238146DDE906526D1826
:1022F000039952EB010828BF012333B1049B059ACF
:10230000013342F10002CDE904323846FFF71EFFE7
:1023100007462046FFF71AFF3F1A2A46434648461B
:102320005146009709F0CFF90D4A4FEA141C64009A
:1023300004F01E0352F82C40DC4004F00304013486
:102340002418284641F10001DDE90423C6E90041D3
:102350004146009709F0B7F9A3E700BFA8BF030003
:10236000A8C9030048C1030051EC100B0B4631F023
:10237000004107D190B10D4A1A40002A14BF042031
:1023800003207047094A13420AD0094B994209D9E0
:10239000914209D1B0FA80F040097047022070479D
:1023A0000320704704207047002070470000F07F32
:1023B000FFFFEF7F704700231A46EEF789BD01F05B
:1023C000D8B838B504460D4640694FF0FF324FF09B
:1023D000FF33FCF7D5FB012303FA05F1E3686069DD
:1023E0000B43E360BDE83840FCF742BC08B506F09B
:1023F00062FE18B9BDE80840F2F726BD002008BD0E
:10240000F2F74ABD01F0ACB808B508F06DFC4FF426
:102410007A72A0FB020302FB0133C00B40EA434087
:1024200008BD014640F2E73008B54FF47A72002348
:1024300000EBC1304914E6F721FCBDE8084008F084
:10244000DABB01F08DB801F094B8E9F7E1BE01F014
:1024500087B803460A4619790123006803FA01F197
:1024600003691B68194218BF82F0010212B1836828
:10247000DB68184783681B69FBE703460A4619793E
:102480000123006803FA01F103691B68194218BFB0
:1024900082F0010212B18368DB68184783681B6908
:1024A000FBE7F0B50144054618469DF814608D42DF
:1024B00000D1F0BD15F8013B584008235EB100F093
:1024C00001075C1E400897B182EA0003D8B2234698
:1024D000002CF4D1EBE710F0800F4FEA4000C0B2BF
:1024E00003F1FF3318BF5040002BF4D1DFE7234640
:1024F000002CE3D1DBE7836800EBC101B3F5004FAB
:102500002CBF51F8220031F81200704700EBC101D6
:102510008068B0F5004F2CBF41F8223021F812300E
:102520007047012208B5FFF7E6FFD04008BD836879
:1025300000EBC101B3F5004F08D34B681AB143F06B
:1025400001034B60704723F00103FAE74B881AB18F
:1025500043F001034B80704723F00103FAE7530077
:102560000122FFF7D3BF8368B3F5004F34BF0423C4
:102570000823C91A081AC0087047B0F5004F34BFC5
:1025800004230823481C0833A0EBD300B0FA80F0E2
:10259000C0F11F0070472DE9F041174603220E4697
:1025A0000446FFF7A8FF8642054607F104080AD152
:1025B0000122E368BA4023EA0203E360002344F8FF
:1025C0002830BDE8F081314602222046FFF793FF14
:1025D00006462B4601460322204644F82850FFF7C2
:1025E00095FF334629462046BDE8F0410222FFF719
:1025F0008DBF70B50D4686680446FFF792FFB6F5AD
:10260000004F014601D3012809D03046FFF7B5FF3E
:10261000294602462046BDE87040FFF7BCBF70BDAA
:102620002DE9F04705468068FFF7A7FF05EB800A14
:10263000DAF8109088460646B9F1000F1BD0032740
:10264000DAF8104028462146FFF76BFF404507D3D4
:10265000324621462846FFF79EFF2046BDE8F08718
:10266000032221462846FFF746FF013FCAF8100023
:1026700001D08145E4D14FF0FF34EB680136B4401E
:102680001C40EAD094FAA4F2B2FA82F2131D55F873
:102690002340DEE72DE9F04114460E460546FFF7DC
:1026A00040FFA4EB0608371B074442463146284644
:1026B000FFF755FF3A4621462846FFF750FF4346AD
:1026C000002221462846FFF721FF21462846FFF732
:1026D00028FF3B46211800222846BDE8F041FFF7BD
:1026E00015BF2DE9F041164604460F46FFF719FFC6
:1026F000314605462046FFF714FF05442A46394671
:102700002046FFF72CFF31462046FFF70AFF2B46F5
:10271000311800222046BDE8F041FFF7F7BE2DE951
:10272000F0410D4686680446FFF7FBFEB6F5004F04
:10273000014601D3012832D03046FFF71EFF04EBDB
:1027400080010E6996B90122E36882401343E36079
:1027500002220D612B4629462046FFF7D7FE0322B1
:1027600029462046BDE8F041FFF7D0BE022231469F
:102770002046FFF7C0FE0746034629462046FFF7DE
:10278000C5FE0322334629462046FFF7BFFE3946E1
:102790002B462046FFF7BAFE02223146E1E7BDE8AC
:1027A000F081F8B50C460546FFF7BBFE261801225E
:1027B00031462846FFF79FFEC3070CD43146284612
:1027C000FFF717FF21462846FFF7ABFE21462218E8
:1027D0002846FFF786FF002221462846FFF78BFE9A
:1027E000271A012239462846FFF785FE10EA02061D
:1027F00013D139462846FFF7FCFE214632462846CB
:10280000FFF779FE2246211A2846FFF76AFF214684
:1028100032462846FFF76FFE241A21462846BDE8B7
:10282000F840FFF77CBF38B571B105680022284633
:10283000FFF799FE044601462846FFF778FE214639
:10284000BDE83840FFF7ADBF38BD70B5066809B9BF
:10285000002070BDB368B3EBD10FF9D9B3F5004FC9
:1028600034BF04230823CC1D1C44E4082146304611
:10287000FFF7D6FE05460028EAD001463046FFF7AE
:1028800050FEA04209D92C44294630462246FFF783
:1028900001FF21463046FFF742FF3046012229461C
:1028A000FFF745FEB368B3F5004F34BF0423082398
:1028B00003EBC5031844CCE72DE9F843066814463A
:1028C000B26801F1FF39B2F5004F34BF0423082389
:1028D00019EA01090F460BD0494239408B424F4655
:1028E00028BF0B46894654B900252846BDE8F88321
:1028F0009942F8D82146BDE8F843FFF7A6BFB2EBEE
:10290000D40FF1D9B2F5004F34BF04220822E11DE3
:102910003944C91A11443046C908FFF781FE804680
:102920000028E1D0B36809EBC005B3F5004F34BF10
:10293000042308231D4435447B1E1D44B5FBF7F5D5
:102940007D43A5EB090529463046FFF70CFE2C44D4
:10295000073424F00704A41B804507464FEAE4042B
:1029600008D2024641463046FFF794FE41463046C3
:10297000FFF7D5FE39463046FFF7D3FD3844844291
:1029800008D2394630462246FFF784FE21463046BB
:10299000FFF7C5FE012239463046FFF7C8FDA4E720
:1029A0002DE9F74F914698460F460568009031B9DA
:1029B0004246494603B0BDE8F04FFFF77DBFB8F18E
:1029C000000F06D1FFF72FFF0024204603B0BDE81B
:1029D000F08FAC68B4EBD80FF6D92846FFF7C3FDEB
:1029E000014606462846FFF79CFDB4F5004F34BF6C
:1029F0000421082101EBC6022A4408F10704BB1A8E
:102A00000C441C4483460193E408B9F1000F03D041
:102A100009F1FF32174243D15C450ED00FD2344446
:102A2000224631462846FFF735FE31460122284628
:102A3000FFF77DFD2146FFF7B4FE3C46C5E706EBF8
:102A40000B0A012251462846FFF755FDC30727D43C
:102A500051462846FFF765FD5844A04220D3514611
:102A60002846FFF7C6FD51462846FFF75AFDA4EB5E
:102A70000B08404509D93444514628462246FFF701
:102A800009FE21462846FFF74AFE524631462846AF
:102A9000FFF727FE012231462846FFF748FDCCE725
:102AA000424649460098FFF707FF044600288BD0AE
:102AB00031462846FFF735FDAB68019AB3F5004F64
:102AC00034BF04230823C2EBC002D21A4245394660
:102AD00028BF4246204608F0DAFA39460098FFF748
:102AE000A2FE72E7B2F5802F2CBF082304232DE944
:102AF000F0410026D21A8C18CD1D25F0070524F0D0
:102B00000704641BE408056021462046AC60EE60C3
:102B1000FFF733FD421D9200013002F107074FEA33
:102B2000D7073146A2F1100205F11000B8BF3246B6
:102B300008F0D4FA3A4631462846FFF710FD3346EE
:102B4000324631462846FFF7E1FCA4EB0708284649
:102B500031460122FFF7EBFC42463946FFF7FFFC06
:102B60003B46324639462846FFF7D0FC21462846E8
:102B7000FFF7F5FC4346324621462846FFF7C6FCE0
:102B8000214628460122FFF7D2FC3946BDE8F04134
:102B9000FFF7C5BD2DE9F04706460D461746984696
:102BA0002BB34FF0000A98F8004093F80190DB78BF
:102BB000A40004EB430498F802301C444444CA4582
:102BC00009D339463046AC46D8F8042008F108034A
:102BD000BDE8F047604714F8013B0AF1010A2046BE
:102BE00048F82340E6F776F801300444E7E76FF051
:102BF0001500BDE8F08770B500250246284614464A
:102C000014F8013B0BB9184609E098B18D4207D181
:102C1000702B04D0A3F140023A2A0BD8002070BDDB
:102C2000A3F140063A2E05D853780135941C002BA9
:102C3000E9D00020252B224608BF80F00100DEE706
:102C40000FB407B504A951F8040B019100F00FFC73
:102C500003B05DF804EB04B070470CB4034607B54D
:102C600004AA084652F8041BDB680192984703B097
:102C70005DF804EB02B07047FBF782BFFBF7F8BFCB
:102C8000E8F7B4BD10B50369024613F0080009D196
:102C90001368D4689C429BBF0120126AE31AD31ABE
:102CA0000B6010BD00231846FAE713B501A90446CE
:102CB000FFF7E8FF20B1019BE268013B1344019359
:102CC000206A019BC01A013802B010BD10B504463D
:102CD00050182269236AD20702D5013B184010BD63
:102CE000984228BFC01AFAE710B504460A46C168E0
:102CF000FFF7ECFF2369E06023F00803236110BDB8
:102D000038B50D46C2698B00016843F002030446E2
:102D100042F8213001682A46FFF7D8FFE36861686E
:102D2000984208BF2369206008BF43F008032A4681
:102D3000204608BF2361FFF7C9FF606038BD2DE959
:102D4000F74FC768C6699B4616F82730044603F05C
:102D50000303022B884691464FF0000306EB870AD7
:102D600009D01360CBF800302369990710D40020F4
:102D700003B0BDE8F08F56F8271013608908CBF830
:102D80000030F1D0FFF7B0FFE368A3600120EFE768
:102D9000A3695046984716F827300546DA07E6D566
:102DA00013F002031DD0B8F1000F03D041462046B6
:102DB000FFF7A6FF61682A462046FFF787FFD4E9A0
:102DC00002319942606004D12A462046FFF77EFF17
:102DD000A060A3682360E360236943F008032361D4
:102DE000D4E7014620460193FFF77EFFE268A26028
:102DF000B8F1000F04D02168E269019B42F821304C
:102E000005EB0802CBF8002021682046FFF75EFFA3
:102E10002369206043F00803236116F827306FF31D
:102E2000000306F82730C9F800A0AFE770B50446E4
:102E30001546FFF74BFF2368834205D123692160C4
:102E400023F00803236170BDE269AB0043F0020385
:102E500042F8213061682A462046FFF737FF60605C
:102E6000F1E738B5036904465B0706D5456AFFF705
:102E70001CFF85422CBF6562606238BD38B50D46C7
:102E800004461C22002108F029F90022EB68A36106
:102E9000AB6863612B68E3616B68626223622A69D5
:102EA00023B1591E194208BF42F0010222610122DA
:102EB00004F128000021BDE8384007F00ABD2DE9E3
:102EC000F04F002587B00093036A04468B420E46FC
:102ED0009246A9460395059539D3EFF3118B20232C
:102EE00083F31288BFF36F8F059AD8462AB129461B
:102EF0002046FFF79BFF0023059304A92046FFF718
:102F0000C1FE04990746B1422AD32268E3692046EC
:102F100013F8221003EB820921F0030103F82210B9
:102F200021683246FFF7D2FEE3682060984212D053
:102F3000002788F31188BFF36F8F039929B1626965
:102F40000AB12046904700230393002FC5D148467D
:102F500007B0BDE8F08F236943F008032361E7E77A
:102F600018B12046FFF7CCFEE3E7009B5AEA0302C4
:102F70001CD0019107F088FD0199B8B9BBF1000F91
:102F800014D187F31188BFF36F8F5246009B04F171
:102F90002800FBF723FFEFF31188202383F3128827
:102FA000BFF36F8FB0FA80F77F09C2E7204605AB09
:102FB00003AA2568FFF7C3FE0746BAE770B50446C3
:102FC000836908460D4698470246EFF31186202391
:102FD00083F31288BFF36F8F2B78204643F00103F1
:102FE0002B706168FFF772FE60602046FFF739FFC3
:102FF00086F31188BFF36F8F70BD2DE9F041044651
:103000002027EFF3118687F31288BFF36F8F2369B0
:1030100013F0080FA36802D16268934200D9226AB4
:10302000D21AE16932B986F31188BFF36F8F4FF07E
:10303000000833E011F8232001EB830812F00300AD
:10304000F1D0022803D151F82350AD0805D1D007A3
:1030500012D44046A36998470546A1682A462046EF
:10306000FFF734FE2946A0602046FFF73DFE86F3B9
:103070001188BFF36F8FC4E742F0020201F82320EA
:10308000A3694046A5689847294602462046FFF7AF
:103090001DFEA06086F31188BFF36F8F4046BDE828
:1030A000F081F8B50446836908460D469847064600
:1030B000EFF31187202383F31288BFF36F8F2B78F0
:1030C0006FF300032B7023699B0705D5E268E36962
:1030D00003EB82039D421AD12B786FF341032B70CF
:1030E000D4E90231994204D132462046FFF7EEFD81
:1030F000A06031462046FFF7F7FD87F31188BFF344
:103100006F8F04F12800BDE8F840FBF733BE2B6851
:1031100060F39F032B60F0E7EFF31181202383F32B
:103120001288BFF36F8F036913F0080F836802D111
:103130004268934200D9026AD31A81F31188BFF31F
:103140006F8F181E18BF01207047038B13F0070301
:1031500005D10368002B0CBF002003207047022B11
:1031600005D1408BB0FA80F0400980007047012BF8
:1031700005D10368002B0CBF0020052070470020FC
:10318000704710B50C4600B111B96FF0150010BDB5
:10319000081D00F094F80028F9D1A368032BF6D994
:1031A000F3E72DE9F0410D4607461946281D9046E4
:1031B0001E4600F098F8044638B133464246294688
:1031C0003846A446BDE8F0416047BDE8F08110B440
:1031D000EFF31182202484F31288BFF36F8F4161D3
:1031E0005DF8044B0121E8F7E9BB38B50C4605460C
:1031F00058B151B10B6843B14B6833B11C22002167
:1032000007F06CFF00202C6138BD6FF01500FBE764
:1032100070B505460E46FFF7B4FF041E14DBEFF34E
:103220001182202383F31288BFF36F8F4FF6FF7153
:103230006B8B2C8B8B4204F0070407D182F311882F
:10324000BFF36F8F6FF00A04204670BD022C0CD1C3
:1032500001336B8382F31188BFF36F8F0023224603
:1032600031462846FFF79DFFEEE7062C14D8DFE82D
:1032700004F004131313041A0400002333606B6872
:103280003BB9C5E90066ACB902212846E8F796FBD0
:10329000DAE71E606E60F6E782F31188BFF36F8F86
:1032A0006FF00404D0E782F31188BFF36F8F6FF0E3
:1032B0008504C9E782F31188BFF36F8FC4E7034623
:1032C00040B1426802F00302022A06D0032A04D069
:1032D000012A05D06FF0150070471A68002AF9D04E
:1032E00000209860704710B54268034602F0030260
:1032F000022A4FF00004816007D0032A02D05C60EC
:10330000002001E018685C6010BD18685C6000284F
:10331000F6D0FCF7E5FDF3E72DE9F84343790446E1
:103320005B085B2B2DD016D8332B0AD8302B44D812
:10333000222B44D0302B08BF042018BF6FF015009B
:1033400007E04B3303F07F03012B8CBF6FF01500B8
:103350000820BDE8F883742B33D07B2B03D0662B79
:1033600008BF0120E9E700252E462F46D0F80C9033
:10337000A94512D10120013FB0403844F040B0408F
:10338000E7E7D0E90205FFF7C7FFA388684303F426
:10339000FE73002BDDD00430DBE7A36803EB0518D8
:1033A0004046FFF7B9FF98F80430074403F00303E1
:1033B0009E4238BF1E460135DAE70820C9E70420DF
:1033C000C7E70120C5E70D280BD8072815D908380D
:1033D000052812D8DFE800F0130F0B11030D66204B
:1033E000704722280CD05C2818BF002070476E2040
:1033F0007047722070477420704700207047622029
:10340000704770B5D2E901639B1B8B420C46154691
:103410000CD913680A460146981907F038FE0020B7
:103420006B681C442B686C60185570BD6FF00B0006
:10343000FBE7704703785B075FBF03684288C3F30D
:103440004A2303EB12105DBF173020F007008008FD
:10345000002070470020704704F05CBD0346D3E8AD
:10346000EF0F421CC3E8E12F0029F8D170471FB5C8
:103470000023CDE902011A4619461846CDE900336A
:10348000E9F72EF805B05DF804FB0120E8F7DEBD92
:103490000020704770B5D2E901369B1B8B420C4669
:1034A00015460AD313680A460146981907F0EFFD3E
:1034B0002046AB682344AB6070BD6FF01B00FBE798
:1034C00070B50E4615461946044618B9BDE8704059
:1034D000E8F7BCBD33B1C2F34A231030120D1844D3
:1034E00007F0D5FDC4E900562046BDE87040E8F776
:1034F0003FBF2DE9F3415F1C4FEA8708064608F1FC
:10350000170020F0070080080C461546E8F70AFE71
:1035100000238DF80470ADF805308DF8073068B1E0
:103520000346019AA8F1040143F8102F2A462944C2
:1035300052F8045B8A4243F8045FF9D10023314614
:10354000A20102F4E07242EA482222F07F4222F411
:10355000700222F03F0202B0BDE8F041FFF7B0BFB9
:1035600007B50123019201AAFFF7C3FF03B05DF87D
:1035700004FB07B5CDE9002302236A46FFF7B9FF34
:1035800003B05DF804FB1FB5CDE90123069B01AA3A
:1035900003930323FFF7ADFF05B05DF804FBF8B517
:1035A00006460D4614461F4604B9F8BD2146284676
:1035B0003A46B047241A0544F6E710B54268044677
:1035C000D2E9002381680068FFF7E9FF0022636801
:1035D0001A6010BD38B54B6805461A68CB680C46B2
:1035E0009A4202D10846FFF7E8FF6368D3E8EF2F5D
:1035F000511CC3E8E01F0028F8D1A36800209D54A7
:1036000038BD0A2838B504460D4602D10D20FFF713
:10361000E1FF29462046FFF7DDFF002038BD2DE9F8
:10362000F043054687B008460E8891F800900C4696
:10363000D1F808801746E8F7A3FF011EC6F38216EB
:10364000C9F3C2091EDB4846E8F7A4FE034621463B
:1036500051F8102B6088C2F34A22002A01EB0204C1
:1036600008BF00210022C0F30B10CDE90407CDE90B
:1036700002142846414601960092E8F7ADFF07B0D4
:10368000BDE8F0830023E2E743691BB11B7900200A
:103690000B7070476FF05700704743693BB1DB68B0
:1036A0002BB15B691879B0FA80F0400970470120AE
:1036B000704770B504460D464269FFF7EEFF10B93A
:1036C0000323137170BD03212046A847002802DAA6
:1036D00010F1860FF6D120462B46BDE8704001213F
:1036E00018477047002930B4044618460BDBA5681C
:1036F0000844A84207D8E0686468214484682468C4
:10370000A44630BC60476FF0150030BC70470029FC
:1037100030B4044618460BDBA5680844A84207D815
:10372000E0686468214484686468A44630BC6047EB
:103730006FF0150030BC70470029034610B41046E6
:103740000CDB9C680844A04208D8D8685B68194420
:1037500083689B683BB15DF8044B18476FF0150018
:103760005DF8044B70476FF05700F9E708B5C06883
:103770008368DB689847006808BD08B5C06883683F
:10378000DB689847407908BD42680B68934202D9CC
:103790000846E9F791B94B68012013444B60704724
:1037A0002DE9F047894616469846044698B3826844
:1037B0000369134482693344934230D80025D4E925
:1037C0000170A6EB050A3F1ABA4515D2B54209D2D7
:1037D00023685246184409EB050107F058FCA3681A
:1037E0005344A360B8F1000F1CD0A068A8B12046D4
:1037F000BDE8F047E9F7B0B923683A46184409EB49
:10380000050107F044FC63682046A360E9F7A4F9CA
:1038100018B93D44D3E76FF00D00BDE8F0876FF0B5
:103820000B00FAE74046F8E7006970472DE9F041E0
:1038300087680446FB680D4616469847BB682BB15F
:10384000324629462046BDE8F04118476FF0570040
:10385000BDE8F08101460068E9F75ABA08B5E9F712
:10386000E7FABDE80840E9F707BB0A460121FFF780
:1038700077BEEFF314835A0712D500F1400280ECB3
:10388000100A82EC108AF1EE102AC0F88020012282
:1038900023F0040380F8842083F31488BFF36F8F30
:1038A000704790F884308BB1EFF3148343F0040336
:1038B00083F31488BFF36F8FD0F88030E1EE103AB5
:1038C00000F1400390EC100A93EC108A704700213D
:1038D0000120E9F71DBA436E83F30B88704761B688
:1038E00062B680F31188BFF36F8F704772B6002302
:1038F00083F31188BFF36F8FBFF34F8F30BF62B672
:10390000BFF36F8F704772B6002383F31188BFF344
:103910006F8FBFF34F8F20BF80F31188BFF36F8F7E
:1039200062B6704740E800F313F4803FD8B208BF96
:103930006FF01500704730B50C684B6885B00A8988
:103940004D890094013B24F01F04234402F01F0220
:1039500042EA451223F01F0369468DF808200393BD
:10396000E9F702FF05B030BD08B5D1E90431984749
:10397000002008BD08B5EAF7EBF8002008BD704745
:10398000416A8968EAF790B9034618465B68002BDC
:10399000FBD17047426810B52AB10B461C465B68E4
:1039A000002BFBD16260416010BD83680B44036053
:1039B00070478388026819448180D0187047034695
:1039C00000689A88521A01449A8019607047036807
:1039D0008268C0889B1AC01A80B270470CB4034634
:1039E00007B504AA084652F8041BDB680192984701
:1039F00003B05DF804EB02B070472DE9F041141EEE
:103A000005460E4613DB4FF4004740F2E730002135
:103A10004FF47A720023C4FB0701E5F72FF9024641
:103A20000B4631462846BDE8F041EAF7D7B94FF0DA
:103A3000FF321346F5E707B501AB05F067F9022839
:103A40000AD003280BD068B90198003818BF0120AC
:103A5000404203B05DF804FB6FF01500F9E76FF02A
:103A60008500F6E74FF0FF30F3E708B5F7F722FAE5
:103A7000002818BF6FF00D0008BD13B5032001A981
:103A8000E8F7F4FF58B901220198114605F0FDF856
:103A900004460198FFF725FE204602B010BD6FF0E6
:103AA0000404F9E7EBF7EABCEBF7F2BCFBF768B804
:103AB000FBF7DEB8E7F73CBF08B5EDF725F8B0FA3D
:103AC00080F0400908BD013801288CBF002001208A
:103AD0007047002905DAC36E494243F00403416090
:103AE000C366704770B50446D0F890000D46049E3A
:103AF00028B14FF0FF324FF0FF33FBF741F8002EB3
:103B000005DAE36E764243F004036660E36604F18F
:103B10007006E5B9304606F0D8FE88B9E36E43F08A
:103B20000103E366304606F090FE04F18800FBF7DF
:103B300059FBD4F89000A8B1BDE87040FBF798B8E5
:103B400090F8333043F0020380F83330EDE795F816
:103B5000333029466FF34103304685F8333006F0A1
:103B60009BFEE2E770BD70B50446B0F89E5000F1D0
:103B70007006C5F34105002200233046FBF7C8F864
:103B800040B9304606F061FE04F18800BDE870409F
:103B9000FBF728BB032D02D1EDF7B2FBEBE702F0F8
:103BA00045F8E8E72DE9F04F154681461A460E46DE
:103BB00089B021B1DDB92F464FF0FF3B04E0002D65
:103BC000F9D00F46D5F800B04FF0000802F002031C
:103BD0000193CDF8088009F1700ABBF1000F08D1FC
:103BE0000FB1C5F800B0029809B0BDE8F08F012709
:103BF000E8E7504606F065FE04460028F0D0804510
:103C0000EED0B8F1000F08BF804602F032FA8345CB
:103C10005A4628BF02460299034611440291ABEB73
:103C200002010491BFB102B3019919B1E168039196
:103C30002169059131682046CDE9062302F0BBF9E0
:103C40003168069A079B1144019A316082B1039B47
:103C5000E360059B2361002200235046FBF758F8E0
:103C60000146504606F018FE15E0019A002AF2D1EE
:103C70009B4510D3002300225046FBF749F890F8EB
:103C800033309B0742BFD9F86C3043F00103C9F8C9
:103C90006C3001F0CBFFDDF810B09EE7EAF7C2BC54
:103CA000EAF7EEBCEAF720BDEAF744BDEAF7A8BDA3
:103CB000EAF7C6BD002307B5CDE90033EAF7C0FD3A
:103CC00003B05DF804FB2DE9F0474FF0FF331546D4
:103CD0004FF0FF328CB0CDE90A230A2309936B061B
:103CE00004460E4603D4C36E13F0020339D00022FB
:103CF0000023CDE90A23002706A806F0F7FFDDE937
:103D00000A23DDE9068906A806F0F0FFDDE90623AF
:103D1000CDE904230DF1240ADDE90A233146CDE97A
:103D20000023204600232A46029701F087FD002841
:103D30001FDADDE90A230146CDE900232046424689
:103D40004B46CDF808A0EAF70BFB002811DBDDE9B4
:103D5000042306A806F0EEFFDDE90623CDE90A23D9
:103D6000DAE70AAA0521EDF779FC4FF4A022002337
:103D7000C1E70CB0BDE8F087FFF7A5BF10B5D0F8DC
:103D8000902004460B4692B1026F0AB1002010BD8C
:103D9000D0F89010D3E900238830FBF749FA0028C7
:103DA000F5DBE36E5B07F1D560684042EFE76FF04B
:103DB0001500ECE7EAF7C6BDEBF79CB8002307B5A2
:103DC000CDE90033EBF796F803B05DF804FBEBF7B1
:103DD000BDB8EBF7F1B8EBF7C1B9EBF7ADBAEBF75C
:103DE00001BB38B103682BB11B689B682BB15B68C2
:103DF0001BB1184700239B68FFDE00207047026854
:103E000003464AB9406848B99A6842B9D86800F18F
:103E10007F43584258417047002070471046704712
:103E200038B590F8343004466FF3820380F83430AC
:103E300083680D467BB199B194F83430204643F045
:103E4000040384F8343001F05CFF94F83330C3F39A
:103E50000213032B0DD92046BDE8384001F0E6BE21
:103E60000146806900F0FEFC0128E5D00028F2D16F
:103E700038BDA368DB681B7803F0F003602B04D126
:103E800029462046EEF704F9F0E7402BE3D1294616
:103E9000204602F0D3FCE9E708B502F0E1F9EDF7BE
:103EA0008BFCEEF7E1F8EEF7E9F802F089FD02F09D
:103EB00045FFEEF7B9F8EDF761F8ECF787FCEDF7A1
:103EC0002FFDECF723FD002008BD70B50446A56961
:103ED000203004F128064DB90822294607F0D7F80A
:103EE00000231A68A2625A68726070BD296841B1E5
:103EF0000B6923624B6943602B68002BF0D01033B1
:103F0000EFE7082207F0C3F8F6E7F0B5044685B0FE
:103F1000002800F0C8808368002B00F0C48083690B
:103F2000002B00F0C38001F0D2FE204601F0E9FE34
:103F300094F83330C3F30213022B6BD1A368DD680E
:103F4000EB7913B9002005B0F0BDECF7ADFE1022FF
:103F5000014605F1180007F0CDF810B96FF07C00AC
:103F6000F1E7A368DD6818352846FFF748FF0146EA
:103F700098B3A368DA6894F833301B0732D402F19F
:103F800008052B466F4602F1180C3E461868596822
:103F9000083303C663453746F7D1283253F8041B6C
:103FA000934245F8041BF9D16A46A36804AEDB6866
:103FB0001833154603CDB542186059602A4603F1FF
:103FC0000803F6D148F2DD6320462386FFF77DFF24
:103FD00001212046FFF724FFB4E72846EBF73EFC1B
:103FE0000028C6D1A368D868037EFF2B04D1437E86
:103FF00003F00F03012BEBD00830FFF700FF002880
:10400000ACD12146A06900F042FC02289AD16FF0A1
:10401000040098E7012BF4D1A368DD682B7A002B0C
:1040200090D0ECF739FE2A6903689A4296D0A368CB
:10403000DD682B7C7F2B0CD1A368DB68DA68A36872
:10404000DB681969D960A368DB681A614FF4006303
:10405000BAE7A669ECF724FE2A6903689A421CD0E5
:10406000304605F11001EBF791FEB0B9A3680021CD
:10407000DF6807F110063046EBF702FF054600281F
:10408000DAD1ECF70DFE3A6903689A42D4D0314692
:104090002846EBF77BFE0028CED1A368DB681B7BAC
:1040A0007F2BAED15AE76FF03C004CE76FF0150064
:1040B00049E7816809B9FFF7B3BE4968FAE7002309
:1040C0000B60436813B9C0E9001170471960416083
:1040D0007047002203680BB9184670478B4210D115
:1040E0000B6842B942680360914200D143600023EB
:1040F00001200B60704713604368994208BF42601B
:10410000F5E71A461B68E6E740F2FF230B60002341
:104110008B80CB800B814FF480734B81FF230B731B
:10412000437B4B73C389CB81704710B1006800B1EA
:104130004068704710B1006800B10068704728B14E
:10414000006818B1C069003818BF0120704710B16D
:10415000006800B11030704710B430B1C46C24B1A5
:10416000234642685DF8044B18475DF8044B7047DE
:1041700010B50346FFF7D9FF28B1C2681AB1BDE8F0
:10418000104018461047002010BD70B505460024A9
:10419000E3009442D8B214DA2B5D0E5DB34202D133
:1041A0000134E4B2F4E773401C060AD400F10802BB
:1041B000D2B20130C0B25B009042DBB201D019062E
:1041C000F7D570BD38B1006828B10C30D0E8AF0F1A
:1041D000084100F001007047802AF8B507460E46F6
:1041E000144617D8D5082A4606F084FF90B96442D1
:1041F00014F0070410D07B5D725DC4F108015A40D1
:10420000FF238B40DB43DBB2A3401A420CBF0120EB
:104210000020F8BD0020FCE70120FAE7102208B5D5
:1042200006F068FFB0FA80F0400908BD08B506F056
:104230005BFD4FF47A72A0FB020302FB0133C00B5B
:1042400040EA434008BD60B1036853B101220C331A
:1042500002FA01F1D3E8EF0F0843C3E8E20F002AA6
:10426000F8D1704768B103685BB1012202FA01F12D
:10427000C9430C33D3E8EF0F0840C3E8E20F002A2C
:10428000F8D17047FAF77CBC4FF0FF324FF0FF33A4
:104290001830FFF7F7BFFAF7EBBC2DE9F0470C46F3
:1042A00088B0064690461F46FFF7EEFF022C50D11D
:1042B00074680CB900243DE069464046FFF724FFCE
:1042C00094F82A30C3F340059B0718D494F856306D
:1042D0009807EFD54FF0FF3904F1300A504604A992
:1042E000FFF712FF6846FFF799FF00B1013541461D
:1042F0005046FFF793FF024638B3012215E004F160
:10430000040904A94846FFF7FFFE6846FFF786FF49
:10431000414605464846FFF781FF0028D6D094F86D
:1043200056309907C3F340020CD407B13D602C23EB
:1043300003FB024406F11800FFF7ADFF204608B06A
:10434000BDE8F0874FF00009C6E7B9F1000FB1D121
:10435000EBE7012CAED1B468002CEBD094F82A30F6
:10436000C3F340029B0701D41446E3E76268D8F820
:1043700000309A4218BF0024DCE7F8B50E46174615
:10438000054630B3FFF780FFAB682BB900241BE074
:10439000002F18BF002417E093F82A20C2F340042E
:1043A000920711D5711C03D093F92920B242EDD1A7
:1043B0001A88012AEAD11C1D2046EBF76FF8002865
:1043C000E6D0002F08BF002405F11800FFF763FFB7
:1043D00025462846F8BD70B504460D46FFF754FF44
:1043E000A36833B9002604F11800FFF754FF3046E4
:1043F00070BD93F82A20C2F340069207F2D51A88BE
:10440000012AEFD1DA6A5B6863EA02032A68934201
:10441000E8D1E8E710B588B1006878B101230C3025
:1044200003FA01F1D0E8EF3F43EA0102C0E8E42FCC
:10443000002CF7D1194214BF0120002010BD30B567
:1044400090B1006880B1012303FA01F1CA430C3036
:10445000D0E8EF3F03EA0204C0E8E54F002DF7D1B2
:10446000194214BF0120002030BDEBF79DB970B593
:1044700005460E46FFF708FF6C68E4B194F82A3051
:104480009A0708D52388022B05D180223046211DAA
:10449000FFF7A2FEA8B994F856309B0713D5A38D59
:1044A000022B10D18022304604F13001FFF794FE38
:1044B00058B12C231C4405F11800FFF7ECFE2046F0
:1044C00070BD0023F6E70024F5E70446F3E738B5AE
:1044D0000C46054660B159B1FFF7D6FE237D05F1C4
:1044E00018006FF341032375BDE83840FFF7D3BED2
:1044F00038BD70B506460D46FFF7C6FE746854B366
:1045000094F82A309A072CD56B1C08D12388022BEB
:104510001BD094F85630980729D400241BE094F956
:104520002930AB4208D094F856309907F5D594F964
:104530005530AB421BD0F0E72388022BF3D148F271
:10454000FE03A2889A42EED104E048F2FE03A2885C
:104550009A42DED1043406F11800FFF79CFE204693
:1045600070BD94F856309A07D7D56B1CDFD1A38D58
:10457000022BD2D148F2FE03228E9A42CDD13034A2
:10458000E9E72DE9F0410F46054618B9EBF71EF9AA
:10459000054678B32846FFF777FE6E682EB396F887
:1045A000C5309A07C3F340040AD5394696F8C420AB
:1045B00006F1B000FFF710FE044608B106F1A004B2
:1045C00096F8ED309B070FD596F8EC8039464246B9
:1045D00006F1D800FFF700FE30B11CB194F824308A
:1045E000434501D906F1C804264605F11800FFF736
:1045F00052FE35462846BDE8F08138B50546FFF73E
:1046000043FE00212846EBF7F3F8002809DB6C682D
:104610000CB194F8FD4005F11800FFF73CFE204670
:1046200038BD0024F7E738B50546FFF72DFE002119
:104630002846EBF7DDF8002809DB6C680CB194F82C
:10464000FC4005F11800FFF726FE204638BD002487
:10465000F7E74FF48072EBF7FBBA13B50146002081
:104660000190FFF7F6FF0446ECF71EFB844205D1EC
:10467000EBF7ACF80190019802B010BD204601A9FB
:10468000EBF7ECF8019B002BF5D1F1E737B5D0F84B
:10469000F040650804210DEB0100E9F7ADFC04EBE7
:1046A00044040198C5EB5404B0FBF4F304FB13007D
:1046B000284403B030BD0122FFF75FBE0022FFF7A0
:1046C0005CBE38B5FFF7D1FE044640B1FFF7DCFD14
:1046D000A5685DB904F11800FFF7DDFD2C46204602
:1046E00038BD2B88012B18BF0025F3E795F82A3039
:1046F000C3F340029B07F4D41546EBE713B501461C
:1047000000200190EBF75AFB0446ECF7C5FA84420F
:1047100005D1EBF75BF80190019802B010BD20467F
:1047200001A9EBF7ADFB019B002BF5D1F1E738B503
:104730000546FFF7A9FD00212846EBF7F3FA00280C
:1047400009DBAC680CB194F84C4005F11800FFF798
:10475000A2FD204638BD0024F7E738B50546FFF72F
:1047600093FD00212846EBF7DDFA002809DBAC6851
:104770000CB194F84D4005F11800FFF78CFD204670
:1047800038BD0024F7E738B50C460546A8B181B11D
:10479000FFF77AFD6B6873B1224602212846EBF7DA
:1047A00025FC0028CCBF0024012405F11800FFF7E8
:1047B00072FD204638BD1C46F7E70446F9E72DE9AF
:1047C000F0411F4691F82A3016469A0705460C46D6
:1047D00012D50B88022B0FD191F82830012B0BD169
:1047E00001F104083A4641463046FFF7F5FC18B19E
:1047F00041462846FFF7C7FF94F856309B0713D56C
:10480000A38D022B10D194F85430012B0CD13034ED
:104810003A4621463046FFF7DFFC28B121462846BC
:10482000BDE8F041FFF7AFBFBDE8F08138B50C46F9
:104830000546A8B181B1FFF727FDAB6873B12246E9
:1048400001212846EBF7D2FB0028CCBF002401242D
:1048500005F11800FFF71FFD204638BD1C46F7E79D
:104860000446F9E710B50346FFF75FFCBDE81040CA
:1048700002681846104710B50C4691F83D0001F04B
:10488000FEFC2146A069BDE81040EBF75FBEF8B51D
:104890000C464F6909210546FFF794FC58B96FF0A3
:1048A00072061FB131463846FFF756FCA36A002B4B
:1048B00038D102202DE004212846FFF783FC002890
:1048C000EDD12846FFF731FC10B96FF00406E8E798
:1048D0004368002BF9D001212846FFF773FC68B923
:1048E000236A5BB9A3691846FFF731FC02681846D2
:1048F0002262FFF72CFC037984F8243094F83330DB
:10490000C3F30213012B05D028462146FFF7B3FF5E
:104910000020F8BD204602F051F80228D5D000282A
:10492000F7D1F1E73246284604F12801EBF7E8FD1C
:10493000BFE70120704701207047002307B501A998
:104940000193EBF79DFA28B1019803B05DF804EBF1
:10495000EBF75ABE03B05DF804FB10B5044678B11E
:10496000FFF792FC0A212046FFF754FD10B92046BC
:10497000EBF74CFC04F11800BDE81040FFF78BBCCE
:1049800010BD10B5044678B1FFF77EFC0A21204621
:10499000FFF755FD10B12046EBF738FC04F1180085
:1049A000BDE81040FFF777BC10BD08B50346FFF720
:1049B000C6FB48B11846FFF7BDFB8368986818B17D
:1049C0008047C31E5842584108BD38B5054642606D
:1049D00011B9C0E9021138BD4FF47A73A1FB03414C
:1049E0006FF0004200232046E4F748F9C0EBC073A3
:1049F000E31A08BF6FF00043E86009BF00F1FF3021
:104A0000AB60AB60E860E6E770B5C5680346446834
:104A100035B16FF00046701A2044002806DD70BDE5
:104A200083681C44601A20EAE070F8E76A1E01F10E
:104A30000040DA6001309A685960211A001B8242F6
:104A40009FBF9219023D5218DD608CBF89189A6091
:104A5000DA6888BF99600AB99868E0E76FF00040AB
:104A6000DDE737B504460A220D4601A9FBF7E6FD4E
:104A7000019A0346A24200D150B1207830B110789B
:104A800030B9B3F5803F01D201202B8003B030BD97
:104A90000020FBE710B50C0901F00F0103B944B188
:104AA000092C85BFA2F10A03E4183034E4B200F8FF
:104AB000014B0023092985BF0A3A89183031C9B250
:104AC000017000F8013F10BD10292DE9F04399460F
:104AD00007460B460C46904628BF1023002587B09A
:104AE000AB420EDC1D46B9F1000F47D02A463A21F1
:104AF000384606F0BEFA064640B9002007B0BDE8C9
:104B0000F0837A5D002AEED00135E9E7C31B9D42B0
:104B1000A8BF1D46394600272A4601A806F0B7FA65
:104B200005F118036B4403F8147C012008F104021A
:104B300001A9EBF7E9FFB842DFDB0123A8F8003059
:104B4000B9F1000F18D0013C641BF118224601A8EE
:104B500006F09DFA04F118030DEB03040DF10201B8
:104B600001A804F8147CFFF77CFF0028C5D0BDF82D
:104B700002305BBAA8F802300120BFE74E46C9E711
:104B80002DE9F04111F001064BD1334640BA80B215
:104B90008C0708D5012A06D931F8024B023A2418AD
:104BA000204643F100030D4694464FF0000EBCF141
:104BB0000F0F05F1100540D86FF00F05140905FB24
:104BC000042217464FEA041C01EB0414032F4AD8B1
:104BD0006FF00305940805FB04242A406244012C6D
:104BE00001EB020506D98A5A023C1218104643F11D
:104BF00000030235012C07D12A78E90748BF1202C9
:104C00001218104643F10003020C42EA0342190C49
:104C100052EA134380B22ED10EB940BA80B2BDE839
:104C2000F0810023002ABED011F8014B013A240282
:104C30002418204643F10003AAE755E90447E41984
:104C400055F8087C4EEB0E08E41955F8047C48F141
:104C50000008E41948F1000724182046ACF1100CB4
:104C600043EB0703A3E754F8045B043F2D182846E1
:104C700043F10003AAE7801841F10003C4E72DE9DE
:104C8000F04790F833300446C3F30213012B52D19E
:104C90004B1E012B62D900228368002B47D14FF0B5
:104CA000080994F8323094F836000344CB1A1344C0
:104CB0009DB22046D4E9038701F023F894F83330FD
:104CC00094F8321003F0010643F0010384F8333006
:104CD000A1EB0901204601F09BF84A4621692846CC
:104CE000FFF74EFFE18E05464944204601F090F85B
:104CF000E26862B1236953B1B2F81090D2689B1A8E
:104D0000A9EB0309D4F80CA0BAF1000F29D1002DAA
:104D10004BD068BA80B2C04394F83330C4E90387FB
:104D200066F3000384F8333080B2BDE8F087188A58
:104D30005B680244B1E7022B3AD1002283684BB989
:104D4000E38E4FF02009CD1A94F83230ED1A154455
:104D5000ADB2AEE7188A5B680244F0E70025A946C9
:104D6000A7E728464A462169FFF70AFFDAF8043028
:104D70000546E360002BCAD01A8A002AC7D0DA6839
:104D800019F0010F22610DD0117801320D44ADB23E
:104D90002261A942B3F8109084BF0135ADB209F188
:104DA000FF39AFE7B3F81090ACE74FF6FF70B2E70A
:104DB0000020BAE708B590F8321090F836208368E2
:104DC0000A440020D968FFF7DBFE20B140BA80B268
:104DD000C04380B208BD4FF6FF70F9E72DE9F043FC
:104DE0000C46164680468FB078B3002900F0A380A9
:104DF00005785DB35B2D14D000230246081812F825
:104E0000011B21B13A2908BF01339042F7D1012B90
:104E100067D13246214640460FB0BDE8F043FFF768
:104E200053BE2E290B464FF0000528BF2E2318F83D
:104E300005201AB10135AB42F9DC1D462A465D2139
:104E4000404606F016F9074620B9002528460FB05F
:104E5000BDE8F08308F10101A0EB0109A945A8BF55
:104E6000A94600254A4602A806F011F909F13803BF
:104E70006B4403F8305C0220321D02A9EBF744FEBC
:104E8000A842E2DB0223A04433807B1C434502D2CC
:104E90007A783A2A01D00125D8E7033CA4EB09042B
:104EA000B91CAC4217DC25462A4602A806F0EFF8EA
:104EB00005F138030DEB030500230DF1060105F89C
:104EC000303C02A8FFF7CDFD0028BED0BDF806306B
:104ED0005BBA7380DFE713F8012F002AE4D00135B5
:104EE000DFE70023324621464046FFF7EDFD054649
:104EF0000028ABD12E2C28BF2E24074618F80730E7
:104F00001BB10137BC42F9DC27463A46414602A8AC
:104F100006F0BDF807F138030DEB0307002307F88F
:104F2000303C0220321D02A9EBF7EEFD00288DDB9C
:104F300002233380AFE70D4688E7F9F799BE006892
:104F400000F0F000A0F1E0035842584170470268B9
:104F5000034642B9406840B99A683AB9D868B0FA8D
:104F600080F0400970470020704710467047EAF70C
:104F70001BBC38B1006828B10C30D0E8AF0F084135
:104F800000F001007047F9F7FBBDFFF7F0BFF0B587
:104F900006460F46052587B002210DF11600E9F7F8
:104FA0002BF8BDF81640013D4FF0000144F40044D9
:104FB0000ED0CDE9011164BA0097A4B22346304661
:104FC00096F89C20EBF7F8FF1130E5D0204600E082
:104FD000284607B0F0BDF9F74BBE90F89600704731
:104FE0000120704700F10803D3E8EF0F0130C3E858
:104FF000E20F002AF8D1704738B5044600F10803E3
:10500000D3E8EF0F421EC3E8E12F0029F8D10128B1
:1050100001D0013838BD04F10C0528464FF0FF32AD
:105020004FF0FF33FFF7AFFF606C18B1ECF768FE8D
:1050300000236364B4F89E30284623F00703A4F8E5
:105040009E30FFF7C8FF0020E4E7F0B5466C044649
:105050000D4687B0002E40F0C5800B88022B68D12A
:10506000172A059640F2C180B0F89E301A0504D583
:1050700090F9A000FFF789FF05902B792F1DFF2BDA
:1050800013D1B4F89E30C3F38113022B05D194F8E9
:105090009A0010B1FFF76BFF0590384605A9EAF7B3
:1050A00041FD002869D0061D0EE03846FFF74FFF8E
:1050B000059B002836D023B904F13000FFF7CDFA64
:1050C0000590EBF7F1FD0646059B002B00F087806D
:1050D00004F10C074FF0FF334FF0FF323846FFF773
:1050E00052FF0598EBF790FA022384F8A00023847E
:1050F00066626B88002B6CD094F896202046029252
:1051000094F895200599CDE9005294F89C20EBF78E
:1051100053FF002860D16B88638400243846FFF772
:105120005AFF2CE003B905AE31463846EAF796FB44
:10513000B7E7012B59D1072A059656D9B0F89E300A
:105140001B0504D590F9A000FFF71FFF05902F1D48
:105150003846FFF7F4FEA8B1B4F89E30C3F38113CC
:10516000022B05D194F89A0010B1FFF700FF0590CB
:10517000384605A9EAF708FF48BB6FF0010420464E
:1051800007B0F0BD6A68059BD2B923B904F13000BD
:10519000FFF7B4FA0590EBF77FFD0646059BF3B1E8
:1051A00004F10C074FF0FF334FF0FF323846FFF7A2
:1051B000EAFE0598EBF728FA012384F8A00096E7A9
:1051C00003B905AE31463846EAF75AFED4E7061D64
:1051D000E4E7638C6B80A0E76FF06F049EE76FF0ED
:1051E0007C04CCE76FF07E04C9E76FF01504C6E7D6
:1051F00070B5B0F89E300446C3F3C203022B86B0EC
:105200001ED1426A52BBADF80030EBF74DFD0346AC
:1052100001AD00F110062A4618685968083303C228
:10522000B3421546F7D169462046FFF7B0FE182273
:10523000ADF8020069462046FFF707FF06B070BDD3
:10524000012B0DD1426A4AB969460192ADF800308E
:10525000FFF79DFE0822ADF80200EBE70020EDE726
:105260006FF01500EAE710B5B0F89E30DB070ED5F9
:1052700000F10C044FF0FF324FF0FF332046FFF7F0
:1052800082FE2046FFF7A7FE6FF05E0010BD6FF0B4
:105290000800FBE770B50C4605461E46114602B9EC
:1052A000416A0B681BB10846FFF749FE30B1314631
:1052B000A069EAF783FD03680146CBB195F8943005
:1052C00094F83C009B0863F3050084F83C0095F8D3
:1052D0009430324663F3871084F83C0095F894309C
:1052E00020465B0984F83D30BDE8704001F058BAB3
:1052F0006FF0150070BD70B50C4605461E46114690
:1053000002B9416A0846FFF722FE10B90B78FF2B5D
:1053100006D13146B5F89820A069EAF799FC014614
:1053200095F8943094F83C009B0863F3050084F8EA
:105330003C0095F89430324663F3871084F83C00C3
:1053400095F8943020465B0984F83D30BDE8704004
:1053500001F04ABC2DE9F74F8846B0F89E1005468B
:10536000C80717461C469DF83C200C9B40F1448121
:105370003AB133B974B9B8F1000F0ED16FF07804B7
:10538000B8E0002CFAD0C1F3C202022A5CD0012A94
:1053900000F085806FF01504ACE0C1F3C203022B6E
:1053A0000BD0012BF6D1D8F80040002C67D0C146B5
:1053B000D8F80430072B65D8ECE7D8F800402CB1BA
:1053C000C146D8F80430172B03D8E3E7C14605F1EE
:1053D0002C04261D3046FFF7BAFD0028CED1C1F3BC
:1053E0008111022933D005F13000FFF7B0FD00280C
:1053F00039D14FF0020AB9F1000F05D027B93B4669
:10540000D9F80C108B4267D195F9A000FFF7BDFDCC
:105410000346002868D10D9B95F9A000EB640E9B14
:105420006B60FFF7B2FD4FF400420023CDE900238B
:105430003946524695F89C30ECF760FA064600284B
:1054400063D16FF0680455E04FF00009BBE72379A2
:10545000FF2BC8D195F89A000028C4D0FFF787FD2C
:105460000028C6D1BFE7B5F89E301A05C1D4304632
:10547000FFF7F3F8EBF7C8F885F8A000B9E7C146E5
:1054800005F12C046368002B3FF478AFC1F3811160
:10549000022907D02B6B9BB14FF0010AABE74FF00D
:1054A000000987E7201DFFF74AFD0028F2D095F894
:1054B0009A000028EED0FFF75AFD0028ECD1E9E76A
:1054C000B5F89E301B05E7D4201DFFF717F9EBF761
:1054D0009BF885F8A000DFE7D9F8082002EBC302AB
:1054E0005268013317448DE70021FFF742FD28B9C8
:1054F0006FF07204204603B0BDE8F08F0821184613
:10550000FFF737FD002886D1F2E7456195F89C103A
:1055100000F0BEFB87422FD8B5F89C30112B66D126
:10552000BAF1020F4FF0000231462846B4F802B03B
:1055300004F1040328D1FFF7DEFE0028044617DB40
:105540002846FFF755FE044680B95A463046698C16
:1055500001F0F7FB044648B9BB46B9F1000F2AD168
:105560003A464146304600F03EFE0446002C26DA1C
:10557000304600F05BFBBDE7B5F89E30C3F3811306
:10558000022B31D00746C7E7FFF784FED5E7D9F8ED
:105590000830304603EBC402526853F834105A45C1
:1055A00028BF5A46904600F01EFE002822DBBBEBC7
:1055B000080B04D00134D9F80C30A342E7D83046A8
:1055C00000F09FFBBAF1020F304695F89C1008D10D
:1055D00001F06DFB3046FEF798FC041EC8DB3C462C
:1055E00088E701F0EEF8F5E76FF00B04C0E76FF025
:1055F0007A04BDE70446BBE76FF008047AE72DE9BB
:10560000F843044600F10C0791461E464FF0FF3266
:105610004FF0FF3338468846FFF7B5FCB4F89E508C
:10562000C5F34101012900F09780EB0740F1978015
:10563000B8F80030C5F3C202934240F096800329C7
:1056400000F09080022B45D1B9F1170F40F28D8008
:10565000B4F89C30062B0BD194F83030FF2B07D1D7
:105660006FF07C053846FFF7B6FC2846BDE8F883A6
:1056700004F13000024608F1040308F1140153F864
:1056800004CB8B4242F804CBF9D1B8F80230E38561
:105690000223A385FFF75BFCC0B945F48075A4F82D
:1056A0009E502046FFF7A4FD05460028DAD10223CC
:1056B0002384636A002BFFD0B4F89E30C3F38113B8
:1056C000022B55D1002E42D10025CBE725F4807561
:1056D000ADB2E4E7012B48D1B9F1070F45D9B4F8D1
:1056E0009C30062B0ED0D8F804202263B8F8023084
:1056F000E3850123A385B4F89E30E2B923F48073D7
:105700009BB21AE004F130094846FFF718FC002864
:10571000A6D194F9A000FFF738FC0546EBF7C0FAD4
:10572000226B03689A429BD049462846EAF72EFB33
:105730000028D8D094E743F480732046A4F89E3024
:10574000FFF756FD054600288CD10123B0E7002164
:1057500020460A9AB047B7E76FF0770582E76FF007
:1057600008057FE76FF05E057CE76FF0150579E7C8
:105770006FF0850576E738B5B0F89E300446DB0754
:1057800021D500F10C054FF0FF324FF0FF332846D2
:10579000FFF7F9FBB4F89E30C3F34102032A03D0AC
:1057A000C3F38113012B0BD1B4F89C30062B0CBF33
:1057B0006FF07A0400242846FFF70DFC204638BD20
:1057C0006FF01504F7E76FF00804F7E72DE9F043F1
:1057D000054600F10C06904699464FF0FF324FF017
:1057E000FF33304685B00F46FFF7CDFBB5F89E403E
:1057F000E20520D5EB8DF3B1C4F3C204022C18D01E
:10580000631E5C425C41E400002303930E9B009402
:10581000CDE9019342463946284605F12C03FFF7AE
:1058200099FD04463046FFF7D6FB204605B0BDE89B
:10583000F0831824E8E76FF07804F3E7F0B500F19F
:105840000C0785B004461E4638464FF0FF324FF035
:10585000FF330D46FFF797FB012303930C9B29466B
:10586000CDE90163002320461A460093FFF772FD3D
:1058700004463846FFF7AFFB204605B0F0BD2DE9E2
:10588000FF4100F10C08044616461F4640464FF003
:10589000FF324FF0FF330D46FFF775FB01230393F3
:1058A0000E9B324602930B9B294601930A9B20468E
:1058B00000933B46FFF74EFD04464046FFF78BFB47
:1058C000204604B0BDE8F08110B500F10C044FF0A3
:1058D000FF324FF0FF332046FFF755FB2046FFF71E
:1058E0007AFB6FF07A0010BD30B560B359B352B394
:1058F000B0F89E30C3F38113022B27D1048C012C06
:105900000CD113680C80082B28BF0823448C4C80D2
:10591000406A006848600020136030BD022C18D136
:1059200013680C80182B28BF1823448C043121F8ED
:10593000024C406A00F1100450F8045BA04241F8A8
:10594000045BF9D1E7E76FF01500E6E76FF06C0054
:10595000E3E76FF06900E0E7816149B10B682BB1C3
:105960005B7D80F8253080F82D3070475B79FFDE55
:10597000704738B504460D46C3685868E06030B1DA
:105980004DB10C30FEF723F8E3680028F5D0E3684A
:105990001BB9236138BD008AF6E7DB68F9E738B543
:1059A0000446C0680D4688B171B10C30FEF70FF89F
:1059B000D4E90323D2689B1A834207D129462046A3
:1059C000BDE83840FFF7D5BF008AF1E738BDF8B52C
:1059D000044694F833301646DA070F46C06815D4EB
:1059E000A6B10C30FDF7F3FF0546D4E90303C26806
:1059F0009B1A3B44AB4211D194F83330DB0708D4F7
:105A000031462046BDE8F840FFF7B3BF0026058ABF
:105A1000EBE70C30FDF7DBFFA842F1D923693B44EB
:105A20002361F8BD022807D001280CBF14200020F4
:105A3000112903D1083070472820F9E7012901D046
:105A40003A2900D1043070472DE9F74F0024A246CF
:105A500006461746DDE90C2368460D4605F046F973
:105A6000DDE90089DDE90C233046FDF789FFA34617
:105A7000044628B9BAF1000F32D14FF0000A29E0EC
:105A8000BAF1000F16D1BBF1000F27D0CBF80400FC
:105A9000638A9D4238BF6582638A42466846ED1A32
:105AA0004B4605F047F9DDE90023CDE90C23002D35
:105AB000D8D10FE05045CBF80400E9D1638A002F1C
:105AC000E6D03D44AB42E8D942464B466846658243
:105AD00005F030F9504603B0BDE8F08F8246EDE79F
:105AE0005046E8F75FF9C8E70346002003B970475E
:105AF0001A8A5B681044F9E72DE9F84304460F461B
:105B0000164699469DF82080E368002B00F08380BC
:105B10000EB9304684E094F83330204613F0010F7C
:105B20000CBF41460021FFF73AFFE068002875D01E
:105B3000B8F1000F1ED094F83330DD071AD40C30C2
:105B4000FDF745FFD4E90323D2689B1AC51A002D3F
:105B500064D0B54228BF3546B9F1000F2ED07FB9C9
:105B6000B8F1000F43D1424629462046FFF72FFFE8
:105B7000002731E02369C268058A9B1AED1AE6E71F
:105B80002A462069B8F1000F0DD0394605F07FFA9A
:105B900094F83330D90730D5012229462046FFF743
:105BA00016FF4FB9E4E70146384605F070FA424661
:105BB00029462046FFF70BFF2F440DE077B12A4618
:105BC0003968206905F08AFAB8F1000F09D1424618
:105BD00029462046FFF7FBFE761B95E7B8F1000F3C
:105BE000C1D094F83330DB0707D50122F0E794F8F1
:105BF0003330DA0701D50122B6E7E06829460C30D8
:105C0000FDF7D7FE424629462046FFF7E0FEB9F1F0
:105C1000000FC6D1E0E7002E3FF47BAF6FF06800C5
:105C2000BDE8F88308B1E8F7BDB8704710B5044681
:105C3000D8B100F11C02D2E8AF3FB3B1591ED2E88F
:105C4000EF0F984204D1C2E8EC1FBCF1000FF6D16F
:105C5000F1D1012B09DCA06808B1FFF7E3FF214671
:105C60006068BDE8104004F002BD10BD70B5044688
:105C700030B10026856825B9A068FFF735FF301AD6
:105C800070BD05F10C00FDF7A2FE6D680644F2E759
:105C900038B5044670B190F83320836812F0700F65
:105CA000C2F3021507D11846FFF71EFF2046FFF783
:105CB000DDFF401B38BD2846FFF7B4FE05461846F9
:105CC000FFF712FFA8422CBF00252D1AEEE7F8B50A
:105CD000044680680027054600B9F8BD038A466877
:105CE0003BB9A368834207D1A6604760E8F75AF83A
:105CF000284605463046EFE76B68834208BF6E6072
:105D0000F3E78368C36003B1DB680361704710B5D4
:105D100082680C4622B98160BDE81040FFF7F1BFF0
:105D20001046FDF731FE2146BDE81040FDF732BEBA
:105D30002DE9F743DDE90A89044616460D4639B9CF
:105D400032B990F8333013F0700FC3F3021022D041
:105D500004F09AFE18B14FF000084FF00009A06956
:105D600050B93346002229462046CDE90A8903B0BE
:105D7000BDE8F043EBF754BD03687BB15B681F6976
:105D8000002FEED033462A462146CDE90089B84798
:105D900010F1860FE5D003B0BDE8F0831B69FFDE8C
:105DA0002DE9F04F044685B0DDE9106702A81546DD
:105DB0009A4632463B468B4604F098FFDDE902895D
:105DC000204632463B46EBF7FFFC0446D8B1594625
:105DD000FFF7C2FD90F8333042466AF3061380F8AD
:105DE000333002A84B4604F0A5FFDDE902672946DF
:105DF0002046CDE900679DF83820FFF799FF18B1DC
:105E00002046FFF713FF0024204605B0BDE8F08FC1
:105E1000012307B5009300230A461946FFF76CFEDD
:105E200003B05DF804FBF8B513680E4617469BB146
:105E300090B1846884B10025E268218A93420CD332
:105E40005018834209D29B1A59193046FFF759FF5F
:105E5000FFF7DEFF33693B60F8BD64680D44ADB207
:105E6000002CE9D1F8E7F8B590F8333091F83320F9
:105E7000C3F3021363F3061281F833204369054626
:105E80004B6190F832300C4681F8323090F83C206B
:105E900091F83C3062F3050381F83C3090F83C30D7
:105EA00091F83C209B0963F3871281F83C2090F81D
:105EB0003D3081F83D3090F8342091F8343062F371
:105EC000000381F8343090F8333091F83320C3F375
:105ED000400363F3410281F8332090F83330D2B2AB
:105EE000C3F3800363F3820281F8332090F83330E8
:105EF000D2B2C3F3C00363F3C30281F8332090F836
:105F0000343091F83420C3F3C00363F3C30281F843
:105F1000342090F83430D2B2C3F3800363F38202AA
:105F200081F83420038E0B868368BBB18E68AEB1D6
:105F3000036A01F120020B62436A01F128074B62F8
:105F4000836A8B62C36ACB6283689E4206D0FFF786
:105F50006AFF3A4621462846FFF765FF95F8333039
:105F6000C3F30213012B08D195F8353084F835308E
:105F700095F8363084F83630F8BD022BFCD195F810
:105F8000353084F83530EB8EE38695F83A3084F876
:105F90003A302B8F238795F83B3084F83B30EBE782
:105FA0001FB501230391009303A90023FFF7A4FD6C
:105FB00005B05DF804FB002307B500930123FFF74C
:105FC0009BFD03B05DF804FB2DE9F04106460F464A
:105FD0001446F368002B49D0FB68002B46D00CB95F
:105FE000204627E001213046FFF7D9FC3846002142
:105FF000FFF7D5FCF068D8B1FA68CAB1B2F81080E2
:106000003B69D2680C309B1AA8EB0308FDF7DFFC54
:106010000546D6E90330DB68A045A0EB0303A5EBFA
:10602000030501D9A54207D8454528BF454625B9EE
:106030006FF06800BDE8F08125462A46396905F011
:1060400026F896F83330DB0704D4F06829460C3084
:10605000FDF7AFFC012229463046FFF7B8FC0022CD
:1060600029463846FFF7B3FC641BB2E7002CB7D0D3
:10607000DEE770B1C3685BB1006950B1D9681A8AB4
:10608000401A101A5B6803B970471A8A1044F9E77E
:106090001846704783682BB9002914BF6FF01500AC
:1060A000002070471A8A8A422ABF1982891A002161
:1060B0005B68F0E710B5C26803467AB1006938B191
:1060C000996800238A4204D1D268801A034498B2A6
:1060D00010BD0C8A496823449BB2F3E71046F7E7EA
:1060E0002DE9F04385B004460D4691469846FFF7EA
:1060F000E1FF0746A068FFF7F7FC002394F8336040
:10610000A1690246CDE9029828460093FFF748FEB0
:1061100006F001060546F0B1D4E9039894F833304F
:10612000204643F0010384F83330FFF7EAFDA0680E
:10613000FFF7DAFC214602462846FFF745FF78B113
:106140002846FFF773FD94F83330C4E9039866F3EB
:10615000000384F833300025284605B0BDE8F083FD
:1061600095F83330204643F00103294685F8333053
:10617000FFF779FE2846FFF7C4FD17B13946FFF750
:1061800047FE95F8333066F3000385F8333094F812
:106190003330C4E9039866F3000384F83330DBE757
:1061A0004168FFF79DBF10B5044690F8331001F029
:1061B000010181F00101FFF7F2FBE3688BB1206977
:1061C00048B194F83320D20706D5188AD4E90323BE
:1061D000D2689B1AC01A10BD03F10C00FDF7F7FB43
:1061E000F4E71846F7E773B50369044699420E468B
:1061F00015460AD1FFF7D7FFA84206D32946204605
:1062000002B0BDE87040FFF703BE01232A463146C5
:1062100020460093FFF770FC02B070BDF8B504464D
:106220004E680D46FFF7BFFF864203D823692B60F7
:10623000286810E094F833302968DB07F8D549B1B5
:10624000D4E9037620466A68FFF7B5FEC4E9037611
:106250000028EDD00020F8BDD1E90012FFF7C3BF40
:10626000704710B504464FF0FF324FF0FF33204621
:10627000F8F74EFD0028F6D0FDF71BFFF3E70020EE
:1062800070477047012307B500916946ADF80430A7
:10629000EBF77CFB03B05DF804FB022307B500912C
:1062A0006946ADF80430EBF771FB03B05DF804FB11
:1062B0000268034642B9406840B99A683AB9D8685A
:1062C000B0FA80F0400970470020704710467047D0
:1062D00070B50446154669B30B88022B14D10B46E2
:1062E000021D01F1180053F8046B834242F8046B5D
:1062F000F9D1081DFFF7DCFF78B994F8433043F07B
:10630000200384F8433008E0012B1DD10B68436063
:106310004B6883604B68002BEFD194F8433043F017
:10632000020365B143F008036DBA84F84330E58099
:10633000002070BD90F8433003F0DD03F1E723F057
:10634000080384F84330F3E76FF01500F1E710B568
:1063500090F833001488C0F30210844223D1022C39
:1063600011D109686BB10831141D2046FFF7A0FF59
:1063700030B91022204604F0BDFEB0FA80F040098A
:1063800010BD1831F0E7012C0FD1096843B101F1BC
:106390000C0352684AB11868831A58425841EFE713
:1063A00001F11003F5E70020EAE70120E8E738B53E
:1063B0000C460546EAF774FC226803689A4205D049
:1063C00021462846BDE83840E9F7E0BC012038BD49
:1063D000F7B5042300250F46694604461646CDE965
:1063E0000053FFF71BFF48B1077046708570C570FA
:1063F00069462046FFF730FF03B0F0BD6FF068003C
:10640000FAE72DE9F34116680D46F3682BB96FF0F2
:106410000405284602B0BDE8F08100228B686BBB02
:1064200095F8361095F832300B44C3F57F43FC33B2
:1064300013449FB21BB2032BE9DD4FF4004200234B
:10644000CDE900230123A8691A463944EBF756FA2F
:1064500004460028DBD03369A86903F0F003E02B81
:1064600006F10C080ED14146A869E9F7A7FC0368BC
:1064700006466BB92046FFF7D9FBC8E7198A5B6867
:106480000A44CCE710363146FFF791FF0028EAD1E5
:1064900095F83C2094F83C30314662F3050384F8CB
:1064A0003C3095F83C3094F83C209B0963F387120C
:1064B00084F83C202046424600F072F9024600284B
:1064C000D8D101462046FFF783FF0028D2D12946C4
:1064D0003A462046FFF778FD05460028CAD12046F7
:1064E000FFF70FFC0121204600F06BF92046FDF775
:1064F0000CFD00288DDABDE7F7B5042300270E4612
:1065000069460446CDE90073FFF788FE0546C0B131
:106510008770C7700221A069FEF70BFA00B956B167
:1065200001212046FEF7ABFB688094F8343043F03D
:10653000080384F8343069462046FFF78DFE03B027
:10654000F0BD6FF06800FAE72DE9F0471423054627
:10655000002486B088469146CDE90243FFF7D1FB7F
:10656000284602A9FFF75AFE0646002837D0437A8C
:10657000012B10D10423284604A904940593FFF7A6
:106580004DFE10B14378072B05D86FF01506304645
:1065900006B0BDE8F08706F1100A5146A869FFF77A
:1065A00006FFE0B9737A112B1CD0062B14BF00270D
:1065B00028274FF400420023CDE900230123A869D6
:1065C0001A46391DEBF79AF90446B0B3514606F165
:1065D0000C0200F0E5F838B12046FFF727FB6FF01A
:1065E0000406D4E71C27E4E741464A462046FFF765
:1065F000EFFE01460028EFD104222046FFF7D0FC31
:106600000028E9D13A4629462046FFF7DDFC064638
:106610000028E1D12046FFF774FB0121204600F05D
:10662000D0F82B6A2046A36295F8243084F82C30E9
:10663000FDF76BFC0028AADACEE76FF00B06A6E7A1
:10664000F7B5042300220E4669460446CDE900232F
:10665000FFF7E4FD074610B9022003B0F0BD0221A8
:10666000A069FEF768F9A8B9A06906F11001FFF763
:106670009EFE05460028EFD101992046FFF7C8FB92
:106680003A4631462046FFF7FDFD2046FFF7CEFA99
:106690002846E2E701212046FEF7F1FA0028E3D080
:1066A000DAE7006800F0F000A0F1E003584258413A
:1066B000704738B50C460546EAF7F2FA22680368D7
:1066C0009A4205D021462846BDE83840E9F75EBB2E
:1066D000012038BD10B500210446E9F7D1FB20B9EF
:1066E0002146BDE81040FFF7E4BF012010BD2DE9B1
:1066F000F74F99464FF0000814230F4669460546A8
:106700001646CDE90083BDF830B0BDF838A0FFF7DC
:1067100085FD0446002840D0452303704FEA1B2323
:1067200003719DF8343080F801905B0143EA1A232D
:1067300080F8028080F8038080F805B0837180F8CB
:1067400007A095F83530037243B93046FFF7A9FF2B
:106750006B69D0B1A3B193F8A230237200236372A6
:10676000A372E372336823613B68E36014236946D4
:10677000284685F83230FFF76FFD03B0BDE8F08F93
:10678000A869FDF7EAFF2072E8E713B193F8A1309A
:10679000E3E7A869FDF7CBFFF5E76FF06800ECE7EA
:1067A00030B5002490F83C5085B005F03F039B00C5
:1067B000CDE90144009443EA9513FFF798FF05B033
:1067C00030BDF7B514230025CDE9005390F83330E0
:1067D0000F4643F00103694680F833300446FFF763
:1067E0001DFD064628B32B46A268BAB95BBA738072
:1067F00077720121A069FEF79CF818B12046FEF7D8
:10680000D9FA708169462046FFF726FD112F09D17C
:1068100000212046EBF70CFE03B0F0BD118A526850
:106820000B44E2E7012F07D100212046FFF764FE69
:10683000F2E76FF06800EFE70020EDE70022142395
:106840002DE9F04188B0CDE9022304AB069308237B
:1068500005460F46904607938368ABBB284602A9BE
:10686000FFF7DCFC044658B3067806F00F06B600C6
:10687000132E25D9142385F83230427895F83C3010
:10688000920862F3050385F83C304278143E62F3C7
:10689000871385F83C30037AF6B28BB185F8366001
:1068A000418849BA89B241450ADC02DA2846FFF735
:1068B000F1FB6FB104F10C010846FFF7F2FEA0B145
:1068C000022008B0BDE8F0811A8A5B689044C4E7F2
:1068D000237C7F2BF4D0237B7F2BF1D004F10C00A1
:1068E000FFF7F8FE0028E5D0EAE7A869FFF7E1FE28
:1068F0000028E5D1E368A869002B4AD00121A869E6
:10690000FEF719F800284ED10122237A04F110076E
:1069100085F8353095F83330384662F3061385F83C
:106920003330FFF7D7FE60B93846FFF7BAFE637A17
:1069300038B9112BC4D1EAF7B3F9226903689A4236
:10694000BED1637A062B05D13946A869FFF7B1FE9F
:106950000028B5D128460399FFF75AFA2EB13146DF
:106960002846FFF755FA0028AAD1637A012B20D0D8
:10697000112BA5D1284606A9EBF7A2FD009000280F
:106980009ED06B462846627A01A90194EBF714FA6F
:1069900097E704F11001FFF78CFE0028AED1637A6F
:1069A000022BABD08CE72846FEF704FA0028ABD0C8
:1069B00086E721462846FFF743FE82E7002070471E
:1069C0007047F7B5042300270E4669460446CDE913
:1069D0000073FFF723FC0546C8B18770C7704FF4FA
:1069E0000061A069FDF7A5FF00B956B13A21204624
:1069F000FEF745F9688094F8343043F0080384F8D2
:106A0000343069462046FFF727FC03B0F0BD6FF035
:106A10006800FAE7F7B5042300250F4669460446E7
:106A20001646CDE90053FFF7F9FB48B107704670F1
:106A30008570C57069462046FFF70EFC03B0F0BDB7
:106A40006FF06800FAE72DE9F3411668CA8EB38843
:106A50000D465BBA9B1A043B9FB21BB2032B05DCAD
:106A60006FF00405284602B0BDE8F0814FF4004203
:106A70000023CDE9002339463A230222A869EAF728
:106A80003DFF04460028EBD0337E06F10808FF2BBB
:106A900010D14146A869FDF7DCFD036801465BB9EA
:106AA00043684BB983683BB9C3682BB92046FFF7ED
:106AB000BDF8D5E706F118010023A362236295F81B
:106AC0003C2094F83C30204662F3050384F83C30C7
:106AD00095F83C3094F83C209B0963F3871284F8C6
:106AE0003C20424600F080F802460028DED1812199
:106AF0002046FFF78FFF0028D8D129463A46204686
:106B0000FFF762FA05460028D0D12046FFF7F9F8D2
:106B10003A21204600F0CBF82046FDF7F6F9002890
:106B2000A0DAC3E70022042373B50E466946044683
:106B3000CDE90023FFF772FB054610B9022002B031
:106B400070BD4FF40061A069FDF7F5FE68B90199C9
:106B50002046FFF75DF92A4631462046FFF79DFBA8
:106B60002046FFF763F80020E9E73A212046FEF7C8
:106B700086F80028EBD0E1E7026803464AB940688E
:106B800048B99A6842B9D86800F17F4358425841E1
:106B9000704700207047104670470378FF2B06D1DE
:106BA000407800F00F00431A5842584170470020C7
:106BB00070474A8843889A4214D18A8883889A42C7
:106BC00010D1CA88C3889A420CD14B68426893425C
:106BD00008D18268934205D1C368C868C31A584275
:106BE00058417047002070472DE9F34128234FF0AA
:106BF00000080E46694605461746CDE90083FFF7B3
:106C00000DFB044600284FD095F83C2080F8028008
:106C100002F03F039B0043EA92121B0943F060031A
:106C200012010370427080F8038080F8048080F8BD
:106C3000058080F8068095F83530C3713BB93A7805
:106C40006B69FF2A28D113B393F8A230E3713A4657
:106C500004F1180307F1100152F8040B8A4243F8BB
:106C6000040BF9D1083406F1100356F8042B9E42A8
:106C700044F8042BF9D1282385F8323000236946E3
:106C80002846EB86FFF7E8FA02B0BDE8F081A86974
:106C9000FDF7B3FCE071DAE713B193F8A130D5E763
:106CA000A869FDF7C0FCF5E76FF06800ECE773B585
:106CB00028230025CDE9005390F833300E4643F0E9
:106CC0000103694680F833300446FFF7A7FA18B984
:106CD0006FF0680002B070BD2B46A268D2B9283BA5
:106CE000C3F3072242EA0323838094F83B306946CA
:106CF000FF2B08BF334683712046FFF7ADFA94F8A7
:106D00003B30FF2B0AD1112E0FD100212046EBF78B
:106D10008FFBDFE7118A52680B44DFE72046E18EE4
:106D2000FFF776F80028EED0D2E73A2E04D1002102
:106D30002046FFF746FECDE70020CBE700F000B885
:106D400070477FB508230E460DEB03010446154638
:106D5000CDF808D00393FFF761FA60B100230680F5
:106D60004580037143718371C37102A92046FFF707
:106D700073FA04B070BD6FF06800FAE7D0E9003232
:106D8000D21A012A06D933F8022B52BA0A800360BC
:106D9000002070476FF01500704710B504460020C2
:106DA0000860D4E9003293421CD21B78C0EBC002C9
:106DB00003F07F0393400A6801301A440A60236895
:106DC0005A1C226093F90030002B06DB0B68B3F1EC
:106DD000805F28BF6FF0150010BD0428E1D16FF06F
:106DE0001500F9E76FF00A00F6E738B50D461146D1
:106DF000D0E90032934208D013F8012B2A700360C7
:106E0000FFF7CBFF00EAE07038BD6FF01500FBE73D
:106E100070B5D1E90036B34202D16FF0150070BDF4
:106E20001C4614F8015BA6420C60F6D05C78023375
:106E30000B60547090F882300020032B1CBF05F0CB
:106E400001031370EBE7F7B51D46089C1646A27DBB
:106E50004B0003F0020322F00302C1F3410113438C
:106E600021722846A3750DF10601FFF787FFD8B9F7
:106E7000D5E90012BDF80630521A9A4212DB63605F
:106E800073B12A6822601A442A60237A67686BB952
:106E9000BB1C9E4206D30020F61AE060266103E088
:106EA0002360F2E76FF0150003B0F0BD284604F14F
:106EB0001401FFF763FF0028F6D13B1DE9E7084600
:106EC00008B51146FFF75AFF00EAE07008BDFFF76A
:106ED000F6BFFFF7F4BFFFF7F2BF10B50C4611463F
:106EE0002046FFF74BFF40B9D4E900239B1A8B6083
:106EF00023B122684A601A44226010BD4860FCE752
:106F000008B508461146FFF739FF002008BDD1E952
:106F10000032D21A012A81BF020A58701A70023355
:106F200086BF00200B606FF00B00704738B5054638
:106F3000D1E9002340689B1A821C93420C460DD372
:106F400080B2FFF7E4FFD5E90012206804F09FF853
:106F5000002023686A681344236038BD6FF00B007B
:106F6000FBE7F0B514680646641AB4F1805F2DD2D1
:106F700020460023C00903F10103FBD10133576808
:106F800003F0FF035D42CB1ABB42136018BF4E559E
:106F900021461CBF01331360D2E90036B34207D249
:106FA00001F07F061E70C909136807D10133136011
:106FB00013681D44234415605360F0BD1E7866F0CD
:106FC0007F061E70136801331360E5E76FF07900E8
:106FD000F3E770B506461446084669B115681146D0
:106FE00005351560FFF793FF40B922462946304624
:106FF000BDE87040FFF7B5BF6FF0150070BD2DE91B
:10700000F8438F7D0C7A07F001080D469146C7F3CF
:1070100040070CB18B8A83B3D9F800604946053626
:107020002846C9F80060FFF781FFB0B92B7AB3B9E1
:10703000600000F006002A69D9F80030384340EAC1
:10704000C800134440F030004A463146C9F80030C9
:1070500000F03F00FFF785FF40B1BDE8F8834946E7
:10706000A88AFFF754FF0028E2D0F6E7D9F80430E9
:107070002A699B1AC9F80430EFE76FF01500ECE7B6
:1070800040200988FFF7A5BF2DE9F843CB880E46BD
:10709000154643B31768114605371760F088FFF7A8
:1070A00036FF044608BB4FF00C08B388A34206DC49
:1070B0002A463946BDE8F8438220FFF752BF08FB55
:1070C00004F9306829464844FFF730FF80B9336837
:1070D0004B441A7AD5E900318B420BD003F8012BCF
:1070E0002B600134E1E76FF015042046BDE8F8831A
:1070F0000446FAE76FF00B04F7E72DE9F0410E467E
:107100001768114605371760F0881546FFF7FFFE30
:107110000446A8B94FF00C08B388A34206DC2A46FF
:107120003946BDE8F041A220FFF71BBF3068294671
:1071300008FB0400FFF7FAFE08B90134ECE7044647
:107140002046BDE8F081F8B50D46D1E90031CB1AF3
:107150009342064601D30020F8BDD41A0F19D0E996
:107160001C2313449F4213D8974211D30023224675
:10717000EBF762FB0028EFDB0DD0F369A04203447C
:10718000F3616B6803446B60E5D26FF00A00E3E7DC
:107190006FF00B00E0E76FF07F00DDE770B5036F85
:1071A000C2698EB004930546134402220593284613
:1071B00004A9FFF7C8FF041E2DDB2B6F03AA0DF1F6
:1071C0000B0104A80493FFF710FE10F10B0F044607
:1071D0004FF00102EBD000283FDB9DF80B6006F07A
:1071E000F003302B1BD10222284604A9FFF7ABFF86
:1071F000041E10DB049B16F0060F1A88284652BAAC
:1072000092B20CBF0232043204A9FFF79CFF00EADD
:10721000E074002C0ADA14F10B0F1ED11CE0284692
:10722000039A04A9FFF78FFF0446F2E79DF80B408D
:107230002022002106A8039E03F050FF04F0F00373
:10724000602B76D017D8402B68D009D8202B32D0AD
:10725000302B4DD00023EB61002420460EB070BDD2
:10726000502BF7D10423284607AA04A98DF818301B
:10727000FFF72DFE5AE0B02B6DD00CD8702B61D0EB
:10728000902BE7D10723284607AA04A98DF81830C8
:10729000FFF723FE4AE0D02BDCD195F98330002B99
:1072A000D2BF002303F1FF335BB285F8833009239B
:1072B0008DF818300FE0284607AA04A9FFF7A8FDAB
:1072C0000446002833D19DF81D304BB9AB690D90B1
:1072D00043F00403AB61284606A900F06FF8B9E754
:1072E000284606A90D936FF06E0400F067F8B4E726
:1072F00002238DF8183007AB21460093324604ABC9
:107300002846FFF7A0FD04460B9B0D902B622846F4
:1073100006A900F053F8002C9CDA9EE703232846C8
:1073200007AA04A98DF81830FFF7C9FD04460D948B
:10733000EDE70523284607AA04A98DF81830FFF7C2
:10734000C8FDF3E70623284607AA04A98DF81830DC
:10735000FFF7C1FDEAE70823284607AA04A98DF82C
:107360001830FFF7CDFDE1E738B504460D46C26F92
:107370000021806F03F0B2FEA36F2B60E26F134415
:107380006B6038BD08B503F0AFFC4FF47A72A0FB18
:10739000020302FB0133C00B40EA434008BD4FF03B
:1073A000FF324FF0FF33F7F7EBBB10F0040F0CBFC9
:1073B0006FF07F0000207047F7F75ABC38B5C36EF6
:1073C00004460D4653B1FFF7F7FF20462946E36E0A
:1073D00098472046BDE83840FFF7E1BF38BD70B59B
:1073E00088B004460D461646EBF734FA0021C4E98E
:1073F0000511C4E907115EB11C22684603F06EFE58
:107400000123694620468DF800300795FFF7D6FF27
:1074100008B070BD38B50546EBF7F4F9041E06DA7E
:10742000012221462846FFF7DAFF204638BDFFF744
:10743000A9FF00246861F8E72DE9F0410F46904666
:107440001E46054628B3FFF7AAFF2C6ABCB1444587
:107450002246334628BF424639462846EBF7ECF928
:10746000044616B910F10B0F09D0002C0DDC08BF33
:107470006FF07F04012221462846FFF7B0FF28461F
:10748000FFF79AFF2046BDE8F0812B6A1B1B2B6299
:10749000F5E76FF01504F5E710B5044698B18C22B6
:1074A000002103F01BFE204603F038F9042384F882
:1074B000823094F8843043F0020384F884304FF42F
:1074C0009663A4F8803010BD37B5054600283AD041
:1074D000036DC3B3FFF763FFAB6F8BB32B6F7BB34E
:1074E0002846EBF785F9041E24DB69462846FFF79A
:1074F0003BFFAB69694643F002032846AB61EBF7FB
:1075000023F8041E13DBDDE900122846521AEBF7BC
:1075100079F9041E0BDBFFF735FF0024686185F85D
:1075200083402846FFF748FF204603B030BD284679
:10753000EBF790F90023C5E90533C5E90733F0E718
:107540006FF00B04F6E76FF01504EDE770B50E462B
:1075500005468EB000283CD000293AD0FFF71FFF27
:10756000284601A9FFF700FFA869FFF71EFF041EC8
:1075700024DB3146284601AAFFF741FD041E1DDB2E
:10758000019A029B03929B1A1C220493F368002128
:10759000059333690DEB0200069303F09FFD03ABE7
:1075A00009930223284607A90A93EBF737F9041E2B
:1075B0000ADA012221462846FFF711FF2846FFF785
:1075C000FBFE20460EB070BDFFF7DCFE00246861B4
:1075D000F4E76FF01504F4E773B50E460546F8B10D
:1075E000F1B1FFF7DCFE28466946FFF7BDFEA8694A
:1075F000FFF7DBFE041E0DDB6A4631462846FFF727
:107600003FFD041E06DBDDE900122846521AFFF793
:1076100001FF04462846FFF7CFFE204602B070BDAA
:107620006FF01504F9E773B50E46054620B3FFF772
:10763000B6FE28466946FFF797FEA869FFF7B5FE34
:10764000041E13DB6A4631462846EAF7FFFF041E94
:107650000CDBDDE900122846521AFFF7DBFE041EA0
:1076600004DB012200212846FFF7B9FE2846FFF778
:10767000A3FE204602B070BD6FF01504F9E773B5A4
:107680000E460546F8B1F1B1FFF789FE2846694676
:10769000FFF76AFEA869FFF788FE041E0DDB6A4645
:1076A00031462846FFF7F0FC041E06DBDDE9001238
:1076B0002846521AFFF7AEFE04462846FFF77CFE26
:1076C000204602B070BD6FF01504F9E773B50E46A1
:1076D0000546F8B1F1B1FFF762FE28466946FFF7AB
:1076E00043FEA869FFF761FE041E0DDB6A463146C2
:1076F0002846FFF702FD041E06DBDDE900122846DE
:10770000521AFFF787FE04462846FFF755FE20462B
:1077100002B070BD6FF01504F9E737B5054618B330
:10772000FFF73DFE28466946FFF71EFEA869FFF7F2
:107730003CFE041E12DB6846EAF79AFF041E0DDBCE
:10774000DDE900122846521AFFF764FE044695F957
:1077500083307F2B1CBF013385F883302846FFF729
:107760002BFE204603B030BD6FF01504F9E710B5CD
:10777000044670B1FFF713FEA3692BB101226FF02D
:1077800070012046FFF72BFE2046FFF715FE002074
:1077900010BD6FF01500FBE738B50446F0B1FFF7F8
:1077A000FEFD6569FFF7EEFD401B06D52046FFF79D
:1077B00003FE6FF00A05284638BDB4F88030002B70
:1077C000F4D04FF47A7253438342EFD82046FFF748
:1077D000A4FF05462046FFF7EFFDECE76FF0150527
:1077E000E9E738B504464569FFF7CCFD431B4FF484
:1077F0007A70B4F8802023EAE37350431AB19842B8
:1078000004D9C01A38BD4FF0FF30FBE70020F9E77C
:1078100038B50546D8B1FFF7C2FDAB699B0710D557
:107820002B6A8BB92846FFF7B9FC041E04DA012243
:1078300021462846FFF7D3FD2846FFF7BDFD204629
:1078400038BD6FF07F04F7E76FF00F04F4E76FF0D7
:107850001504F4E70123FFF7EFBD70B506460C46AB
:107860008D18AC4201D3002070BD214630462A1B42
:10787000FFF7F0FF0028F7DB01D00444F1E76FF0D9
:107880000400F1E72022002103F028BC00231A465F
:10789000E9F71EBB38B1006828B10C30D0E8AF0F53
:1078A000084100F00100704730B1006820B10C3091
:1078B000D0E8AF0F00F0010070474FF0FF324FF0FB
:1078C000FF33F7F75DB9F7F7D3B970B50E46EBF7AD
:1078D000F9FD044658B14069FFF7EFFFE5686069BC
:1078E000F54005F00105FFF7EEFF284670BD05469F
:1078F000FBE770B50446EBF7E5FD0546D0B14368FC
:107900001E683368B3B14069FFF7D7FF2046FFF721
:10791000CBFF40B128463368984704466869FFF7B3
:10792000D2FF204670BD2046E8F796FE04460028A8
:10793000F0D0F3E76FF08504F3E708B5EBF7C2FD8D
:10794000003818BF012008BD10B50446FFF7F5FF49
:1079500048B102212046FFF7B8FF20B92046BDE814
:107960001040E8F7B3BE10BDF8B50646EBF7AAFD28
:107970000546B8B143681F687B689BB14069FFF753
:107980009CFF3046FFF790FF044618B128467B68FD
:10799000984704466869FFF796FF3046FFF7D4FF23
:1079A0002046F8BD6FF08504FAE738B50B78044639
:1079B0000D4633B96B78032B07D8DFE803F00716C1
:1079C0001F28EBF77FFC0028F4D038BD2046FFF7D6
:1079D0006BFF0028F9D12046E8F73EFE0028F4D0DE
:1079E0006B68002BF1D16860EFE72046FFF75CFF82
:1079F0000028EAD02046E8F769FEEFE72046FFF7C7
:107A00009CFF0028E1D02046FFF773FFE6E7204601
:107A1000FFF793FF0028D8D02046FFF7A5FFDDE74A
:107A200010B50446FFF789FF48B101212046FFF752
:107A30004CFF20B92046BDE81040FFF75ABF10BDEB
:107A4000022901D8FFF741BF0020704738B5EBF796
:107A500039FD044640B14069FFF72FFFD4E90450D7
:107A6000FFF731FF284638BD0546FBE70C220369C6
:107A7000C9B201FB0233186C00F00700704770B503
:107A8000C9B20369EFF31185202484F31288BFF390
:107A90006F8F0C2606FB0134246C14F0C00408D050
:107AA000A24206D085F31188BFF36F8F4FF0FF30ED
:107AB00070BD012271430B441A6485F31188BFF332
:107AC0006F8F43680B445B6898470020F0E7802283
:107AD000FFF7D5BFF8B5069F0469C9B2EFF3118669
:107AE000202585F31288BFF36F8F0C2569430C4462
:107AF000256C05F0070CBCF1010F0BD1276486F350
:107B00001188BFF36F8FC4E90E2343685B58984711
:107B10000020F8BD05F0C005AF4286F31188BFF321
:107B20006F8F0CBF6FF077004FF0FF30F1E713B5A8
:107B300080240094FFF7CEFF02B010BD10B41C24C7
:107B40000069CBB203FB040000215DF8044B104731
:107B50000020F3F7B5BC002001F0B2B91046F7F7EA
:107B600009B9084608B51146F3F718FA002818BFF6
:107B70006FF0040008BD08B501F0C6F8002818BF72
:107B80006FF0040008BD2DE9F3411C460023904628
:107B900082682360A3600D465369694601AA98472D
:107BA000019B5A1E019223B96FF0150002B0BDE887
:107BB000F0810098A26847682168676085B9A8EBE2
:107BC00002030668B34228BF334603FB07111A4479
:107BD0002160A26002689A4206D808300090DFE770
:107BE0006B1AB3FBF7F3ECE70020DFE71346002244
:107BF000FFF7C9BF2DE9F0470024836886B08846A7
:107C000091465B6902AA01A99847A2462546029BB4
:107C1000AB4202D806B0BDE8F0870026019F07EB13
:107C2000C5077B6804933A680AEB0603B24202D8A0
:107C30009A460135EBE749460394059303A8C047EC
:107C40000028E7D0049B01361C44ECE710B50C4635
:107C500001F094F90023C4E90003184610BD38B5BB
:107C600005460C4601F08AF9002D07DBA84205D92C
:107C7000401B84428CBF0020012038BD0020FCE75F
:107C800070B50C461946204616461D46FFF7E7FF1D
:107C900028B929462046BDE87040EBF767BE5DB1C4
:107CA000B4F5C03F2A462146304603DABDE87040AD
:107CB000FBF7C1BE03F0EBF9002070BD4368002064
:107CC0005B681B690B607047436802EA01005B68F0
:107CD00021EA020198600020D960704743680020C3
:107CE0005B6899607047436800205B68D9607047A3
:107CF00043685A68536821EA03000B4090600020F3
:107D0000D360704710B503695868F8B1884219D13B
:107D10009C680868A142586000D198600020086003
:107D20002AB15A680A609A68596002B999600020BD
:107D300010E0814206D10868206098688142EDD148
:107D40009C60EBE7044600680028F2D1002AE8D1E5
:107D50006FF0150010BD002201210820E5F7F6BBE9
:107D600038B50446056901222846114602F0B1FDE6
:107D7000012205F11800002102F0ABFD2046BDE80C
:107D80003840ECF78BB90069F7F728B80069F6F7C7
:107D9000F1BF13B501AA044600F023F8002805DB63
:107DA000019B226819791868ECF7B4F902B010BD8C
:107DB00010B5446851B1012910D1606A0021FFF764
:107DC000E8FF2046F4F7D8F8002010BD2046F4F76D
:107DD000E3F80121606AFFF7DCFFF5E76FF085004B
:107DE000F3E730B543681360057A446804EBC504D3
:107DF000A34202D36FF0010030BD5C798C4201D008
:107E00000833F0E70020F7E71FB5002340BAADF8CC
:107E10000C0000933122FF23022103A8FAF741FB53
:107E200005B05DF804FB0A460121FBF799BB01464A
:107E300040F2E73008B54FF47A72002300EBC1300E
:107E40004914E0F71BFFBDE8084002F0D4BE1FB59F
:107E5000CDE9011202228DF80C209DF80C208168DA
:107E600042F002028DF80C208C68012201A9A04783
:107E700004B010BD1B680169002B10DBD2B2122ABE
:107E800004D0132A07D06FF085007047032B06DC5F
:107E90000B7100207047022B01DC4B71F9E76FF08A
:107EA000150070471FB5002340BAADF80C000093D1
:107EB0003122FF23022103A8FAF7F3FA05B05DF897
:107EC00004FB0A460121FBF74BBB1FB50346012209
:107ED0008DF80010022100689B88CDF804D0029232
:107EE0008DF80C109DF80C10846841F002018DF89B
:107EF0000C10A46801A9A04704B010BD002200F135
:107F000050039B009BB203F1804303F5A8331A6032
:107F10001B68704708B5ECF7D1FD08BD02F0E8BA60
:107F200038B5431E033304460FD84FF4004540F2E2
:107F3000E73000214FF47A720023E4FB0501E0F7FB
:107F40009DFEBDE8384002F056BE6FF0150038BD0A
:107F500002F09ABDF6F70EBF4B1C70B5054617D060
:107F600021EAE1744FF4004640F2E73000214FF47B
:107F70007A720023C4FB0601E0F780FE02460B463E
:107F80002846F6F72BFF002818BF6FF00A0070BDD7
:107F90004FF0FF321346F3E7F6F76ABE4B1C70B59D
:107FA000054617D021EAE1744FF4004640F2E7306D
:107FB00000214FF47A720023C4FB0601E0F75EFE55
:107FC00002460B462846F6F7DBFD002818BF6FF087
:107FD0000A0070BD4FF0FF321346F3E7006801F06E
:107FE0005DBC09B1FAF702BAFAF70ABA38B5044625
:107FF00004B938BDE069256803F030F8204603F085
:108000002DF82C46F4E7F6F7BBBDF6F731BE00239A
:1080100007B5CDE90033EDF7B7FA03B05DF804FB1F
:108020002DE9F04F064640688BB00C46DDE9145749
:108030009046994608B1FFF7E8FFD6F800A005B1D1
:10804000AFB900232146CDE9003342464B465046A6
:1080500001F02BFE0446706828B14FF0FF324FF05C
:10806000FF33FFF7D0FF20460BB0BDE8F08F4FF095
:10807000160B04AB5A460021184603F02FF803AA4A
:10808000CDE9000221464B4642465046CDF80CB0A1
:1080900001F00BFE041EDEDBBDF81020012A0AD120
:1080A000039B082BD7D1BDF812102A80059A69804E
:1080B0006A603B60CFE7022ACDD1039B162BCAD161
:1080C000BDF812300DF1140C6B802B460DF1240E0F
:1080D00023F8042B624603CA72451860596094461F
:1080E00003F10803F6D19DF824302B751823E0E73F
:1080F000002307B5CDE90033FFF792FF03B05DF829
:1081000004FB38B505460068F5F7AEFD044610B926
:108110002846EDF73FFB204638BD2DE9F04F1446C9
:108120000E4600218BB00546202202A81F46019171
:1081300002F0D4FF5CB163680293E3680493A36820
:10814000039323690593236A03B1089302AC314674
:108150002246284601ABF5F7CDFA064648B98046D7
:1081600081464FF0180A019D386035B9019801F039
:1081700036FA30460BB0BDE8F08F542002F075FFA0
:10818000044600284FD0C0F80090C0F820902B681B
:108190004360AB68C3606B688360EB680361D5F8CC
:1081A00004B0BBF1010F15D1082002F05EFFE061C1
:1081B000002835D00823A3616B695A88A0F800B065
:1081C00042805B684360B8F1000F2FD13C60A0464D
:1081D000ED69CAE7BBF1020F09D002F03FFF6FF073
:1081E00005063868FFF702FF00233B60BEE7182052
:1081F00002F03BFFE06198B1C4F818A06A695388A7
:10820000111D4380034602F1140C23F804BB51F8FE
:1082100004EB614543F804EBF9D1137D0375D2E714
:10822000204602F01BFF6FF00906DAE7C8F80040AD
:10823000CDE7F0B5056808880B46012887B00DD159
:108240004A884B68ADF802200822ADF8000001937F
:108250006946284601F03AFA07B0F0BD022815D168
:108260004A88ADF80000ADF8022001AE0A1D01F108
:108270001407344610685168083203C4BA422646CF
:10828000F7D11B7D16228DF81430E1E7284607B0A0
:10829000BDE8F04001F01ABA03780D2B07D14378FE
:1082A0000A2B04D18078003818BF012070470020C5
:1082B00070472DE9F0431F46002385B005468946E7
:1082C0001646CDE901339DF830800393002A3BD058
:1082D000002F39D0EDF7CEFC044688B9AB68013BDE
:1082E00099429CBF2B68C5E90130284601A9EDF7EA
:1082F000D5FCAB680446013B994505D90028F4D06C
:10830000204605B0BDE8F0830028F9D19DF80C2087
:10831000013AD2B2082A1AD840F26F13D340DB07D1
:1083200015D5029DB8F1000F03D0019B33603D606D
:10833000E6E73A686B1C9A420CD32A46304601990C
:1083400002F0A5FE7455F2E76FF01504D8E76FF060
:108350005E04D5E76FF00B04D2E77FB50023064635
:108360000D46CDE901330393A1B1EDF783FC04463B
:1083700068B9304601A9EDF791FC0028F9D0B3683F
:108380002B60431D03D010F10B0F18BF044620468D
:1083900004B070BD6FF01504F9E70123EDF722BDBD
:1083A0000223EDF71FBD13B500240094FFF781FFF2
:1083B00002B010BD0B7830B5412B22D017D8252B39
:1083C00003D003F0F703232B13D14B785A2B15D886
:1083D000402B02D8303B092B0BD84B1C5C785D1C22
:1083E0003A2C37D02DD8303C092C2ED901E0612B06
:1083F00007D00023C0E90033836030BD613B192BF7
:10840000EAE74B7803F0DF03542BF2D18B788D1C15
:10841000233BDBB2082B0DD840F2051424FA03F3FA
:10842000DB0707D5CB785A2B1CD8402B1FD8303B05
:10843000092B1CD902B115606D1A01604560032338
:10844000DAE75A2C03D8402CD3D92B46C6E7613C37
:10845000192CCAE7023342B95B1A013B4360016041
:108460000423C9E7613B192BE3E71360F4E7CB1C56
:108470005C785D1C3F2C1CD012D8392C03D82F2CD3
:10848000D8D92B46F4E73D2CD4D19C783F2C18D179
:10849000033302BB5B1A023B436001600123ABE77D
:1084A0005A2C02D8402CC5D0EBE7613C192CE8D9F6
:1084B000C0E702336AB95B1A013B436001600223E3
:1084C0009AE7023302B113605B1A013B016043601B
:1084D000B5E71360EFE71360DCE730B50B78203BBE
:1084E000192B47D8DFE803F00D462046464646469E
:1084F0004146464B6B4B46467687878787878787FB
:1085000087874C784B1C223C172C33D8DFE804F0CB
:10851000453232323232483232515851323263753A
:1085200075757575757575754B1C497811B322296C
:1085300065D01C4614F8011FE1B12229FAD1194671
:1085400023465C782C2C14BF5D1C9D1C15F8014C37
:1085500002B115605B1A43600623016003722C2C84
:1085600014BF00230123437208E04B7813B1283B6A
:10857000012B46D80023C0E90033836030BD4B781F
:10858000313B082BF6D80B46013111F8014F2C2C4A
:108590004ED0303C092CF8D921E08B1C8978C5E7F6
:1085A0008D78292DE6D0282D01F10204E2D055BBAB
:1085B000E0E78C78313C082CDCD80231E5E70B464B
:1085C0000AB1591C11600360002343604FF48473A7
:1085D0000381D3E70B465C78591C2C2C28D00C4621
:1085E00011F8015C02B11160E41A036005234460D4
:1085F00003722C2DB4E70B46C7E71946C5E71946A9
:108600009FE70B464C1C6578282DB3D0292D01D04F
:108610000134CCE7A578A11C2C2D0CD00C4614F805
:10862000015C02B11460C91A036041600723DFE7EF
:108630000C460131D4E70334F1E708B5EDF76EFDE0
:10864000002008BDEEF7B6B9EEF7E8B9EEF724BAA8
:10865000EEF75CB9EEF7E8B8EDF7F4BFEDF71ABF47
:10866000EDF7DEBF13460A460121FAF782BFFBF79A
:1086700023BAF0B515468DB004460E466A46294623
:1086800001201F46FFF7F3FF70B1294604F10802ED
:108690000120FFF7ECFF3946012004F10C02FFF73F
:1086A000E6FF26600DB0F0BD6A4629460220FFF7BE
:1086B000DEFF0028F6D0294604F110020220FFF761
:1086C000D6FF3946022004F12002FFF7D0FF666092
:1086D000E8E7F6F755BAF6F7CBBA03780BB1EEF741
:1086E00059BD704708B500F00FFB48B1002383F374
:1086F0001188BFF36F8F0423184602DF6FF0040068
:1087000008BD2DE9F04188B00F46154619460446CC
:108710009DF83880E0B1002305AE019300963B46FA
:10872000006DEEF779FD0123ADF810302B6803964C
:10873000ADF8123030B9204603A9B8F1000F04D0CB
:10874000FEF79DFF08B0BDE8F081FEF7BFFFF9E737
:108750006FF01500F6E72DE9F0438DB005460E46A3
:1087600091469846FFF7D6FB012303AF019300978C
:1087700004464A463146159B286DEEF74DFDC0B9BB
:1087800097E80700A4B2012C38BF0124149B06AE61
:108790000A939DF82E3086E8070023F00303314644
:1087A0002846CDF82480ADF82C408DF82E30FEF709
:1087B000CDFE0DB0BDE8F0832DE9F0410D469046A9
:1087C0001F46064610B331B33BB304783CB30C7874
:1087D0002CB3E0F77FFA331813F8013C0246232B41
:1087E00008BF821E2946304602F0BEFC044678B916
:1087F0003846E0F76FFA024650B1A8EB0000394660
:10880000284402F0B1FCB0FA80F04009BDE8F081E4
:10881000B4FA84F0F9E70846F8E71846F6E7204688
:10882000F4E7FAF79DBEFAF7A4BEF8B50446084689
:1088300015460F46E0F74EFA461CAE423246204639
:1088400028BF2A46394602F022FCAE4282BF0023EE
:10885000641904F8013CF8BD13460A460121FAF7F1
:1088600088BE70B5054600680E4602F0E0FC04467E
:1088700030B13046E0F72EFA044400202C6070BD81
:108880006FF01500FBE7FAF774BEF6F779B91FB57C
:108890000023019303930123024601A88DF80430BD
:1088A0000291904705B05DF804FB1FB50023CDE9A8
:1088B000013303930323024601A88DF80430904747
:1088C00005B05DF804FBD0F83C321B691847F6F799
:1088D000CFB9F8B504460D4600F556764FF0FF3394
:1088E000174630464FF0FF32FFF7CFFF94F86C3356
:1088F000AB4206D0013504D03046BDE8F840FFF762
:10890000E6BF84F86C73F7E770B504460D4600F5D2
:1089100056764FF0FF3230464FF0FF33FFF7B5FF8A
:1089200094F86C433046631B5C425C41FFF7CFFF19
:10893000204670BD10B504210446FFF7E5FFC8B11D
:10894000637E7BB92046FFF7BEFF94F8383213B937
:108950002068FFF7AAFF01222046BDE8104004214D
:10896000FFF7B7BF94F8383213B92068FFF79DFFBF
:108970000322F1E710BD38B5044618B300F556756B
:1089800028464FF0FF324FF0FF33FFF77EFF022102
:108990002046FFF7B9FF50B904212046FFF7B4FF86
:1089A00028B92846FFF793FF4FF0FF3038BD052266
:1089B0004FF0FF312046FFF78CFF2846FFF787FF77
:1089C0000020F3E76FF01500F0E7F8B50E46054616
:1089D000B0B1A9B10021FFF797FF044698B905F59A
:1089E00056774FF0FF324FF0FF333846FFF74DFF19
:1089F000D5F82C3238463360FFF769FF2046F8BDC2
:108A00006FF01500FBE74FF0FF30F8E708B5D0F83E
:108A10005832013303D000F51670EFF763FE0020E3
:108A200008BD70B504461546D0F8406200214422C6
:108A300000F5107002F052FBC4F84062294620464F
:108A4000BDE87040F0F7DCBB08B5D0F85832013310
:108A500005D0BDE8084000F51670EFF743BE1822B8
:108A6000002100F2662002F039FB6FF0080008BD1B
:108A7000034610B5D3E8EF0F40EA0102C3E8E42F44
:108A8000002CF7D110BD034610B5D3E8EF0F00EA74
:108A90000102C3E8E42F002CF7D110BD012805D056
:108AA000022805D030B90220F0F7DCBE0320FBE736
:108AB0000420F9E770471FB507240294079C01942E
:108AC0009DF818400094F1F7F7F804B010BD1FB5F9
:108AD000069C0392CDE90034D34303AADB0FFFF7D2
:108AE000EAFF04B010BD13460A460121FAF741BD62
:108AF0000130012801D8F1F78BBE6FF001007047FB
:108B000003465A6B00233C309A4200D17047C1683B
:108B100001330844F8E70A460121FAF721BD00B500
:108B200089B006AB02930823039301AB049304239B
:108B30000791CDE9053004AA184602A9F2F708FA10
:108B40000228019B09D003280AD060B9181E18BF5B
:108B50000120404209B05DF804FB6FF01500F9E711
:108B60006FF08500F6E74FF0FF30F3E780681838C4
:108B700020F007001038704738B515460C4661B133
:108B80005AB1FAF7FAFD2146254411F8013B834218
:108B900003D1A942F9D1012038BD0020FCE738B546
:108BA0000C460123114622460546FAF79BFD002894
:108BB0000FDB012221462846FFF7DEFF38B9237874
:108BC000012B14BF022301230020237038BD03238F
:108BD000FAE70120FAE72DE9F7431D4606460F465E
:108BE0009046FAF7C3FD6C1E044440420440082C32
:108BF0001AD83046FAF7C1FD81462A4641466846F2
:108C000002F045FA4946621B0DEB050002F066FAD8
:108C100023466A4639463046FAF779FD003818BFD0
:108C2000012003B0BDE8F0834FF0FF30F9E707B54E
:108C300001238DF8042001AAFFF7CDFF03B05DF8F2
:108C400004FB81680122183921F00701FFF7EFBF0B
:108C50008268183A22F00702FFF7A1BF0E2A13B567
:108C6000044601D9FAF780FE0E29FBD841EA021129
:108C70008DF80710FFF77AFF012301460DF1070277
:108C80002046FFF7A8FF02B010BDF7B50D1E6946DC
:108C90000CBF17462F460446F2F7B6F878B99DF890
:108CA0000060022E22D0032E0BD0012E26D135B12A
:108CB0009DF80330032B02D12046FFF7C2FF03B01B
:108CC000F0BD002DFBD12046F2F77CF80028F6D14C
:108CD00057B12046FFF7B5FF0028F0D100223146FA
:108CE0002046FFF7BBFFEAE70226F7E745B9014652
:108CF000A2682046FAF720FD0320E0E7FAF734FEE9
:108D00000420DCE7002070470020704710B588B0D1
:108D10001C4605AB01930C2302930423CDE90612F4
:108D2000CDE904300DEB030103AA0020CDF80CD0EF
:108D3000F2F70EF9009B236008B010BD002110B5BA
:108D40000A460446635CA3F13000092807D8303A8C
:108D5000032903EB02000FD002010131F2E7A3F176
:108D60004100052801D8373AF2E7A3F16100052850
:108D700001D8573AECE7002010BD10B528B10168C2
:108D800081B1D0E901329A4205D310BD8C5C202C10
:108D9000FBD80132826082689342F7D8F5D1013B5B
:108DA0008360F2E70846F0E7F8B50D46044678B36D
:108DB00069B38468DAB95CB3236AABB1AB421ED045
:108DC0006E1E013B16F8011F0846A1F14102192A47
:108DD00013F8012F98BF01F12000A2F14107192FCC
:108DE00098BF203282420FD02468E4E724687CB127
:108DF000216A21B12846DFF75BFF0028F6D1236AFC
:108E0000002B08BF002403E00029DBD1F7E70C4664
:108E10002046F8BD034610B528209847044618B1EF
:108E20002822002102F05AF9204610BD70B50D46E7
:108E30001646044648B1DFF74DFF33462A46411C2B
:108E40002046BDE87040F2F703BA70BD002211461B
:108E5000FFF7ECBF00231A46F2F7FAB90022FFF73A
:108E6000A3BF0122FFF7A0BF18B1007B831E5842A9
:108E70005841704720B1C06810F0030018BF0120AE
:108E8000704720B1007BA0F1080358425841704759
:108E900020B1007BA0F1100358425841704708B53B
:108EA0000246FFF7F5FF00B1106908BD20B1007B55
:108EB000A0F14003584258417047004701F018BBE9
:108EC000F2F77CBAF7B51646DDE90847019001A82C
:108ED0001D46F2F78BFB019BB6F1000C18BF4FF05B
:108EE000010C00EB83000B1E18BF0123002D43EA89
:108EF0004C0314BF4FF00C0C4FF0000C002C43EA55
:108F00000C0314BF4FF4E06C4FF0000C002F43EA49
:108F10000C0314BF4FF4403C4FF0000CD0F800227B
:108F200043EA0C0322EA030301B109780EB1367853
:108F3000760019430DB12D78AD0031430CB1247882
:108F4000240229430FB13F783F040C433C43C0F84F
:108F5000004203B0F0BD1FB50DF10F0301930023D4
:108F60008DF80F101A4619460093FFF7ABFF05B0B6
:108F70005DF804FBF2F7ECBBF2F7CABB4FF48010CC
:108F800070474FF4805070474FF48070704791F8ED
:108F900020200346032A29D8DFE802F02125190200
:108FA0008A68500304D5D3F84C250869904207D14C
:108FB0008A6852031AD4D3F84C258969914215D096
:108FC00000200622C3F80005C3F800257047D3F837
:108FD0004C2508699042F3D1D3F83C25EDE7D3F84E
:108FE0004C250969EAE7D3F83C25FAE701207047E8
:108FF00030B50124A2F58075AD08AC400C4207D015
:10900000815829B10021815082581A6822431A6080
:1090100030BD002313B50C4601934FF4A47201AB8D
:10902000FFF7E6FF21464FF48272FFF7E1FF21468A
:109030004FF49272FFF7DCFF21464FF4A872FFF75E
:10904000D7FF21464FF4A672FFF7D2FF21464FF417
:10905000B072FFF7CDFF4FF4AE722146FFF7C8FFA5
:10906000019802B010BD07B5019001A8F3F71EFAF0
:109070000123019A9340836003B05DF804FB08B5B7
:10908000F3F708FB002008BDEFF31180202383F3E2
:109090001288BFF36F8F704780F31188BFF36F8F13
:1090A0007047002070470020704700207047002064
:1090B000704700207047F3F723BCF2F73BBE02294C
:1090C00004D0042906D0012900D17047806808B176
:1090D000ECF78AB87047F3F73FBC08B5F3F718FC14
:1090E00008B9F3F757FCBDE80840F3F759BC002274
:1090F00010B50468944200D110BD00EBC2014B686A
:10910000013223F0FF0343F003034B60F2E7042036
:10911000F2F742BE0420F2F747BE08B5F2F70AFEA6
:10912000BDE80840F5F70CBA38B504460025031D24
:109130002268AA4201D8002319E04FF00002D3E8C8
:10914000CF0F032804D1C3E8CC2FBCF1000FF6D118
:1091500002D008330135EBE701EB851318464022B6
:10916000002101F0BBFF034604EBC504A0601846D4
:1091700038BD0830704770B506460D4621B9F3F783
:10918000F1FB90B9002070BD0846ECF725F80446C5
:109190000028F7D03046F3F7E5FB38B92046ECF766
:1091A00023F80120EBF7EEFFECE72C460661C560E3
:1091B00040F8084FE7E740EA0141104640F8081D33
:1091C000F3F7E2BBF3F7DABBF3F7D2BBECF704B883
:1091D00008B5ECF709F8BDE808400120EBF7D2BF6D
:1091E0000429F8B50546174603D0102910D00024ED
:1091F0000CE00820EBF7E2FF04460028F7D000233C
:1092000043600123478003802B6843602046F8BDFC
:109210001620EBF7D3FF04460028E8D0061D1222E3
:109220000021304601F05AFF022323802B4667803D
:1092300005F1100253F8041B934246F8041BF9D1C0
:10924000E4E7134609B9116070470A88012A02D081
:10925000022A07D070471A68082A28BF08221A6015
:1092600001F015BF1A68162A28BF1622F7E708B5BD
:10927000F4F7A0F940B100F11C03D3E8EF1F01316E
:10928000C3E8E21F002AF8D108BD006808B1F4F76E
:109290001FB9704737B50025036804460093838FD4
:1092A0006846ADF80650ADF8043000F0DEFD38B188
:1092B000A36B6846984794F83E300BB1A563E5630D
:1092C00003B030BD4068003818BF0120704700234C
:1092D0000B60836813B9C0E90111704719608160A0
:1092E000704738B505460C46F3F760FBAA6823685B
:1092F00094426B6008BFAB6000232046236000F0FF
:1093000050F9BDE83840F3F757BB40687047006933
:10931000431E5842584170470069831E58425841C5
:1093200070470069C31E5842584170474069B0F504
:10933000817F05D040F21113C31A5842584170473B
:109340000120704790F82000C0F34000704790F86B
:109350002000C0F38000704790F82000C0F3C000E8
:109360007047006C00F00100704790F8200000F09A
:10937000010070470369012B05D18069A0F18003CA
:109380005842584170470020704790F82000C009AB
:109390007047836933F0800314BF012000207047B9
:1093A00090F82000C0F340107047806B003818BF61
:1093B0000120704790F83400431E584258417047CE
:1093C00008B590F82030014613F001020BD1FFF7E9
:1093D000E0FF28B90846FFF7CDFF80F00100C2B2D8
:1093E00002F0010008BD0022FAE770B504460D4600
:1093F00016462046FFF7E4FF70B155B1284600F04D
:10940000BFF848B931460220EBF7AEFD0028F0D096
:1094100070BD6368002BF5D00020F9E74068003884
:1094200018BF0120704790F82200003818BF0120B3
:10943000704710B50446FFF7ACFF94F82010C1F355
:10944000401340EA0302236982F00102012B14BF9A
:109450000123C1F38003D2B220461A40FFF766FF12
:1094600048B1C1F300112046FFF784FF0A4080F0A5
:109470000100104010BD0121F5E710B50C46F4F7CE
:1094800099F828B190F8203064F3861380F82030E2
:1094900010BD10B50C46F4F78DF828B190F82130C6
:1094A00064F3000380F8213010BDD0E9092353EAAA
:1094B000020109D04FF47A71B3FBF1F001FB020015
:1094C0000128B8BF012070474FF0FF307047D0E946
:1094D0000B2353EA020109D04FF47A71B3FBF1F088
:1094E00001FB02000128B8BF012070474FF0FF3098
:1094F0007047013802288CBF0020012070470138D6
:1095000002288CBF0020012070470388012B03D064
:10951000022B06D001207047082914BF002001202B
:1095200070471629F9E7FF2818D007DC06280ED067
:10953000112811D0B0FA80F040097047B0F5817F52
:1095400005D040F21113984206D00020704701293F
:1095500014BF0020012070470229F9E70329F7E72B
:10956000C368012B03D0022B07D001207047088865
:10957000012814BF00200120704708880228F8E75E
:1095800000B10068003818BF0120704700B10068C2
:109590007047438940681844704702894089101A0F
:1095A000704710B504464068FFF70CFEE06808B14C
:1095B000EBF70CFE2046BDE81040EBF707BE10B5F8
:1095C0000446206800B910BD6268036890422360B9
:1095D00008BF6360FFF7E5FFF3E700F040BD10B59B
:1095E000044660B1406908B1EBF7F0FDA06908B12D
:1095F000EBF7ECFD2046BDE81040EBF7E7BD10BDF2
:1096000010B5044600F029FD23684360A369836018
:109610002046BDE8104000F022BD2DE9FF41804604
:109620000F461646FFF765FF38B96A20EBF764FD71
:109630004FF0FF3004B0BDE8F0813046F4F720F879
:1096400008B97B20F2E73846FFF759FF08B96B20CD
:10965000ECE739463046FFF766FF0028F7D0F3F70E
:1096600075FF054608B91720E0E700211420FFF731
:1096700082FD044620B92846F3F7AEFF6920D5E7FE
:109680004FF0FF33037443748374C3744046F4F79C
:10969000A1FD6061384600F052FC0146A0613046F1
:1096A00000F04EFC2146E06101AA47F2010002955C
:1096B000F4F7B0FD044620B12846F3F78DFF2046AD
:1096C000B4E7C5E9038728686E61B3E773B506465A
:1096D0000C461546FFF7CBFD019050B90920EBF77A
:1096E0000BFD4FF0FF3401A8FFF7CFFD204602B07D
:1096F00070BDFFF74EFE10B1019B9869EFE701982E
:10970000FFF725FE08B17F20E9E70198FFF71AFE71
:1097100008B17820E3E70CB90E20E0E72146019874
:10972000FFF71EFF08B96A20D9E729462046FFF750
:10973000ECFE08B91620D2E70198FFF712FE0546A5
:1097400020B1019B5D69113D18BF012500211C203E
:10975000FFF711FD024608B96920C0E706612388BA
:10976000012B11D0022B18D00199042091F8203040
:1097700043F0020381F8203047F20201D560FFF781
:109780001AFDDDB17720AAE76388838204238375FD
:109790000023C37563688361E6E7638800F11801FD
:1097A0008382102383750023C375231D143453F85B
:1097B000040BA34241F8040BF9D1D5E70198FFF758
:1097C00086FE00900198FFF7BDFD20B901988469DD
:1097D00084B1204683E769460220EBF7C5FB10F110
:1097E0000B0F05D00028EDD00028B8BF404276E727
:1097F000742074E7FFF79AFD00283FF474AFDDE9A9
:109800000010F4F763FC04466DE730B585B00546FB
:109810000C46F3F7CFFE38B90920EBF76DFC4FF09B
:10982000FF33184605B030BD0CB90E20F5E72146D0
:10983000FFF796FE08B96A20EFE700211C20FFF72A
:109840009AFC014608B96920E7E705612388012BE6
:109850000AD0022B11D047F2050001AAF4F7DAFC76
:1098600003460028DDD0D8E763888382042383750C
:109870000023C37563688361EDE7638800F1180214
:109880008382102383750023C375231D143453F87A
:10989000040BA34242F8040BF9D1DCE730B585B0E4
:1098A00005460C46F3F786FE38B90920EBF724FC91
:1098B0004FF0FF33184605B030BDFFF728FD08B95B
:1098C0005F20F3E700210C20FFF755FC014608B9A3
:1098D0006920EBE724EAE4740561446101AA47F2D8
:1098E0000800F4F797FC03460028E3D0DEE7F0B564
:1098F00095B007460D461446FFF7B9FC019050B9E4
:109900000920EBF7F9FB4FF0FF3401A8FFF7BDFC8E
:10991000204615B0F0BD15B11CB90E20F1E7002CA2
:10992000FBD1FFF7F4FC08B95F20EAE70198FFF7E5
:1099300018FD28B10198FFF776FD08B90B20E0E784
:109940000198FFF7B2FD00900198FFF70EFD50B1AE
:109950000198FFF768FD0028D2D0F3F7F7FD06461F
:1099600080B91720CDE70198FFF75DFD0028EFD102
:1099700069460220EBF7F8FA0028E5D00028B8BFC6
:109980004042BEE700210820FFF7F5FB014620B961
:109990003046F3F721FE6920B3E70761039675B1FE
:1099A0007CB10BAB47F20C0002AA0493F4F732FC33
:1099B000074640B13046F3F70FFE3846A1E72B4685
:1099C000F0E72346EEE73DB134B1BDF83E30042B5D
:1099D00004D0102B15D02760346896E70123276840
:1099E000ADF81430082F28BF0827BDF83C30ADF87B
:1099F0001630109B06933A46284605A901F047FB0E
:109A0000E9E70223ADF81430BDF83C3006AFADF8FD
:109A1000163014ABADF8280013E90F0087E80F00EB
:109A20002768162F28BF1627E5E72DE9F04F89B0E4
:109A300016461D46129F0390019103F0400803F45F
:109A4000007BF3F7B7FD044638B90920EBF754FB68
:109A50004FF0FF3009B0BDE8F08F35F4107305D139
:109A6000B8F1000F11D0BBF1000F01D05F20EDE77E
:109A7000FFF72DFD04902046FFF773FCA8B9B8F15D
:109A8000000818BF4FF0010805E0FFF720FD049023
:109A9000BBF1000FEFD02046FFF78CFC40B1204611
:109AA000FFF777FC68B1A069D0E74FF00108F2E753
:109AB0002046FFF76EFC0028F5D12046FFF75AFC40
:109AC000F0E72046FFF728FC00284CD02046FFF79F
:109AD0003EFC002847D10FB97920B7E72046FFF7B1
:109AE0001BFC00284AD12046FFF71BFC002845D16B
:109AF00047F206092046FFF70AFC40B12046FFF76F
:109B000015FC20B1B6F5006F28BF4FF40066FFF7D3
:109B10005BFBB04207D22046FFF7F9FB002844D098
:109B2000FFF752FB064647F2060399450CBF0E238A
:109B30002223002502932046FFF732FC18B120466D
:109B4000FFF73EFC98BB31460298FFF714FB8246B4
:109B500000283BD1012004A9EBF706FA90BBB8F12D
:109B6000000FF0D026E02046FFF7D6FB20B92046B4
:109B7000FFF7D7FB0028BBD0002FB9D039462046CD
:109B8000FFF7EEFC08B96A2060E738461399FFF743
:109B9000BCFC08B9162059E72046FFF7C7FB08B1FF
:109BA0007F2053E747F20709A4E77A204EE7B8F190
:109BB000000F01D00B2049E7022004A9EBF7D4F9EC
:109BC0000028B8D00028B8BF40423FE7039B03619C
:109BD000019B23B132461946006801F058FA94F807
:109BE000340020B1F4F70AFB002284F83420BBF1E2
:109BF000000F0ED0049D40F040006B1C1FD04FF4AE
:109C00007A7295FBF2F5ADB2B5F5167F28BF4FF429
:109C1000167547F207029145CAF8140034D1AAF824
:109C20002C503A88012A0DD0022A18D051464846B5
:109C300005AAF4F7EFFA034648BB06980AE74FF483
:109C40001675E6E77A88AAF8182004228AF81A20FE
:109C500000228AF81B207A68CAF81C20E6E77A8876
:109C60000AF11C01AAF8182010228AF81A200022F2
:109C700007F114008AF81B203A1D52F804CB8242E7
:109C800041F804CBF9D1D1E7AAF81850CEE70C2857
:109C900006DC0A2807DDB8F1000F3FF44CAF89E776
:109CA0008C283FF4D3AE1846D0E62DE9F74F89460D
:109CB000DDE90C7A15461E4603F48078FFF7D7FAE3
:109CC000019058B90920EBF717FA4FF0FF3701A8B8
:109CD000FFF7DBFA384603B0BDE8F08F36F4A17326
:109CE00001D05F20EFE727B1BAF1000F04D10E20B9
:109CF000E9E7BAF1000FFAD1FFF709FB28B10198A3
:109D0000FFF725FB08B98020DDE70198B8F1000FC7
:109D100016D1FFF726FB08B9730611D50198FFF796
:109D2000D1FA68B90198FFF734FB48B90198FFF7F9
:109D300021FB28B90198FFF718FB08B90B20C2E7EF
:109D40000198FFF7B2FB6A46009000210198FFF7E7
:109D50004CFB18B10028B8BF4042B4E70198FFF7A8
:109D6000B1FA88B90198FFF705FB002876D1019870
:109D7000FFF7FBFA0028A5D10198FFF70AFB00289E
:109D8000A3D0019B98699EE70198FFF7BEFA0446AD
:109D900027B1C16852463846FFF753FA002706F04C
:109DA000020A2046FFF7F9FBA8421DD82046FFF71C
:109DB000F4FB0646002E8AD02046FFF7EAFB09EBAB
:109DC000070B01463246584601F061F901983744C5
:109DD000FFF7A2FA50B1BAF1000F7FF478AF214635
:109DE0000198FFF77EFA72E72E46E3E70198FFF746
:109DF00098FA0028EFD1BAF1000F14D0B5423FF421
:109E000066AFB8F1000F04D06A4621460198FFF70B
:109E1000ECFA2046AD1BFFF7B9FB04460028C0D181
:109E2000002F9FD053E76389204633446381FFF7B7
:109E3000B4FB18B921460198FFF753FAB5423FF435
:109E400046AFAD1BB8F1000F04D06A46002101985F
:109E5000FFF7CBFA0198FFF758FADEE7002736E75D
:109E600008B5F3F7D1FB002008BD38B504460068FB
:109E7000F3F7A0FB054628B90120E38843F020034F
:109E8000E38038BDFFF771FA0028F5D12846FFF7C7
:109E900080FAF8B1E38843F00803E380A388DA0787
:109EA00007D52846FFF7BAFAE8B1E38843F0010383
:109EB000E380A3885B0707D52846FFF7BAFA18B1F5
:109EC000E38843F00403E380B4F90600003818BFC8
:109ED0000120D6E72846FFF74DFA0028DED0E388B8
:109EE00043F01003D9E72846FFF79DFA0028DCD19C
:109EF0002846FFF73FFA0028D7D1DAE738B50D46F4
:109F00001446F3F757FB28B90920EBF7F5F84FF0A3
:109F1000FF3006E0032D03D0042D03D01620F4E714
:109F2000006C38BD012CF9D804640020F9E7431F08
:109F3000002B03D8DFE803F00100032070477047CF
:109F4000FF2816D005DC062817D0112813D048B1F9
:109F50007047B0F5817F10D040F21113984208BFCE
:109F600002207047012908D08B1E594259414800F0
:109F70007047002070470220704701207047292851
:109F800011D00ADC012810D0062810D0002808BF04
:109F9000042018BF4FF0FF307047B0F58D7F08D018
:109FA000B0F5007FF5E706207047082070470120D4
:109FB00070474FF480707047192812D9A0F16403DC
:109FC0000C2B04D940F03A4040F42D0070476B3818
:109FD00005283ED8DFE800F01D3F031D1D3B47204C
:109FE0007047013818280ED8DFE800F00F1113155C
:109FF00017191B1D1F172123192527272129352B49
:10A0000013132D132F00002070470C207047692078
:10A0100070470B20704772207047802070471620D1
:10A02000704770207047782070477F2070477120FC
:10A0300070476820704774207047732070478C20E9
:10A0400070470D20704776207047092070475F20C9
:10A0500070476F2070477A207047C0687047426928
:10A06000C3681A60704708B5034624301AB95A62AB
:10A070004260002008BD082A28BF082201F007F826
:10A08000F7E708B503462C301AB9DA6242600020BF
:10A0900008BD082A28BF082200F0F9FFF7E738B505
:10A0A00004460D4639B1082A0BD01620EBF724F8E8
:10A0B0004FF0FF3038BD002AF7D18263C263002021
:10A0C000F8E7F2F773FC95E8030004F1380383E83E
:10A0D00003002046FFF7DEF8F2F76EFCEFE773B5FA
:10A0E000044608680D461646F4F788F8002801DB98
:10A0F000042E06D01620EAF7FFFF4FF0FF3002B023
:10A1000070BD2B68204684F83430FFF753F90023E4
:10A110000028F4D0CDE900331A4619462068FFF72D
:10A1200084FCECE708B509B1042A05D01620EAF74B
:10A13000E3FF4FF0FF3006E00B782BB1012BF5D198
:10A1400080F84830002008BD0223F9E710B5541EFE
:10A150001B2C02D812F0030405D01620EAF7CCFF1E
:10A160004FF0FF3010BD930880F84B304C3000F0BA
:10A170008EFF2046F6E708B509B1042A05D016205F
:10A18000EAF7BAFF4FF0FF3008BD0B78003B18BF6D
:10A19000012380F849300020F6E708B509B1042A08
:10A1A00005D01620EAF7A8FF4FF0FF3008BD0B6876
:10A1B00080F84A300020F9E770B5054614460E468F
:10A1C00031B9A2B11620EAF797FF4FF0FF3070BD0A
:10A1D000002AF7D0406C18B1EAF7F8FF00236B644F
:10A1E000601CEAF7EBFF686440B96920EBE7406C5C
:10A1F00010B1EAF7EBFF6C640020E8E72246314635
:10A2000000F045FF00226B6C1A55F5E710B51346B8
:10A2100012680446042A28BF042208461A6004F182
:10A22000180100F034FF0020A06110BD10B51346E6
:10A2300012680446082A28BF082208461A6004F15A
:10A24000240100F024FF002010BD10B51346126851
:10A250000446082A28BF082208461A6004F12C0187
:10A2600000F015FF002010BD37B505460024134649
:10A2700095F848200846012A18BF224601921A681C
:10A2800001A9042A28BF04221A6000F000FF20461A
:10A2900003B030BD13B50446134694F84920084670
:10A2A00001921A6801A9042A28BF04221A6000F04A
:10A2B000EEFE002002B010BD13B50446134694F81C
:10A2C0004A20084601921A6801A9042A28BF0422DC
:10A2D0001A6000F0DCFE002002B010BD10B504468C
:10A2E0000846114694F84B309A000B689A4228BFF2
:10A2F0001A460A6004F14C0100F0C9FE002010BDAE
:10A30000F8B5456C0E461446176875B12846DEF759
:10A31000E1FC0130B842024628BF3A4629463046A1
:10A32000226000F0B4FE0020F8BD3A4629463046CF
:10A3300000F0D4FE2560F6E713B50446F2F7E0FA24
:10A3400078B18CB100210420FEF715FF014670B1F1
:10A350006A460920F4F7A6F808B9019B236002B009
:10A3600010BD4FF0FF30FAE76FF00D00F7E76FF028
:10A370000B00F4E713B50446F2F7C2FA78B18CB1DA
:10A3800000210420FEF7F7FE014670B16A46022064
:10A39000F4F788F808B9019B236002B010BD4FF0B4
:10A3A000FF30FAE76FF00D00F7E76FF00B00F4E70E
:10A3B00013B50446F2F7A4FA68B17CB10021042079
:10A3C000FEF7D9FE014660B16A4601200194F4F718
:10A3D00069F802B010BD4FF0FF30FAE76FF00D00E2
:10A3E000F7E76FF00B00F4E773B506460D46F2F79A
:10A3F00087FA98B1AEB1BDB129460420FEF7BBFE85
:10A400000446A0B12A463146006800F040FE6A4684
:10A4100021460420F4F746F802B070BD4FF0FF303B
:10A42000FAE76FF00D00F7E76FF01500F4E76FF053
:10A430000B00F1E707B5F2F763FA60B100210420E1
:10A44000FEF799FE014648B16A460520F4F72AF85E
:10A4500003B05DF804FB4FF0FF30F9E76FF00B003D
:10A46000F6E707B5F2F74CFA60B100210420FEF7D9
:10A4700082FE014648B16A460820F4F713F803B09B
:10A480005DF804FB4FF0FF30F9E76FF00B00F6E7E3
:10A4900070B504460E4600F025F80546206808B160
:10A4A000FEF790FE48F202039E4218D048F20903DC
:10A4B0009E4214D048F201039E420BD16B684BB10F
:10A4C00004F1140204F1380152F8040B8A4243F8F3
:10A4D000040BF9D12046BDE8704000F005B863696F
:10A4E0006B60F7E7C06870470269C3681A6070471D
:10A4F00008B1E3F777BD7047704740B1C36858783B
:10A5000010F001001EBF1878B0FA80F040097047C3
:10A51000EFF31183202383F31288BFF36F8FFEE7DD
:10A5200010B5D0E9003433B90020E268537843F025
:10A530000103537010BD204698470028F4D000282E
:10A54000B8BF4042FF28A8BFFF20E3681870ECE7BF
:10A5500000F0C4BD00F09BBD704710B400F10C04C6
:10A56000C0E903445DF8044BF8F7BCBA2DE9F04F9D
:10A57000054689B0DDE9126791463B46324606A89A
:10A58000059105F1140A00F0B1FBDDE90634CDE9CF
:10A590000234EFF311844FF0200888F31288BFF3E0
:10A5A0006F8F05F10C0B4A4628460599F8F784F998
:10A5B00030B184F31188BFF36F8F09B0BDE8F08F1D
:10A5C0003E43F6D0DDE9022306A800F0B3FBDDE947
:10A5D00006675A4621465046CDE90067F4F78AFFE0
:10A5E000EFF3118488F31288BFF36F8FDBE707B5B1
:10A5F000CDE900230A460421FFF7B8FF03B05DF858
:10A6000004FB38B50446EFF31185202383F3128849
:10A61000BFF36F8FF8F707F904F10C0000F0D8FAD8
:10A6200030B1294604F11400BDE83840F4F7DCBF2E
:10A6300085F31188BFF36F8F38BD4169836843EAA2
:10A64000010212F003020FD1C2600269013A01FB5C
:10A65000023382689A4201D900207047C2681A60AA
:10A660004269C3609B1AF4E76FF0150070472DE94B
:10A67000F04105460F46EFF31188202383F312883B
:10A68000BFF36F8FC668F6B90468A0421BD0D4B17F
:10A69000D4E9003213605A60637BC4E9006623F09A
:10A6A00002036373A66004F1180000F0F8FA204674
:10A6B000E667676100F02DFA414605F10800BDE844
:10A6C000F041F4F791BF3E60AB69EF60013BAB61D5
:10A6D00088F31188BFF36F8FBDE8F081202408B59F
:10A6E000EFF3118384F31288BFF36F8FF9F7FEF84D
:10A6F000F6E7D0E9003213605A600023427BC0E9DC
:10A70000003322F0020242738360704790F90E30EA
:10A710008B4201D0F4F71ABF002070470346002097
:10A72000C3E90033C3E902007047D0E90032136087
:10A730005A600023427BC0E9003322F002024273D8
:10A74000836070472DE9F843914604460D469DF815
:10A75000202000F10807EFF31188202181F31288EF
:10A76000BFF36F8F02B14568A668B74214D09EB19F
:10A770003046FFF7DAFF06F1180000F090FA0023E8
:10A780003046F367C6F8149000F0C3F938464146E6
:10A79000F4F72AFF00200BE0E3B108210020F5F7D1
:10A7A000D5FB38B988F31188BFF36F8F6FF00B00BA
:10A7B000BDE8F8830122C0F804900260016801F04E
:10A7C00003015DB922680A430260626820606AB9C9
:10A7D00060600BE04846C9F80030EFE72A68032ABA
:10A7E00010D80160616839B9C4E90000042104F19E
:10A7F000100000F0FCFBC9E70A6802F00302024304
:10A800000A60E5E722F003020A4302602A6802F0C8
:10A81000030240EA02032B60E8E710B5044630B1BA
:10A820000268930703D0446809B100F017FC204682
:10A8300010BD0023C0E9003300F10803C0E9023372
:10A8400000F11003C0E904337047F8B5054600F184
:10A850000806EFF31187202383F31288BFF36F8F6D
:10A860008468A6420DD064B12046FFF75EFF04F174
:10A87000180000F014FA00232046E367636100F03B
:10A8800048F905F11000082100F0B1FB39463046C7
:10A89000BDE8F840F4F7A8BE012307B500930023F4
:10A8A0000A461946FFF74EFF03B05DF804FB00238C
:10A8B00007B50A4600931946FFF744FF03B05DF859
:10A8C00004FB00210068FFF7A8BF00214068FFF7E4
:10A8D000A4BF5AB18A4209D300F11003C0E90212A1
:10A8E000C0E90000C0E90433002070476FF0150094
:10A8F0007047012302688B4022EA0303036022FAB7
:10A9000001F000F00100704710B5032104460C303F
:10A91000FFF7EFFF30B104F1100000F0C0F9B0FA1A
:10A9200080F0400910BD20B10022D030114600F067
:10A930007BB9704770B5C3680446C3F340069B07F4
:10A9400016D4856802210C30FFF7D3FF80B1D5F80B
:10A95000C8206AB194421DD122689EB9D5F8CC3086
:10A96000C5F8C8209C4201D1C5F8CC200023236043
:10A97000E36813F01F001EBF43F00203E36040F0E2
:10A98000020070BD3260D5F8CC20944208BFC5F8F3
:10A99000CC60EBE716461268DBE773B50446EFF3CD
:10A9A0001185202383F31288BFF36F8F0023A0F15A
:10A9B0001006032104380193FFF79BFF28B1A36918
:10A9C000304601A90193F4F70BFB85F31188BFF31F
:10A9D0006F8F02B070BD13B501900846EFF311847C
:10A9E000202383F31288BFF36F8F01A9F4F7F8FADD
:10A9F00084F31188BFF36F8F02B010BD10B5FFF75D
:10AA0000EAFF041E08DDEFF31180202383F3128890
:10AA1000BFF36F8FF4F7FAFD204610BD08B5E822AA
:10AA2000002100F05BFB08BD38B530220D46002147
:10AA3000044600F053FB4FF480736560E36038BD5B
:10AA400038B50446EFF31185202383F31288BFF352
:10AA50006F8FFFF759FF2046FFF76CFF85F31188D2
:10AA6000BFF36F8F38BDD0E9003213605A60002306
:10AA7000427BC0E9003322F00202427383607047D8
:10AA8000C0E9000000207047EFF30580003818BFD0
:10AA9000012070476FF05700704700207047D0E9E1
:10AAA000003213605A600023C0E90033704708B5D4
:10AAB000FFF7F5FF437B23F002034373002383601A
:10AAC00008BD38B504460D46F4F7A2FC637B43F09D
:10AAD00002036373E5B1A5602B689D4209D16B68E1
:10AAE000C4E900531C606C6012E06A689A42F6D0B8
:10AAF0001B68002BF3D094F90E2093F90E108A42B4
:10AB0000F3D09142F1DD5A68C4E9003214605C6010
:10AB100038BD10B5EFF31184202383F31288BFF3FF
:10AB20006F8FF4F72DFC84F31188BFF36F8F10BD86
:10AB300008B5EFF31181202282F31288BFF36F8FE3
:10AB400083680BB1FFF7B3FF81F31188BFF36F8FF9
:10AB500008BD014610B5EFF31184202383F312885A
:10AB6000BFF36F8F437B13F0280F0AD183680BB1BB
:10AB7000FFF79DFF4B7B084623F004034B73F4F76C
:10AB8000FFFB84F31188BFF36F8F10BD01211838CC
:10AB9000FFF7DFBF08B50346EFF31181202282F3F0
:10ABA0001288BFF36F8F0068834207D008B1FFF7A8
:10ABB0007EFF81F31188BFF36F8F08BD0020F8E797
:10ABC00010B5FFF7B5FFBDE81040183000F067B8CA
:10ABD00038B5054604680020AC4200D138BD002CD1
:10ABE000FCD02046FFF7ECFF2046FFF792FF2C68D1
:10ABF0000120A542F1E738B50C460546F4F7AEFD55
:10AC0000B4F1FF3F08BFB5F1FF3F1FBF47F6FF7329
:10AC100000224FF47A71C0FB013216BFD80B4FF0FF
:10AC2000FF3040EA424038BD38B5EFF311852023AC
:10AC300083F31288BFF36F8F0468A04212D09CB1D7
:10AC4000E16762612046FFF732FF04F1180000F06F
:10AC500026F82046F4F794FB012085F31188BFF312
:10AC60006F8F38BD0020F8E72046F6E710B5F4F7FF
:10AC700021FF0446F4F726FF74B1D4E904321B1A0D
:10AC800062EBE072B3F1004F72F1000104DA002AC6
:10AC9000ACBF1846002010BD6FF00040FBE7024635
:10ACA00038B5EFF31185202383F31288BFF36F8F3C
:10ACB000036893B1F4F7FEFE04461046F4F70CFF68
:10ACC000844204D1FFF7D2FF0021EAF75BF80020AD
:10ACD00085F31188BFF36F8F38BD6FF01500F7E76C
:10ACE00008B5F4F7E3FF08BDF4F7E0BFB3F1FF3FA9
:10ACF00008BFB2F1FF3F70B504461D46164613D09B
:10AD00001A4315D06FF001024FF0FF33921B63EB33
:10AD10000501002904DAF4F7C9FF821941EB0501A6
:10AD2000C4E90021204670BD4FF0FF321146F7E71D
:10AD30000022FBE7B3F1FF3F08BFB2F1FF3FF8B5D8
:10AD4000074616461C4610D054EA020311D0F4F709
:10AD5000ADFFB0420A46A14103460AD2F31A64EBA2
:10AD60000204C7E900343846F8BD4FF0FF331C46F3
:10AD7000F7E70023FBE70023C0E9081200F11802FF
:10AD8000C0E90622C0E9003303634363704710B58E
:10AD90000446FFF784FFA8B9636A0BB120469847C1
:10ADA00004F11800FFF7F6FE60B1FFF7B2FEEFF313
:10ADB0001180202383F31288BFF36F8FBDE810400A
:10ADC000F4F724BC10BD1423F0B500244FF48B76A7
:10ADD000202703FB010001B9F0BD10F8073CA0F1EA
:10ADE000140C03F03F03082B40F80C4C0CD826FA47
:10ADF00003F3DB0708D550F8143C2BB150F8105C76
:10AE00002B605D6040E9054482F31188BFF36F8FCA
:10AE1000EFF3118287F31288BFF36F8F6046013919
:10AE2000D9E770B5D0E90034984209D044B1A5689B
:10AE3000EDB115F9526C12F9525CB54208D007DD3C
:10AE4000C1E900042160416010E0A342F8D01B6812
:10AE5000002BF5D09A6862B112F9522CAA42F4D0B4
:10AE6000F3DD5A68C1E900321160596070BDAB7BF7
:10AE7000FFDE937BFCE72DE9F84F00258B46144657
:10AE80009A4601462E464FF020082F465D4502DBCC
:10AE90003046BDE8F88FEFF3118988F31288BFF3CD
:10AEA0006F8F4B7B03F03F03013B072B0DD8DFE88F
:10AEB00003F01D040C090C0C0C230B699B6823B1D7
:10AEC00002231EE00B691B685BBBBAF1000F21D1A6
:10AED0002378FBB14B7B03F03F03013B072B27D8C3
:10AEE000DFE803F0292126212626262C0B699B6802
:10AEF000002BEAD0012304E00B691B6A002BE4D08D
:10AF00001023CA688F60C2F38630034363F3943220
:10AF1000CA60277089F31188BFF36F8F0135143130
:10AF2000B4E70423EDE7224608691030FFF779FF04
:10AF30008C600136EEE722460869F7E70869224689
:10AF40002430F3E72DE9F041846805460E46ECB164
:10AF50006378012B25D114F8533C9A0714D5A4F13A
:10AF600060073846FFF72CFE082E0CBF6FF0030376
:10AF70000023E36114F8533CDB0605D154F8483C48
:10AF800013B93846FFF7C5FD002323700020EB6896
:10AF9000A860C3F38632164366F39433EB60BDE8D2
:10AFA000F081022BF0D12378002BEDD054F8048CE3
:10AFB000B8F1000FE8D004F11400FFF770FE002391
:10AFC000A4F1140739464046E362FFF704FDDBE7CE
:10AFD00010B500245205090201F47C5102F400125C
:10AFE0000A43017B84600A43C0E9032310BD034682
:10AFF00010B5EFF31184202282F31288BFF36F8F14
:10B000000068834208D0D0E9003213605A60002300
:10B01000C0E90033FFF796FF84F31188BFF36F8F09
:10B0200010BD0023C0E900008360704783680B6097
:10B03000C368136070470432D3B5044608D20026B3
:10B04000002741F00401CDE90067FFF78FFA10B93E
:10B05000002002B0D0BD40F8044BFAE720B1011F38
:10B0600050F8040CFFF7CDBA704701460420F4F7FE
:10B070005FBFC9B20346024410B59342184601D1DE
:10B08000002003E0047801338C42F6D110BD0A445D
:10B09000431E914200D1704710B511F8014B914207
:10B0A00003F8014FF9D110BD884210B501EB02043D
:10B0B00002D98442234607D8431EA14208D011F882
:10B0C000012B03F8012FF8E7024401468A4200D120
:10B0D00010BD13F8014D02F8014DF7E70244034695
:10B0E000934200D1704703F8011BF9E70A220021BF
:10B0F000F5F79EB90139024410B5904201D1002004
:10B1000005E0037811F8014FA34201D0181B10BDD0
:10B110000130F2E7C9B20346184613F8012B12B109
:10B120008A42F9D17047002918BF0020704730B516
:10B130000A440546914201D100200FE015F8013B79
:10B1400011F8014BA3F141001928A4F1410098BF67
:10B150002033192803D82034181BEBD030BD181B1E
:10B16000FCD1002CE6D1F9E710B56AB10139841899
:10B1700010F8012B11F8013F9A4203D1A04201D0EF
:10B18000002AF5D1D01A10BD1046FCE710B50139E0
:10B19000044632B111F8013F013A00F8013B002B9F
:10B1A000F7D10021FFF79AFF204610BD0246014467
:10B1B00010B58A42134603D01C780132002CF8D116
:10B1C000181A10BD70B50E46144605461146304695
:10B1D000FFF7ECFF8442034601D8325C32B92146C6
:10B1E0003246284600F08EFA044610B90024204664
:10B1F00070BD421B00212846FFF73BFF0028F5D118
:10B20000F5E738B511F0FF0403460ED12146BDE83D
:10B210003840FFF77FBF431C054621461846FFF71D
:10B2200079FF0028F7D1284638BD0025F5E70A78D0
:10B2300070B56AB970BD9A4209D10C46054614F83A
:10B24000013F002BF6D015F8016F9E42F7D0013078
:10B250000378002BEFD11846ECE72DE9F047C3F156
:10B2600037090746884603F01F055FFA89F9164635
:10B270004FF0000A384641462A465346DDF7FEFCA9
:10B280004346D4B23A4688460746092C84BF4C440C
:10B29000E4B2AA4204F1300473EB0A0306F8014B4E
:10B2A000E8D23046BDE8F08710B50C4600F0E3FA6E
:10B2B0000028A2BF23680133236010BD0028A2BF6D
:10B2C000136803F1FF33136000F00ABB70B5054645
:10B2D0000E4631462846FFF7E7FF041E09DB202C07
:10B2E000F7D0A4F10903042BF3D932462946FFF71E
:10B2F000E5FF204670BDBDF8001068B111F0100FD9
:10B3000001D00270704711F0080F02D0C0E900238D
:10B3100070474B0701D5026070478B06FBD5028052
:10B3200070472DE9F04387B01C461746814602ABB3
:10B3300088460093D2E9022300F0AAF904AB06463E
:10B340000D46009348464146D7E9002300F0A0F996
:10B350000027DDE90423901953EB050128BF0127DD
:10B3600037B1029B039A013342F10002CDE9023268
:10B37000403CDDE90223009400F0A5F907B0BDE8E8
:10B38000F0832DE9F843B0FA80F6002980460F4695
:10B39000A1EB060606F1070625DB0846F6F7C8FE10
:10B3A00006443846F41BF6F7C9FE3946221A4046D1
:10B3B0003D3200F05DF9B74213DC1F2C6ADC4FF020
:10B3C000FF33A34038EA03030CBF01240024B0FA82
:10B3D00080F33546F31A9E33FE2B27DD4FF0FF43F3
:10B3E00044E00124F3E74C422046F6F7A7FE351A65
:10B3F0002046A5EB0709F6F7A1FE21462E4609EBEC
:10B40000000240463C3200F020F9AF4232DCB9F194
:10B410001F0F3FDC4FF0FF3303FA09F338EA030351
:10B4200029D0B0FA80F30024EB1A9E33002B23EAD4
:10B43000E372D4BF012313465B1BA3F19705963B30
:10B4400020FA05F120FA03F3C90725D544B14FF0DE
:10B45000FF31A94020EA010003F0010108431BD09D
:10B460000133C3F31603D3B143EAC25300EE103ADB
:10B47000BDE8F88300230521B8FBF1F202EB820559
:10B48000A84502D101339046F6E79C428CBF0024C8
:10B4900001249CE700249AE7C3F31603E4E7013292
:10B4A000E2E72DE9F04F061889B09946154641EBC1
:10B4B000010404AB3046DDF84CB021460093A9F1FD
:10B4C000410AD2E9002300F0E3F806AB07468846BC
:10B4D000304621460093D5E9022300F0D9F8002236
:10B4E000DDE90463841951EB0306069B28BF0122A2
:10B4F000D5E90001D218079B43F10003381848EB47
:10B500000101B84271EB0801E968039138BF0120DD
:10B51000A96828BF0020CDF800A014EB010C039906
:10B5200046EB010110EB0C0041F10001A04271EB70
:10B53000060C34BF4FF0010C4FF0000CCDE9062390
:10B540001CEB020243F1000300F0BDF8129BC3E9BB
:10B550000001149B012BDDE9062329D1D5E9020165
:10B56000D5E900C5201ACDF800A066EB01016745BA
:10B5700078EB050534BF01250025401B61F1000172
:10B58000844276EB010534BF01250025521B63F18F
:10B59000000300F098F8DDE90623CBE9000120461E
:10B5A0003146CDF800A000F08EF809B0BDE8F08F6C
:10B5B00017EB070E48EB080C201946EB0601BE45B9
:10B5C0007CEB080834BF01270027C71941F10008A8
:10B5D000D5E9000186457CEB010C34BF0120002039
:10B5E000D5E90215381A68F1000C401A6CEB050118
:10B5F00092185B41A74278EB060534BF0125002570
:10B60000521943F10003874278EB010834BF01254A
:10B610000025521BA9F140050095B8E710B5A3FB22
:10B6200000430299A2FB0020001943F100033F29C7
:10B63000DBBFA1F12002C1F1400140398B40D6BFF0
:10B64000D04023FA01F0184310BD30B587B004464E
:10B650000846154602A9F6F70BFE049B2046009506
:10B660005A1C059B43F10003FFF7D8FF07B030BD1C
:10B6700030B587B015460446084602A9F6F786FDA0
:10B6800020460095DDE90423FFF7C8FF07B030BD71
:10B69000F0B50F460446A0FB0201059EA7FB02522F
:10B6A0004919A3FB0445A7FB037342F1000261188B
:10B6B00045F10004D21943F10003121943F10003CC
:10B6C000C6E90023F0BDF0B5059CC4F14007C4F104
:10B6D0002006A4F12005E04002FA06F6BB4022FA5B
:10B6E00005F5BA403343C4F120062B4301FA06F6B0
:10B6F000A4F12005304321FA05F5E1402843194320
:10B700001043F0BD2DE9F0419BB1C91A17780446EA
:10B7100003F1FF3C01448C42204601D9002008E09F
:10B7200005780134BD42F6D10CEB0405D618A542CC
:10B7300001D1BDE8F08115F8018D16F801EDF04555
:10B74000F5D0E8E72DE9F04357EC106B3B46344663
:10B75000FE0F40F2FF77C3F30A55C3F313030671DC
:10B7600054EA030C07D0BD420CD146F0080606711E
:10B770000020BDE8F083002D64D0BD425FD146F0CB
:10B780000406F4E7002D5AD10125A5F2FF35002962
:10B7900005605ADB0C295ADCC1F10D050126AD000C
:10B7A00005F1FF3EA5F1210CC5F1210706FA0CFCBD
:10B7B00026FA07F706FA0EF64CEA070CB7194CEB17
:10B7C0000C09D7F1000869EB490E013F49F1FF3937
:10B7D000274009EA0309BE427CEB090910DBC5F1E9
:10B7E0002009B5F1200724FA05F503FA09F958BF35
:10B7F00043FA07F745EA090558BF3D43ED0703D56E
:10B80000A619344643EB0C0304EA080403EA0E03CA
:10B8100000F112050D260846C2F127024FF0300E46
:10B8200004F00F01240906F1FF3C6F1E44EA037483
:10B830001B11B1B9B0420CDA66463D46F0E743F45D
:10B840008013A2E72C462B46A1E70021E0E70D215B
:10B85000DEE785F800E01CF1010166463D46DFD1D8
:10B8600087E70929C8BF8918B04201F13001B8BF84
:10B8700030462970EFE710B583780446DA0705D41F
:10B8800043F004034FF0FF30A37010BD4FF00002EF
:10B89000D4E85F3FC4E8512F0029F9D19BB213B11E
:10B8A000581EC0B2F1E7A36898470028F9DA0130C2
:10B8B000A37814BF082204221343E3E70269034676
:10B8C000107810B101321A6170476FF001007047B3
:10B8D000D1E9043293421EBF5A1C0A6118707047A6
:10B8E0008B78DA0702D44FF0FF307047431CFAD050
:10B8F000C0B2431CD1E8DF2F002A04D1C1E8DC3FED
:10B90000BCF1000FF6D1EED18B7823F008038B70D9
:10B91000704700000148006870470000F0EC00200C
:10B9200090D3FD7F01000000D5DF01000000000082
:10B9300001AB020000000000E536020008BA030077
:10B940007F9003000000000061E902000000000099
:10B9500085E9020000000000CD3A020020BA030091
:10B96000777B030038BA0300254C0200000000007A
:10B970000DBF010000000000494F02000000000060
:10B98000B5530200F0B9030061DB010000000000C4
:10B99000058D0300000000007DFF02000000000094
:10B9A0009139020050BA0300617D030068BA0300B8
:10B9B000E586030000000000D943020080BA0300BE
:10B9C0000D49020098BA0300993E030000000000F0
:10B9D00061AA0200000000002D5B020000000000D0
:10B9E0003B86030000000000E92F02000000000079
:10B9F00037EE03000000000014CB0020E6CC00204E
:10BA0000E8F70020000000009AE1030040C50300B1
:10BA10007CBD0300D8CC0020CCF500200000000045
:10BA200042E2030060C5030008BD0300DECC002035
:10BA300040F6002000000000BFE10300000000000D
:10BA4000E8BC0300DACC0020000000000000000089
:10BA500021E2030000000000F0BC0300DCCC002069
:10BA600000000000000000001DE3030078C5030093
:10BA70002CBD0300E0CC00204CF6002004CB0020BD
:10BA8000C7EC0300D4C5030044BD0300E2CC002092
:10BA90002C0101200000000051ED0300E0C503006F
:10BAA00060BD0300E4CC0020320101200000000052
:10BAB00000000000CF38030000000000CF38030072
:10BAC00000000000CF38030000000000CF38030062
:10BAD00000000000CF38030079B50200BB8E0300E0
:10BAE00000000000CF38030000000000CF38030042
:10BAF00025C30200BB8E030000000000CF38030006
:10BB000000000000CF38030000000000CF38030021
:10BB100000000000CF38030000000000CF38030011
:10BB200000000000CF38030000000000CF38030001
:10BB300000000000CF38030000000000CF380300F1
:10BB400000000000CF38030000000000CF380300E1
:10BB500000000000CF38030000000000B54C0200D8
:10BB600000000000CF38030000000000CF380300C1
:10BB700000000000CF38030000000000CF380300B1
:10BB800000000000CF38030000000000CF380300A1
:10BB900000000000CF38030000000000CF38030091
:10BBA00000000000CF38030000000000CF38030081
:10BBB00000000000CF38030000000000CF38030071
:10BBC00000000000CF38030000000000CF38030061
:10BBD00000000000CF38030000000000CF38030051
:10BBE00000000000CF38030000000000CF38030041
:10BBF00000000000CF38030000000000CF38030031
:10BC0000B9BD0200BB8E030000000000CF38030066
:10BC100000000000CF38030000000000CF38030010
:10BC200000000000CF38030000000000CF38030000
:10BC300000000000CF38030069BB0200BB8E030088
:10BC400000000000CF38030000000000CF380300E0
:10BC500000000000CF38030000000000CF380300D0
:10BC600000000000CF38030000000000CF380300C0
:10BC700000000000CF38030000000000CF380300B0
:10BC800000000000CF38030000000000CF380300A0
:10BC900000000000CF38030000000000CF38030090
:10BCA00000000000CF38030000000000CF38030080
:10BCB00000000000CF38030080E70020B0380120EA
:10BCC00000100000A99F020000000000000000001A
:10BCD000000000000E000000000000003F0F040004
:10BCE0000000000000000000637B03000000000073
:10BCF000817C0300453A0200B9390200653902002F
:10BD00004D7C030055390200513B0200BD7C03000D
:10BD1000C97C0300DD7C0300E77C0300F17C0300A9
:10BD2000CD3C0200057D030000000000D93F020069
:10BD300000000000F93D02000000000000000000CB
:10BD4000853F020089920100C94502000000000001
:10BD5000A1440200E54102000000000000000000D4
:10BD6000757E030000000000000000005949020039
:10BD70000148020000000000000000003D37020002
:10BD8000CF7A03002F7B0300000000006D7A0300D0
:10BD900000000000000000000000000001000000A2
:10BDA000215502000D5902000000000000000000B3
:10BDB000C73A03008DE2010087D4030003000000AE
:10BDC00036D50300030000003DD703000300000048
:10BDD00000CF030003000000D0EC030003000000CC
:10BDE0005AED030003000000CCDB03000300000059
:10BDF000C6EE03000300000066010400030000001B
:10BE0000F8040400030000009DFD0300030000008F
:10BE100094D8030003000000B1E103000300000018
:10BE20007814040003000000830F040003000000E6
:10BE30004614040003000000A512040003000000E3
:10BE4000D50F040003000000EE080400030000000A
:10BE5000D9DB03000300000038E203000300000008
:10BE6000DE0E040003000000FF0E040003000000CB
:10BE7000EC0E0400030000004EE20300030000008B
:10BE800026E3030003000000FBCC030003000000D6
:10BE9000BCD4030003000000ECD703000300000043
:10BEA000F1D8030003000000F5D8030003000000F0
:10BEB00068EF0300030000003CE103000400000001
:10BEC000A416040003000000E4FB030003000000CC
:10BED0003AF903000300000045F9030003000000E5
:10BEE000A2E003000300000021E1030003000000C2
:10BEF00029E103000300000008EE03000300000036
:10BF0000ADCC030003000000C317040003000000D1
:10BF1000A2FB0300030000002BDA03000300000073
:10BF200038E10300030000005CC30300D8EC0020EC
:08BF300006DA03000100000025
:10BF400008C3030000C30300F8C20300DEE61E2896
:10BF5000EAAC45B8025B0000DEE61E284CBBCE8F83
:10BF6000025B000091D402003DE002008DE302007C
:10BF7000AB900300B3900300A3900300619E030005
:10BF8000D1E30200AF900300A7900300C61704009E
:10BF900000010000000000000000000000000000A0
:10BFA0000338FDD8704700000100000000000000C9
:10BFB0000500000000000000190000000000000063
:10BFC0007D00000000000000710200000000000081
:10BFD000350C000000000000093D000000000000DA
:10BFE0002D31010000000000E1F505000000000017
:10BFF00065CD1D0000000000F90295000000000062
:10C00000DD0EE90200000000514A8D0E0000000024
:10C010009573C24800000000E941CC6B01000000AC
:10C020008D49FD1A07000000C16FF2862300000051
:10C03000C52EBCA2B1000000D9E9AC2D78030000E8
:10C040003D9160E45811000031D6E275BC56000005
:10C05000F52E6E4DAEB10100C9EA2683677808005F
:10C06000ED95C28F055A2A00A1EDCCCE1BC2D3009C
:10C0700025A4000A8BCA2204000000000000000072
:10C0800000000000000000100000000000000000A0
:10C09000B9340332B7F4AD1410DB1AB30892540E5E
:10C0A0000D307D951447BA1A66088F4D26ADC66DC2
:10C0B000F598BF85E2B74511CA96853D92BD1DEB47
:10C0C000FCA11860DCEF52163C92AE220BB8C1B452
:10C0D000839D2D5B0562DA1C304C7E8F4E8BB25BEC
:10C0E00016F4529F8B56A512FBD4827643ED8AF04C
:10C0F0008FE7F9311565191850F19BD94A13EEB441
:10C10000284CF0A686C1251F035FC270CB9E49163E
:10C11000E642889C44EB2014B0650836AD6EA585D8
:10C1200085F0CA14E2FD031A0B899979D5B13D094E
:10C13000D8DA973A35EBCF10AC363F5E73BB38CFC9
:10C140003E6752FA44AFBA1501000000000000003B
:10C150000000000000000020345065C05FC9A652F6
:10C16000BB13CBAEC440C21806C8DF7100D5A87C93
:10C17000F56F0FDA58FC27136E4756357D2420657E
:10C1800002C7E768E48CA41DE9E60268D7CD3961EF
:10C190007977FCC2405BEF16798CDE43FFA751F93B
:10C1A00091F3B278F5BDBE11E857E9D6E8BEE87B59
:10C1B000B054AC8F848D751BEA23A499E9F9D38B15
:10C1C000B7A3714061DA3E15CEE33ECB73F9480860
:10C1D0008C97B427D51B7010A2BFEFB9EB85321531
:10C1E0004DB44DB49BBB6F1996B6076CF8E7EEAD36
:10C1F00036D9B4F59135AE13222218AF4E6A684D88
:10C2000091DAAA3D4F40741E9FBD9EE006A1C098E2
:10C2100057C2A7FDA40E90170E7D497173E3208FBE
:10C22000B220D87605143B12853D7434811343B097
:10C23000AD297A5F27F4351CAAD303002F00000034
:10C2400001000000DAD303002E000000010000000E
:10C2500009D403003E0000000100000048D40300A0
:10C260003E0000000100000005000000F7D60300BA
:10C270000A00000073EF030014000000FCD6030066
:10C28000290000007CEF03003D00000001D70300FF
:10C290005200000006D70300660000000BD7030021
:10C2A0007B00000010D703008F00000015D70300AB
:10C2B000A40000001AD70300480100001FD70300A4
:10C2C0008F02000024D703001F05000029D70300B8
:10C2D0003D0A00002ED703007B14000033D7030073
:10C2E000F628000038D7030020BA03000C00000035
:10C2F00020BA03000B00000020BA03000D0000006C
:10C3000020BA03000C00000020BA03000B0000005C
:10C3100070D10020000200008B340300353403008C
:10C32000020000001F3603000000000000000000B3
:10C330000000000000000000E6D90300EED9030071
:10C34000000000000000000000000000F6D903001B
:10C35000FAD90300FED9030002DA030059C901002B
:10C360004DC901007DC9010035C901000000000070
:10C3700041C9010000000000D9C90100E0EC002023
:10C380007D010120100000000A00000000000000F4
:10C390000000000000C0000050BA030001000000CF
:10C3A00000C000000040000050BA0300020000007E
:10C3B000000001000002000050BA0300030000006A
:10C3C000000001000080070050BA030004000000D4
:10C3D000000001000080000050BA030005000000CA
:10C3E00000020100007E070050BA030006000000B2
:10C3F00000020100007E000050BA030007000000A8
:10C40000008001000000070050BA0300080000008F
:10C41000008001000000070050BA0300090000007E
:10C42000008008000080070050BA030020CA0020E6
:10C4300000000000060001000200000040C40300EC
:10C440000000000012E1030002000000E0FF0F0006
:10C4500068C500201AE1030021000000E0FF03206E
:10C46000D0CA002085DC0100000000007F390300F5
:10C47000BD3D0300B53C03009D3C0300E1E4010029
:10C48000A13C0300A53C0300A93C0300AD3C030014
:10C49000B53D0300B13C0300B93D0300D33D0300AB
:10C4A000D73D0300793D0300CF3D0300DB3D030092
:10C4B000DF3D0300FFFFFFFF000000000000000061
:10C4C00000000000000000000000000064C4030041
:10C4D000D8C4030080000000CCA2012064C4030083
:10C4E000E8C40300800000008CAC012000000000C4
:10C4F0000000000000000000000000018FD40300D5
:10C500000400000062E1030006000000952602001E
:10C51000DD26020021270200A5270200D127020004
:10C52000692802007D290200C1290200452A020073
:10C53000712A02006D3602003D3602000000000044
:10C54000C5370200B1360200A5E10300517B0300AC
:10C55000577B0300ABE103000400000000FF000074
:10C56000FFFFFFFF002584400000000000000000E6
:10C5700000100340000000000080004000000000A8
:10C580000000000000000000000040060000010163
:10C59000C13D020010000000577D0300A8C5030044
:10C5A0008E010120FF1F000000800040B4C5030081
:10C5B00002000000CCC5030002000000C4C5030057
:10C5C000020100000980000C0880000B0900000C2B
:10C5D0000800000B68BA03006200000001000000C0
:10C5E00068BA030044000000020000000080002040
:10C5F000E8040000E88400200020000068A5002076
:10C600000020000000000000000000000100000009
:10C61000095B0200254E0200B0CA00201B81030006
:10C62000ED7F0300F18003000F800300038103000E
:10C63000F957020000000000995A020033820300FB
:10C64000DD7F0300AD5902008955020021800300FF
:10C6500069540200D953020039560200000000005C
:10C660000000000000000000D1EE0300D6EE030041
:10C67000DEEE0300EAEE03009BF30300ADF30300DC
:10C68000BFF30300CCF30300DDF30300EDF303007D
:10C69000F7F303000AF403001DF4030030F4030071
:10C6A00000000000D1F40300D7F40300DDF4030020
:10C6B000E3F40300E9F40300EFF40300F5F40300EE
:10C6C000020000003C000000680100003C00000087
:10C6D0003C0000003C0000003C00000000000000A6
:10C6E000020000003C000000680100003C00000067
:10C6F0003C0000003C0000003C0000000000000086
:10C7000058020000100E0000A08C00000200000083
:10C710001E0000003C00000000941100000000001A
:10C720004FFB0300010000005AFB03000200000061
:10C7300067FB03000200000074FB0300050000001B
:10C740007EFB03000500000088FB030004000000DE
:10C75000FCF903000300000043080000BD030400CF
:10C760003FFD030042080000B0FE03003FFD030050
:10C770004008000049FD0300510A040055FD030074
:10C780005CFD030068FD030072FD030079FD0300FA
:10C7900083FD03008CFD030094FD03008807040063
:10C7A000C00504008F0704009D920200238A030045
:10C7B0000D8A0300CD920200498A030035930200DE
:10C7C00075A802005DA9020079A902009DA90200D6
:10C7D000F18A0300F9A90200C9A50200A5A602007A
:10C7E000C5A6020061A702008DA70200D9A702001A
:10C7F000030000000900000009D4020091D90200E2
:10C800000000000091A4030055E20200DDE40200F4
:10C81000D1EE0300D6EE0300DEEE0300EAEE0300E5
:10C8200000000002000000010000000400000008F9
:10C8300000000010041000000170000004700000EF
:10C84000FFFFFFFFFFFFFFFFFFFFFFFFFFFFFFFFF8
:10C85000FFFFFFFFFFFFFFFFFFFFFFFFFFFFFFFFE8
:10C8600003700000027000000570000006700000F8
:10C8700008700000097000000A700000FFFFFFFF51
:10C88000FFFFFFFFFFFFFFFFFFFFFFFFFFFFFFFFB8
:10C89000FFFFFFFFFFFFFFFFFFFFFFFFFFFFFFFFA8
:10C8A000FFFFFFFF0180000010400000106000004B
:10C8B0001130000012300000FFFFFFFFFFFFFFFFFD
:10C8C000FFFFFFFFFFFFFFFFFFFFFFFF1030000034
:10C8D000FFFFFFFFFFFFFFFFFFFFFFFFFFFFFFFF68
:10C8E000FFFFFFFFFFFFFFFFFFFFFFFFFFFFFFFF58
:10C8F000FFFFFFFFFFFFFFFFFFFFFFFFFFFFFFFF48
:10C90000FFFFFFFFFFFFFFFF06500000FFFFFFFFDD
:10C91000FFFFFFFFFFFFFFFFFFFFFFFFFFFFFFFF27
:10C92000FFFFFFFF2060000074170400821704005F
:10C9300096170400A5170400B117040028B90300D6
:10C9400028B9030068B9030070B90300D8B903001F
:10C95000F0B903000000000000000000000000002B
:10C960000000000000000040955969595555545584
:10C97000155555560405154110545540455155441B
:10C9800040455044505555450040004040044496B1
:10C99000655556554540455451411540559155559D
:10C9A0005555405105010000544554544555050462
:10C9B00000100410140440000000014055551541BA
:10C9C0005404000044000100000000404100004405
:10C9D0005044455054005555545565510040004051
:10C9E0000100000100050100115451515455550535
:10C9F00000000000000000000000000046361E009D
:10CA0000B1210000863FF40105EC01001D24010066
:10CA100018230100272401002223010000E0010067
:10CA200000E001002F3690011624010013230100BD
:10CA3000AC210000B8E40100153620033936102778
:10CA40003236B0049D21881396213200E036010071
:10CA5000F6361E0045240100402301004E2401004B
:10CA60004B230100400694116C20020002000200DA
:10CA70000400020008000200020002001000200072
:10CA800040008000000100020004000001000200DC
:10CA90000400060008000A000C000E001000200030
:10CAA0004000800000010001000177C295F360D2D0
:10CAB000EF7F3552500F2CB67980EAFF7AFFF4FFF2
:10CAC0006C74655F6C635F66756E635F6D6F6465E4
:10CAD0005F7365742C206572726F723A2025640052
:10CAE0006C74655F6E65745F69665F646973636FBC
:10CAF0006E6E6563742C206572726F723A202564C5
:10CB000000556E65787065637465642050444E20EE
:10CB10006576656E743A202564006C74655F6C639D
:10CB20005F6D6F64656D5F6576656E74735F656E6E
:10CB300061626C652C206572726F723A2025640008
:10CB40004D5455207175657279206661696C656414
:10CB50002C206572726F723A2025642C204D54553A
:10CB60003A2025640070646E5F64656661756C745C
:10CB70005F6374785F63625F7265672C20657272B1
:10CB80006F723A20256400697076365F6164647262
:10CB90005F72656D6F76652C206572726F723A20D8
:10CBA000256400697076345F616464725F72656DDC
:10CBB0006F76652C206572726F723A202564004E84
:10CBC0006F20495076342061646472657373206706
:10CBD0006976656E20627920746865206E65747769
:10CBE0006F726B00697076345F616464725F616458
:10CBF000642C206572726F723A2025640069707629
:10CC0000365F616464725F6164642C206572726F68
:10CC1000723A20256400546865206D6F64656D204C
:10CC20007265706F727473206120554943432066AA
:10CC300061696C7572652E2049732053494D2069D6
:10CC40006E7374616C6C65643F00546865206D6F31
:10CC500064656D20686173206465746563746564E0
:10CC60002061207265736574206C6F6F702E204C8C
:10CC70005445206E6574776F726B206174746163C4
:10CC800068206973206E6F772072657374726963B0
:10CC900074656420666F7220746865206E657874B0
:10CCA000203330206D696E757465732E006E726668
:10CCB0005F6D6F64656D5F6C69625F6E65746966F8
:10CCC000002B434750414444523A20252A642C22E9
:10CCD0002534365B2E3A302D39412D465D222C22EB
:10CCE0002534365B3A302D39412D465D22004154C2
:10CCF0002B434750414444523D300069705F6164AA
:10CD000064725F68656C706572005343443431200F
:10CD100072656164792E0A005343443431206E6F8A
:10CD20007420726561647921005348543430207254
:10CD3000656164792E0A005348543430206E6F7454
:10CD40002072656164792100546865204157532041
:10CD5000496F54204D51545420737461727465644A
:10CD60002C2076657273696F6E3A2025730A0D0068
:10CD700076312E302E3000444556494345205354D9
:10CD8000415445203A2044455649434520494E499F
:10CD9000540A0D004C5445204E6574206D676D7427
:10CDA000204661696C65642C206572726F723A204E
:10CDB000256400466174616C206572726F72212077
:10CDC0005265626F6F74696E672074686520646570
:10CDD000766963652E006177735F696F745F636C5A
:10CDE00069656E745F696E69742C206572726F720A
:10CDF0003A20256400444556494345205354415444
:10CE000045203A204C544520434F4E4E4543540A4A
:10CE10000D00444556494345205354415445203A5A
:10CE2000204157532053454E4420444154410A0D5C
:10CE3000007B2274656D7065726174757265223A4B
:10CE400020252E32662C2268756D696469747922FA
:10CE50003A20252E32662C22636F32223A20252E6C
:10CE600032667D006177732F7468696E67732F3344
:10CE700035393734363136373132313836372F7429
:10CE8000656C656D657472792F7075626C69736815
:10CE9000004661696C656420746F207075626C690E
:10CEA00073682073656E736F7220646174613A20D9
:10CEB0002564004445564943452053544154452078
:10CEC0003A20534C454550204544525820526571F4
:10CED000756573742054494D45205B25645D0A0DCA
:10CEE0000054696D652070617373656420616674B8
:10CEF000657220736C65657020256C6C640A0D008A
:10CF00004D41494E00436F6E6E656374696E6720D4
:10CF1000746F2041575320496F5400436F6E6E6504
:10CF20006374696F6E20617474656D7074207469C8
:10CF30006D6564206F75742C204E65787420636F66
:10CF40006E6E656374696F6E2072657472792069A4
:10CF50006E202564207365636F6E64730061777360
:10CF60005F696F745F636F6E6E6563742C206572AA
:10CF7000726F723A202564006A736F6E5F70617918
:10CF80006C6F61645F636F6E7374727563742C2071
:10CF90006572726F723A202564005075626C697315
:10CFA00068696E67206D6573736167653A00444117
:10CFB0005441203A20257300536861646F772054F0
:10CFC0006F706963203A202564006177735F696F31
:10CFD000745F73656E642C206572726F723A2025DF
:10CFE00064004661696C656420746F206765742015
:10CFF00044657669636520494420494D45490A0DD9
:10D000000044657669636520494420494D45492EB1
:10D01000205B5448494E47204E414D455D203A2003
:10D020002573004661696C656420746F20706172BD
:10D030007365204A534F4E007374617465004E6FE0
:10D040002027737461746527206F626A656374209A
:10D05000696E2064656C746100736C6565705F74E3
:10D06000696D650073656E736F725F656E61626C8A
:10D0700065005570646174696E6720736C656570D6
:10D080005F74696D6520746F20256400557064615C
:10D0900074696E672073656E736F725F656E61622F
:10D0A0006C6520746F202564004157535F494F54CD
:10D0B0005F4556545F434F4E4E454354494E470AD1
:10D0C0000D004157535F494F545F4556545F434FDE
:10D0D0004E4E45435445440A0D00506572736973C2
:10D0E00074656E742073657373696F6E2069732045
:10D0F000656E61626C65642C207573696E67207360
:10D100007562736372697074696F6E732066726F93
:10D110006D207468652070726576696F7573207311
:10D12000657373696F6E004157535F494F545F4594
:10D1300056545F444953434F4E4E45435445440A69
:10D140000D004157535F494F545F4556545F44416A
:10D1500054415F52454345495645443A0044415481
:10D1600041203A2022252E2A732200544F50494351
:10D17000203A2022252E2A732200246177732F74EF
:10D1800068696E67732F25732F736861646F772FDB
:10D190007570646174652F64656C746100415753E8
:10D1A0005F494F545F4556545F50554241434B2CA5
:10D1B000206D6573736167652049443A2025640AD0
:10D1C0000D004157535F494F545F4556545F5049D6
:10D1D0004E47524553500A0D004157535F494F5433
:10D1E0005F4556545F464F54415F53544152540A71
:10D1F0000D004157535F494F545F4556545F464FAA
:10D2000054415F45524153455F50454E44494E4756
:10D210000A0D004157535F464F54415F4556545FD6
:10D2200045524153455F444F4E450A0D0041575307
:10D230005F494F545F4556545F464F54415F444FDA
:10D240004E450A0D004170706C69636174696F6EC0
:10D2500020464F544120646F6E652C207265626FCA
:10D260006F74696E6700556E657870656374656488
:10D2700020464F544120696D61676520747970655F
:10D28000004157535F494F545F4556545F464F54D2
:10D29000415F444C5F50524F47524553532C202816
:10D2A0002564252529004157535F494F545F455652
:10D2B000545F4552524F522C2025640A0D004157AD
:10D2C000535F494F545F4556545F464F54415F4545
:10D2D00052524F520A0D00556E6B6E6F776E2041A1
:10D2E000575320496F54206576656E7420747970A9
:10D2F000653A2025640A0D00546F706963206F72CF
:10D30000207061796C6F6164206973204E554C4CBC
:10D31000006177735F696F745F73656E6420666127
:10D32000696C65643A202564005075626C697368A5
:10D33000696E672044415441203A00544F5049439C
:10D34000205B202573205D0025730A004157532080
:10D35000496F54206C69627261727920636F756CD9
:10D3600064206E6F7420626520696E697469616CF7
:10D37000697A65642C206572726F723A20256400A8
:10D380006177735F696F745F6170706C69636174FA
:10D39000696F6E5F746F706963735F7365742C205F
:10D3A0006572726F723A202564006177732F74681A
:10D3B000696E67732F33353937343631363731324A
:10D3C000313836372F73656E736F72446174612F15
:10D3D000737562736372696265006177732F746835
:10D3E000696E67732F33353937343631363731321A
:10D3F000313836372F74656C656D657472792F73AB
:10D40000756273637269626500246177732F746853
:10D41000696E67732F3335393734363136373132E9
:10D42000313836372F736861646F772F6E616D65A1
:10D430002F73656E736F722F7570646174652F61E1
:10D440006363657074656400246177732F74686921
:10D450006E67732F333539373436313637313231E1
:10D460003836372F736861646F772F6E616D652F63
:10D4700073656E736F722F7570646174652F72655A
:10D480006A6563746564004157535F494F545F4D4B
:10D49000515454007265706F72746564006A736FE2
:10D4A0006E5F6F626A5F656E636F64655F6275660B
:10D4B0002C206572726F723A202564006A736F6E59
:10D4C0005F7061796C6F6164004D4F44454D5F4BF7
:10D4D00045595F4D474D545F435245445F54595041
:10D4E000455F43415F434841494E004D4F44454DE0
:10D4F0005F4B45595F4D474D545F435245445F5420
:10D500005950455F5055424C49435F434552540082
:10D510004D4F44454D5F4B45595F4D474D545F431B
:10D520005245445F545950455F5052495641544505
:10D530005F43455254004345525453004E45545F97
:10D540004556454E545F434F4E4E5F49465F4641F8
:10D5500054414C5F4552524F52004E6574776F7282
:10D560006B20636F6E6E656374697669747920658C
:10D57000737461626C6973686564004E6574776F7B
:10D58000726B20636F6E6E6563746976697479205F
:10D590006C6F7374006544525820706172616D65E0
:10D5A000746572207570646174653A2065445258E0
:10D5B0003A2025662C205054573A202566004C54BA
:10D5C0004520697320736561726368696E672066C0
:10D5D0006F72206E6574776F726B004C54452072C9
:10D5E00065676973746572656420746F206E657415
:10D5F000776F726B004C5445206E6F7420726567B4
:10D6000069737465726564202F2064656E69656452
:10D61000006C74655F6C635F656472785F706172E3
:10D62000616D5F7365742C206572726F723A20258C
:10D6300064006C74655F6C635F656472785F7265CB
:10D64000712C206572726F723A20256400526571E8
:10D65000756573746564206544525820696E7465FD
:10D660007276616C3A202564207320286D61707099
:10D67000656420746F20257329004272696E6769A2
:10D680006E67206E6574776F726B20696E74657259
:10D690006661636520757020616E6420636F6E6ED5
:10D6A000656374696E6720746F20746865206E65A9
:10D6B00074776F726B00636F6E6E5F6D67725F6120
:10D6C0006C6C5F69665F75702C206572726F723A60
:10D6D00020256400636F6E6E5F6D67725F616C6CB6
:10D6E0005F69665F636F6E6E6563742C206572722E
:10D6F0006F723A20256400303030300030303130E5
:10D7000000303130300030313031003031313000D4
:10D710003031313100313030300031303031003192
:10D720003031300031303131003131303000313181
:10D73000303100313131300031313131004C54451C
:10D740005F4D414E41474552005348543478206460
:10D750006576696365206E6F742072656164790017
:10D76000534344343120646576696365206E6F7479
:10D7700020726561647900534344343120666574D6
:10D780006368206572726F723A2025640A00534301
:10D7900044343120434FE282822072656164206507
:10D7A00072726F723A2025640A00434FE282823A15
:10D7B00020252E32662070706D0A004C45442025CD
:10D7C0006420706F7274206E6F742072656164796A
:10D7D000004661696C656420746F20636F6E6669D2
:10D7E00067757265204C4544202564006C65647340
:10D7F0000028756E7369676E6564292063686172BD
:10D80000202A207573656420666F7220252570209C
:10D81000617267756D656E742E204974277320726E
:10D8200065636F6D6D656E64656420746F20636100
:10D83000737420697420746F20766F6964202A20C5
:10D8400062656361757365206974206D6179206319
:10D8500061757365206D69736265686176696F7261
:10D8600020696E206365727461696E20636F6E66F5
:10D87000696775726174696F6E732E205374726973
:10D880006E673A2225732220617267756D656E742A
:10D890003A25640063627072696E74665F706163DA
:10D8A0006B616765004661696C656420746F207206
:10D8B00065626F6F743A207370696E6E696E67206F
:10D8C000656E646C6573736C792E2E2E0A007B0076
:10D8D0002C00747275650066616C736500256C6C54
:10D8E0006400256C6C75005B006C6F6767696E6720
:10D8F000006C6F67006C6F675F6D676D74004D65DE
:10D900007373616765202822257322292064726F52
:10D910007070656420626563617573652069742049
:10D92000657863656564732073697A65206C696DD9
:10D9300069746174696F6E2028257529004D6573BF
:10D94000736167652064726F7070656420626563DF
:10D9500061757365206974206578636565647320FB
:10D9600073697A65206C696D69746174696F6E2082
:10D9700028257529001B5B306D00257320005B2571
:10D9800030386C755D20005B253032753A253032B9
:10D99000753A253032752E253033752C2530337588
:10D9A0005D200025732F003C25733E200025733A2F
:10D9B0002000253032782000202020007C00206DBF
:10D9C000657373616765732064726F70706564203E
:10D9D0002D2D2D0D0A1B5B306D001B5B313B333150
:10D9E0006D2D2D2D20001B5B313B33316D001B5BFA
:10D9F000313B33336D006572720077726E00696E71
:10DA00006600646267006C6F675F6261636B656E7E
:10DA1000645F727474006163746976650073757312
:10DA200070656E646564006F666600706D5F646546
:10DA300076696365004275666665722073697A650A
:10DA400020697320626967676572207468616E205F
:10DA500070616765004F6666736574206F7574202A
:10DA60006F662064657369676E61746564207261B6
:10DA70006E6765004572726F722025642077686951
:10DA80006C652067657474696E67207061676520D6
:10DA9000696E666F004572726F7220256420776828
:10DAA000696C652065726173696E67207061676576
:10DAB0000073747265616D5F666C6173685F657237
:10DAC0006173655F706167652065727220256420EF
:10DAD0006F66667365743D30782530387A780066F5
:10DAE0006C6173685F7772697465206572726F72BA
:10DAF000202564206F66667365743D307825303864
:10DB00007A7800666C617368207265616420666172
:10DB1000696C65643A2025640063616C6C626163C2
:10DB20006B206661696C65643A2025640042756605
:10DB30006665722073697A65206973206E6F742040
:10DB4000616C69676E656420746F206D696E696DC4
:10DB5000616C2077726974652D626C6F636B2D73D5
:10DB6000697A6500496E636F7272656374207061D3
:10DB700072616D657465720053697A6520697320FE
:10DB8000696E636F7272656374004465766963657C
:10DB9000207365656D7320746F2068617665203031
:10DBA0002073697A650052657175657374656420C8
:10DBB00072616E6765206F766572666C6F77732031
:10DBC0006465766963652073697A650053545245CC
:10DBD000414D5F464C41534800666C617368002AB2
:10DBE0002A2A20426F6F74696E67206E5246204366
:10DBF0006F6E6E6563742053444B2076332E302E47
:10DC0000322D383962613132393461633962202A08
:10DC10002A2A0A002A2A2A205573696E67205A6523
:10DC200070687972204F532076342E302E39392D7A
:10DC3000663739316334396634393263202A2A2A07
:10DC40000A0072302F61313A202030782530387840
:10DC5000202072312F61323A2020307825303878F8
:10DC6000202072322F61333A2020307825303878E6
:10DC70000072332F61343A202030782530387820F4
:10DC80007231322F69703A20203078253038782070
:10DC90007231342F6C723A20203078253038780079
:10DCA00020787073723A20203078253038780073ED
:10DCB0005B2532645D3A202030782530387820208A
:10DCC000735B2532645D3A20203078253038782027
:10DCD00020735B2532645D3A202030782530387817
:10DCE0002020735B2532645D3A202030782530385F
:10DCF000780066707363723A202030782530387867
:10DD0000004661756C74696E6720696E7374727514
:10DD10006374696F6E206164647265737320287226
:10DD200031352F7063293A20307825303878005506
:10DD30006E68616E646C6564204952516E3A2025AC
:10DD400064002A2A2A2A2A204D5055204641554C43
:10DD500054202A2A2A2A2A002020537461636B69DE
:10DD60006E67206572726F722028636F6E746578BB
:10DD7000742061726561206D696768742062652036
:10DD80006E6F742076616C696429002020556E7373
:10DD90007461636B696E67206572726F7200202018
:10DDA00044617461204163636573732056696F6CCD
:10DDB0006174696F6E0020204D4D464152204164D0
:10DDC00064726573733A2030782578002020496E9C
:10DDD000737472756374696F6E20416363657373E6
:10DDE0002056696F6C6174696F6E002020466C6FFD
:10DDF0006174696E672D706F696E74206C617A79D9
:10DE000020737461746520707265736572766174D5
:10DE1000696F6E206572726F72002A2A2A2A2A2080
:10DE20005553414745204641554C54202A2A2A2A19
:10DE30002A0020204469766973696F6E2062792018
:10DE40007A65726F002020556E616C69676E65643B
:10DE5000206D656D6F727920616363657373002057
:10DE600020537461636B206F766572666C6F7720E8
:10DE700028636F6E746578742061726561206E6FBF
:10DE8000742076616C6964290020204E6F20636FD6
:10DE900070726F636573736F7220696E73747275DD
:10DEA0006374696F6E73002020496C6C6567616CE8
:10DEB000206C6F6164206F66204558435F52455463
:10DEC00055524E20696E746F205043002020496CDB
:10DED0006C6567616C20757365206F66207468657A
:10DEE0002045505352002020417474656D70742099
:10DEF000746F206578656375746520756E646566FA
:10DF0000696E656420696E737472756374696F6E8F
:10DF1000002A2A2A2A2A20425553204641554C5489
:10DF2000202A2A2A2A2A002020537461636B696EF2
:10DF300067206572726F720020205072656369738A
:10DF400065206461746120627573206572726F72FE
:10DF50000020204246415220416464726573733A46
:10DF60002030782578002020496D707265636973D0
:10DF700065206461746120627573206572726F72CE
:10DF8000002020496E737472756374696F6E20622D
:10DF90007573206572726F72005265736572766573
:10DFA0006420457863657074696F6E202800537033
:10DFB0007572696F757320696E74657272757074AD
:10DFC00020284952512000457863657074696F6E4E
:10DFD000206F6363757272656420696E2053656398
:10DFE000757265205374617465002A2A2A2A2A20D2
:10DFF00048415244204641554C54202A2A2A2A2A74
:10E00000002020427573206661756C74206F6E204D
:10E01000766563746F72207461626C6520726561ED
:10E02000640020204465627567206576656E740023
:10E0300020204661756C7420657363616C6174693E
:10E040006F6E20287365652062656C6F77290041CB
:10E050005243485F455843455054207769746820BF
:10E06000726561736F6E2025780A002A2A2A2A2A8F
:10E07000204465627567206D6F6E69746F722065EC
:10E080007863657074696F6E202A2A2A2A2A002A0A
:10E090002A2A2A2A20257320256429202A2A2A2A86
:10E0A0002A006D7075004661696C656420746F208C
:10E0B000616C6C6F63617465206E6577204D50559F
:10E0C00020726567696F6E2025750A005061727451
:10E0D0006974696F6E2025753A2073616E69747971
:10E0E00020636865636B206661696C65642E004916
:10E0F0006E76616C696420756E6465726C79696EA8
:10E100006720726567696F6E20696E646578202587
:10E110007500464C4153485F30005352414D5F30CB
:10E12000006E65745F627566006E65745F62756629
:10E130005F73696D706C6500736F63006D6375620A
:10E140006F6F745F64667500776C616E2564006E36
:10E1500065742564006E65745F6D676D7400E00022
:10E16000C0004D51497364700000120000F6FFFFBB
:10E170007FFFFFFFFFFFFFFF7F00000000000000A8
:10E18000000000000000000000636F6E6E5F6D67AE
:10E19000725F6D6F6E69746F7200636C6F636B405A
:10E1A00035303030006866636C6B006C66636C6B96
:10E1B00000636C6F636B5F636F6E74726F6C007083
:10E1C00073612D726E6700696E76616C696420619F
:10E1D0006464726573733A2030782530386C783A0D
:10E1E000257A7500756E616C69676E65642061647F
:10E1F00064726573733A2030782530386C783A252C
:10E200007A75006E6F7420776F72642D616C696728
:10E210006E65643A2030782530386C783A257A7506
:10E2200000666C6173682D636F6E74726F6C6C65E1
:10E230007240333930303000666C6173685F6E72E3
:10E2400066006770696F40383432353030006932AB
:10E2500063004E65656420746F2075736520746873
:10E260006520696E7465726E616C20647269766592
:10E2700072206275666665722062757420697473B7
:10E280002073697A6520697320696E7375666669A3
:10E290006369656E7420282575202B202575203E26
:10E2A000202575292E2041646A7573742074686571
:10E2B000207A65706879722C636F6E6361742D6269
:10E2C00075662D73697A65206F72207A657068793A
:10E2D000722C666C6173682D6275662D6D61782D88
:10E2E00073697A652070726F706572747920287412
:10E2F0006865206F6E652077697468206772656154
:10E300007465722076616C75652920696E20746869
:10E31000652022257322206E6F64652E00693263AA
:10E320004038303030006932635F6E7266785F74F7
:10E3300077696D00756E737570706F7274656420A7
:10E34000737065656400547279696E6720746F201C
:10E350007472616E73666572206D6F726520746889
:10E36000616E20746865206D6178696D756D2073CC
:10E37000697A6520666F72207468697320646576B7
:10E380006963653A202564203E2025640046616962
:10E390006C656420746F20696E697469616C697A58
:10E3A00065206465766963653A2025730000010283
:10E3B0000304050607496E76616C69642043524385
:10E3C0002E004661696C656420746F20726561641B
:10E3D0002069326320646174612E004661696C6556
:10E3E0006420746F207772697465206932632064D9
:10E3F0006174612E004661696C656420746F2077DA
:10E40000726974652073746172745F706572696F8C
:10E410006469635F6D6561737572656D656E7420A7
:10E42000636F6D6D616E642E004661696C6564207A
:10E43000746F2077726974652073746172745F6C95
:10E440006F775F706F7765725F706572696F64690F
:10E45000635F6D6561737572656D656E7420636F62
:10E460006D6D616E642E004661696C656420746F29
:10E4700020777269746520706F7765725F646F775B
:10E480006E20636F6D6D616E642E00446576696306
:10E4900065206E6F742072656164792E0046616933
:10E4A0006C656420746F20707574207468652064D6
:10E4B000657669636520696E2069646C65206D6F9F
:10E4C00064652E004661696C656420746F20726516
:10E4D00073657420746865206465766963652E00D1
:10E4E0004661696C656420746F2073657475702073
:10E4F0006D6561737572656D656E742E0046616938
:10E500006C65642077726974652077616B655F75EF
:10E510007020636F6D6D616E642E004661696C657D
:10E520006420746F2077726974652073746F705FF4
:10E53000706572696F6469635F6D6561737572653B
:10E540006D656E7420636F6D6D616E642E00466143
:10E55000696C656420746F207365742069646C65F0
:10E56000206D6F64652E004661696C656420746F70
:10E57000207772697465207365745F74656D70656A
:10E580007261747572655F6F66667365742072651B
:10E590006769737465722E004661696C65642074E6
:10E5A0006F207365742074656D7065726174757227
:10E5B00065206F66667365742E004661696C6564DC
:10E5C00020746F207772697465207365745F73655A
:10E5D0006E736F725F616C746974756465207265C7
:10E5E0006769737465722E004661696C6564207496
:10E5F0006F207365742073656E736F7220616C7425
:10E6000069747564652E004661696C656420746F79
:10E61000207772697465207365745F616D626965E6
:10E620006E745F7072657373757265207265676969
:10E63000737465722E004661696C656420746F2086
:10E6400073657420616D6269656E742070726573A4
:10E65000737572652E004661696C656420746F2065
:10E660007772697465207365745F6175746F6D612D
:10E670007469635F63616C6962726174696F6E5F14
:10E68000656E61626C652072656769737465722E70
:10E69000004661696C656420746F20736574206145
:10E6A00075746F6D617469632063616C6962206564
:10E6B0006E61626C652E0053454C465F43414C4988
:10E6C000425F494E495449414C5F504552494F447D
:10E6D000206E6F7420617661696C61626C65206682
:10E6E0006F722053434434302E004661696C656478
:10E6F00020746F207772697465207365745F61752B
:10E70000746F6D617469635F73656C665F63616C80
:10E710006962726174696F6E5F696E697469616C58
:10E720005F706572696F6420726567697374657282
:10E730002E004661696C656420746F2073657420D7
:10E7400073656C662063616C696220696E697469C7
:10E75000616C20706572696F642E0053454C465F92
:10E7600043414C49425F5354414E444152445F50EF
:10E770004552494F44206E6F7420617661696C6127
:10E78000626C6520666F722053434434302E00461D
:10E7900061696C656420746F207772697465207399
:10E7A00065745F6175746F6D617469635F73656CC7
:10E7B000665F63616C6962726174696F6E5F7374C6
:10E7C000616E646172645F706572696F6420726506
:10E7D0006769737465722E004661696C65642074A4
:10E7E0006F207365742073656C662063616C696269
:10E7F000207374616E6461726420706572696F6405
:10E800002E004661696C656420746F2077726974AC
:10E8100065206D6561737572655F73696E676C65A0
:10E820005F73686F745F7268745F6F6E6C7920637A
:10E830006F6D6D616E642E004661696C6564207455
:10E840006F207772697465206D6561737572655F9D
:10E8500073696E676C655F73686F7420636F6D6D4D
:10E86000616E642E004661696C656420746F207768
:10E8700072697465206765745F646174615F726555
:10E880006164795F73746174757320636F6D6D611A
:10E890006E642E004661696C656420746F20726539
:10E8A0006164206765745F646174615F726561644F
:10E8B000795F7374617475732072656769737465C9
:10E8C000722E004661696C656420746F2063686510
:10E8D000636B20646174612072656164792E004607
:10E8E00061696C656420746F207772697465207249
:10E8F0006561645F6D6561737572656D656E7420C9
:10E90000636F6D6D616E642E004661696C65642095
:10E91000746F207265616420726561645F6D65610A
:10E92000737572656D656E74207265676973746561
:10E93000722E004661696C656420746F206765748F
:10E940002073616D706C6520646174612E00466196
:10E95000696C656420746F207772697465206765DF
:10E96000745F74656D70657261747572655F6F66F2
:10E970006673657420636F6D6D616E642E00466111
:10E98000696C656420746F207265616420676574CA
:10E990005F74656D70657261747572655F6F6666D0
:10E9A0007365742072656769737465722E004661C1
:10E9B000696C656420746F206765742074656D7080
:10E9C00065726174757265206F66667365742E007A
:10E9D0004661696C656420746F2077726974652084
:10E9E0006765745F73656E736F725F616C74697471
:10E9F00075646520636F6D6D616E642E004661699C
:10EA00006C656420746F2072656164206765745F53
:10EA100073656E736F725F616C7469747564652081
:10EA200072656769737465722E004661696C65640E
:10EA300020746F206765742073656E736F72206138
:10EA40006C7469747564652E004661696C65642038
:10EA5000746F207772697465206765745F616D6299
:10EA600069656E745F707265737375726520636F2C
:10EA70006D6D616E642E004661696C656420746F13
:10EA80002072656164206765745F616D6269656E9F
:10EA9000745F7072657373757265207265676973F0
:10EAA0007465722E004661696C656420746F20671E
:10EAB000657420616D6269656E7420707265737330
:10EAC0007572652E004661696C656420746F2077ED
:10EAD00072697465206765745F6175746F6D6174C8
:10EAE00069635F63616C6962726174696F6E5F65AF
:10EAF0006E61626C6520636F6D6D616E642E0046A1
:10EB000061696C656420746F20726561642067655B
:10EB1000745F6175746F6D617469635F63616C6963
:10EB200062726174696F6E5F656E61626C656420AC
:10EB300072656769737465722E004661696C6564FD
:10EB400020746F20676574206175746F6D617469DE
:10EB5000632063616C69622E004661696C656420A4
:10EB6000746F207772697465206765745F6175746E
:10EB70006F6D6174695F63616C6962726174696F02
:10EB80006E5F696E697469616C5F706572696F64EC
:10EB900020636F6D6D616E642E004661696C656403
:10EBA00020746F2072656164206765745F6175749D
:10EBB0006F6D617469635F63616C696272617469CE
:10EBC0006F6E5F696E697469616C5F706572696FA1
:10EBD000642072656769737465722E004661696CA2
:10EBE000656420746F207365742067657420736595
:10EBF0006C662063616C696220696E697469616C1E
:10EC000020706572696F642E004661696C656420CE
:10EC1000746F207772697465206765745F617574BD
:10EC20006F6D617469635F73656C665F63616C6966
:10EC300062726174696F6E5F7374616E6461726435
:10EC40005F706572696F6420636F6D6D616E642EB5
:10EC5000004661696C656420746F20726561642090
:10EC60006765745F6175746F6D617469635F736507
:10EC70006C665F63616C6962726174696F6E5F7309
:10EC800074616E646172645F706572696F64207232
:10EC9000656769737465722E004661696C656420EE
:10ECA000746F20736574206765742073656C6620CB
:10ECB00063616C6962207374616E64617264207058
:10ECC0006572696F642E0073636434784036320075
:10ECD0005343443458004661696C656420746F2066
:10ECE0007265616420646174612066726F6D206476
:10ECF00065766963652E00496E76616C69642043B0
:10ED0000524320666F7220542E00496E76616C6902
:10ED1000642043524320666F722052482E004661A1
:10ED2000696C656420746F207374617274206D6502
:10ED300061737572656D656E742E004661696C65F0
:10ED40006420746F20666574636820646174612E4A
:10ED50000073687434784034340053485434580095
:10ED6000E0F6FD4D6F64656D206C696272617279C9
:10ED700020696E697469616C697A6174696F6E206B
:10ED80006661696C65642C20657272202564002BB5
:10ED90004346554E3A202568750041542B4346554D
:10EDA0004E3F004170706C69636174696F6E2073CF
:10EDB000686F756C6420736574206D696E696D6130
:10EDC0006C2066756E6374696F6E616C206D6F6424
:10EDD0006520284346554E3D3029206265666F7296
:10EDE00065207368757474696E6720646F776E2030
:10EDF0006D6F64656D206C69627261727900415457
:10EE00002B4346554E3D30006E72665F6D6F6465F4
:10EE10006D004D6F64656D206C696272617279205E
:10EE2000646964206E6F7420696E697469616C69CD
:10EE30007A653A202564006E726639785F736F6375
:10EE40006B6574004D6F64656D206861732063723B
:10EE500061736865642C20726561736F6E20307811
:10EE600025782C2050433A20307825780046616977
:10EE70006C656420746F20686F6F6B207468652008
:10EE800064697370617463682066756E6374696F1A
:10EE90006E2C20657272202564004E6F20686561BB
:10EEA0007020737061636520666F7220696E636F96
:10EEB0006D696E67206E6F74696669636174696FEE
:10EEC0006E3A2025730061745F6D6F6E69746F72A6
:10EED000004F4B0D0A004552524F520D0A002B4372
:10EEE0004D45204552524F523A002B434D53204539
:10EEF00052524F523A004E554C4C206173206120C3
:10EF000068616E646C6572207265636569766564BC
:10EF10003A204E6F7468696E6720746F20626520B6
:10EF2000646F6E652E0A5468652068616E646C6556
:10EF3000722063616E206265206465726567697323
:10EF40007465726564207573696E67206C74655FA3
:10EF50006C635F646572656769737465725F68612D
:10EF60006E646C65722829006C74655F6C63003098
:10EF700030313030303031003030303030303131BD
:10EF8000004661696C656420746F2073657420505D
:10EF9000534D20706172616D732C20657272202553
:10EFA00064004661696C656420746F20636F6E66EF
:10EFB00069677572652050534D2C2065727220254B
:10EFC000640041542525464541434F4E463D302C73
:10EFD000332C2564004661696C656420746F20637E
:10EFE0006F6E66696775726520654452582C20659E
:10EFF0007272202564004D6F64656D206C696272C9
:10F0000061727920696E6974206572726F723A203C
:10F0100025642C206C74655F6C63206E6F742069AE
:10F020006E697469616C697A6564004661696C65D2
:10F030006420746F207365742073797374656D2018
:10F040006D6F646520616E64206D6F646520707201
:10F0500065666572656E63652C2065727220256435
:10F0600000776F726B5F7100436F756C64206E6F19
:10F07000742067657420726567697374726174695E
:10F080006F6E207374617475732C206572726F7269
:10F090003A20256400436F756C64206E6F7420679E
:10F0A000657420434552454720706172616D20634D
:10F0B0006F756E742C20706F74656E7469616C6C02
:10F0C00079206D616C666F726D6564206E6F746916
:10F0D0006669636174696F6E2C206572726F723A33
:10F0E00020256400526567697374726174696F6E7C
:10F0F0002072656A65637465642C20454D4D2063FC
:10F10000617573653A2025642C2043656C6C204939
:10F11000443A2025642C20547261636B696E672029
:10F12000617265613A2025642C204C5445206D6F36
:10F1300064653A202564004661696C656420746FDB
:10F140002070617273652050534D20636F6E666945
:10F150006775726174696F6E2C206572726F723A96
:10F16000202564004661696C656420746F207061BD
:10F17000727365206E6F74696669636174696F6E1E
:10F1800020286572726F72202564293A2025730049
:10F19000556E6B6E6F776E206E6574776F726B2035
:10F1A000726567697374726174696F6E20737461DC
:10F1B0007475733A20256400556E6B6E6F776E2000
:10F1C0004C5445206D6F64653A2025640041542BF2
:10F1D00043455245473D35004661696C656420747E
:10F1E0006F2073756273637269626520746F204368
:10F1F00045524547206E6F74696669636174696F33
:10F200006E732C206572726F723A202564002B4356
:10F2100045524547004661696C656420746F2065FE
:10F220006E61626C65206E6F746966696361746992
:10F230006F6E732C206572726F723A2025640049DC
:10F240006E76616C69642066756E6374696F6E6159
:10F250006C206D6F64653A2025640041542B434651
:10F26000554E3D2564004661696C656420746F20CD
:10F270007365742066756E6374696F6E616C206D62
:10F280006F64652E20506C656173652063686563EB
:10F290006B205853595354454D4D4F44452E004310
:10F2A0006F756C64206E6F74206765742073696776
:10F2B0006E616C6C696E67206D6F64652C20657281
:10F2C000726F723A20256400496E76616C69642021
:10F2D0007369676E616C6C696E67206D6F64653A07
:10F2E0002025640043616E2774207061727365206D
:10F2F0007369676E616C6C696E67206D6F64652CF5
:10F30000206572726F723A202564004661696C65EF
:10F310006420746F20656E61626C652052524320D8
:10F320006E6F74696669636174696F6E7320282BF0
:10F330004353434F4E292C206572726F722025640F
:10F34000002B4353434F4E0041542B4353434F4EE6
:10F350003D310043616E2774207061727365206DCA
:10F360006F64656D206576656E74206E6F74696676
:10F3700069636174696F6E2C206572726F723A20D6
:10F38000256400415425254D444D45563D320041EC
:10F390005425254D444D45563D310053454152437A
:10F3A000482053544154555320310D0A00534541D0
:10F3B0005243482053544154555320320D0A0052B1
:10F3C00045534554204C4F4F500D0A004D452042A7
:10F3D000415454455259204C4F570D0A004D452079
:10F3E0004F5645524845415445440D0A004E4F2062
:10F3F000494D45490D0A0050524143482043452D8F
:10F400004C4556454C20300D0A005052414348208F
:10F4100043452D4C4556454C20310D0A0050524174
:10F4200043482043452D4C4556454C20320D0A009B
:10F4300050524143482043452D4C4556454C2033BE
:10F440000D0A00254D444D455600496E76616C69A4
:10F45000642073797374656D206D6F6465207265C7
:10F46000717565737465643A20256400496E766130
:10F470006C6964204C544520707265666572656ED7
:10F480006365207265717565737465643A202564DF
:10F4900000415425255853595354454D4D4F44452B
:10F4A0003D25732C256300436F756C64206E6F746B
:10F4B0002073656E6420415420636F6D6D616E64CE
:10F4C0002C206572726F723A20256400303132331D
:10F4D00034312C302C3000302C312C3000302C309A
:10F4E0002C3100312C302C3100302C312C310031BA
:10F4F0002C312C3000312C312C3100415425255831
:10F500005054573D25642C22257322004661696CB6
:10F51000656420746F207265717565737420505432
:10F52000572C207265706F72746564206572726FFB
:10F53000723A202564004661696C656420746F200E
:10F54000676574204C5445206D6F64652C2065728E
:10F55000726F723A202564004661696C656420749C
:10F560006F20676574206544525820636F6E66692A
:10F570006775726174696F6E2C206572726F723A72
:10F58000202564004661696C656420746F2067659E
:10F59000742050545720636F6E666967757261748A
:10F5A000696F6E2C206572726F723A202564004379
:10F5B000616E277420706172736520654452582C07
:10F5C000206572726F723A202564004C5445206D9C
:10F5D0006F6465206D757374206265204C54452DF1
:10F5E0004D206F72204E422D496F540041542B43E1
:10F5F00045445258533D33004661696C656420743C
:10F600006F2064697361626C6520654452582C20D8
:10F610007265706F72746564206572726F723A20E1
:10F6200025640041542B4345445258533D322C2508
:10F63000642C222573220041542B434544525853D5
:10F640003D322C2564004661696C656420746F202E
:10F65000656E61626C6520654452582C207265703D
:10F660006F72746564206572726F723A202564004F
:10F670002B4345445258500041542B4350534D5353
:10F680003D312C2C2C222573222C22257322004163
:10F69000542B4350534D533D312C2C2C2225732297
:10F6A0000041542B4350534D533D312C2C2C2C22D4
:10F6B0002573220041542B4350534D533D31006E6E
:10F6C00072665F6D6F64656D5F61745F7072696EA5
:10F6D0007466206661696C65642C207265706F7257
:10F6E000746564206572726F723A2025640041541B
:10F6F0002525464541434F4E463D25642C25642C27
:10F7000025750045787065637465642076616C6961
:10F71000642054333431322074696D657220756E03
:10F7200069740041542525584D4F4E49544F52009D
:10F73000415420636F6D6D616E64206661696C6514
:10F74000642C206572726F723A2025640041542047
:10F75000636F6D6D616E642070617273696E672096
:10F760006661696C65642C206572726F723A20253F
:10F7700064004E6F2050534D20706172616D65744E
:10F78000657273206265636175736520646576696F
:10F790006365206E6F742072656769737465726546
:10F7A000642C207374617475733A2025640046617B
:10F7B000696C656420746F206765742050534D2018
:10F7C000696E666F726D6174696F6E0041542B4390
:10F7D00050534D533D004661696C656420746F2041
:10F7E0006F627461696E20525352502076616C755D
:10F7F000652C2025640025434553510041542B437B
:10F800004744434F4E543F0061706E0041542B43B8
:10F81000434C4B3F006461746554696D650041540D
:10F820002B4347534E00696D65690041542B434992
:10F830004D4900696D73690041542558535953541B
:10F84000454D4D4F44453F006770734D6F646500F3
:10F850006E62696F744D6F6465006C74654D6F64A2
:10F86000650041542B4352534D3D3137362C3132D4
:10F870003235382C302C302C3130006963636964A8
:10F880000041542B43474D52006D6F64656D4669CE
:10F89000726D776172650074656D70657261747503
:10F8A00072650062617474657279566F6C74616719
:10F8B00065004154255853494D3F00756963634DB8
:10F8C0006F646500697041646472657373004154CC
:10F8D0002B43455245473F0061726561436F646544
:10F8E0000063656C6C49440041542B434F50533FB7
:10F8F000006D6363006D63636D6E630041542B4361
:10F90000454D4F44453F0075654D6F64650041545A
:10F9100025584342414E443D3F00737570706F72ED
:10F9200074656442616E64730063757272656E74AF
:10F9300042616E640072737270006D6F64656D5F1A
:10F94000696E666F006D6F64656D5F696E666F5F8F
:10F95000706172616D730041504E52415445435481
:10F96000524C20535441540041542525584550438E
:10F970004F3D31004661696C656420746F2073658A
:10F9800074206550434F206D6F64652C2065727242
:10F990002025640041542B434E45433D31360055EC
:10F9A0006E61626C6520746F207375627363726937
:10F9B000626520746F202B434E45433D31362C2029
:10F9C0006572722025640041542B434745524550CF
:10F9D0003D3100556E61626C6520746F20737562F5
:10F9E00073637269626520746F202B4347455245EB
:10F9F000503D312C206572722025640049505636E6
:10FA00000057726F6E672066616D696C792025649E
:10FA10000041542B434744434F4E543D25752C25FC
:10FA2000732C25732C2C2C2C25752C2C2C2C25750B
:10FA30002C25750041542B434744434F4E543D25DC
:10FA4000752C25732C25730041542B434744434F99
:10FA50004E543D25752C2573004661696C65642004
:10FA6000746F20636F6E66696775726520434944E1
:10FA70002025642C206572722C2025640049505684
:10FA8000345636004E6F6E2D49500041542B43477B
:10FA9000434F4E545244503D2575002B4347434F2E
:10FAA0004E545244503A20252A752C2C22252A5B8C
:10FAB0005E225D222C22222C22222C222531355B33
:10FAC000302D392E5D222C222531355B302D392EFB
:10FAD0005D222C2C2C2C2C2575006E72665F6D6FB0
:10FAE00064656D5F61745F7363616E6620666169F2
:10FAF0006C65642C207265743A202564002B252ADD
:10FB00005B5E2B5D2B4347434F4E545244503A208B
:10FB1000252A752C2C22252A5B5E225D222C22228E
:10FB20002C22222C222533395B302D39412D466180
:10FB30002D663A5D222C222533395B302D39412D3B
:10FB400046612D663A5D222C2C2C2C2C2575004DFF
:10FB5000452050444E20414354004D452050444ED2
:10FB6000204445414354004E572050444E204445C4
:10FB7000414354004D4520444554414348004E57AD
:10FB80002044455441434800495056362046414997
:10FB90004C002B434E45435F45534D002B43474597
:10FBA000560070646E004661696C656420746F2055
:10FBB00073657420636F6E66696775726174696FCF
:10FBC0006E20286572723A20256429004154255818
:10FBD000434F4558303D312C312C313536352C31A1
:10FBE000353836006D6F64656D5F616E74656E6E7D
:10FBF0006100246177732F7468696E67732F2573B2
:10FC00002F6A6F62732F2573257325732573005533
:10FC10006E61626C6520746F2066697420666F7215
:10FC20006D6174656420737472696E6720696E74A7
:10FC30006F20746F20616C6C6F63617465206D65FB
:10FC40006D6F727920666F72202573004F75747026
:10FC50007574206572726F7220666F722025732032
:10FC600077617320656E636F756E7465726564206D
:10FC7000776974682072657475726E2076616C7530
:10FC800065202564006E756C6C007B227374617452
:10FC90007573223A222573222C2273746174757352
:10FCA00044657461696C73223A2025732C2265784F
:10FCB00070656374656456657273696F6E223A206D
:10FCC000222564222C22636C69656E74546F6B6507
:10FCD0006E223A20222573227D00556E61626C658A
:10FCE00020746F2066697420666F726D617465643C
:10FCF00020737472696E6720696E2070726F766906
:10FD0000646564206275666665722E004572726F66
:10FD100072207768656E206372656174696E672012
:10FD20007061796C6F6164202564007B22636C696B
:10FD3000656E74546F6B656E223A2022227D002F0F
:10FD400023006E6F74696679006E6F746966792D31
:10FD50006E6578740051554555454400494E5F50D5
:10FD6000524F47524553530053554343454544452D
:10FD700044004641494C45440054494D45445F4F79
:10FD800055540052454A45435445440052454D4F51
:10FD90005645440043414E43454C4544006177730A
:10FDA0005F6A6F6273004A6F622049442063616E2C
:10FDB0006E6F74206265206C617267657220746872
:10FDC000616E20696E636F6D696E6720746F706914
:10FDD0006300494E56414C49442D4A4F422D4944F7
:10FDE000006177735F6A6F62735F757064617465D9
:10FDF0005F6A6F625F657865637574696F6E2066B0
:10FE000061696C65643A20256400464F54415F4443
:10FE10004F574E4C4F41445F4556545F4552524FE9
:10FE20005200556E68616E646C656420464F5441A3
:10FE3000206576656E742049443A20256400415758
:10FE40005320464F5441206C696272617279206E72
:10FE50006F7420696E697469616C697A65640055B4
:10FE60006E61626C6520746F207375627363726972
:10FE7000626520746F206E6F746966792D6E657887
:10FE80007420746F70696300246E65787400556E19
:10FE900061626C6520746F2073756273637269624E
:10FEA0006520746F206A6F62732F246E6578742FDB
:10FEB000676574007570646174655F6A6F625F6521
:10FEC0007865637574696F6E206661696C65642C12
:10FED000206572726F723A202564006F6E5F636FE7
:10FEE0006E6E61636B5F657674206661696C6564D4
:10FEF0002C206572726F723A202564004572726F11
:10FF000072207768656E2067657474696E67207407
:10FF10006865207061796C6F61643A2025640045E2
:10FF200072726F72207768656E2070617273696E8D
:10FF30006720746865206A736F6E3A202564004AF2
:10FF40006F6220616C7265616479206265696E67B9
:10FF50002068616E646C65642C2069676E6F7265E1
:10FF6000206D65737361676500496E76616C6964C5
:10FF700020464F54412075706461746520646F633E
:10FF8000756D656E743A2025640055524C20656C81
:10FF9000656D656E747320746F6F206C6F6E672073
:10FFA000666F72206275666665723A202564005439
:10FFB00068652063757272656E746C792068616E15
:10FFC000646C6564206A6F62204944206973206E06
:10FFD0006F7420696E20696E636F6D696E67206152
:10FFE0006363657074656420746F7069630068741E
:10FFF000747073004572726F72202825642920770F
:020000040004F6
:1000000068656E20747279696E6720746F207374EE
:10001000617274206669726D7761726520646F77B2
:100020006E6C6F616400496E76616C6964206578FE
:1000300065637574696F6E207374617475730054B1
:1000400068652063757272656E746C792068616E84
:10005000646C6564206A6F62204944206973206E75
:100060006F7420696E20696E636F6D696E672072B0
:10007000656A656374656420746F706963004A6FB4
:100080006220646F63756D656E7420757064617451
:1000900065207761732072656A65637465640045E5
:1000A00072726F72202564207768656E20676574B0
:1000B00074696E6720746865207061796C6F616423
:1000C000004D5154542050554241434B20657272AB
:1000D0006F72202564006177735F6A6F62735F6778
:1000E00065745F6A6F625F657865637574696F6E6A
:1000F000206661696C65642C206572726F723A20AB
:100100002564006F6E5F73756261636B5F65767403
:100110002C206572726F723A20256400415753207B
:10012000464F5441206C6962726172792068617334
:1001300020616C7265616479206265656E20696E0C
:10014000697469616C697A656400666F74615F6483
:100150006F776E6C6F61645F696E6974206572722F
:100160006F72202564006177735F666F746100654C
:100170007865637574696F6E006A6F6249640076B2
:10018000657273696F6E4E756D626572006A6F623B
:10019000446F63756D656E74006C6F636174696F35
:1001A0006E00686F737400706174680070726F74B1
:1001B0006F636F6C0064656C6574652F6163636564
:1001C000707465640064656C6574652F72656A653A
:1001D0006374656400546F70696373207375627330
:1001E00063726962652C206572726F723A202564B1
:1001F000004157535F464F54415F4556545F455247
:10020000524F5200556E6B6E6F776E20464F5441C1
:10021000206576656E7400496E76616C6964206154
:100220007267756D656E742074785F6461746100C7
:100230004E6F206170706C69636174696F6E2074B9
:100240006F7069632070726573656E7420696E20CB
:1002500074785F64617461006D7174745F68656C5B
:100260007065725F646973636F6E6E6563742C2072
:100270006572726F723A202564006177735F666FF2
:1002800074615F6D7174745F6576745F68616E64CC
:100290006C65722C206572726F723A202564004D75
:1002A000515454206572726F72206F63637572725D
:1002B00065643A202564004661696C656420746F4A
:1002C0002073656E64206465766963652073686178
:1002D000646F7720726571756573742C2065727216
:1002E0006F723A202564004572726F7220737562D6
:1002F0007363726962696E6720746F20746F7069CE
:1003000063732C206572723A202564004E6F20536F
:10031000554241434B20657870656374656420776E
:10032000697468206D6573736167652049443A207C
:100330002564004D51545420636F6E6E656374697B
:100340006F6E206661696C65642C206572726F72D5
:100350003A20256400613170657837623567626FD5
:1003600073727A2D6174732E696F742E75732D6597
:100370006173742D312E616D617A6F6E6177732EAA
:10038000636F6D006D792D7468696E670024617705
:10039000732F7468696E67732F25732F7368616498
:1003A0006F772F67657400246177732F7468696EA7
:1003B00067732F25732F736861646F772F7570646F
:1003C00061746500246177732F7468696E67732F99
:1003D00025732F736861646F772F64656C6574652E
:1003E00000246177732F7468696E67732F25732FEC
:1003F000736861646F772F6765742F6163636570DD
:1004000074656400246177732F7468696E67732F55
:1004100025732F736861646F772F6765742F72651A
:100420006A656374656400736861646F775F746F95
:10043000706963735F636F6E7374727563742C207D
:100440006572726F723A202564006D7174745F6812
:10045000656C7065725F636F6E6E6563742C20658A
:1004600072726F723A2025640054696D6564206F62
:1004700075742077616974696E6720666F72207386
:100480007562736372697074696F6E2061636B6EFD
:100490006F776C6564676D656E747300496E766125
:1004A0006C696420617267756D656E740045766570
:1004B0006E742068616E646C6572206973204E559D
:1004C0004C4C006177735F666F74615F696E69742D
:1004D0002C206572726F723A202564006D717474FD
:1004E0005F68656C7065725F696E69742C206572F7
:1004F000726F723A202564006177735F696F7400D0
:10050000556E6B6E6F776E004661696C6564207422
:100510006F207265736F6C766520686F73746E619F
:100520006D65202573206F6E2025732C20657272F7
:10053000202564004661696C656420746F20636CDB
:100540006F736520736F636B65742C206572726EB8
:100550006F20256400486F7374206C6F6F6B75702B
:10056000206661696C656420666F7220686F7374C1
:100570006E616D652025732C2065727220256400E4
:10058000486F7374206C6F6F6B7570206661696C57
:10059000656420666F7220686F73746E616D65208C
:1005A0002573206F6E2049507636202865727220A0
:1005B0002564292C20617474656D7074696E6720E0
:1005C00049507634004661696C656420746F20631D
:1005D000726561746520736F636B65742C2065723E
:1005E000726E6F2025640042696E64696E672074C4
:1005F0006F2050444E2049443A20256400466169EA
:100600006C656420746F2062696E6420736F636B25
:10061000657420746F2050444E2049442025642C7A
:1006200020657272202564004661696C65642074DF
:100630006F207365747570207065657220766572C1
:10064000696669636174696F6E2C206572726E6F82
:100650002025640053657474696E6720757020549A
:100660004C532063726564656E7469616C732C20F1
:100670007365632074616720636F756E74202575E0
:10068000004661696C656420746F207365747570D1
:1006900020736F636B657420736563757269747919
:1006A00020746167206C6973742C206572726E6FA0
:1006B000202564004661696C656420746F20736551
:1006C00074757020544C5320686F73746E616D653F
:1006D00020282573292C206572726E6F20256400F6
:1006E0004661696C656420746F20656E61626C653B
:1006F00020544C535F44544C535F4349443A2025A3
:100700006400436F6E6E656374696E6720746F205A
:100710002573004661696C656420746F20636F6E99
:100720006E656374206F6E2049507636202865729E
:1007300072202564292C20617474656D7074696E53
:10074000672049507634004661696C656420746F97
:1007500020636F6E6E6563742C2065727220256451
:10076000004661696C656420746F20736574207342
:100770006F636B65742074696D656F75742C20658B
:1007800072726E6F20256400556E73706563004948
:10079000507636004661696C656420746F2072651E
:1007A000636F6E6E6563742C206572722025640021
:1007B000446F776E6C6F616420636F6D706C6574ED
:1007C0006500687474703A2F2F0068747470733AFF
:1007D0002F2F00496E76616C6964207374617274A6
:1007E0002073746174653A202564004661696C6504
:1007F0006420746F20706172736520686F73746E0B
:10080000616D65004661696C656420746F2070617C
:1008100072736520686F73746E616D652C206572EC
:1008200072202564004661696C656420746F2070D5
:10083000617273652066696C656E616D652C2065FB
:1008400072722025642C2075726C20257300507202
:100850006F746F636F6C206E6F7420666F756E645B
:1008600020666F722025730050726F746F636F6C17
:10087000206E6F74207370656369666965642066B5
:100880006F722025732C20617474656D7074696EAD
:1008900067202573004661696C656420746F206968
:1008A0006E697469616C697A65207472616E7370C7
:1008B0006F72742C2065727220256400446F776E0D
:1008C0006C6F616465642025752F257520627974CD
:1008D00065732028256425252900446F776E6C6F89
:1008E0006164656420257520627974657300646FA6
:1008F000776E6C6F6164657200446F776E6C6F61C8
:100900006420636C69656E7420627566666572202A
:100910006973206E6F74206C6172676520656E6FFD
:1009200075676820746F2070617273652075726CD2
:100930000025732F2573004E6F20736563757269F0
:100940007479207461672070726F766964656420C1
:10095000666F7220544C532F44544C5300466169C7
:100960006C656420746F20736574206874747020E3
:10097000726563762074696D656F75742C2065727D
:10098000722025640052616E6765206F7665727211
:10099000696465203E20544C53206D61782072615B
:1009A0006E67652C2073657474696E6720746F20A0
:1009B000544C53206D61782072616E676500474525
:1009C00054202F257320485454502F312E310D0AB6
:1009D000486F73743A2025730D0A52616E67653A49
:1009E0002062797465733D25752D25750D0A436F59
:1009F0006E6E656374696F6E3A206B6565702D610C
:100A00006C6976650D0A0D0A00474554202F257341
:100A100020485454502F312E310D0A486F73743AC8
:100A20002025730D0A52616E67653A2062797465FC
:100A3000733D25752D0D0A436F6E6E656374696F86
:100A40006E3A206B6565702D616C6976650D0A0DD7
:100A50000A00474554202F257320485454502F3105
:100A60002E310D0A486F73743A2025730D0A436FB7
:100A70006E6E656374696F6E3A206B6565702D618B
:100A80006C6976650D0A0D0A0043616E6E6F742005
:100A900063726561746520474554207265717565A0
:100AA00073742C2062756666657220746F6F207394
:100AB0006D616C6C004661696C656420746F2073B5
:100AC000656E642048545450207265717565737466
:100AD0002C206572726E6F20256400687474702F0C
:100AE000312E3120000D0A6C6F636174696F6E3AAC
:100AF000005265736F75726365206D6F7665642053
:100B0000746F202573004661696C656420746F20E2
:100B100070617273652070726F746F636F6C2C20DC
:100B20006572722025642C2075726C202573004636
:100B300061696C656420746F2070617273652068F0
:100B40006F73746E616D652C206572722025642C44
:100B50002075726C202573004D6178696D756D206C
:100B60007265646972656374696F6E732072656122
:100B7000636865642C2061626F7274696E67000D32
:100B80000A636F6E74656E742D72616E6765000D19
:100B90000A636F6E74656E742D6C656E67746800A1
:100BA0000D0A636F6E6E656374696F6E3A20636CD5
:100BB0006F7365005065657220636C6F73656420A8
:100BC000636F6E6E656374696F6E2C2077696C6CF1
:100BD0002072652D636F6E6E656374005365727667
:100BE000657220726573706F6E7365206D616C66DF
:100BF0006F726D65643A2073746174757320636FEE
:100C00006465206E6F7420666F756E6400556E6546
:100C1000787065637465642048545450207265731D
:100C2000706F6E736520636F646520256C64004689
:100C3000696C652073697A65206E6F7420736574C2
:100C400000436F756C64206E6F7420706172736501
:100C5000204854545020686561646572206C696E48
:100C600065732066726F6D207365727665722028D9
:100C70003E20256429002573206661696C65642027
:100C8000746F20676574206F66667365742077697A
:100C90007468206572726F72202564002573206667
:100CA00061696C656420746F207374617274206470
:100CB0006F776E6C6F6164207769746820657272FB
:100CC0006F7220256400446F776E6C6F6164696E8B
:100CD000672066726F6D206F66667365743A2030A8
:100CE00078257800556E6B6E6F776E20696D616741
:100CF00065207479706500464F544120696D6167C5
:100D000065207479706520256420646F6573206E9A
:100D10006F74206D617463682065787065637465B5
:100D200064207479706520256400496D61676520D1
:100D3000746F6F20626967006466755F74617267C3
:100D400065745F696E6974206572726F72202564C4
:100D500000556E61626C6520746F207265736574F6
:100D600020444655207461726765742C2065727248
:100D70003A202564004661696C656420746F2072B6
:100D8000652D696E697469616C697A652074617238
:100D90006765742C206572723A202564005265667E
:100DA00075736520667261676D656E742C2072655F
:100DB00073746172742077697468206F66667365F6
:100DC0007400496D616765207265667573656400BE
:100DD0006466755F7461726765745F777269746564
:100DE000206572726F72202564006466755F74619D
:100DF000726765745F646F6E65206572726F723AB8
:100E000020256400446F776E6C6F616420736F639C
:100E10006B6574206572726F722E20256420726576
:100E20007472696573206C6566742E2E2E00446F93
:100E3000776E6C6F61646572206572726F72206587
:100E400076656E7420256400556E61626C65207451
:100E50006F206465696E697469616C697A65207276
:100E600065736F757263657320757365642062794D
:100E7000206466755F7461726765742E0025732047
:100E80006661696C656420746F20736574204D43DE
:100E900055626F6F7420666C617368206275666658
:100EA000657220256400666F74615F646F776E6C95
:100EB0006F61645F696E6974006765745F66726F05
:100EC0006D5F6F666673657400646F776E6C6F61DB
:100ED000645F776974685F6F666673657400666FD8
:100EE00074615F646F776E6C6F616400666F7461CC
:100EF0005F646F776E6C6F61645F7574696C0066B8
:100F00006F74615F646F776E6C6F61645F64656C52
:100F100074615F6D6F64656D007B226C61737477C3
:100F2000696C6C223A20226F66666C696E65227D60
:100F3000006C61737477696C6C746F706963006DB9
:100F40007174745F68656C7065725F7468726561F6
:100F500064004E6F20737570706F727465642069E1
:100F60006D616765207479706520666F756E6400C9
:100F7000556E61626C6520746F20636C65616E20D4
:100F80007570206466755F74617267657400737450
:100F90007265616D5F666C6173685F696E6974200C
:100FA0006661696C65642028657272202564290079
:100FB00073747265616D5F666C6173685F6275669C
:100FC00066657265645F7772697465206572726FB9
:100FD00072202564006466755F7461726765745F72
:100FE00073747265616D0044656C6574696E672029
:100FF0006669726D7761726520696D6167652C2025
:10100000746869732063616E2074616B6520736519
:10101000766572616C206D696E75746573004661EA
:10102000696C656420746F2064656C65746520620A
:1010300061636B75702C206572726F72202564007D
:101040004572726F7220647572696E672065726195
:1010500073652C206572726F72202564004D6F6479
:10106000656D2046572064656C65746520636F6DFF
:10107000706C657465004669726D77617265207683
:10108000657273696F6E2072657175657374206621
:1010900061696C65642C206572726F722025640032
:1010A000252E2A73004D6F64656D206669726D7719
:1010B0006172652076657273696F6E3A20257300E0
:1010C0004661696C656420746F207265747269652D
:1010D00076652073697A65206F66206D6F64656D33
:1010E0002044465520617265612C206572726F72D2
:1010F00020256400526571756573746564206669A6
:101100006C6520746F6F2062696720746F20666958
:101110007420696E20666C617368202564203E200F
:101120002564004661696C656420746F2072657483
:101130007269657665206F666673657420696E20D6
:101140007363726174636820617265612C206572DB
:10115000726F72202564004661696C656420746F4B
:10116000207265616479206D6F64656D20666F72B1
:10117000206669726D77617265207570646174654F
:1011800020726563656976616C2C206572726F727E
:10119000202564005772697465206661696C656416
:1011A0002C206D6F64656D206C69627261727920AC
:1011B0006572726F722025640057726974652066CB
:1011C00061696C65642C206D6F64656D2065727259
:1011D0006F72202564004661696C656420746F201D
:1011E00073746F70204D465520616E642072656C7B
:1011F00065617365207265736F75726365732C200A
:101200006572726F72202564004D6F64656D206693
:1012100069726D77617265207570677261646520AF
:101220007363686564756C696E67206661696C6577
:10123000642C20696E636F6D706C657465206461E9
:101240007461004D6F64656D206669726D776172BF
:101250006520757067726164652073636865647585
:101260006C696E67206661696C65642C20657272BA
:101270006F72202564005363686564756C696E67DE
:10128000206D6F64656D206669726D77617265208F
:1012900075706772616465206174206E6578742072
:1012A000626F6F74006466755F7461726765745F06
:1012B0006D6F64656D5F64656C7461004D4355428C
:1012C0006F6F7420696D6167652D25642075706787
:1012D00072616465207363686564756C65642E2053
:1012E00052657365742064657669636520746F2048
:1012F0006170706C7900626F6F745F726571756593
:1013000073745F7570677261646520666F722069BF
:101310006D6167652D2564206572726F722025648A
:10132000004D697373696E672073747265616D5FD8
:101330006275662C2063616C6C20272E2E73657499
:101340005F62756627206265666F726520272E2EA4
:10135000696E6974005265717565737465642066A1
:10136000696C6520746F6F2062696720746F2066F6
:10137000697420696E20666C61736820257A752017
:101380003E2030782578004661696C656420746F72
:10139000206765742064657669636520666F7220D6
:1013A00061726561202725732700226D6375626F66
:1013B0006F745F7365636F6E6461727922004D4371
:1013C00055424F4F5430006466755F7461726765B3
:1013D000745F73747265616D5F696E6974206661B4
:1013E000696C6564202564006466755F746172676A
:1013F00065745F73747265616D5F646F6E6520659F
:1014000072726F7220256400556E61626C65207483
:101410006F2064656C657465206C61737420706105
:1014200067653A202564004D4355426F6F7420690B
:101430006D61676520757067726164652061626FB8
:10144000727465642E006466755F7461726765749A
:101450005F6D6375626F6F74004572726F722025E5
:1014600064207768696C6520666C617474656E6968
:101470006E672070616765006466755F737472657E
:10148000616D5F666C617474656E004552524F52B7
:101490003A2043616E6E6F742066756C66696C6C81
:1014A000204558545F4150492072657175657374C9
:1014B0002E0D0A005741524E494E473A204F707444
:1014C000696F6E616C204558545F415049207265C8
:1014D0007175657374206E6F742066756C66696CC7
:1014E0006C65642E0D0A0054462D4D206E6F6E2DD6
:1014F0007365637572652063616C6C6261636B20F8
:10150000696E697469616C697A6174696F6E20666D
:1015100061696C65642C206572726F723A20256473
:10152000002A2A2A2A2A205345435552452046415B
:10153000554C54202A2A2A2A2A0020204164647209
:101540006573733A2030782578002020496E7661E3
:101550006C696420656E74727920706F696E7400B6
:101560002020496E76616C696420696E74656772CB
:10157000697479207369676E6174757265002020E3
:10158000496E76616C696420657863657074696F13
:101590006E2072657475726E0020204174747269D9
:1015A000627574696F6E20756E69742076696F6CF0
:1015B0006174696F6E002020496E76616C696420E9
:1015C0007472616E736974696F6E0020204C617A69
:1015D00079207374617465207072657365727661C9
:1015E00074696F6E0020204C617A79207374617485
:1015F00065206572726F72002A2A2A2A2A205350A7
:101600005520494E54455252555054202A2A2A2AD0
:101610002A00202053656375726974792076696F9A
:101620006C6174696F6E20666F72207468652066E5
:101630006C617368206D656D6F7279207370616382
:101640006500202053656375726974792076696F2F
:101650006C6174696F6E20666F72207468652052C9
:10166000414D206D656D6F72792073706163650007
:10167000202053656375726974792076696F6C6197
:1016800074696F6E206F6E206F6E65206F722073AD
:1016900065766572616C20706572697068657261EB
:1016A0006C732E006D6375626F6F745F7574696C17
:1016B0000025312E31356700256C670025312E312C
:1016C000376700EFBBBF005465726D696E616C00D7
:1016D0000000000000005454522052454747455333
:1016E0000041542B4346554E3D0000010205486120
:1016F0006C74696E672073797374656D00556E6BD9
:101700006E6F776E206572726F7200756E6B6E6FA2
:10171000776E003E3E3E205A455048595220464181
:1017200054414C204552524F522025643A20257393
:10173000206F6E20435055202564004661756C74FF
:1017400020647572696E6720696E74657272757057
:10175000742068616E646C696E670A00437572720A
:10176000656E74207468726561643A202570202863
:101770002573290043505520657863657074696F3F
:101780006E00556E68616E646C656420696E746588
:10179000727275707400537461636B206F7665723A
:1017A000666C6F77004B65726E656C206F6F70733F
:1017B000004B65726E656C2070616E6963006D61CF
:1017C000696E006F7300737973776F726B7100616C
:1017D0006E006E66696E697479006E616E00286EC7
:1017E000756C6C29006364696E6F70737578585BF3
:1017F000616566674145464700616E006E66696EC9
:1018000069747900955F020000000000ED68020035
:10181000000000009D6F020000000000959E020085
:10182000000000007552020000000000D5710200A7
:10183000000000001D60020000000000696F02004F
:101840000000000000800100A8C7030000000000A5
:10185000519B01000000000000010000000000009A
:101860000000000000000000000000000000000078
:101870000000000000000000000000000000000068
:1018800005A40100000000000001000000000000AD
:101890000000000000000000000000000000000048
:1018A0000000000000000000000000000000000038
:1018B00081A4010000000000000100000000000001
:1018C0000000000000000000000000000000000018
:1018D000000000000000000000000000ED9B01007F
:1018E000219B0100219D010000000000000000007C
:1018F0000A000000553403008CC303000000000000
:10190000753903000000000000000000E0CA00205C
:10191000E0CA002000000000000000000E000000EF
:1019200000000000B10C02000000000000000000F8
:101930008001000000000000B17D030000000000F5
:10194000C1570200E37F0300000000000000000018
:10195000115C020000000000000000000000000018
:1019600031670200000000000000000000000000DD
:10197000B56C02000000000000000000019A0200A7
:101980009E11012000080000FFFFFFFF190F040057
:1019900017000000310F04000D00000000000000DF
:1019A000FFFFFFFFA5DB010011DC0100D9DB010017
:1019B0000000000000000000000000000000000027
:1019C0000000000000000000000000000000000017
:1019D0000000000000000000000000000000000007
:1019E00000000000000000000000000000000000F7
:1019F00000000000000000000000000000000000E7
:101A000008000000FF0000000000000001000000CE
:101A100000000000C5CB0200C5C90200E9CB0200EE
:101A2000D1C90200D9CE020055CC0200A1CE0200DD
:101A30001B910300159103000F91030010CC0020AF
:101A400010CC002018CC002018CC00200307313027
:101A500030310031303031003030303030303131E1
:101A600000303031303030303100FF0000494E5608
:101A7000414C49442D4A4F422D494400000000008A
:101A80000000000000000000000000000000000056
:101A90000000000000000000000000000000000046
:101AA000000000000000000000000000000007002F
:101AB00070F60300B5670200000000000EF203009C
:101AC000556102000000000041F30300256502009B
:101AD0000000000043F40300C9650200000000009C
:101AE000F6F70300F56C0200010000009CFB030008
:101AF000496E02000000000092FB0300356D0200F9
:101B000000000000000000000000000000000000D5
:101B100000000000000000000000000000000000C5
:101B200000000000000000000000000000000000B5
:101B300000000000000000000000000000000000A5
:101B40000000000000000000000000000000000095
:081B500000000000000000008D
:101B5C000000000000000000DDFC0200000000009E
:101B6C00000000000000000048CD002048CD0020FF
:101B7C0075AE010000000000000000000000000035
:101B8C00000000000000000068CD002068CD00209F
:101B9C004CB60120000000000400000040000000D2
:101BAC000000000000000000F07101200020000087
:101BBC00000000000000000000000000B033012015
:101BCC00000100000000000000000000ACCD00206F
:101BDC00ACCD002000000000000000000E00000052
:101BEC00C0CD0020C0CD002000000000000000008F
:101BFC000E000000D4CD0020D4CD00200000000049
:101C0C00000000000E000000E8CD0020E8CD002010
:101C1C0000000000000000000E000000FCCD0020C1
:101C2C00FCCD002000000000000000000E000000B1
:101C3C0010CE002010CE002000000000000000009C
:101C4C000E00000024CE002024CE00200000000056
:101C5C00000000000E00000038CE002038CE00201E
:101C6C0000000000000000000E0000004CCE002020
:101C7C004CCE002000000000000000000E00000010
:101C8C0060CE002060CE00200000000000000000AC
:101C9C000E00000074CE002074CE00200000000066
:101CAC00000000000E00000088CE002088CE00202E
:101CBC0000000000000000000E0000009CCE002080
:101CCC009CCE002000000000000000000E00000070
:101CDC00B0CE0020B0CE00200000000000000000BC
:101CEC000E000000C4CE0020C4CE00202C0000004A
:101CFC0005000000F0A10120CCA20120F0A10120E0
:101D0C00F0A1012000000000E8CE0020E8CE002069
:101D1C0000000000F4CE0020F4CE002001000000F2
:101D2C000100000004CF002004CF00200CCF0020C5
:101D3C000CCF002000000000010000001CCF002090
:101D4C001CCF002024CF002024CF00200000000056
:101D5C000100000034CF002034CF00203CCF002005
:101D6C003CCF002000000000010000004CCF002000
:101D7C004CCF002054CF002054CF00200000000096
:101D8C000100000064CF002064CF00206CCF002045
:101D9C006CCF002000000000010000007CCF002070
:101DAC007CCF002084CF002084CF002000000000D6
:101DBC000100000094CF002094CF00200000000010
:101DCC0000000000A4CF0020A4CF0020ACCF002046
:101DDC00ACCF00200000000000000000BCCF0020B1
:101DEC00BCCF0020C4CF0020C4CF002010001000B6
:101DFC000400000000000000DCC403008CB40120CF
:101E0C000000000000000000E8CF0020E8CF002018
:101E1C00F0CF0020F0CF00201000100004000000D4
:101E2C0000000000CCC40300CCAA012050D000203C
:101E3C000000000000000000000000000000000096
:101E4C000000000000000000000000000000000086
:101E5C000000000000000000000000000000000076
:101E6C000000000000000000000000000000000066
:101E7C00F0B9030074D00020000000000002000044
:101E8C000000000000000000000500000000000041
:101E9C00000000000000000000000000E33D030013
:101EAC0000000000000000000CD0002018C6030049
:101EBC00E4F700200000000000000000ACCD002082
:041ECC0015E015E028
:00000001FF
