:020000040000FA
:10000000F03F0020152000003B62000001200000AE
:10001000012000000120000001200000012000005C
:10002000000000000000000000000000B9200000F7
:10003000012000000000000001200000012000005D
:100040002D2200002D2200002D2200002D22000074
:100050002D2200002D2200002D2200002D22000064
:100060002D2200002D2200002D2200002D22000054
:100070002D2200002D2200002D2200002D22000044
:100080002D2200002D2200002D2200002D22000034
:100090002D2200002D2200002D2200002D22000024
:1000A0002D2200002D2200002D2200002D22000014
:1000B0002D2200002D2200002D2200002D22000004
:1000C0002D2200002D2200002D2200002D220000F4
:1000D0002D2200002D2200002D2200002D220000E4
:1000E0002D2200002D2200002D2200002D220000D4
:1000F0002D2200002D2200002D2200002D220000C4
:100100002D2200002D2200002D2200002D220000B3
:100110002D2200002D2200002D2200002D220000A3
:100120002D2200002D2200002D2200002D22000093
:100130002D2200002D2200002D2200002D22000083
:100140002D22000053B94AB9002908BF00281CBF5E
:100150004FF0FF314FF0FF3000F00CB8ADF1080C5C
:100160006DE904CE00F008F8DDF804E0DDE90223D3
:1001700004B07047704700BF2DE9F04786468C46B3
:100180000846089E154674461946002B40F0C1806B
:100190008542B2FA82F245D94AB1C2F1200300FA8F
:1001A00002FC954094402EFA03F343EA0C0C4FEA0C
:1001B000154EA8B2230CBCFBFEF80EFB18CC08FBB6
:1001C00000F943EA0C43994528D9EB1808F1FF37A9
:1001D00004D2994502D9A8F102072B44A3EB0903E5
:1001E000A4B2B3FBFEFC0EFB1C330CFB00F044EA94
:1001F0000344A04214D92C190CF1FF3304D2A042BD
:1002000002D9ACF102032C44241A43EA07401EB180
:10021000D440002334607360BDE8F0874746DDE7D3
:100220006346F1E792BB431B01214FEA154EAFB283
:10023000200CB3FBFEFC0EFB1C330CFB07F840EA62
:100240000343984561D9EB180CF1FF3004D298456F
:1002500002D9ACF102002B44A3EB0803A4B2B3FB18
:10026000FEFC0EFB1C330CFB07F744EA0344A742D9
:100270004DD92C190CF1FF3304D2A74202D9ACF1AD
:1002800002032C44E41B43EA0040C0E7C2F1200310
:100290009540944020FA03F12EFA03F34FEA154EED
:1002A0009040AFB20343B1FBFEFC0EFB1C10190CD7
:1002B0000CFB07F841EA0041884522D969180CF186
:1002C000FF3004D2884502D9ACF102002944A1EBE9
:1002D00008019BB2B1FBFEFC0EFB1C110CFB07F7E7
:1002E00043EA01439F420ED9EB180CF1FF3104D2CF
:1002F0009F4202D9ACF102012B44DB1B41EA0041D1
:1003000093E76046E3E76146F7E76046A4E76346A4
:10031000B8E7834206D916B9002108467CE7C6E94A
:1003200000E0F9E7B3FA83F78FB9834201D372454E
:1003300008D8BEEB020460EB030301209C461EB903
:10034000002169E73846FAE7C6E9004CF8E7C7F14B
:10035000200CBB400EFA07F522FA0CF42EFA0CF131
:10036000BA401C4320FA0CF3B8404FEA1449014349
:100370001FFA84FEB3FBF9F809FB18300B0C08FBDD
:100380000EFA43EA00439A4540D9E31808F1FF30DA
:1003900004D29A4502D9A8F102002344A3EB0A0330
:1003A00089B2B3FBF9F809FB183308FB0EFE41EAEA
:1003B00003418E452CD9611808F1FF3304D28E45D4
:1003C00002D9A8F10203214443EA0040A1EB0E0147
:1003D000A0FB02984145CE46434602D306D14D4587
:1003E00004D20138B9EB020E68EB0403002EA7D04B
:1003F000B5EB0E0261EB030101FA0CFC22FA07F3E4
:10040000F9404CEA0303C6E9003199E74046C5E7E5
:100410004346D9E7F0B5394B394A4921C3F800269C
:100420003848C3F8042687B0C3F80826C3F80C265A
:10043000C3F81026C3F81426C3F81826C3F81C26E0
:1004400005F054FE05F0EEF900F09EFA054603A80B
:1004500000F03EFD0446284600F0A6FA2A4B1B6831
:10046000A34205D04521294805F040FE05F024FBB4
:100470004921059A264805F039FE039925484B7D08
:100480000A7DC98A0091492105F030FE49212248A0
:1004900005F02CFE4FF48031002002F0E9FD044607
:1004A00020B145211D4805F021FEFEE702A99DF877
:1004B000100000F037F8029B059D1D44039B1E8928
:1004C00002F0BEFDAF1901F06BF801F03BF801F04E
:1004D00055F884F30B8884F30A88AB5983F30888B2
:1004E00084F31488BFF36F8FBFF36F8F7B689847D7
:1004F00045210B4805F0FAFDFEE700BF00800150E2
:100500003546526E22720000080000203B72000047
:100510005E7200008D720000AB720000D0720000AD
:1005200003730000024608B538B105480023452191
:1005300005F0DCFD6FF0150008BD0860FCE700BFAA
:100540002673000021B1012906D06FF01500704715
:10055000044B53F830007047024B03EBC00358685C
:10056000704700BFB86E00002DE9F04F9B468C4BE2
:10057000DBB01546DDE965891E6807460C4600F0CC
:10058000ABFF0122874B3AA8C3F8002504F068F8B6
:10059000B8F1000F07D0B9F1000F04DD4A4641461B
:1005A0003AA805F092FC4FF0000823896289D4F83C
:1005B0000CA013449A44C2456AD80DA93AA804F085
:1005C000C1F80022774BC3F80025C3F80025679BCC
:1005D00023B1202218460DA905F070FE00232A46FB
:1005E000009321464FF6FF7307A805F01CF98046DB
:1005F00000285ED1294638460C9C00F0AFF98442B1
:1006000057D84FF0FF34DFF8A8B1DFF898910DF11B
:10061000160305AA06A907A805F053F9002848DB28
:1006200040F0B480069907A805F097F950B94FF645
:10063000FF71BDF816005C4A32F8023B8B4238D09D
:100640009842F9D1BDF81670102F3CD0222F7AD0E5
:10065000012FDCD1BDF81430202B2AD8284606996A
:100660003AAA05F051FD044618BB9DF81430202B22
:1006700002930AD8DBF80030DFF838A10393039B1C
:100680009C423FDB0023C9F800354FF0FF34BEE742
:10069000649BAAEB0809994528BF99465A464B46E0
:1006A0004146284605F030FD30B100223D4BC3F8ED
:1006B00000253B4B1E686CE04A4659463AA805F0B7
:1006C00004FCC84477E7BDF81470202FF1D13B46F5
:1006D000284606993AAA05F017FD0028E9D100F04E
:1006E00053F93A4680463AA90DA800F0E7F80746C4
:1006F000404600F059F92D4B1B68BB42D9D14FF051
:10070000010884E700F0E8FEC9F800751DA803F0B1
:10071000A7FFDAF804201DA812685AF8081B05F094
:10072000D4FB15A91DA804F00DF80022C9F8002576
:10073000029A3AA915A805F0B1FD10B9C9F800054B
:1007400065E701349BE7631C3FF461AFDBF80030E1
:10075000A3429ADDBDF81430802BAAD8284606990A
:100760003AAA05F0D1FC0028A3D100F00DF9E4B2BB
:1007700007462021BDF814303AAA00940DA800F0D5
:100780001BF80646384600F00FF97EE7B8F1000F77
:100790008FD000F001F930465BB0BDE8F08F00BFAC
:1007A0000400002000008450F471000008000020C4
:1007B000C06E0000C46E00002DE9F04796B01646EA
:1007C0001D469DF87820384B074653F8321003EB4E
:1007D000C2035B6801911868DFF8DC8001443023B4
:1007E00002AA01A8D8F8009005F0FDFA002851D11E
:1007F000DDE901431C44214606AB03AA01A805F02C
:100800001AFB002846D1049A072A43D127490598A4
:1008100005F044FD00283DD1079A082A3AD1244921
:10082000089805F03BFDA8BB214602AA01A805F0E7
:10083000EEFA78BBDDE901A30AEB0302944229D169
:10084000412B27D135443023294603AA02A802961A
:1008500005F0C9FAE0B9DDE9023213449D4217D32D
:100860002A4602A906A805F086F888B92A4602A9F0
:100870000EA805F080F858B99AF80030042B07D17B
:100880002023384606AA0AF1010100F03DFE38B1E6
:10089000D8F8009000F080F8484616B0BDE8F08720
:1008A000044BD3F80090F5E7C46E000055730000C8
:1008B0004C730000080000200400002070B5094BB4
:1008C00004461D680023934205D1074B1D6800F0C4
:1008D00063F8284670BDE65CC85C8642F7D10133F8
:1008E000F1E700BF0400002008000020094A400092
:1008F0000B7852F820108B4209D0013052F82000BA
:10090000834214BF4FF0FF304FF4C07070474FF474
:10091000C0707047CC6E00001FB5582303FB010068
:10092000046A1023A1686A462046103905F0ECFBE2
:10093000034640B122784521064805F0D7FB002444
:10094000204604B010BD10226846034905F0A6FCFD
:10095000F6E700BF5D7300001272000013B5084691
:100960000C4605F039F86A460146204604F041FF7E
:1009700030B10448452105F0B9FB002002B010BD9C
:100980000098FBE789730000024B1868421C1A604C
:10099000704700BFB8010020024A1368013B136092
:1009A000704700BFB8010020034B1B68834201D091
:1009B00005F082B8704700BFB80100202DE9FF475D
:1009C0002C2707FB01073D6A0446284690460E4641
:1009D00005F0E5FB7B1EFA1C13F8011F814227D1AD
:1009E0009A42F9D1BEB12946204605F0F9F898F8A7
:1009F0000730042B0AD12046216A05F0F1F802469F
:100A000048B949212C4805F071FB04E0002002F0B0
:100A1000C3FB0428EFD0294B1C68FFF7BDFF20461D
:100A200004B0BDE8F087264B1C6836E0254A40E05C
:100A30002C237343E1180869C206D3D4E258224B31
:100A40009A42F0D1CA680B899B18ECD24A89D21815
:100A5000E9D2AB689A42E6D240F60C6A10EA0A0A7A
:100A6000E1D1FFF791FF8046FFF78EFF4FF48073CF
:100A700081462A46394600932046144BCDE902AA06
:100A8000CDF804A0FFF770FD04464846FFF78CFF41
:100A9000FFF782FF4046FFF787FF0D4B1B68A3421D
:100AA000BBD0002EC2D0AA680021284605F056FB14
:100AB000084A45210848A6E7D67300000000002038
:100AC00004000020C47300003DB8F396E40E00203B
:100AD00008000020CC7300001574000073B50D46AB
:100AE000002104462846CDE9001105F038F828B366
:100AF00023681A4EB34203D1204601AA04F094FFA2
:100B0000E36AB34204D16A460121204604F08CFF17
:100B1000DDE90032934288BF0193019BAB60019AEB
:100B20002946204600F0D6FB0D4B1A68002A03DD4B
:100B300057210C4805F0DAFA02B070BD0146204694
:100B4000FFF7EAFE064605F1080104F050FFAB6826
:100B50003046019305F0D7FAE1E700BF3DB8F396C0
:100B60001C0E00203D7400002DE9F84F8846914688
:100B70009A460026DFF870B0194C1A4D0B9B9E4226
:100B800001D300200FE00B9B40469F1BB7F5806F01
:100B900028BF4FF48067144A3B4606EB0A0105F074
:100BA000B3FA10B10120BDE8F88F0A993B465A46C6
:100BB0004846711805F0BDFA0028F3D1C4F8005674
:100BC0003E44C4F80456C4F80856C4F80C56C4F899
:100BD0001056C4F81456C4F81856C4F81C56CDE77D
:100BE000008001503546526EBC0100202DE9F041D5
:100BF0000E460021AD4B0446436203F5806388B086
:100C000003650846FFF79EFC04F120010546C0B2CB
:100C100001F05EF848B100232A4645210190009377
:100C2000A34805F063FA04F047FF01210020FFF715
:100C300089FC04F14C010546C0B201F049F850B1FD
:100C400001232A464521019000939948002305F08D
:100C50004DFA04F031FF204604F057FF054668B90D
:100C600000222046114604F03AFF054600B3002258
:100C70005721904805F03AFA0123A0E0802257213D
:100C80008D4805F033FA01239D4284F85830E7D1AE
:100C900094F85830042B8DF8173000F29380012B14
:100CA00000F2978000F0AA80FF2384F85830A5E076
:100CB000204600F019FA0028DED004A804F046FF10
:100CC0000146204604F0D8FF18B12A4657217B4838
:100CD000D0E704A804F043FF80F0010104AA2046F5
:100CE000C9B204F0FCFE02460028C0D104A804F0FA
:100CF00036FF054660BB204604A9FFF7EFFE9DF8CE
:100D0000173084F85830033B012B06D8284600F0F2
:100D10000FF910B1FF2384F858309DF81730023BCB
:100D2000022B0BD8002000F0EDF838B1FF2384F837
:100D300058304521624805F0D9F9FEE794F858305B
:100D4000FF2BF6D000222046114604F0C8FE93E7A0
:100D50009DF81770012F1FD1104602F01DFA831E57
:100D6000022B054615D8FFF70FFE3946804604AA28
:100D70002046FFF723FE07464046FFF715FE514B7E
:100D80001B689F4205D0504B1D68AF4214BF05251C
:100D9000012584F858507BE7FFF7F6FD012107464F
:100DA00004AA2046FFF70AFE05463846FFF7FCFD79
:100DB000444B1B689D4214BF05239DF8173084F8EF
:100DC000583065E7052B7FF46FAF002000F0B0F8D6
:100DD00011E0204604A9FFF781FE94F85830DA1E8E
:100DE000012A34D8002000F0A3F800287FF45CAF7B
:100DF000002000F087F800287FF456AF94F85830B0
:100E0000FF2B05D145212E4805F070F904F054FE62
:100E1000002294F858302D4F012B03921AD011461E
:100E2000204604F05CFEA8B13D68102200210DEBC5
:100E3000020005F04EFAE06C05F065F9206A05F055
:100E400062F9FFF7A9FD284608B0BDE8F081022B42
:100E5000D4D1CDE7FFF798FD002280461146204609
:100E6000FFF7ACFD05464046FFF79EFDDFF85480D6
:100E7000D8F800309D42D7D13B689D42D4D0124B68
:100E80001B689D42D0D0039B01330393039B012B2E
:100E900001D004F011FE206A04F0A9FC3071236A2D
:100EA0005B683460D8F80050B360BEE7BC05002032
:100EB0006C740000FB740000B9740000277500001A
:100EC00051750000080000200000002004000020F0
:100ED00070B50B4E044660220021304605F0F9F94A
:100EE000FFF752FD214605463046FFF77FFE0446D8
:100EF0002846FFF759FDFFF74FFD204670BD00BFA4
:100F0000BC0D002013B5094B01A913F8300000F007
:100F1000DFFE48B9019805F0A5FC0446019805F0EC
:100F2000F2F8204602B010BD0124FAE7D46E0000AA
:100F30001FB50F4B01A913F8300000F0C9FEA8B986
:100F4000019802A902F0D2F8044668B99DF80B3066
:100F5000032B03D1019805F053FC0446019805F0DA
:100F6000D2F8204604B010BD0124F7E70124F8E7C9
:100F7000D46E00002DE9F34106460C4617461D4687
:100F80000BB9002121E0184604F0E9FD01460028D4
:100F9000F7D13046FFF7C0FC18B9012002B0BDE818
:100FA000F08101A904F023FD0028F6D10199304613
:100FB00004F0B0FE736A59686B79012B18D1002CCC
:100FC000DFD12B68834298BF00212C2303FB0466EA
:100FD0003A462023306A05F097F80028DDD1002D2D
:100FE000DCD038680D4BC01A18BF4FF0FF30D5E782
:100FF000022BC6D12B68012B05D98342C1D8B4FA84
:1010000084F46409BDE7BCD1002CDED0012CB8D13A
:101010002C79023C18BF0124B3E700BF3DB8F3961A
:101020002DE9F04F07460C4685B0014600201646D4
:10103000FFF75CFC051E50DB3846E46D04F0CCFC89
:101040005FFA84F94FF0000A4FF0010B4FF0FF34C4
:101050006B1E09FB03089DB9BAF1010F03DD4521A1
:10106000204805F043F8631C06D07F2C2ADC40F2B0
:10107000011301343460B380284605B0BDE8F08F19
:101080006B1E00934146012338460DF10F0205F017
:101090003BF8031E019322DB012238460DF10F01BC
:1010A00005F049FB019B40B15B4501D00AF1010A03
:1010B0009B46009DA8EB0908CDE7B4F1FF3F08BFB0
:1010C0002C46F5E70223803C7371631004F00104A1
:1010D0000133013433603471CEE70725CCE70125B5
:1010E000CAE700BF5D750000F8B5866A456D044625
:1010F00004F0FFFDAE420AD06B1CB34207D083421E
:1011000005D05721164804F0F1FF0020F8BD802ECD
:1011100019D957211348F6E7626A02EBC3025768F0
:10112000226D02EBC3025268974202D057210E484B
:10113000E9E701339D42EFD1204604F0E1FE28B9F2
:1011400057210A48DFE700231F46F3E7AE4205D9DF
:10115000636A03EBC5035B68BB42E7D10120D5E7B7
:1011600080750000B8750000E77500001376000078
:1011700010B588B0044604A9006A01F0B7FF9DF8D5
:101180001020012A40D0254B2549032A08BF0B46D1
:101190009DF81320492102929DF8122021480192C6
:1011A0009DF811200092204A04F0A0FFE06C06A9EF
:1011B00001F09CFF9DF81820012A27D0174B1849F1
:1011C000032A08BF0B469DF81B20492102929DF877
:1011D0001A20144801929DF819200092134A04F035
:1011E00085FF9DF81030012B12D19DF81230032B92
:1011F0000ED19DF81830012B0AD00D48492104F07A
:1012000075FF022008B010BD0A4BC1E7094BDAE7B1
:101210000948492104F06AFF0020F3E74C760000FA
:1012200055760000697600005B760000AA76000023
:10123000BA76000050760000D976000070B54B6891
:1012400014461E4A03F0FF23934206460D4686B01D
:101250002FD10B68012B2CD1204604A901F046FFA9
:101260009DF81020012A26D0154B1649032A08BFE5
:101270000B469DF81320492102929DF81220124836
:1012800001929DF811200092104A04F02FFF9DF862
:101290001030032B0DD12146304604F0A1FC20462E
:1012A00005F0AEFA2046A96804F0AFFB204601F035
:1012B000FDFE06B070BD064BDBE700BF0001000479
:1012C0004C7600005576000069760000AA76000092
:1012D000507600002DE9F04F1646054689B00C46C1
:1012E0007448492104F002FF3146284604F012FDFB
:1012F0006B6A824620465E6804F031FCE8B1E86D16
:1013000004F065FB0023AF6A013F3344984201D9E2
:10131000013FFAE7BA4510D35721674804F0E6FECB
:1013200007FB06F357210AFB0662644804F0DEFE61
:101330000123E37109B0BDE8F08F06A9032000F096
:10134000C7FC07A9092000F0C3FC21462846079ADC
:10135000FFF774FF6379012B4BD15746DFF860B17B
:1013600041E02268C2F1010353449F423AD86B6ABC
:10137000012A196853F8370003EBC70353F8083CF8
:10138000A0EB0109A3EB0103049311D1079B039385
:10139000E368022B08D04146284604F021FC22468F
:1013A0004146284604F049FC2846039904F018FCFD
:1013B00032464946404604F011FC049B42464146F1
:1013C0002846CDE90096FFF7CFFB2146284604F0DA
:1013D000D3FB23680133236020B1DBF800300133F5
:1013E000CBF80030013FDDF81880002FB9D1012380
:1013F0002360022301276371BA45DDF8189006D2F5
:10140000484604F080FE079804F07DFE92E72368CA
:101410009F424DD36A6AFB0052F83710083B049193
:101420001168DDF81CB00391D1582A6DD0581368AB
:10143000A0EB03082379012B38D1039B3246C91A4C
:101440004846059104F0CAFB059943464A46009177
:10145000284659460196FFF787FB2146284604F0A7
:101460008BFB0223237118B1154A136801331360F3
:1014700032464146584604F0B1FBDDE903234946B4
:101480009B1A28465A46CDE90086FFF76DFB214698
:10149000284604F071FB2368013323600123237184
:1014A00030B1074A13680133136001E0022BDFD02B
:1014B0000137A1E7F07600001977000048770000B7
:1014C0001C0E00200A4619B1024B00211B68184768
:1014D000704700BF0C00002070B5094D2B780BB190
:1014E000002070BD0126074CC4F8006503F05AF9CE
:1014F00018B92E70C4F80005F2E74FF0FF30F0E79E
:10150000E40F0020000084502DE9F041ACB01F46EC
:1015100006460C461546FFF7DFFF0123DFF8208063
:101520002A46C8F8003521463346009703A805F03F
:10153000F0FA0023C8F800352CB0BDE8F08100BFF8
:1015400000008450BFF36F8F72B600234FF0FF305E
:10155000094A03F120010133102B42F82100F8D190
:1015600000234FF0FF30044A03F160010133102BD8
:1015700042F82100F8D1704700E100E0002318464E
:101580000649D1F89020C2F30722934200DB70474E
:10159000C1F89830C1F8A0000133F6E700ED00E093
:1015A0002DE9F8434FF0FF3501274FF00008204B9D
:1015B000DFF884905F60C3F84853C3F8085303F51D
:1015C00080535F60C3F84853C3F8085359F8044B7D
:1015D000002644F30730C4F8085300F08DFD802244
:1015E0006760C4F84C61D4F84C31C4F81061D4F889
:1015F0001031C4F844613146D4F84431A018C4F81D
:10160000006504F066FE8022314604F5C07004F0E7
:1016100060FEB8F1000F08D0064BC3F808554FF034
:101620005023C3F80853BDE8F8834FF00108CDE715
:101630000040015000700150E06E0000014B1B683B
:10164000184700BF10000020014B1860704700BF12
:101650001000002007B50B46002102460091034808
:1016600000F006F803B05DF804FB00BF3D16000073
:101670002DE9F04F82464FF000098DB01D46531EF4
:1016800001910393039B58785C1C252819D10020F5
:101690004FF0FF381E46444603460236029031782A
:1016A0000396392955D81F2914D8002900F0EF8155
:1016B00001992520D04701993078D04709F10209D6
:1016C000E0E7002800F0E3810199D04709F1010922
:1016D0000394D7E7A1F12002192AE9D801A757F806
:1016E00022F000BF4D170000B1160000B116000037
:1016F0004D170000B1160000CD170000B116000014
:10170000B1160000B1160000B11600001918000053
:101710004D170000B11600002D180000D917000069
:10172000B1160000E71700000718000007180000B6
:10173000071800000718000007180000071800002D
:1017400007180000071800000718000008460136B7
:10175000A5E7582900F0EB80A1F16302D7B2172F5B
:10176000A6D8172AA4D801A757F822F0D519000047
:1017700053180000B1160000B1160000B1160000A9
:101780003318000053180000B1160000B116000015
:1017900033180000B1160000B1160000B1160000A9
:1017A00009190000B1160000B1160000A9190000C7
:1017B000B116000053180000B1160000B116000069
:1017C00009190000B1160000331800002520019906
:1017D000D04709F1010955E7029A4FF0000802F0DD
:1017E000FE020292B3E7002C0DDAB8F1000F0DDA19
:1017F000029A002A00F043810A2224EAE47402FBE0
:101800000414303CA3E7B8F1000FF5DB0A2202FB19
:101810000812A2F130089AE7B8F1000F55F8042B2E
:1018200080F22F81002A80F22E81544202220292FD
:101830008DE7682903D1682B06D1482387E76C29F7
:1018400002D16C2B00F02181002B7FF431AF0B46CD
:101850007DE77A2B06D1752955F8046B14D14FF02A
:10186000000B0CE06C2BF6D04C2BF4D1073525F097
:101870000703752903F10805D3E9006B06D1202879
:101880003BD1854F013C09E04FEAE67BBBF1000FFD
:10189000F5DA7642814F6BEB4B0B013C0DF12D03DA
:1018A000059300230493304659460A220023FEF78D
:1018B00049FC059BB446303203F8012D5A46059386
:1018C000049BBCF10A0F8B4672F1000203F1FF3159
:1018D00006460491E7D2C3F1010B30330DEB03064A
:1018E000B8F1000FA6F104066DDA029BD9077DD48A
:1018F000A8EB0B03A4EB0B0413E02B280ABF684FE3
:10190000684F04F1FF34C9E770290FD155F8042B53
:101910000023FAB96FF004034FF0050B614F624EDC
:10192000053C029A920770D4A04666E078216C2BA1
:1019300003D1002355F8042B08E04C2BF9D10735CF
:1019400025F007031D465B6855F8082B232825D191
:10195000880621D5554F023C002601F06001A1F117
:10196000390B0DF12D0E02F00F01092988BF5944E2
:1019700030310EF8011D102A4FEA121141EA0371AD
:101980004FEA131C73F1000306F1FF3008D2C6F1D1
:10199000010B06F13003A1E7454FDCE7414FDBE7E0
:1019A00006460A466346DEE755F8046B304604F007
:1019B0006EFCB8F1000F834602DB4045A8BFC3466A
:1019C0004FF00008374FA8EB0B03002B92DDA4EB80
:1019D0000804A6E755F8043B4FF0010B8DF81830CA
:1019E000304F4FF0FF33013C06AE9AE7A046EAE7DE
:1019F000029320200199D047029BB8F10108F7D546
:101A000024EAE472013C9144A41AB84606E0049327
:101A100002920199D047029A049B9046424612F8DE
:101A2000010B0028F3D11A46013A15D5002BACBFA3
:101A3000C7EB03077F425B46013B15D5BBF1000FA7
:101A4000A8BF5F4426464F44013E14D5002CA8BFD2
:101A50003F1907EB080915E604930292302001991B
:101A6000D047049B029ADFE70293019916F8010B15
:101A7000D047029BE0E701992020D047E4E701220C
:101A8000D5E6904663E6144661E64C235FE6484699
:101A90000DB0BDE8F08F00BFD6770000D47700000E
:101AA000D877000088730000E0770000DA77000044
:101AB000DD7700002DE9F047058B044628079046A6
:101AC00011D4022905F0070540F0CC80204604F02F
:101AD00034FA78B10138218B042811D8DFE800F0FE
:101AE000C2106D85950001290CBF45F0100545F029
:101AF0002005258388F31188BFF36F8FBDE8F08739
:101B000001F0070AAA4500F0A5800027B9463E4625
:101B1000A368002B00F0BC8041F00801218388F30A
:101B20001188BFF36F8FA168002900F0BA800D689B
:101B3000002900F0B680334652462046D1F8048092
:101B4000C047002D76D02B6829461D46F0E701F0EE
:101B500007035A1F012A1BD8002221F00701062B78
:101B6000276889B2C4E9002209D13B4603E0628BB1
:101B7000013262831B68002BF9D141F0020120463B
:101B8000218304F0DAF900287AD041F0200176E0D0
:101B9000042B0AD121F0070189B22046218304F0E9
:101BA000CCF910B141F020012183218B01F0070A0B
:101BB000AA454FD00027B946AAE7236921F00701BB
:101BC00041F00601062DD3F8009021832DD1B9F103
:101BD000000F3FD041F00801218388F31188BFF343
:101BE0006F8F20463949C84729E021F00701236952
:101BF00041F0040189B2042DD3F804902183E6D08A
:101C000000274FF0040A3E4682E721F007012369CE
:101C100041F0050189B2052DD3F808902183D6D073
:101C200000274FF0050A3E4672E700274FF0060AEC
:101C30003E466DE72B4687E7B9F1000FD1D1EFF3B0
:101C40001188202383F31288BFF36F8F238B23F037
:101C500008032383258BEA062ED525F01003238362
:101C600005F007056669218B002EBFF670AF0023D3
:101C70002768C4E9003321F0070141F00101218305
:101C8000218B4FF0000901F0070AAA457FF440AF0D
:101C9000002F9CD041F00801218388F31188BFF305
:101CA0006F8F002FC8D03D683946334652462046D4
:101CB00004F06FF92F46F4E7AB067FF51BAF25F074
:101CC0002003238305F0070500E700BFBF5F000086
:101CD00070B5104B0D461C68B4B10F4B196800234A
:101CE0008B4202DB6FF0010070BD224612F8106BD0
:101CF000864202D014460133F2E7E06804F0A8FE01
:101D000028B100202C60EFE76FF00C00ECE76FF0DB
:101D10001200E9E714000020E86E000010B54368E7
:101D200088B0029383680C46CDE9033200230A6829
:101D3000C068CDE90623054901AA059304F087FB95
:101D4000079808B9059B236008B010BDAD6100007D
:101D500008B5054804F0E4F8044804F0E1F8BDE8EB
:101D60000840034804F0DCB8E6770000177800006C
:101D70004A780000014802F0C5B900BF8C6F00002E
:101D800030BFFFF7FDBF00BF154B9A6A12F0007F0E
:101D90009A6A14BF1E201D2012F0807F9A6A18BF15
:101DA0001F2012F4801F9A6A18BF022012F4002F1D
:101DB0009A6A18BF212012F4802F9A6A18BF222035
:101DC00012F4003F9A6A18BF232012F4803F9A6AE7
:101DD00018BF24206FEA02426FEA12429A627047EB
:101DE00000ED00E010B5194B0246986A9C6A10F4A9
:101DF000805F14BF1720162014F4006F9C6A18BF70
:101E00001820A40509D5986B986A000404D51AB166
:101E10009A6A22F400429A6219200C4B9A6A12F4D0
:101E2000806F9A6A18BF1A20D2050CD49B6A13F4EB
:101E3000005F18BF1C20054A936A43F47F439362F6
:101E400000230B7010BD1B20F5E700BF00ED00E084
:101E500010B51C4B0246986A9C6A10F0100F14BF14
:101E60001120102014F0080F9C6A18BF1220A4073C
:101E700009D5586B986A000604D51AB19A6A22F0FF
:101E800080029A6213200F4B9A6A12F0010F9A6A2D
:101E900018BF142012F0200F9A6A18BF1520D4061C
:101EA00058BF9B6A074B9A6A920642BF5A6A22F44D
:101EB00000525A629A6A42F0FF029A6200230B7043
:101EC00010BD00BF00ED00E070B5444B06465B68F6
:101ED00000258AB0C3F3080385F31188BFF36F8F21
:101EE00002F07F40B0F17F4F11D102F00C000828C2
:101EF0000DD010074CBF0E4601250022033B8DF884
:101F00000720032B05D8DFE803F01E5C60592E463E
:101F1000F3E700249DF807309BB92022314602A840
:101F200004F0CCF9099B002D53D0C3F3080222B969
:101F30006FEA53236FEA43230993204602A904F072
:101F400072F90AB070BD254BDA6A9107E1D4DA6AFA
:101F5000002ADEDBDA6A5200DBD55A69B16942F445
:101F600080725A61BFF34F8FBFF36F8F5A6931F898
:101F7000021C22F480725A61BFF34F8FBFF36F8F40
:101F80004DF60272914209D09A6AD2B242B1012052
:101F90000DF10701FFF75CFF0446BBE73468B9E7C2
:101FA0009A6A12F47F4F05D001200DF10701FFF767
:101FB00019FFF1E79B6AB3F5803FAAD3FFF7E4FE70
:101FC000EAE700200DF10701E4E700200DF1070129
:101FD000EDE723F4FF7323F00103ADE700ED00E02C
:101FE000064B5A6942F010025A615A6942F4806203
:101FF0005A615A6922F008025A61704700ED00E008
:10200000EFF30880EFF3098101B57246FFF75CFF3B
:1020100001BD00BF002080F31488BFF36F8F002044
:1020200080F30A8880F30B880F4880F3088801F05A
:1020300071F900200D490860BFF34F8F00F01AF8C6
:10204000202080F311880A484FF40061401880F383
:102050000988EFF314800221084380F31488BFF34A
:102060006F8F00F081F80000F03F002094ED00E059
:10207000F00F002072B6002383F313884FF0FF3077
:102080000C4A03F120010133102B42F82100F8D152
:1020900000234FF0FF30074A03F160010133102B9A
:1020A00042F82100F8D162B6BFF34F8FBFF36F8FB4
:1020B000704700BF00E100E01EF0040F0CBFEFF31B
:1020C0000880EFF30980816911F8021C0229FFD012
:1020D00001B5724604F0ADF801BD00BF40B2002862
:1020E00007DB01234109034A00F01F00834042F847
:1020F0002130704700E100E040B200280CDB0122F3
:102100000649430900F01F008240203341F8232094
:10211000BFF34F8FBFF36F8F704700BF00E100E048
:10212000054B420953F82220012300F01F0003FA57
:1021300000F01040704700BF00E100E040B200280E
:1021400001F10101ACBF00F16040064B4FEA4111C3
:10215000C9B2ABBF00F5614000F00F0080F800137A
:102160001954704714ED00E0144A08B5144B22F0DE
:102170007F029A60BFF34F8FBFF36F8FD3F8882031
:1021800022F47002C3F88820D3F8882042F4A00219
:10219000C3F888204FF04042C3F83422BFF34F8F7A
:1021A000BFF36F8F0023E1EE103A01F07FFE01F0E4
:1021B000C1FE00F02FF801F085FE00BF0000000016
:1021C00000ED00E0154606460C46002280B5E1EE23
:1021D000102A82F30B88094FA7F5205888F30B8843
:1021E00087F309884FF000000549884720462946B3
:1021F0001A46B04703488047FEE700BFF03F002083
:1022000053620000616200001022014B1A617047A6
:1022100000ED00E0002320210348C2180133412BC8
:1022200082F80013F9D1704700E100E008B5EFF340
:102230000583064A103B02EBC30152F8330049689C
:102240008847BDE8084003F0FFBF00BF286C0000CE
:10225000014B1860704700BF180000200122024B9C
:102260000020C3F8402570470090035020B1034B75
:10227000800143F001031847704700BFB06E0000B3
:10228000084B70B5C31A0D4607499B1004465943C5
:102290004022064804F032F82B4601462046BDE8AD
:1022A00070401847340E0020B76DDBB6C46B0000D9
:1022B000402373B50B4C0093041B0B460D460A4993
:1022C000A41061430646094A094804F042F8011E79
:1022D00005DA30462B4602B0BDE87040184702B020
:1022E00070BD00BF340E0020B76DDBB6C1630000C7
:1022F000C46B000010B5EFF31184202383F3128820
:10230000BFF36F8F074A136823F00201DB071160E8
:1023100002D4012004F030FB84F31188BFF36F8FE7
:1023200010BD00BF840E002070B5002201210446BC
:102330000520FFF703FF0F4801F01CF90E4B9842F0
:1023400015D101F027F926690C49304603F045FE06
:1023500000280BDB012535642469084904F11C00C1
:1023600003F03BFE002801DB0020E56470BD6FF048
:102370000400FBE7492400000000AD0B946F00004F
:102380000C22104B014602FB0033002030B4D3E98D
:102390000E529863EFF31180202484F31288BFF368
:1023A0006F8F1C6C04F0C00444F002041C6480F3C2
:1023B0001188BFF36F8F1DB12B4630BC0248184700
:1023C00030BC7047340E0020C46B000010B4EFF333
:1023D0001182202383F31288BFF36F8F184801689E
:1023E00041F002040460C80708D482F31188BFF3E7
:1023F0006F8F01205DF8044B01F0E0B84FF05021E1
:10240000D1F80C04D1F80C14C907EED5EFF3118004
:1024100083F31288BFF36F8F0A490B6C03F0C0037C
:1024200043F002030B6480F31188BFF36F8F82F3D4
:102430001188BFF36F8F00205DF8044BFFF7A0BF3A
:10244000840E0020340E002010B1012804D0704703
:10245000034B1B6C5B0701D1FFF792BF704700BFB6
:10246000340E00202DE9F843012207463449D1E813
:10247000EF3FC1E8E02F0028F9D133B931493248A4
:102480004B60CB608A6003F0BBFD7B1E012B2DD817
:10249000012F07D14FF05023D3F81C3403F003036E
:1024A000022B23D004F016FB054608BB274B1B78F4
:1024B000F3B14FF0502302220646C3F808234FF031
:1024C00050244FF00008DFF88890D4F81824D4F88E
:1024D0001834D20315D503F00303022B01D0012FCA
:1024E0000FD135B386F31188BFF36F8FBDE8F88342
:1024F000EFF31186202383F31288BFF36F8F01253A
:10250000DDE7304603F0B4FED4F81835DBB2012B1A
:10251000DBD1D4F80421002AD7D0C4F80481D4F840
:1025200004210222C4F818252022C9F88021A360C2
:10253000CBE74FF050230222C3F80423D6E700BFB5
:10254000300E0020200E0020500E0020E90F002049
:1025500000E100E008B5074804F07AFA38B106480F
:10256000FFF776FE0448FFF76FF8002008BD6FF014
:102570001200FBE7006C00007D2500000A2838B53A
:102580000446074D04D1AB680D2128465B68984787
:10259000AB6803485B68E1B29847204638BD00BF8E
:1025A000006C0000024B0B6001231360704700BFFA
:1025B000880E002000487047B86F000010B504F086
:1025C0003FFA034C206004F038FA6060002010BD30
:1025D000880E0020F8B50E461946304617461D46AF
:1025E00003F06AFFB8B145EA060414F0030412D1FF
:1025F0004DB12B19032BA6EB040006D8074AD2F8DD
:102600000034DB07FBD50020F8BD3B1B196801F047
:102610000DFC043CEDE76FF01500F5E7009003506A
:1026200038B545682B69B3B11035284601F0BCFABE
:10263000044680B90146284601F084FA084B9842C6
:102640000BD122462846074901F064FA22460521AB
:102650000D20FFF773FD002038BD6FF00400FBE78D
:102660000000AD0B69260000430970B507D10B4B84
:10267000596821B101250C68094E854001B970BD2A
:102680008A682A4002D030464B6898471CB12368BC
:1026900021461C46F2E72346FAE700BF900E0020D1
:1026A000D86B00002DE9F04340F206354668D006AD
:1026B00048BF0320337B02EA050558BFC2F3401030
:1026C00087B001F01F07B5F5837F144647EA43172B
:1026D0008DF8030042D00FD8062D18D007D8B5B119
:1026E000022D3DD06FF0150007B0BDE8F083B5F5C1
:1026F000807FF7D101250AE040F20222954231D0D5
:10270000B5F5407F30D0B5F5007FEBD10225012330
:10271000220303FA01F129D573689960326952BB2B
:1027200007F01F037F0973D13B4A84F4803102EB29
:102730008302D2F80032C1F30041C4F3404423F4D1
:10274000E16344EA410423F007031C4344EA8004A4
:1027500044EA0524C2F800420020C5E70725D6E771
:102760000425D4E70525D2E70325D0E7630344BF5A
:102770007368D960D2E71036394630460DF102024F
:1027800001F0CEF914F4403F80460CD13946304672
:1027900004F04CF9214B9845DED130469DF80210EB
:1027A00001F00CFAD8E74FF0000901AB394630468A
:1027B00003AACDE90439CDE90199CDF80C9001F0D7
:1027C00083F8164B98428DD114F4003315D09DF840
:1027D000033084F48034C4F300448DF80E3039465D
:1027E0004B46304603AA8DF80C508DF80D4001F091
:1027F00019F90A4B9842CDD074E7CDE90433394634
:102800000DF10303304603AA039301F05DF8F0E7EE
:10281000803352F82330FFDE002584500000AD0BDA
:10282000F0B5406801F01F04057B87B044EA451409
:102830000569002D5FD0B2F5001F00F1100506D12B
:102840002146284604F0F4F8002007B0F0BD002728
:10285000B2F5800F01AE0197776037D1B3F1007FF9
:1028600014BF052304238DF804300023CDE904634D
:102870000393836823FA01F111F0010118D1B2F139
:10288000A07F15D104F01F03620903F1800338D142
:102890001D4A52F82330DB070AD40DF103063246F5
:1028A0002146284601F03CF9184B984219D002966F
:1028B0002146284603AA01F007F8154B98421DD17E
:1028C00001222146284601F085F9BDE7B3F1C06F2A
:1028D00005D0B3F1007F14BF01230223C3E7032314
:1028E000C1E73146284601F06FF9094B9842DED026
:1028F0006FF00B00A9E76FF08500A6E76FF01500F9
:10290000A3E751F82330FFDE002584500400AD0B0F
:102910000000AD0B2DE9F04740F2FF16594FDFF8EC
:1029200068C1DFF868E100EB8101814202D100203B
:10293000BDE8F087046814F4804FC4F3C325C4F3E2
:10294000080340F08C80240EB34208BF4FF0FF33E1
:102950007D5D192C00F28680DFE804F00D13191C50
:102960001F251C84848484366084848484848484C5
:10297000848463787B7EC2F80C355C1C5BD10430A8
:10298000D3E7C2F814355C1CF9D000245CE0C2F82F
:102990000835F2E7C2F81035F5E75C1CC2F80835D7
:1029A000EDD0002404E05C1CC2F80C35E7D0012413
:1029B0005FEA531859D14FF00109DFF8CC8009FACA
:1029C00003FAC8F80CA008E0C2F80835002DDAD1E7
:1029D0005C1CD4D000240625A146D0F800A00AF43F
:1029E0000048B8F1000F1CBF4FF00009012403F0AC
:1029F0001F085B093FD10CEB8808D8F80032CAF3F6
:102A0000412A03EA0E0343EA8A0343EA052343EA21
:102A1000090343EA4403C8F80032B0E7C2F80C35B2
:102A2000D4E7C2F86035B3F1FF3F0468A7D0C4F320
:102A30000044002CBBD05C091AD10124DFF8488087
:102A400004FA03F9C8F80890A146C6E7C2F864354D
:102A5000E9E7C2F86835E6E7C2F86C35E3E76FF0FE
:102A6000150065E76FF0850062E70023DB60FFDE9D
:102A700000239B60FBE7002308F1800853F828300F
:102A8000F5E700BFB278000000258450F0F8FCFFA5
:102A90002DE9F04104460D46476804F01BF84FF05D
:102AA000200868B9244B1B7853B16426606803F092
:102AB000C8FDD0B9012003F0FFFE013EF6D1F4E7D6
:102AC000EFF31186314688F31288BFF36F8F606889
:102AD00003F0B7FDA8B986F31188BFF36F8FEFE756
:102AE00086F31188BFF36F8FDFE7EFF3118631466E
:102AF00088F31288BFF36F8F606803F0A2FD00288F
:102B0000EED0BB6900201D706368BA691B68C3F80A
:102B100044250122C3F84825C3F82001D3F82041F9
:102B2000C3F85801D3F858019A6081F31188BFF3B4
:102B30006F8FBDE8F08100BFE90F0020F7B50546B3
:102B4000426813691168C1F82435137D507D927D68
:102B500003431343C1F86C356E68D6E9004313F0A4
:102B6000010348D02F6907F1080000F0FDFC304B4D
:102B700098425AD1387A04F10C0204F5907103F0AE
:102B80009DFE387A012707FA00F000F0E7FC0823E1
:102B9000C4F80035B369C4F844350023C4F8483597
:102BA000A760D4F85831002BFBD00021C4F80015E1
:102BB0006B6801AADC68204603F016FD002805DBDF
:102BC000019B226819791868FFF7A4FE08216A683A
:102BD0001368C3F80015117A51B9D269C3F83425C6
:102BE0000122C3F83825C3F81011D3F810111A6068
:102BF000002003B0F0BD0822C4F80025B269C4F873
:102C00004425C4F848350123A360D4F82031002BB3
:102C1000FBD00023C4F82031D4F820310123E36035
:102C20004FF48073C4F80433BBE76FF00400E0E7AF
:102C30000000AD0B0123834070B5DC430B4AD2E8A2
:102C4000EF1F01EA0405C2E8E65F002EF7D14FF45A
:102C5000803282400648C0F80823BFF35F8FBFF37D
:102C60006F8F0B4214BF0120002070BDB80E0020F2
:102C70000050015070B40E4922F07F46D1E9003473
:102C8000D01AC31844F10004C1E90034A6F50013BA
:102C9000B3F5400F09D2074B1B681A0A1B069C1993
:102CA000054B42F10005C3E9004570BC01F08CB949
:102CB00020010020BC0E002028010020D9B10123F2
:102CC0000D4A8340D2E8EFCF4CEA030CC2E8E1CFD3
:102CD0000029F7D14FF48033084A8340C2F8043307
:102CE000074BD3E8AF3FC340DB0742BF4FF40012AE
:102CF000044BC3F800217047B80E0020005001506B
:102D0000B40E002000E100E00D4B1868010A000637
:102D1000BFF35F8F0B4BD3F80435181841F1000156
:102D2000B3F5801F0AD2084BD3E90023904271EB20
:102D3000030303D210F1807041F10001704700BF1E
:102D4000BC0E002000500150280100202DE9F04F5A
:102D500085B016461F4604469DF840A0FFF76AFF5F
:102D60000190FFF7D1FFB04271EB070352D23B4B0A
:102D7000301A67EB0101984271F100014DD2384BD6
:102D800003EB0413D3E902239F4208BF964258D0B5
:102D90004FF48038334908FA04F8204626F07F4B78
:102DA000C1F8488303F09CFC4FF00309584604F136
:102DB0005005AD00ADB205F1502504F5A87305F539
:102DC00080350293029A20F07F4341F82230C1F807
:102DD0004483D1F80435244AC01A033820F07F40D8
:102DE00090422ED9286868B1D1F80435A3EB0B00C6
:102DF00020F07F40B0F5000F039322D9204603F066
:102E00006FFC039BBAF1000F07D109EB030009F136
:102E10000109D7E7BAF1000F09D06FF01505204678
:102E20000199FFF74BFF284605B0BDE8F08F01235D
:102E30000E4AA340D2E8EF0F1843C2E8E10F002981
:102E4000F8D107490E982301C8500F9B01EB0412DB
:102E50000025C2E902675360E1E700BF010080007E
:102E60001001002000500150FDFF7F00B40E002033
:102E70007FB500254FF0FF304FF0FF31194C1A4B52
:102E80000226C4F80833C4F84833184BC4F8085570
:102E9000C3E902014FF480334FF40012C4F8043345
:102EA000134B0121C4F804631520C3F880212A467E
:102EB000FFF744F91520FFF711F901230D4AA3602C
:102EC000236013600C4B0D4A009328460023CDE984
:102ED0000155FFF73BFF3046FFF7C4FA284604B020
:102EE00070BD00BF0050015003000F001001002012
:102EF00000E100E0B80E0020752C0000FFFF7F000D
:102F00002DE9F7432E4BD3F8042390070BD5D3F8C4
:102F1000042142B10022C3F804212A4AD3F8043123
:102F2000136801331360264AD2F80433D90326D537
:102F3000254BD3E8EF1F21F00100C3E8E40F002C7C
:102F4000F7D1CB0702D4D2F84031C3B100251C4CD5
:102F5000C4F84051D4F84031FFF7D6FEEFF31182A8
:102F6000202383F31288BFF36F8F184BD3E90267D6
:102F7000B042B94106D282F31188BFF36F8F03B01C
:102F8000BDE8F0834FF0FF38D3E900104FF0FF3970
:102F90001D60C3E902894FF48033C4F84833C4F894
:102FA0004051D4F8403182F31188BFF36F8F00296C
:102FB000E5D0009032463B4628468847DFE700BF11
:102FC00000500150BC0E0020B40E00201001002063
:102FD00030B5431C124C85B005D08442A8BF0446CE
:102FE000012CB8BF0124FFF78FFE0E4B0C4DD3E927
:102FF0000013401AB0F5000F0FD22218AA4228BFC2
:103000002A46002052180849CDE90100009143F1F9
:103010000003FFF79BFE05B030BD2A46F1E700BF75
:10302000FFFF7F0020010020752C000008B5FFF78E
:103030006BFE024B1B68C01A08BD00BF20010020B8
:10304000012310B5074C15206360FFF755F84FF4C6
:103050000012054BC4F80833C4F84833034BC3F8D7
:10306000802110BD0050015003000F0000E100E07E
:1030700040EA0103C3F30E0330B58BB940F21515D6
:10308000094CC90BC0F3C730994201D1002030BDB3
:10309000C218D2B202F5C07244F822500133F3E7ED
:1030A0006FF01500F3E700BF0030005030B58168C5
:1030B00085B0103921F00704054603F070F810229E
:1030C0000146684603F005F910226846064903F0F8
:1030D000F5F810236A462146284603F02AF80038FE
:1030E00018BF012005B030BD1272000030B50D468A
:1030F000816887B0102302AA1039044603F004F84F
:10310000002802DA012007B030BD1022204602A9B3
:1031100003F011FB00283AD110221E4902A803F047
:10312000BDF800280CBF012302232B70204603F0BA
:10313000EEFA012301460DF10702204602F0E4FFFA
:103140000028DFDB9DF80730204603F00F021B0943
:103150006A702B7101220DF1070103F0ECFA10B92E
:103160006B78042B03D901236B7000232B71A268A9
:103170002046183A22F00702083AA91C03F0EEFA9A
:103180000028BFD12046E91C03F041FBBBE7032325
:10319000CBE700BF12720000F0B5354F85B0460096
:1031A0000546694657F8260003F037FB044610B180
:1031B000FF2005B0F0BD013657F8260002A903F044
:1031C0002CFB012837D12A4649212A4802F08EFFDC
:1031D000294B8DF80C40029300229DF800609DF869
:1031E0000870264C3146207803F097FA50B33946E0
:1031F000607803F092FA28B3A378042B03D09DF8EB
:10320000031099421ED1E378042B03D09DF80B10D4
:10321000994217D12379042B10D16279022A1DD14A
:10322000174B18482A46492102F060FF6079831E37
:10323000022BBED9BCE70028CED0B9E79DF802101A
:103240009942EAD00132032A04F10604CAD10E4899
:103250002A46492102F04AFF0120AAE7032A05D0A5
:103260000A4B0B49042A08BF0B46DAE7094BD8E79B
:1032700060700000F178000003010303867900000C
:10328000D37800003C79000060790000D878000015
:10329000EA780000CE78000008B5EFF31083012B28
:1032A0000C4A07D1126ABFF34F8F511C4A424A4160
:1032B000104608BD03F0DEFA00B172B6126ABFF321
:1032C0004F8F531C5A425A4103F0D4FA0028EFD0D2
:1032D00062B6EDE70080FF0008B5EFF31083012B25
:1032E0000B4A06D1D269BFF34F8F02F0010210469C
:1032F00008BD03F0BFFA00B172B6D269BFF34F8FB9
:1033000002F0010203F0B6FA0028F0D062B6EEE750
:103310000080FF0010B503F0ADFA30B14FF050233C
:103320000022C3F81421C3F8182103F0B2FA28B11F
:103330000122644BC3F8382AC3F878254FF47F0282
:10334000D2F83031D2F83421BFF34F8FC3F30B03DF
:10335000092B05D1012A1EBF01225A4BC3F878253B
:1033600003F097FA18B10E22574BC3F8E42E03F07E
:1033700081FA30B10022534BC3F80C270122C3F865
:1033800010270022D30003F57F03D3F80013BFF307
:103390004F8F013108D0D3F800130132D3F8043332
:1033A000B2F5807F0B60EDD1EFF31084FFF794FF4F
:1033B00000284DD0BFF34F8F444BD3F80024012A8F
:1033C000FBD1C3F80425D3F80024012AFBD1012C3A
:1033D00003D003F04FFA00B172B6FFF77DFF58B18A
:1033E0003B4AD36923F00103D361BFF34F8F374AC0
:1033F000D2F80034012BFBD1FFF74EFF68B1344AFD
:10340000136A23F0FF0343F020031362BFF34F8FCF
:103410002E4AD2F80034012BFBD1012C03D003F04B
:1034200029FA00B162B60022284BC3F80425D3F86C
:103430000024012AFBD1BFF34F8F2649264BCA68CF
:1034400002F4E0621343CB60BFF34F8F00BFFDE790
:10345000FFF722FF0028ADD11E4AD2F88C3043F48A
:103460004063C2F88C304FF47F03D3F83021D3F897
:103470003431BFF34F8FC2F30B02092A16D1013B3F
:10348000022B02D8154AD35C83B111481449036852
:103490000E4A8B420CBF5A230023C2F8103EC36A67
:1034A0008B420CBF5A230023C2F8003E094AD2F8CF
:1034B000883043F47003C2F88830BFF34F8FBFF3F6
:1034C0006F8F10BD0040005000A0035000900350CB
:1034D0000080FF0000ED00E00400FA05987900008C
:1034E000FA50FA5030B50468ACB1B4FA84F3012252
:1034F000C3F11F03DBB29A4024EA0202D0E8EF5F77
:10350000A54204D1C0E8EC2FBCF1000FF6D1EAD1FE
:1035100002480B7030BD0248FCE700BF0000AD0B55
:103520000200AD0B10B50368CB40DB0710D40123BC
:103530008B40026843EA0201D0E8EF4F944204D185
:10354000C0E8EC1FBCF1000FF6D1F2D1014810BD6C
:103550000148FCE70000AD0B0400AD0B014BC3F8C4
:1035600004057047007001500146014800F0B6B8EC
:103570001C000020044B1A7922B9012218601A712C
:103580000248704702487047C00E00200000AD0B93
:103590000C00AD0B08B5084B1B6833B10520FEF7D6
:1035A000BFFD10B90520FEF799FD4FF05023012211
:1035B000C3F8182508BD00BFC00E002010B510B11B
:1035C000012847D010BD4FF05023D3F81814D3F87A
:1035D0001824C90322D502F00303022B05D0012BC6
:1035E00002D0002003F071F901234FF05022022095
:1035F000C2F8183508224FF48273002103F15023DA
:1036000019601C68012402F150221460164A1268E5
:1036100022B34FF05023C3F80403D3E7D3F81424A4
:10362000D207E1D5D3F81C2402F00302013A012AA3
:10363000D7D80D4A12681AB10222C3F80423C1E791
:10364000D3F80421002AFBD00022C3F80421D3F8C8
:103650000431B7E700224FF48073CEE71A68002ADE
:10366000FCD019601B68ADE7C00E0020F8B54FF024
:10367000502301250026D3F80443174F04B9F8BDA1
:10368000B4FA84F0C0F11F00830003F580739BB28D
:1036900003F1502305FA00F21968D2B224EA0204B9
:1036A0000029EBD01E601B684FF05023022AC3F89C
:1036B00008230DD1D3F81814D3F8181401F003011E
:1036C000012905D1C3F81825C3F804239960D5E76B
:1036D0003B68C0B29847D1E7C00E00200079024B8A
:1036E00003EB0010FFF7FEBE24000020036803F088
:1036F0001F025B090260024818BF0020704700BF2C
:103700000025845070B50D4C00F1080334F81330D7
:103710000546DA050E4607D5C3F3432304EBC3027F
:10372000526854F833309847A3682BB13146284685
:10373000E268BDE87040184770BD00BF340000204B
:10374000024611F0010004D003490B6A13600B62BA
:1037500003B90020704700BF0025845010B4134AFD
:10376000C0B2083032F81030D9051CD5C3F343215C
:1037700023F4F85322F81030002002F10E0434F83C
:10378000023F13F4807F03D0C3F3432399420AD04E
:1037900001302028F3D1002342F8313004485DF88D
:1037A000044BFFF7BFBE5DF8044B704734000020A8
:1037B0008C000020F0B5054600200126044607468F
:1037C0008C420BD1114BD3F87C2132B10022C3F8CB
:1037D0007C21D3F87C3140F00040F0BDE3B29B0087
:1037E00003F580729B0806FA03F31D420BD002F129
:1037F000A04202F55042D2F800C0BCF1000F02D046
:103800001760126818430134DAE700BF00D0005097
:10381000CBB2024608460D49083331F813309906F9
:1038200011D599070FD4012110685B0B9940C0F89E
:103830000813126802EB8303D3F8102522F0030269
:10384000C3F810257047002103F0E1B834000020D0
:10385000F7B5194ECDB2083536F815300746DB07F7
:103860000C4626D5FFF7D4FF36F815309A0608D552
:103870005A0B3B6803EB82030022C3F81025C3F800
:1038800010252046FFF76AFF002301A826F815300F
:103890000194FFF72BFF019B00EB8300D0F800227F
:1038A000064B134043F00203C0F80032044803B053
:1038B000F0BD0448FBE700BF34000020F0F8FCFF37
:1038C0000000AD0B0400AD0B2DE9FF411368074666
:1038D0000C461646FBB1DFF84481CDB2083538F806
:1038E000152002F02202222A22D000222046CDE911
:1038F00000228DF80E208DF80F200DF10E010DF134
:103900000F0203F03BF838F8153023F0020343F0C0
:10391000010328F8153073684BB31A785868DFF83C
:10392000FCC0E3B208333CF813108D0702D5B0B1E8
:1039300038481FE021F02001C904C90C2CF81310ED
:1039400068B1032AF4D870683D68406890F800E0D8
:1039500005EB8E058AB9C5F81025C5F810253CF889
:10396000131021F01C0141EA82022CF81320B368E5
:103970002BBB294804B0BDE8F081D5F8108541EA99
:103980004E3128F00308C5F810853D6841F020014C
:1039900005EB8E05D5F810052CF8131020F44730F0
:1039A00020F44070C5F810052002D5F8107500F419
:1039B000F85040EA02403843C5F81005CFE72046EA
:1039C000D3E90067FFF7CAFE002ED2D0134DD5E928
:1039D0000023964203D19F4201D1002209E0104802
:1039E0000DF10F01FFF77EFD0B4B9842C2D19DF800
:1039F0000F20E4B205EBC20308345F6035F81430E1
:103A000045F8326043EA422343F4807325F81430CA
:103A1000AFE700BF0400AD0B0000AD0B3400002089
:103A20008C0000202DE9FF4107460C461E4612B3CC
:103A3000DFF8D480CDB2083538F81530980701D4B6
:103A4000990621D413F01C0F02D05378012B1BD000
:103A500001238DF80F3000232046CDE900230DF11E
:103A60000F01931C013202F089FF38F8153043F042
:103A7000030328F81530002E44D0234DE1B208315D
:103A800035F81120930703D4204804B0BDE8F08135
:103A9000002096F800E03B6822F02002D20403EBFD
:103AA0008E03D20CC3F8100525F81120C3F81005B9
:103AB00096F801C04FEA8E08BCF1000F22D038689A
:103AC000B6784044D0F810354FEA0C4C23F49813E4
:103AD00023F4F853C0F81035230203F4F8530CF420
:103AE000403C3605D0F8107543EA0C0306F4801606
:103AF000334342EA4E323B4342F02002C0F81035D5
:103B000025F811200248C0E7340000200400AD0B66
:103B10000000AD0B014BC3E90212704734000020D6
:103B2000054BC9B2083133F81130990643BF5B0B1E
:103B30000248137002487047340000200000AD0BAB
:103B40000400AD0B70B5154D064695F860401CBBE2
:103B50002146402205F1100002F0BBFB21463068EF
:103B60002E6D8E420ED10023C0F87C31D0F87C310E
:103B700040F30730FEF7B2FA0123094885F86030B8
:103B8000AB6570BDCBB29B0003F580727C2B04BF8C
:103B9000845083580131E4E70248F2E73400002002
:103BA0000000AD0B0C00AD0B034B93F86000003828
:103BB00018BF0120704700BF340000200148FFF704
:103BC000B1BC00BF880000200148FFF78BBC00BFDC
:103BD0008800002073B503680C46D3F8041300294D
:103BE000A4BF4FF00041C3F804131E49E3B20833E9
:103BF00031F8133099061AD513F0020617D15B0B72
:103C000005689C0004F580716E5069580168214474
:103C1000D1F8104544F00104C1F810452AB1012241
:103C2000016802FA03F3C1F8043302B070BDC3F3B4
:103C30008203042B11D0052B11D001A80194FFF7AA
:103C400055FD019A0369D34003F00103991C2046F6
:103C500002B0BDE8704002F0DABE0321F7E70221AE
:103C6000F5E700BF340000202DE9F347534B544FD4
:103C7000D3F80403396DC0B240F00040FFF79AFD5D
:103C8000051E18DA00236846F96D00934FF001080D
:103C9000FFF756FD97F85C30DA0757D4396D4FF0CF
:103CA0000040FFF787FD6846F96DFFF749FD0028E2
:103CB000F0D125F000450124002D66D102B0BDE809
:103CC000F08794FAA4F4B4FA84F4E00804F1080349
:103CD00037F8139004F007021DF8003008FA02F2DA
:103CE00023EA02030DF8003001A80194FFF7FEFC5F
:103CF000019B4FEA9901803350F82360C9F3820A8F
:103D00004B07D146C6F3014624D520465146FFF75E
:103D1000F9FC01A80194FFF7E9FC019BF6B280339E
:103D200050F82330C3F301439E4207D100212046BF
:103D300002F06DFE3146204602F069FE01A80194B2
:103D4000FFF7D4FC019B08FA03F30362009C002CEC
:103D5000B7D1A3E7022E0CD10321204602F057FE73
:103D60000AF00503012BE9D149462046FFF7CAFCBA
:103D7000E4E70221204602F04AFEBAF1030FF3D035
:103D8000032EDBD1BAF1020FEDE795FAA5F3B3FAF2
:103D900083F304FA03F29B0003F1A04303F55043BD
:103DA000D3F81005D3F81015C0F30420C1F3014176
:103DB00025EA0205FFF7A6FC7EE700BF00D0005011
:103DC000340000200022034BC3F88425C3F80425E7
:103DD000704700BF00900350044AD2F80834DB0754
:103DE000FBD50160BFF35F8F704700BF00900350A9
:103DF00008B5C0F30B0383B90222094BC3F884252D
:103E0000C3F804254FF0FF320260D3F80024D20734
:103E1000FBD5FFF7D7FF034808BD0348FCE700BF09
:103E2000009003500000AD0B0A00AD0B012208B555
:103E3000054BC3F88425C3F80425FFF7CDFFBDE883
:103E40000840FFF7BFBF00BF0090035038B5094BD3
:103E500053F82040013053F82050A54200D838BD17
:103E6000636823B1204602F018FE0834F5E72368A2
:103E70009847FAE768700000012208B5094B032053
:103E80001A70FFF7E3FFFDF763FF02F022FE042044
:103E9000FFF7DCFFFCF7BEFA034A137B23F00103B4
:103EA000137308BDE90F00203001002008B5034856
:103EB000034A0021121A02F008FE08BD100100207A
:103EC000EC0F002008B50020FFF7C0FF164B03F5EC
:103ED000006282F3088883F30A880025E023134CEC
:103EE00084F82230E57725766576A57684F820502B
:103EF000636A43F4E023636284F82350FEF770F8AA
:103F0000FEF782F94FF0FF33A362E36202F09FFDF8
:103F10000120FFF79BFF0220FFF798FF2B462A4660
:103F200029460348FEF74EF9F00F002000ED00E0AF
:103F3000793E0000074808B5074A0849121A02F0FE
:103F4000C6FDBDE808400648064A0749121A02F0B5
:103F5000BEBD00BF000000200A0100209C790000C7
:103F600000000020000000209C790000024B18682F
:103F7000984208BF0020704798000020034B1B6840
:103F80000BB9FFF753B80020704700BFC80E0020E0
:103F900030B570B10B4B5B6898420AD0036843B1EF
:103FA000D3E90421D0E90445121941EB0501C3E925
:103FB0000421D0E9003213605A600023C0E90033C5
:103FC00030BD00BF980000202DE9F047EFF31185C8
:103FD000202383F31288BFF36F8F244F4FF0000824
:103FE00038604FF00009FFF7C1FF214E3B68D6E96A
:103FF000001E4FEAE37C50B1D0E90442A3427CEBBF
:10400000020A16DAE41A62EB0C02C0E90442002448
:104010005B184EEB0C02C6E900323C6002F060FD1A
:104020002146FEF7D5FF85F31188BFF36F8FBDE8FA
:10403000F08761184EEBE473C0E90489C6E9001308
:10404000FFF7A6FF85F31188BFF36F8F836898474A
:10405000EFF31185202383F31288BFF36F8F3B6842
:104060001B1B3B60FFF782FFC0E700BFC80E0020AC
:10407000B001002010B50A4C23681BB10123236056
:10408000002010BD00F046F80028F7D001380628BF
:1040900003D8044B53F8200010BD034810BD00BFE7
:1040A000CC0E002080700000FE8FFFFFBFF34F8F0B
:1040B0000549064BCA6802F4E0621343CB60BFF3C4
:1040C0004F8F00BFFDE700BF00ED00E00400FA05E0
:1040D00030B44FF0FE320025074B084C08494968C0
:1040E000C3F80024C3F80424C3F80824C3F80C243C
:1040F000C4F8005530BC08470010845000008450BC
:10410000A0000020024BD0E90012C3E90012704762
:10411000A000002038B500F02FF820B1032400F0F3
:1041200063F8204638BD00F031F898B900F0ACF8DB
:1041300098B90F4DD5F828391B0EF02B08D1D5F8BA
:10414000242A0C4B9A420AD0072400F017F8E6E71D
:104150000624FAE70424204638BD0024F5E70120B0
:1041600000F092F804460028F7D1C5F80C0AD8E709
:10417000001084500000E0200020704700207047AD
:10418000014BC3F8040A70470010845010B5114861
:1041900000F048F800B110BD0F4800F043F80028C7
:1041A000F9D10E4C204600F03DF80028F3D10C4B1D
:1041B0000C481C6000F036F801460028EBD100F0F6
:1041C0002DF8044608B1204610BD00F03FF8204607
:1041D000FAE700BFB8000020B4000020B0000020C3
:1041E000A8000020AC00002008B5084800F024F822
:1041F000074800F021F8074800F01EF8064800F0D4
:104200001BF8BDE8084000F00BB800BFB800002064
:10421000B4000020B0000020AC0000200020704757
:10422000704700BF08B5034B02681B6810689847C9
:10423000002008BDD000002008B5034B02685B6871
:1042400010689847002008BDD000002070B5094CC8
:10425000094D2069AB68984718B1084B08485B685E
:1042600098470021074AEB6811602069BDE870405B
:10427000184700BFBC000020D0000020A000002094
:104280009C700000D00E0020F8B51A4D1A4E04465E
:10429000B26828699047E8B9184F3B684CB1A3B1A0
:1042A000012B19D0013B3B602869F3689847002037
:1042B000F8BD43B90121124AC2F800151149D1F8DD
:1042C0001029002AFBD101333B60F3682869984725
:1042D0000020F8BD0C48F8BD0A4AD2F81039002B6E
:1042E000FBD1074A6FF07E40C2F80035FFF748FF68
:1042F0003B68D7E7BC000020D0000020D00E002093
:104300000000845000108450E98FFFFF10B5044670
:1043100050B1636813F0685F05D0064A934202D03B
:1043200000236260236010BD034B04485B6898471C
:10433000EFE700BF2C5F5CA9A0000020BC7000006C
:10434000C8B143680D4A934213D013F0685F0ED092
:10435000012350E8002F194640E8001C9CF0000F94
:10436000F7D1012AF5D0BFF35F8F002070470448D2
:104370007047044870476FF4E04070472C5F5CA9B9
:10438000E98FFFFFEA8FFFFF034680B142680949CA
:104390008A420AD012F0685F05D0BFF35F8F002217
:1043A00010461A60704704487047044870476FF41D
:1043B000E04070472C5F5CA9E98FFFFFEA8FFFFFA9
:1043C00010B5044620B10023034A2360626010BD8B
:1043D0000248FFF77DFEF6E73A00003AE47000007D
:1043E00030B10268034B04489A4208BF002070476E
:1043F00002487047DD55AABB8208F0007108F00042
:1044000038B50D460446B0B1A0220021043002F0B8
:1044100099FB95B10822294604F1640002F098FB4B
:10442000082205F1200104F1840002F091FB002034
:10443000034B236038BD0348FCE70348FAE700BF9D
:10444000DD55AABB7108F0008308F0002DE9F743A1
:1044500005460E4699461146FFF7C2FF044600285E
:1044600040F08480002E00F08580002900F08480D8
:10447000B9F1200F40F0828005F14404082205F1D3
:104480000408204602F064FB05F1240708223146A7
:10449000404602F05DFB06F120010822384602F09A
:1044A00057FB02A941F8049D4FF4807002F044FBD1
:1044B000002865D14FF48073324A01211360936064
:1044C0000823314A00F034FB0121052308462F4A16
:1044D00000F02EFB0823424601211C2000F028FB9F
:1044E00008233A460121032000F022FB224608233C
:1044F0000121022000F01CFB0823254A01211A207B
:1045000000F016FB0523234A01211B2000F010FBBD
:104510000823214A0121142000F00AFB08231F4A26
:104520000121152000F004FB082305F1640201219C
:10453000162000F0FDFA082305F18402012117205E
:1045400000F0F6FA0823164A01210B2000F0F0FAD9
:1045500000F04AFB0446019800F0D8FA114B002CF9
:1045600018BF1C46A421284602F0EEFA204603B0EC
:10457000BDE8F0830C4CF9E70C4CF7E70C4CF5E781
:10458000084CEFE79010845048710000C0710000A3
:1045900008710000AC7100006C7100008C710000AB
:1045A000287100008408F0007608F0008008F00010
:1045B0008108F000C2690C4B1A60826943F8042C30
:1045C000426943F8082C026943F80C2CC26843F88E
:1045D000102C826843F8142C426843F8182C0268A7
:1045E00043F81C2C704700BF5C1684500C4B1B68B2
:1045F000C3610C4B1B6883610B4B1B6843610B4B06
:104600001B6803610A4B1B68C3600A4B1B6883600D
:10461000094B1B684360094B1B680360704700BF70
:104620005C1684505816845054168450501684508A
:104630004C168450481684504416845040168450BA
:1046400030B10268034B04489A4208BF002070470B
:1046500002487047DD55AABB0202F0000002F000DC
:1046600038B5044668B1051D7021284602F06CFA81
:1046700028462022044902F063FA0020034B2360FD
:1046800038BD0348FCE700BFD4710000DD55AABB6C
:104690000002F0002DE9F04385B015466F46274B28
:1046A00004460E460FCB87E80F002DB94FF00009E6
:1046B000484605B0BDE8F0832046FFF7C1FF8146BC
:1046C0000028F5D1231D0193636AA3BB236F8BB12F
:1046D000C3F14008A84528BFA84604F13000314680
:1046E0001844424602F02CFA236F464443442367A1
:1046F000A5EB0805226F402A06D104F130013846A7
:1047000000F0B4FB0023236705F03F0835F03F05B8
:1047100005D031462A46384600F0A8FB2E44B8F1B1
:10472000000FC3D04246314604F1300002F008FACF
:10473000C4F87080BCE7DFF80890B9E7A06E00000D
:104740000C02F0002DE9FF4104466F46134B0E4664
:104750000FCB87E80F002046FFF772FF8046B0B905
:10476000CEB1636A251D01953BB90123226F6362B7
:1047700004F13001384600F079FB2B46043E243426
:1047800053F8042B12BAA34246F8042FF8D140463E
:1047900004B0BDE8F081DFF80880F8E7A06E000003
:1047A0000502F000084B1B681B0EF02B08D1074BCD
:1047B0001A68074B9A4205D10020064B18607047D3
:1047C000052070470620704728198450241A845009
:1047D0000000E0200C1A8450002230B5134640F649
:1047E000FC754900023802F1A15404F5823490426C
:1047F0004FEA840402F10102CABF236025605B18FE
:104800001E2AF0D1034A13600B445360024B034A43
:104810001A6030BD781084508410845020F80F0046
:104820001E4B30B51A4685B0196800910099CC0727
:10483000FAD500F1A15000F58230800001681368BC
:104840000193019BD807FAD5154B164C1868202305
:104850001F3090FBF3F0144D0138002810DA0023CC
:104860000130400153B14FF00042A0F1200113424A
:1048700004D1013888424FEA5202F8D105B030BD68
:1048800013680393039BDB07FAD5431823602B6857
:104890000293029B002BE3D10138DEE7B410845071
:1048A000AC108450E4108450DC108450F0B51D68C6
:1048B00085B001F01F040DB91F2C28D1174D2E46CD
:1048C0002F680197019FFF07FAD500F1A15000F56D
:1048D00082308000006835680395039DED07FAD5A6
:1048E0001F2C00EB611018BFC9430D4D18BF01F01C
:1048F0001F0128600B480068029002981CBF00FA54
:1049000001F111604FF0000108BF106019601068DC
:104910004300C00F136005B0F0BD00BFB410845059
:10492000E4108450DC1084500C4B890118603F3037
:1049300020F03F004030586099600948D960196103
:10494000596199611C3382B0196002680192019A21
:10495000D207FAD5196002B0704700BF901084509A
:10496000B410845038B5A0F12003B3F5426F05466A
:104970002CD88F2826D800F1470300F16604DB0607
:104980004FEA541400D0013464013F34A4090134C7
:1049900011B1A1421AD30C464FF48050E300B0FB92
:1049A000F3F0202828BF202002B110600122084B1C
:1049B00021461A60FFF710FF28462146FFF7B4FF93
:1049C000002038BD00F11F046409DDE70148F8E765
:1049D0001C1884502221F000464BF0B51D4689B0CA
:1049E0001C680194019CE407FAD5434B002413444E
:1049F0009B001A680B181E2B88BFC0F11E011F32C6
:104A00000B1852095343B3F5806F84BF4FF4806194
:104A1000B1FBF2F1274688BF091ADFF8E4E000F1A4
:104A2000A150DFF8E0C000F58230A14233DC2B68F2
:104A30000493049BDB07FAD5304B1B68296805916A
:104A40000599CF07FAD52E4C2E49236000231E4628
:104A5000934203F1010040D11946002620F00102E3
:104A600028488A423CD8296806910699CE07FAD58B
:104A700025490968286807900798C007FAD521607A
:104A800000210C461F488B422DD100201D499A421F
:104A90002CD809B0F0BD2B680293029BDB07FAD536
:104AA00003199B001B682E680396039EF607FAD530
:104AB000CEF800300023934203F1010306D11646DD
:104AC00023F00103B34204D80134AEE7CCF8007000
:104AD000F1E7CCF800700136F4E70E600346B7E763
:104AE00006600131BDE704600131CCE708600133A5
:104AF000CDE700BFB4108450240421147C108450EE
:104B0000D4108450D81084507810845008B540B127
:104B1000202801464FF0070228BF20210020FFF780
:104B20005BFF0022014B1A6008BD00BF1C188450B7
:104B3000F0B5294D85B02C462E680096009EF607EC
:104B4000FAD500F1A15000F5823080000568206898
:104B500001900198C707FAD52048214F056002EB64
:104B60008306B24229D100275A1C1D4E22F00102B1
:104B70009A4227D823680293029BDE07FAD5194B85
:104B80000B449B001B681F335B099A4213D22168B8
:104B900003910399C907FAD5002115440560084619
:104BA0009B1A0F4A8B4210D800205A1C0C4922F045
:104BB00001029A420CD805B0F0BD52F804CBC7F8F8
:104BC00000C0CEE737600133D2E710600131E9E77A
:104BD00008600133EDE700BFB4108450D410845056
:104BE000D8108450240421142DE9F041814BA0B049
:104BF0001D68986820331E461A680192019AD707EB
:104C0000FAD57D4B7D4A1A6032680292029AD40727
:104C1000FAD57B4A1A607B4A1446116803910399BE
:104C2000C907FAD5784A1168C1F34021376804975B
:104C3000049FFF07FAD5754F1F6027680597059FEA
:104C4000FF07FAD51768002900F0CF80B90540F1B9
:104C5000CC80316806910699CF07FAD56C49196066
:104C6000216807910799C907FAD51168C1F3402156
:104C700037680897089FFF07FAD5664F1F602768B7
:104C80000997099FFF07FAD51268002900F0AF8045
:104C9000910540F1AC8032680A920A9AD207FAD59F
:104CA000564A1A6032680B920B9AD707FAD55A4ABD
:104CB0001A6031680C910C99CC07FAD557491960E4
:104CC00031680D910D99C907FAD5554919603168B8
:104CD0000E910E99CF07FAD55249196031680F919C
:104CE0000F99CC07FAD550491960504B1E461968E8
:104CF00010911099C907FAD53F4C4D4B236033688A
:104D00001193119BDB07FAD54A4B2360336812934A
:104D1000129BDF07FAD5484B23603A4B9846196837
:104D200013911399C907FAD5324F38603368149339
:104D3000149BDB07FAD5226033681593159BD807BF
:104D4000FAD53E4B236033681693169BD907FAD5E4
:104D50003B4B236033681793179BDA07FAD5394B1F
:104D6000236033681893189BDB07FAD5364B236012
:104D700033681993199BD807FAD5344B23603368ED
:104D80001A931A9BD907FAD5314B236033681B93CA
:104D90001B9BDA07FAD52F4B236000F01DFC08BBE4
:104DA000D8F800301C931C9BDB07F9D53D603368B5
:104DB0001D931D9BD907FAD5274B236033681E939B
:104DC0001E9BDA07FAD5254B2360D8F800301F93D5
:104DD0001F9BDB07F9D50C4B1B6813F4805F204B3E
:104DE00008BF184620B0BDE8F0811E48FAE71E480B
:104DF000F8E700BF901084508010845000100251DA
:104E0000C01F7229B410845088108450C0CF01296B
:104E1000C01F0E29C03F002940010249003184A86B
:104E200000001649400108A180440888B010845051
:104E3000C044708880077A41C0077E4100006A49FB
:104E40008006164940006E490002002100822021A0
:104E5000408220218082242140A161A100C86151AB
:104E60000308F1000108F1000208F100324B2DE9BE
:104E7000F74F80469246994644681A68002AFCD14A
:104E80002E4B9B461A68002AFCD14FF0FF3001914F
:104E900000F094FC802000F097FC01230720284AB2
:104EA000284DA2F59E722B60C2F83C011360636A24
:104EB000254F264E3B60A36A20463360D8F8003069
:104EC00042F8043CD8F8083098470199D9F80030E6
:104ED000002BFBD1BAF1000F20D104221C4B1A6029
:104EE000D9F80030002BFBD1DBF800A0BAF1000F9D
:104EF000FAD1D8F80C30204698473B686362336893
:104F0000A362144BC3F800A0C3F844A1D9F8003041
:104F1000002BFBD12B6003B0BDE8F08F236A40204B
:104F2000012B04BF0B4A13600B4B1960C3F804A09C
:104F300000F050FCD4E700BF10198450201C8450AE
:104F40000019845018188450CC178450D0178450FE
:104F5000C817845084168450281C8450544B10B5B4
:104F6000194698B01A680192019AD207FAD5514BA6
:104F7000514A1A600A680292029AD407FAD54F4A37
:104F80001A600A680392039AD007FAD54C48186051
:104F90000A680492049AD207FAD54A4A1A600A6843
:104FA0000592059AD407FAD5474A1A600A6806920C
:104FB000069AD207FAD5454A1A600A680792079AF4
:104FC000D407FAD5424A1A600A680892089AD207AA
:104FD000FAD5404A1A600A680992099AD407FAD5A4
:104FE0003D4A1A600A680A920A9AD207FAD53B4AE1
:104FF0001A600A680B920B9AD407FAD5384A1A60DD
:105000000A680C920C9AD207FAD5364A1A600A68D6
:105010000D920D9AD407FAD5334A1A600A680E9297
:105020000E9AD207FAD5314A1A600A680F920F9A7F
:10503000D407FAD52E4A1A600A681092109AD2073D
:10504000FAD52C4A1A601A4B19461C681194119C07
:10505000E407FAD5174B1860086812901298C40735
:10506000FAD51A600A681392139AD007FAD5124A31
:105070001A600A681492149AD207FAD51E4A1A6066
:105080000A681592159AD407FAD51C4A1A600A685C
:105090001692169AD007FAD5194A1A600A6817921A
:1050A000179AD207FAD5174A1A6018B010BD00BF78
:1050B000B01084508010845000936521000431901A
:1050C000409665900083612100C3302100C3649045
:1050D000008161900046102100811121004144218E
:1050E00000C320290C4610C80086312100C360216E
:1050F00040C128294096652100133190409625290A
:10510000594614C840043249494B10B5194694B069
:105110001A680092009AD207FAD5464B464A1A609E
:105120000A680192019AD407FAD5444A1A600A68BB
:105130000292029AD007FAD5414818600A68039291
:10514000039AD207FAD53F4A1A600A680492049A71
:10515000D407FAD53C4A1A600A680592059AD20724
:10516000FAD53A4A1A600A680692069AD407FAD51E
:10517000374A1A600A680792079AD207FAD5354A61
:105180001A600A680892089AD407FAD5324A1A6057
:105190000A680992099AD207FAD5304A1A600A6851
:1051A0000A920A9AD407FAD52D4A1A600A680B9215
:1051B0000B9AD207FAD52B4A1A600A680C920C9AFD
:1051C000D407FAD5284A1A600A680D920D9AD207B8
:1051D000FAD5264A1A600A680E920E9AD407FAD5B2
:1051E000234A1A600A680F920F9AD207FAD5214A09
:1051F0001A600F4B19461C681094109CE407FAD5EE
:105200000C4B1860086811901198C407FAD51A6001
:105210000A681292129AD007FAD5174A1A600A68D9
:105220001392139AD207FAD5144A1A6014B010BD1B
:10523000B010845080108450809065210004099043
:1052400040966590808061218020082180206490B4
:10525000008161900046102100811121004144210C
:1052600080202029024610C8008609218020602164
:10527000402128294096652140962529594614C881
:10528000504B10B51C4696B01A680192019AD2078D
:10529000FAD54D4B4D4A1A6022680292029AD20703
:1052A000FAD54B4A1A604B4A42EA80402268039280
:1052B000039AD207FAD5186022680492049AD0079C
:1052C000FAD5454A1A60A2F5800242EA8141226875
:1052D0000592059AD207FAD5196022680692069AB5
:1052E000D007FAD53D4A1A6022680792079AD1077B
:1052F000FAD53B4A1A6022680892089AD207FAD572
:10530000384A1A6022680992099AD007FAD5364AB3
:105310001A6022680A920A9AD107FAD5334A1A60AB
:1053200022680B920B9AD207FAD5314A1A6022688A
:105330000C920C9AD007FAD52E4A1A6022680D9268
:105340000D9AD107FAD52C4A1A6022680E920E9A4D
:10535000D207FAD5294A1A6022680F920F9AD0070D
:10536000FAD5274A1A60216810911099C907FAD511
:105370001A60144B1A46196811911199C807FAD589
:10538000114B20491960116812911299C907FAD579
:105390001D491960116813911399CC07FAD50B496F
:1053A0001960116814911499C807FAD51749196042
:1053B000116815911599C907FAD5154A1A6016B0E2
:1053C00010BD00BFB0108450801084504004419044
:1053D00000862929D81001C8401441904014212981
:1053E000401465210034409000310C90C0400C9076
:1053F000C030202940960D9000416090031645C8AA
:105400000086112100416021594644C8401445904E
:1054100040142D90264870B5054688B00468009465
:10542000009CE607FAD5234C23480460234C44EA49
:1054300083432C680194019CE407FAD5036093012F
:1054400043EA824242F0104444F4C0442B68029381
:10545000029BDE07FAD504602B680393039BDB07EE
:10546000FAD5174B03608B0143EA814141F01043A9
:1054700043F4C0432E680496049EF607FAD50360F1
:105480002B680593059BDE07FAD5046041F058416F
:105490002B680693069BDC07FAD5016042F0584260
:1054A0002B680793079BDB07FAD5026008B070BD35
:1054B000B0108450C021022980108450807100985F
:1054C00080611890354B8EB019461A680092009A88
:1054D000D207FAD5324B334A1A600A680192019A10
:1054E000D007FAD5304A1A600A680292029AD207A7
:1054F000FAD52E4A1A600A680392039AD007FAD5A1
:105500002B4A1A600A680492049AD207FAD5294AEB
:105510001A600A680592059AD007FAD5264A1A60D9
:105520000A680692069AD207FAD5244A1A600A68CF
:105530000792079AD007FAD5214A1A600A6808929A
:10554000089AD207FAD51F4A1A600A680992099A7E
:10555000D007FAD51C4A1A600A680A920A9AD2073A
:10556000FAD51A4A1A6008680B900B98C007FAD54A
:105570001A600A680C920C9AD007FAD5144A1A607D
:105580000A680D920D9AD207FAD5124A0E211A60B6
:1055900000200D230F220EB0FFF73CBFB010845047
:1055A0008010845080430129406339218070012993
:1055B0008020542100D13490C0403490C030202944
:1055C000C0530D9000413890832308C880E3102118
:1055D00000413821CF4308C801232DE9F04192B0A2
:1055E000CDE90333624B1D461A680592059AD2072E
:1055F000FAD5604B604C2360604B19461A680692DE
:10560000069AD707FAD55E4B1A68D60400F1A8802F
:105610002A680792079AD007FAD55A4A22600A6880
:105620000892089AD207FAD51E68C6F30036002EF3
:1056300040F098801220FFF7F3F807461320FFF799
:10564000EFF887428CBF12201320FFF7E9F8471EBE
:10565000FFF738FF03AB01AA39461220FFF726F9FE
:1056600004AB804602AA39461320FFF71FF900EB6E
:105670004800022832D003283ED0012874D12B687C
:105680000993099BDB07FAD53F4B23602B680A93EC
:105690000A9BD807FAD53D4B23602B680F930F9BCD
:1056A000D907FAD53A4B23602B681093109BDA0781
:1056B000FAD5384B23602B681193119BDB07FAD581
:1056C000354B2360013F25D51023192218210020D6
:1056D000FFF7A0FE304612B0BDE8F0812B680B93B7
:1056E0000B9BD907FAD52D4B23602B680C930C9B91
:1056F000DA07FAD52A4BCFE72B680D930D9BDB0712
:10570000FAD5284B23602B680E930E9BD807FAD549
:10571000254BC1E703AB01AA39461220FFF7C6F8B3
:1057200004AB044602AA39461320FFF7BFF810EB7A
:10573000440402D1FFF712FCC4E7FFF7E5FC022C9A
:1057400008D0032C09D0012C10D117211620FFF707
:1057500097FDB7E715211420F9E70F210E20F6E792
:10576000124EB7E7124EB5E7124EB3E7124EB1E74D
:10577000B010845000084A5180108450B4108450F6
:105780008810845000084E5100065A4940065E4970
:10579000000442410014424940042E490006524987
:1057A0004006564900063A4940063E490608F100BF
:1057B0000708F1000408F1000508F100014B18602A
:1057C000704700BF081A8450014B1860704700BF33
:1057D000041A8450034A13681842FCD0024A10602D
:1057E00018467047001A8450081A845070470020E9
:1057F000704730B5836804468B42154685B00ED994
:105800006368C068194401AA00F01DFE28B96268E7
:10581000019B9B1A2B60029B6B6005B030BD6FF043
:105820002100FAE770472DE9F7430E4617469946DF
:10583000044628B94FF0FF38404603B0BDE8F08376
:105840000029F7D0002AF5D0CB680D8938461D44D1
:10585000042329460DEB030200F056FC8046002885
:10586000E8D146F60812BDF804107389914225D19B
:10587000BDF806109942DDD1042338460DEB030232
:10588000294400F041FC0028D4D146F60713BDF8A6
:1058900004209A42CED1C4E900679DF82830A4F8CC
:1058A0000890A3727389BDF806202B44E3607389C6
:1058B00013442B44043563612561BDE7002BE4D01C
:1058C000B8E72DE9F3410E4617461D46044620B9B8
:1058D0004FF0FF3002B0BDE8F0810368002BF7D035
:1058E0004368002BF4D04FF6FF78D4E904239A42A2
:1058F00016D223685B8923B1E368934204BF043363
:1059000023610423216960680DEB030200F0FCFBB6
:105910000028DDD1A37A2BB1D4E903329A4201D316
:105920000120D7E72389BDF80610434501F10402A1
:1059300003D0BDF804C09C450BD115B1BDF80430AF
:105940002B80236904333360398023691344236136
:10595000C0E7236913442361C7E748B103683BB13B
:1059600043682BB1C068884294BF00200120704773
:105970004FF0FF30704773B50C46064611460223C0
:10598000204601AA00F02FFA0546E8B9019A1F2A1D
:105990000ED9A2F12001304620222368194400F0DC
:1059A0008DFC2368019A13442360284602B070BD21
:1059B0000146C2F12002304600F08BFC019A2168BA
:1059C000C2F120003044EAE76FF00205EDE74FF442
:1059D000C07358433030704710B5044600F0D8FB10
:1059E0004FF4C072A368303B02FB103010BD70B59D
:1059F0000D46044600F08BFE2A46A0F10801042360
:105A00002046BDE8704000F07FBB13B5044601910D
:105A100000F07DFE0423A0F108010DEB03022046F7
:105A200000F0B8FE02B010BDF7B5044600200D46E8
:105A30001746FAF787FD6946C0B2FCF749F930B15D
:105A40000125009800F05FFB284603B0F0BD2C2331
:105A500003FB0544E368268900981E44042331466D
:105A60000DEB030200F050FB05460028E8D146F696
:105A70000813BDF8042064899A42009819D1BDF832
:105A800006309C4201D00325DBE70423A1190DEB6E
:105A9000030200F039FB0028D2D146F60713BDF807
:105AA00004209A42EFD1BDF80610214431443960F8
:105AB000C7E7002CF1D0E6E7FFF7FEBFFFF7FCBF1A
:105AC000FFF7FABFFFF7F8BFFFF7F6BFFFF7F4BF26
:105AD000FFF7F2BFFFF7F0BFFFF7EEBF704770B5FB
:105AE00013460E461546002102460446FBF742FACD
:105AF00050B92B460121204604F12C02FBF73AFA5B
:105B000010B1002E08BF002070BD37B580250446B7
:105B1000426A01A90320019500F06AFB58B9019B74
:105B20000920226DA36201A9019500F061FB0546E1
:105B300028B1092500E00125284603B030BD019BAE
:105B4000206A636500F024FBE065F5E7012303604C
:105B500003F1012343600023C0E902337047437916
:105B6000012B07D10368012B04D10079431E584251
:105B700058417047002070477FB506460D46032008
:105B800001A9FCF7A5F838BB0198FFF725FFF16DD7
:105B90000446284600F0C8F80444019800F0F8FADA
:105BA0000646019800F0FBFA082201460DEB0200C0
:105BB00000F08FFB2B7921468DF808300198334691
:105BC00002AA00F0B6FA041E019818BF012400F0E2
:105BD0009AFA204604B070BD0124FAE700F0BEBA7C
:105BE0002DE9F843036A0D46994222D0C36C9942CD
:105BF00021D101262C2303FB0606C06DB46AFFF7F2
:105C0000E6FE4FF000080746013C736A284603EBA6
:105C1000C40253F83410D2F804901B684A46C91ADB
:105C2000C844FFF7DBFFB84504F1FF34EDD3BDE80E
:105C3000F8830026DEE70120F9E737B515460C4664
:105C4000C06C6946FDF752FAE979012903D00022B8
:105C5000204600F0F6FD9DF80330012B02D12046CE
:105C600000F0CEFDA9682046FFF7CFFE2046FDF7E5
:105C70001DFA002003B030BD73B50D460646FBF794
:105C800077FA0446E86058B302282ED1032001A910
:105C9000FCF71EF858BB2A4631460198FBF7C0F9BD
:105CA0000446D0B9019800F032FD012301460DF100
:105CB0000302019800F028FA0446A0B901220198D5
:105CC0000DF1030100F037FD10B101238DF8033011
:105CD0009DF8033003F00F03EB71019800F013FA05
:105CE000204602B070BD0124F7E70724F8E701243D
:105CF000F6E738B5436A0446C06D5D68FFF767FE96
:105D000000230246A06A01382B449A4201D9013887
:105D1000FAE738BD436A00205A68034613448B42B1
:105D200000F10100FAD3704710B543790279012BD5
:105D300006BF00230C46CB0102F1FF3201FB023308
:105D4000026818BF4C00013A04FB023010BD70B568
:105D50000368CD1A002D02DC6FF05F0070BD93F96F
:105D600000601C78002E0ADB5C1C04601B7813604A
:105D70000368C91A13688B42EED80020EEE704F0DE
:105D80007F04013C032C2BD8DFE804F0020A142125
:105D9000012DE1D05B781360036802330360E7E70D
:105DA000022DD9DDB3F801305BBA9BB213600368F2
:105DB0000333F3E7032DCFDD9C785D782402DB7895
:105DC00044EA05442343136003680433E6E7042DE3
:105DD000C2DDD3F801301BBA136003680533DDE779
:105DE0006FF06300BAE770B404680E1B002E07DD85
:105DF00026789E4208D10134046070BCFFF7A7BF2B
:105E00006FF05F0070BC70476FF06100FAE738B563
:105E100003230446FFF7E7FF18B9136813B96FF0BF
:105E2000670038BD013B136023681A78002AF6D159
:105E300001332360F5E72DE9F34190461F4601AA9F
:105E4000302305460E46FFF7CEFF0446F0B92B6817
:105E5000F61A002E34DD42461B78284642F8043BF1
:105E60002E68019B1E4431460623FFF7BCFF044603
:105E700060B92B68D8F80420C8F808309918B142E6
:105E8000296007D10C213846FBF71CFB204602B0E5
:105E9000BDE8F0819B5C3A4642F8043B2B683146F2
:105EA000013328462B60FFF752FF60B92B687A68F0
:105EB000BB601344B34218BF6FF065042B60E5E785
:105EC0006FF05F04E2E70446E0E7F8B5B1F1005F88
:105ED0000546144600AF10D26E46D31D23F00703CB
:105EE000ADEB030D684600F0E9F969462246284605
:105EF000FEF7D0FBB546BD46F8BDFEF7CBFBFAE793
:105F000010B5036A0446D8688368DB689847E36C79
:105F1000D8688368DB689847012010BD002070476F
:105F20000FB407B504A951F8040B0191FBF792FBDC
:105F300003B05DF804EB04B07047038B13F0070364
:105F400005D10368002B0CBF002003207047022BF3
:105F500005D1408BB0FA80F0400980007047012BDA
:105F600005D10368002B0CBF0020052070470020DE
:105F7000704710B50C4600B111B96FF0150010BD97
:105F8000081D00F094F80028F9D1A368032BF6D976
:105F9000F3E72DE9F0410D4607461946281D9046C6
:105FA0001E4600F095F8044638B13346424629466D
:105FB0003846A446BDE8F0416047BDE8F08110B422
:105FC000EFF31182202484F31288BFF36F8F4161B5
:105FD0005DF8044B0121FBF76DBD38B50C46054655
:105FE00058B151B10B6843B14B6833B11C22002149
:105FF00000F06FF900202C6138BD6FF01500FBE751
:1060000070B505460E46FFF7B4FF041E14DBEFF330
:106010001182202383F31288BFF36F8F4FF6FF7135
:106020006B8B2C8B8B4204F0070407D182F3118811
:10603000BFF36F8F6FF00A04204670BD022C0CD1A5
:1060400001336B8382F31188BFF36F8F00232246E5
:1060500031462846FFF79DFFEEE7062C14D8DFE80F
:1060600004F004131313041A0400002333606B6854
:106070003BB9C5E90066ACB902212846FBF71AFD19
:10608000DAE71E606E60F6E782F31188BFF36F8F68
:106090006FF00404D0E782F31188BFF36F8F6FF0C5
:1060A0008504C9E782F31188BFF36F8FC4E7034605
:1060B00058B1426802F00302012A03D0032A04D136
:1060C000026812B10020986070476FF015007047A9
:1060D0004268034602F00302032A4FF00002816087
:1060E00014BF104600685A60704770470FB407B578
:1060F00004A951F8040B0191FBF7ACFA03B05DF869
:1061000004EB04B070477047002930B404461846C9
:106110000BDBA5680844A84207D8E06864682144FE
:1061200084682468A44630BC60476FF0150030BC1A
:106130007047002930B4044618460BDBA5680844B4
:10614000A84207D8E0686468214484686468A4466B
:1061500030BC60476FF0150030BC70470029034623
:1061600010B410460CDB9C680844A04208D8D868DC
:106170005B68194483689B683BB15DF8044B184722
:106180006FF015005DF8044B70476FF05700F9E7AA
:1061900008B5C0688368DB689847006808BD08B523
:1061A000C0688368DB689847407908BD70B54C6863
:1061B0000368A34201D2012070BD8A682244934241
:1061C00001D30020F8E74E69D1E90325B54203D396
:1061D0006FF00B038B61F4E71B1B42F8353043680B
:1061E000086902EBC00253600B6901330B61E2E7FF
:1061F00037B50C46C0B201A91546FBF769FD00286A
:106200000CDB019850B121462A46FBF787FD044676
:106210000198FFF778FF204603B030BD6FF01504FA
:10622000F9E7FEE77047012801D1EFF3058300F09D
:1062300025BC01460068FFF7F6BF08B5FBF7A0FDD7
:10624000BDE8084000F000B8704700210120FFF7CA
:10625000EABF61B662B680F31188BFF36F8F7047F3
:10626000EFF31180202383F31288BFF36F8F704701
:1062700072B6002383F31188BFF36F8FBFF34F8F84
:1062800020BF80F31188BFF36F8F62B6704703465B
:1062900000201A5C02B970470130FAE710B55AB114
:1062A0000139841810F8012B11F8013FA04201D0E8
:1062B0009A42F7D0D01A10BD1046FCE710B5431E25
:1062C0000A44914200D110BD11F8014B03F8014F6F
:1062D000F7E70346C9B20244934200D1704703F87E
:1062E000011BF9E74FF0FF3070470C220369C9B278
:1062F00001FB0233186C00F00700704770B5C9B29B
:106300000369EFF31185202484F31288BFF36F8FA4
:106310000C2606FB0134246C14F0C00408D0A24201
:1063200006D085F31188BFF36F8F4FF0FF3070BD3B
:10633000012271430B441A6485F31188BFF36F8FF8
:1063400043680B445B6898470020F0E78022FFF722
:10635000D5BFF8B5069F0469C9B2EFF311862025B1
:1063600085F31288BFF36F8F0C2569430C44256CAD
:1063700005F0070CBCF1010F0BD1276486F31188DF
:10638000BFF36F8FC4E90E2343685B589847002022
:10639000F8BD05F0C005AF4286F31188BFF36F8FDB
:1063A0000CBF6FF077004FF0FF30F1E713B580249A
:1063B0000094FFF7CEFF02B010BD6FF0850070476C
:1063C00010B41C240069CBB203FB040000215DF86B
:1063D000044B10470020FDF7F1B8002000F0CCBAC4
:1063E0002DE9F3411C460023904682682360A36098
:1063F0000D465369694601AA9847019B5A1E0192AE
:1064000023B96FF0150002B0BDE8F0810098A268D2
:1064100047682168676085B9A8EB02030668B34244
:1064200028BF334603FB07111A442160A2600268AB
:106430009A4206D808300090DFE76B1AB3FBF7F3F7
:10644000ECE70020DFE713460022FFF7C9BF2DE984
:10645000F0470024836886B0884691465B6902AAAB
:1064600001A99847A2462546029BAB4202D806B036
:10647000BDE8F0870026019F07EBC5077B68049302
:106480003A680AEB0603B24202D89A460135EBE7B6
:1064900049460394059303A8C0470028E7D0049B0E
:1064A00001361C44ECE710B50C4600F0C3FA00239B
:1064B000C4E90003184610BD38B505460C4600F087
:1064C000B9FA002D07DBA84205D9401B84428CBFD6
:1064D0000020012038BD0020FCE770B50C461546B1
:1064E00000F0ABFA294606462046FFF7E5FFB8B1B3
:1064F000B4FBF6F306FB134393B9B5FBF6F306FBC7
:1065000013536BB9AE4201D9002070BD00F095FA6B
:1065100006462046FDF76CFCAD1B3444F9D1F3E789
:106520006FF01500F1E770B50D461946284616467E
:106530001C46FFF7C1FF38B124B122462946304638
:10654000FFF7BCFE002070BD6FF01500FBE743684D
:1065500000205B681B690B607047436802EA01001A
:106560005B6821EA020198600020D96070474368A7
:1065700000205B6899607047436800205B68D960C1
:10658000704743685A68536821EA03000B409060E3
:106590000020D360704710B503695868F8B188428D
:1065A00019D19C680868A142586000D19860002009
:1065B00008602AB15A680A609A68596002B99960FD
:1065C000002010E0814206D108682060986881426E
:1065D000EDD19C60EBE7044600680028F2D1002A68
:1065E000E8D16FF0150010BD30B543681360057A2F
:1065F000446804EBC504A34202D36FF0010030BD30
:106600005C798C4201D00833F0E70020F7E743685B
:106610001B68D3F88004C3F880047047426813688D
:10662000D3F8100150B10020D26912780A70C3F873
:106630001001D3F8102101221A6070474FF0FF308B
:10664000704702680346D2F8580140B95B68DB071F
:1066500006D4D2F82001003818BF0120704701206D
:10666000704743681B68D3F80423D20517D5D3F8C5
:106670002021A2B1EFF31182202181F31288BFF310
:106680006F8FD3F8201131B10021C3F82011D3F856
:1066900020110121D96082F31188BFF36F8FD3F8E5
:1066A0005831704710B50446002201210920FBF73C
:1066B00045FD0920FBF712FD2046BDE81040FCF720
:1066C0003DBA10B50446002201210820FBF736FD33
:1066D0000820FBF703FD2046BDE81040FCF72EBA6A
:1066E000002200F150039B009BB203F1502303F5FD
:1066F00080331A601B687047FDF7BCBC08B5FBF718
:1067000039FBFFF78FFDBDE80840FDF7B3BC80689B
:10671000183820F0070010387047042809D00528E1
:1067200003D1481E18BF01207047431A58425841F0
:1067300070470120704738B515460C4661B15AB113
:10674000FFF72DFD2146254411F8013B834203D17B
:10675000A942F9D1012038BD0020FCE738B50C462C
:106760000123114622460546FFF7CEFC00280FDB29
:10677000012221462846FFF7DEFF38B92378012B96
:1067800014BF022301230020237038BD0323FAE73E
:106790000120FAE72DE9F7431D4606460F469046CD
:1067A000FFF7F6FC6C1E044440420440082C1AD843
:1067B0003046FFF7F4FC81462A4641466846FFF71B
:1067C0007DFD4946621B0DEB0500FFF782FD234668
:1067D0006A4639463046FFF7ACFC003818BF012046
:1067E00003B0BDE8F0834FF0FF30F9E707B50123B0
:1067F0008DF8042001AAFFF7CDFF03B05DF804FB7C
:1068000081680122183921F00701FFF7EFBF826884
:10681000183A22F00702FFF7A1BF13B50C46C0B229
:1068200001A9FBF755FA50B921460198FCF75EFC27
:1068300004460198FFF767FC204602B010BD012412
:10684000FAE713B541EA021104468DF80710FFF785
:106850005EFF012301460DF107022046FFF79AFF74
:1068600002B010BD81680122183921F007010839F2
:10687000FFF7BCBF4FF47F03D3F83001D3F83431B6
:10688000BFF34F8FC0F30B00A0F1090358425841EA
:1068900070474FF47F02D2F83031D2F83401BFF3A1
:1068A0004F8FC3F30B03092B03D1431E58425841AA
:1068B000704700207047004700F0C5B840F0004026
:1068C000C1F88000C2F880007047F7B50646F8B1FD
:1068D00001281BD104224FF4807301464FF0502051
:1068E0000025C0F80813012142F210744FF0502720
:1068F0000344024411601D608E421B688DF807102E
:1069000008BF0DF1070546B1012E23D003B0F0BD3D
:106910000C224FF482730221E0E7D7F8183403F415
:1069200080333DB9002BF1D00120FFF7C5FF013CBA
:10693000F3D1EBE7D7F8182402F003022A70002BFA
:10694000E4D09DF807000128E0D1FFF7B5FF013C36
:10695000D9D1DBE7D7F80C3403F480333DB9002BF1
:10696000D4D00120FFF7A8FF013CF3D1CEE7D7F840
:106970000C2402F00102E1E7FFF7A7BFF7B51646C6
:10698000DDE90847019001A81D46FCF7AFFE019B19
:10699000B6F1000C18BF4FF0010C00EB83000B1E8A
:1069A00018BF0123002D43EA4C0314BF4FF00C0C19
:1069B0004FF0000C002C43EA0C0314BF4FF4E06CC2
:1069C0004FF0000C002F43EA0C0314BF4FF4403C7F
:1069D0004FF0000CD0F8002243EA0C0322EA030334
:1069E00001B109780EB13678760019430DB12D78D2
:1069F000AD0031430CB12478240229430FB13F7814
:106A00003F040C433C43C0F8004203B0F0BD1FB547
:106A10000DF10F03019300238DF80F101A4619464C
:106A20000093FFF7ABFF05B05DF804FBFCF710BF68
:106A3000FCF7EEBE4FF4801070474FF48050704763
:106A40004FF48070704708B1FBF710BC7047704777
:106A500040B1C368587810F001001EBF1878B0FA32
:106A600080F040097047EFF31183202383F31288ED
:106A7000BFF36F8FFEE708B5FFF7F5FF10B5EFF333
:106A80001184202383F31288BFF36F8FFFF7F3FF86
:106A900084F31188BFF36F8F10BD10B5D0E90034B7
:106AA00033B90020E268537843F00103537010BDFE
:106AB000204698470028F4D00028B8BF4042FF285D
:106AC000A8BFFF20E3681870ECE7FFF702BCFFF7F0
:106AD000F5BB7047EFF30580003818BF0120704701
:106AE00010B5FDF743FA0446FDF748FA74B1D4E94E
:106AF00004321B1A62EBE072B3F1004F72F1000135
:106B000004DA002AACBF1846002010BD6FF0004028
:106B1000FBE72DE9F041069F044615461E46FDF7AA
:106B20006FFC38B93B46324629462046BDE8F04165
:106B3000FDF78CBCBDE8F0810A460021FDF712BFCD
:106B4000FFF7BCBBFFF7C5BB0A460021FFF7C1BB7F
:106B500001EB820204388A4201D10020704752F8CA
:106B6000043D1BBA40F8043FF5E700000C96FF7F98
:106B7000010000005D220000000000002923000049
:106B8000C46B000021260000D86B0000F9660000ED
:106B900000000000C3660000006C0000A566000055
:106BA000EC6B00005525000000000000712E000075
:106BB00000000000FD66000000000000BD25000090
:106BC000146C000078780000A06F00006C6E00006C
:106BD00000010020340E0020A6780000C06F0000E5
:106BE000486E000004010020900E0020BA780000DA
:106BF000D86F0000886E0000060100209C0E002067
:106C0000C47800001C700000886E0000080100209D
:106C1000A80E00208F78000000000000306E0000F9
:106C20000201002000000000000000004B62000094
:106C3000000000004B620000000000004B620000FA
:106C4000000000004B620000000000004B620000EA
:106C50006D360000B7680000000000004B620000C5
:106C6000000000004B620000006C00006366000042
:106C7000EC6B000063660000000000004B62000047
:106C8000000000004B620000000000004B620000AA
:106C9000693C0000B7680000000000004B62000083
:106CA000000000004B620000000000004B6200008A
:106CB000000000004B620000000000004B6200007A
:106CC000000000004B620000000000004B6200006A
:106CD00000000000012F0000000000004B620000D7
:106CE000000000004B620000000000004B6200004A
:106CF000000000004B620000000000004B6200003A
:106D0000000000004B620000000000004B62000029
:106D1000000000004B620000000000004B62000019
:106D2000000000004B620000000000004B62000009
:106D3000000000004B620000000000004B620000F9
:106D4000000000004B620000000000004B620000E9
:106D5000000000004B620000000000004B620000D9
:106D6000000000004B620000000000004B620000C9
:106D7000000000004B620000000000004B620000B9
:106D8000000000004B620000000000004B620000A9
:106D9000000000004B620000000000004B62000099
:106DA000000000004B620000000000004B62000089
:106DB000000000004B620000000000004B62000079
:106DC000000000004B620000000000004B62000069
:106DD000000000004B620000000000004B62000059
:106DE000000000004B620000000000004B62000049
:106DF000000000004B620000000000004B62000039
:106E0000000000004B620000000000004B62000028
:106E1000000000004B620000000000004B62000018
:106E2000000000004B620000000000004B62000008
:106E300027650000D5250000DB640000B5250000B3
:106E4000A7640000A5250000A52600004F650000EE
:106E50005B6500006F6500007965000083650000D8
:106E6000212800009765000000000000BB630000BF
:106E70004D630000AD63000000000000EB62000005
:106E800000000000000000001D660000912A0000C4
:0C6E90000F6600001E73000003000000ED
:106EA0000200000000000000B5450000ED450000B4
:106EB0000338FDD8704700000300000009000000FF
:106EC0000100000079770000DC6E00000300000084
:106ED0000900000003000000090000005B00000042
:106EE00000800050009000500A00000000000000E8
:106EF0000000000000C00000146C00000100000051
:106F000000C0000000400000146C000002000000FF
:106F10000000010000020000146C000003000000EB
:106F20000000010000800700146C00000400000055
:106F30000000010000800000146C0000050000004B
:106F400000020100007E0700146C00000600000033
:106F500000020100007E0000146C00000700000029
:106F60000080010000000700146C00000800000011
:106F70000080010000000700146C00000900000000
:106F80000080080000800700146C00000000000072
:106F900023620000B12200008122000000000000F6
:106FA000CD230000F522000083780000D5630000A7
:106FB000DB630000897800000400000000FF00008F
:106FC000FFFFFFFF002584500000000000000000CC
:106FD00000D00050000000000090005001000000B0
:106FE00000000000F86F00000000D6010000000063
:106FF000E60F0020E50F0020009000500470000014
:10700000010000000C700000040000001D000000E2
:10701000100000021C060001110600030080005051
:1070200001000000000000003C7000000000D601DC
:1070300000000000E80F0020E70F00200080005053
:1070400048700000010000005070000004000000C3
:107050001B0000000E0000021A0600010F060003CC
:107060000300000009000000746B0000746B000056
:10707000AC6B0000B46B0000C46B0000C46B00007C
:10708000FF8FFFFFFF8FFFFFFE8FFFFFFE8FFFFFD2
:10709000FD8FFFFFFC8FFFFFFC8FFFFF436F756CC1
:1070A00064206E6F74206C6F636B20706F776572F5
:1070B0002073617665206D75746578006D757465F3
:1070C000785F667265652063616C6C6564207769C2
:1070D0007468204E554C4C20706172616D6574650A
:1070E0007200000043616E277420696E69746961E3
:1070F0006C697A65206D757465782C2077617320D2
:107100004E554C4C0D0A0000FFFFFFFFFFFFFFFF35
:10711000FFFFFFFF00000000000000000000000073
:1071200001000000FFFFFFFFFCFFFFFFFFFFFFFF6D
:10713000FFFFFFFF00000000000000000000000053
:1071400001000000FFFFFFFF512563FCC2CAB9F335
:10715000849E17A7ADFAE6BCFFFFFFFFFFFFFFFF0E
:1071600000000000FFFFFFFF0000000096C298D85B
:107170004539A1F4A033EB2D817D0377F240A46360
:10718000E5E6BCF847422CE1F2D1176BF551BF3769
:107190006840B6CBCE5E316B5733CE2B169E0F7C3C
:1071A0004AEBE78E9B7F1AFEE242E34FFFFFFFFFB1
:1071B0007F000000800000000000000000000000D0
:1071C000FFFFFFFF7F0000008000000000000000C4
:1071D0000000000067E6096A85AE67BB72F36E3C8B
:1071E0003AF54FA57F520E518C68059BABD9831F92
:1071F00019CDE05B01000200100011001200200018
:10720000210022002300240030003100320033002E
:10721000FFFF77C295F360D2EF7F3552500F2CB647
:10722000798025633A205374617274696E672062B5
:107230006F6F746C6F616465720A0025633A205544
:107240006E61626C6520746F2066696E6420626F87
:107250006F7461626C6520696D6167650A00256302
:107260003A20426F6F746C6F61646572206368616D
:10727000696E6C6F61642061646472657373206F02
:1072800066667365743A20307825780A0025633A7B
:1072900020496D6167652076657273696F6E3A206B
:1072A0007625642E25642E25640A0025633A204A3B
:1072B000756D70696E6720746F20746865206669EB
:1072C00072737420696D61676520736C6F740A0056
:1072D00025633A2050726F74656374206D63756224
:1072E0006F6F7420666C617368206661696C656499
:1072F0002C2063616E63656C2073746172747570A9
:107300002E0A0025633A204E657665722073686FF9
:10731000756C642067657420686572650A006D632A
:1073200075626F6F740025633A20696E76616C69CF
:107330006420666C6173682049442025643B2065A5
:10734000787065637465642025640A002A8648CED7
:107350003D030107002A8648CE3D02010025633A1D
:10736000204661696C656420746F207265616420D9
:107370007374617475732066726F6D2025642C20A0
:107380006572722025640A0A0025633A20556E61F1
:10739000626C6520746F2064657465726D696E65DA
:1073A00020666C61736820736563746F72206F660A
:1073B0002074686520696D61676520747261696C0D
:1073C00065720A007072696D617279007365636F2E
:1073D0006E646172790025633A20436C6561726561
:1073E0006420696D616765202564207072696D6134
:1073F000727920736C6F7420747261696C6572208D
:1074000064756520746F20737475636B2072657684
:107410006572740A0025633A20496D6167652069C9
:107420006E2074686520257320736C6F74206973F7
:10743000206E6F742076616C6964210A0025633ABE
:107440002025642073746174757320777269746584
:10745000206661696C7320706572666F726D696E0B
:10746000672074686520737761700A0025633A208D
:107470004661696C656420746F206F70656E20666C
:107480006C61736820617265612049442025642025
:1074900028696D61676520256420736C6F742025F1
:1074A00064293A2025642C2063616E6E6F7420631A
:1074B0006F6E74696E75650A0025633A20466169CE
:1074C0006C65642072656164696E672073656374BE
:1074D0006F72733B20424F4F545F4D41585F494D8F
:1074E000475F534543544F52533D2564202D20742C
:1074F0006F6F20736D616C6C3F0A0025633A204604
:1075000061696C65642072656164696E6720696D8C
:1075100061676520686561646572733B20496D61D0
:1075200067653D25750A0025633A204661696C65EB
:10753000642072656164696E6720626F6F74207386
:1075400074617475733B20496D6167653D25750AEB
:107550000025633A2070616E6963210A0025633A51
:1075600020446574656374656420696E636F6E732F
:10757000697374656E7420737461747573210A0085
:1075800025633A2043616E6E6F7420757067726177
:1075900064653A206E6F74206120636F6D70617452
:1075A00069626C6520616D6F756E74206F66207303
:1075B0006563746F72730A0025633A2043616E6ECF
:1075C0006F7420757067726164653A206D6F7265C3
:1075D00020736563746F7273207468616E20616CD0
:1075E0006C6F7765640A0025633A2043616E6E6FA5
:1075F0007420757067726164653A206E6F742073D1
:10760000616D6520736563746F72206C61796F754D
:10761000740A0025633A2043616E6E6F74207570A2
:1076200067726164653A20736C6F74207772697455
:10763000652073697A657320617265206E6F7420AE
:10764000636F6D70617469626C650A0062616400E9
:10765000676F6F6400756E736574005072696D6159
:10766000727920696D6167650025633A2025733A58
:10767000206D616769633D25732C20737761705FAE
:10768000747970653D307825782C20636F70795F50
:10769000646F6E653D307825782C20696D61676573
:1076A0005F6F6B3D307825780A005365636F6E64B9
:1076B00061727920696D6167650025633A20426FC8
:1076C0006F7420736F757263653A207072696D61B3
:1076D000727920736C6F740A0025633A20426F6FD1
:1076E0007420736F757263653A206E6F6E650A0061
:1076F00025633A205374617274696E6720737761F1
:1077000070207573696E67206D6F766520616C6798
:107710006F726974686D2E0A0025633A204E6F748B
:1077200020656E6F7567682066726565207370618D
:10773000636520746F2072756E2073776170207599
:107740007067726164650A0025633A20726571751D
:10775000697265642025642062797465732062759E
:1077600074206F6E6C7920256420617265206176CB
:1077700061696C61626C650A003059301306072A32
:107780008648CE3D020106082A8648CE3D03010701
:10779000034200042ACB403CE8FEED5BA44995A1DE
:1077A000A91DAEE8DBBE1937CD14FB2F245737E5F2
:1077B000953988D994B9D65AEBD7CDD5308AD6FE2B
:1077C00048B24A6A810EE5F07D8B6834CC3A6AFC97
:1077D000538EFAC12D0020002B0030780030580065
:1077E000286E696C29002A2A2A20426F6F74696EFC
:1077F00067204D4355626F6F742076322E312E30E4
:107800002D6465762D6165316565353766333930B0
:1078100036202A2A2A0A002A2A2A205573696E67E6
:10782000206E524620436F6E6E6563742053444B46
:107830002076332E302E322D383962613132393490
:1078400061633962202A2A2A0A002A2A2A205573CB
:10785000696E67205A6570687972204F53207634BC
:107860002E302E39392D6637393163343966343943
:107870003263202A2A2A0A00636C6F636B4035301A
:107880003030006866636C6B006C66636C6B00661E
:107890006C6173682D636F6E74726F6C6C6572408F
:1078A0003339303030006770696F403834323530EA
:1078B0003000000102030405060775617274403947
:1078C000303030007561727440383030300070658F
:1078D000726D0074657374004255473B2063616E9E
:1078E00027742068617070656E00726576657274C9
:1078F0000025633A205365636F6E64617279206975
:107900006D616765206F6620696D616765207061D4
:107910006972202825642E2920697320756E72658E
:1079200061636861626C652E2054726561742069C0
:107930007420617320656D7074790A0025633A20A4
:10794000496D61676520696E6465783A2025642C0D
:10795000205377617020747970653A2025730A008E
:1079600025633A20496D61676520696E6465783AE0
:107970002025642C205377617020747970653A203B
:107980006E6F6E650A000401040304020401040121
:1079900004030104030401040000010088EACD1F70
:1079A00055555515AAAAAA1AD36200001D5F0000FA
:1079B000EC6E0000E5620000007001500000000065
:1079C000FFFF00003F000000FFFF00003F0000003D
:1079D00000000000000000000000000000000000A7
:1079E0000000000000000000000000000000000097
:1079F0000000000000000000000000000000000087
:107A00000000000000000000000000000000000076
:107A10000000000000000000000000000000000066
:107A200008000000FF00000000000000010000004E
:107A300000000000980000209800002000000000D6
:107A4000AD400000B0000020CC000020C4000020A9
:107A5000C0000020BC000020F8000020F000002042
:107A6000E800002000000000E0000020C14300000A
:107A70000D4300004143000089430000D40E002064
:107A80003A00003AD80E00203A00003ADC0E0020FE
:107A90003A00003AE00E00203A00003A00000000F0
:067AA000000000000000E0
:047AA80015E015E0F0
:020000040001F9
:100000003DB8F3960000000000020000E02B030062
:1000100000000000000000000000000000000000E0
:10002000FFFFFFFFFFFFFFFFFFFFFFFFFFFFFFFFE0
:10003000FFFFFFFFFFFFFFFFFFFFFFFFFFFFFFFFD0
:10004000FFFFFFFFFFFFFFFFFFFFFFFFFFFFFFFFC0
:10005000FFFFFFFFFFFFFFFFFFFFFFFFFFFFFFFFB0
:10006000FFFFFFFFFFFFFFFFFFFFFFFFFFFFFFFFA0
:10007000FFFFFFFFFFFFFFFFFFFFFFFFFFFFFFFF90
:10008000FFFFFFFFFFFFFFFFFFFFFFFFFFFFFFFF80
:10009000FFFFFFFFFFFFFFFFFFFFFFFFFFFFFFFF70
:1000A000FFFFFFFFFFFFFFFFFFFFFFFFFFFFFFFF60
:1000B000FFFFFFFFFFFFFFFFFFFFFFFFFFFFFFFF50
:1000C000FFFFFFFFFFFFFFFFFFFFFFFFFFFFFFFF40
:1000D000FFFFFFFFFFFFFFFFFFFFFFFFFFFFFFFF30
:1000E000FFFFFFFFFFFFFFFFFFFFFFFFFFFFFFFF20
:1000F000FFFFFFFFFFFFFFFFFFFFFFFFFFFFFFFF10
:10010000FFFFFFFFFFFFFFFFFFFFFFFFFFFFFFFFFF
:10011000FFFFFFFFFFFFFFFFFFFFFFFFFFFFFFFFEF
:10012000FFFFFFFFFFFFFFFFFFFFFFFFFFFFFFFFDF
:10013000FFFFFFFFFFFFFFFFFFFFFFFFFFFFFFFFCF
:10014000FFFFFFFFFFFFFFFFFFFFFFFFFFFFFFFFBF
:10015000FFFFFFFFFFFFFFFFFFFFFFFFFFFFFFFFAF
:10016000FFFFFFFFFFFFFFFFFFFFFFFFFFFFFFFF9F
:10017000FFFFFFFFFFFFFFFFFFFFFFFFFFFFFFFF8F
:10018000FFFFFFFFFFFFFFFFFFFFFFFFFFFFFFFF7F
:10019000FFFFFFFFFFFFFFFFFFFFFFFFFFFFFFFF6F
:1001A000FFFFFFFFFFFFFFFFFFFFFFFFFFFFFFFF5F
:1001B000FFFFFFFFFFFFFFFFFFFFFFFFFFFFFFFF4F
:1001C000FFFFFFFFFFFFFFFFFFFFFFFFFFFFFFFF3F
:1001D000FFFFFFFFFFFFFFFFFFFFFFFFFFFFFFFF2F
:1001E000FFFFFFFFFFFFFFFFFFFFFFFFFFFFFFFF1F
:1001F000FFFFFFFFFFFFFFFFFFFFFFFFFFFFFFFF0F
:10020000F80B00209108010065090100A95F0100B9
:10021000C95F0100E95F0100296001000960010078
:10022000000000000000000000000000A12E0100FE
:100230006509010000000000650901006509010071
:10024000000000000000000000000000FF37010077
:10025000000000006509010000000000000000002F
:1002600065090100650901006509010065090100D2
:100270000000000065090100650901006509010031
:100280006509010065090100000000000000000090
:100290006509010065090100000000000000000080
:1002A0006509010000000000000000006509010070
:1002B0006509010065090100650901006509010082
:1002C0006509010065090100650901006509010072
:1002D0006509010000000000650901000000000040
:1002E0006509010000000000650901000000000030
:1002F000650901000000000000000000000000008F
:10030000000000006509010000000000000000007E
:1003100000000000000000000000000000000000DD
:10032000000000006509010000000000000000005E
:1003300000000000000000000000000000000000BD
:100340006509010000015F5F02000000FE0B000074
:100350007D2F01008006000000000000000000006A
:100360000000000000000000000000000100FFC3CA
:10037000000000C4201200200000000001015F5FA7
:10038000030100001F010000B10601000000000091
:10039000000000000100000001000000000000005B
:1003A000000000000000000000000000000000004D
:1003B00000000000700000008C640100800000005C
:1003C000000F000001000000F104010001015F5F67
:1003D000040100001F0100001F08010000000000D0
:1003E000000000000000000001000000000000000C
:1003F00000000000000000000000000000000000FD
:1004000000000000976401004000000005070000A4
:10041000010000000B070100FFFFFFFFFFFFFFFFD0
:1004200038B50025054C29462046D4F80024C4F8E8
:10043000045405F062FEC4F8005438BD200C0020BE
:1004400037B511460022CDE9002242680346402A12
:10045000046845D1228D150A032D17D0012D37D000
:1004600022482468D0F80404AA1ECDE90040082AD6
:1004700039D8DFE802F0050B0F14191E23283000CD
:100480006A46184600F037F903B030BD184600F050
:1004900020F9F9E76A46184600F01EF9F4E76A46C3
:1004A000184600F013F9EFE76A46184600F017F90E
:1004B000EAE76A46184600F015F9E5E76A46184685
:1004C00000F013F9E0E76A46184600F011F9DBE79F
:1004D00000F014F9D8E76A46184600F013F9D3E79C
:1004E0006FF08000D0E76FF08500CDE7200C002092
:1004F0002DE9F04F05680446A3B0002D40F0B1800F
:100500002022294602A805F0F8FD12AF2022294634
:100510000AA805F0F2FD40222946384605F0EDFD17
:10052000E26904F11C039846B2B10426E26A04F1C0
:100530002C03EAB10425EEB96FF08306304623B0F0
:10054000BDE8F08F002EF1D053F8041D3246013E75
:100550000029F7D01646E9E70326F5E7002DEAD093
:1005600053F8041D2A46013D0029F7D01546E2E75D
:100570000325F5E740233A460021606805F0FAFDBF
:100580004028D9D1CDE902700127DFF8DCA00DF1B8
:10059000080904F1100BBE421FD10AAF38460021F2
:1005A000314A08EB8509D2F80034C84533D109B186
:1005B000C2F80034A3683146C2F8043402A82B46BE
:1005C0000AAAFFF73DFF4FF000080646454507F130
:1005D00008073DD1FFF724FFB0E75BF8043F1A1D81
:1005E00021D8DAF80004D91C21F00301C0F580629B
:1005F000914218D8014400EB0A02CAF8001460685E
:100600003946019205F0B6FD019AC9F80C00013790
:1006100049F8082FBFE758F804EF1EF1040F07D977
:1006200009B1C2F80034FFF7FBFE6FF08C0685E7D6
:100630000EF1030C2CF0030CC3F5806AD44500F1D5
:100640000800EDD8D11840E9021E63440121ACE74F
:10065000414657E90223606805F0A1FD08F1010851
:10066000B4E76FF0850669E7200C002008B5282262
:100670000021024805F041FD002008BD281000209F
:1006800010B5044C0F222046034905F011FD204609
:1006900010BD00BF511000202208010008B5012143
:1006A000024803F077FC002008BD00BF5010002076
:1006B00008B5FFF7DBFF40B9FFF7E2FFFFF7EEFFFA
:1006C00018B9BDE8084003F0EFBC08BD6FF0850025
:1006D00070476FF0850070476FF0850070476FF0CE
:1006E000850070476FF0850070476FF08500704798
:1006F0006FF0850070476FF085007047D1E9000109
:1007000003F096BC6FF085007047F0B503680546AE
:10071000B3F57D7FA7B007D040F2F532934207D002
:100720006FF0850027B0F0BD01F038FD0020F9E73B
:1007300000243C22214607A8CDE90244CDE9044427
:10074000069405F0DAFC3C22214617A8169405F021
:10075000D4FCEA69019405F11C0302B30426EA6A99
:1007600005F12C033AB30424731E012B52D8012C3B
:1007700050D80423002168680DEB030205F0FAFC51
:1007800004281AD06FF08000CCE7002EE7D053F891
:10079000041D3246013E0029F7D01646DFE7032646
:1007A000F5E7002CE0D053F8041D2246013C002957
:1007B000F7D01446D8E70324F5E7022E16D16E6968
:1007C000402E29D806AF33463A460121686805F025
:1007D000D1FC8642D6D1CDE9027602A944B922469F
:1007E000019801F0EDFC044620469BE70021F5E767
:1007F0002B6A402BC6D816AACDE90423019804AA77
:1008000001F0DEFCDDE9042304460021686805F000
:10081000C6FCE9E7012085E76FF0890082E7002048
:1008200070474D62656420544C5320332E362E326F
:1008300000000000000000000000000000000000B8
:100840008833000001000000A93B0100813B01004A
:10085000407C01008010002047000000407C010027
:10086000200C002000000000407C0100000C002053
:10087000000000009C110020C2050000200C002098
:1008800018010000000C00200800000002F0A6BDC6
:1008900008B572B6002383F31488BFF36F8F83F318
:1008A0000A8883F30B88BFF35F8F254B5A6A22F4C3
:1008B00080325A62D3F8942022F00102C3F89420C7
:1008C000BFF34F8FBFF36F8F1E4A9A6000F058F846
:1008D0001D4B83F309881D4B83F30A8883F30B8830
:1008E0001B4B15A1D1E90001C3E9000100F0EEF8AE
:1008F000184B19498B4212D30020184B18498B42D0
:1009000018D303F065F9186850F82240586840F889
:100910002240013298688242F5D30C33EAE7002284
:10092000F8E71C6844F8220001325C68A242F8D360
:100930000833E4E70022F8E7A5EDF5FEA5EDF5FEA6
:1009400000ED00E000020100F80B00200004002090
:10095000F80B002050080100740801007408010021
:100960008C080100EFF30880EFF309812DE9F00F07
:100970006B46724600F0A0F908B0FFF787FFFEE76C
:1009800038B572B6002383F3138883F311884FF0D0
:10099000FF30274A03F120010133102B42F82100D8
:1009A000F8D100234FF0FF34214A03F160010133F5
:1009B000102B42F82140F8D1012200251D4B294679
:1009C0005A60C3F84843C3F8084303F580535A609C
:1009D000C3F84843C3F80843A3F55043C3F8005590
:1009E0008022C3F80843144805F087FB294680227B
:1009F000124805F082FB124B2946C3F800558022AD
:100A0000C3F808430F4805F078FB802229460E48BA
:100A100005F073FB0D4BC3F808454FF05023C3F8A6
:100A2000084362B6BFF34F8FBFF36F8F38BD00BF6F
:100A300000E100E0004001508080005080810050C3
:100A40000090005080900050809100500070015044
:100A500008B5EFF31083012B0C4A07D1126ABFF3DC
:100A60004F8F511C4A424A41104608BD01F08EFC8E
:100A700000B172B6126ABFF34F8F531C5A425A41EB
:100A800001F084FC0028EFD062B6EDE70080FF00A3
:100A900008B5EFF31083012B0B4A06D1D269BFF3DF
:100AA0004F8F02F00102104608BD01F06FFC00B14B
:100AB00072B6D269BFF34F8F02F0010201F066FCFB
:100AC0000028F0D062B6EEE70080FF006F4A10B554
:100AD000D2F8D03043F00203C2F8D03001F056FC17
:100AE00030B14FF050230022C3F81421C3F818216D
:100AF00001F05BFC28B10122654BC3F8382AC3F82A
:100B000078254FF47F02D2F83031D2F83421BFF388
:100B10004F8FC3F30B03092B05D1012A1EBF0122FE
:100B20005B4BC3F8782501F040FC18B10E22594BFD
:100B3000C3F8E42E01F02AFC30B10022544BC3F874
:100B40000C270122C3F810270022D30003F57F03EE
:100B5000D3F80013BFF34F8F013108D0D3F800133F
:100B60000132D3F80433B2F5807F0B60EDD1EFF39F
:100B70001084FFF78DFF00284DD0BFF34F8F464BF9
:100B8000D3F80024012AFBD1C3F80425D3F80024AC
:100B9000012AFBD1012C03D001F0F8FB00B172B6A1
:100BA000FFF776FF58B13D4AD36923F00103D361C3
:100BB000BFF34F8F384AD2F80034012BFBD1FFF737
:100BC00047FF68B1354A136A23F0FF0343F020035F
:100BD0001362BFF34F8F304AD2F80034012BFBD1A0
:100BE000012C03D001F0D2FB00B162B600222A4BE7
:100BF000C3F80425D3F80024012AFBD1BFF34F8F9B
:100C00002249274BCA6802F4E0621343CB60BFF36A
:100C10004F8F00BFFDE7FFF71BFF0028ADD11B4A38
:100C2000D2F88C3043F44063C2F88C304FF47F0329
:100C3000D3F83021D3F83431BFF34F8FC2F30B0216
:100C4000092A16D1013B022B02D8164AD35C83B184
:100C5000124815490368104A8B420CBF5A230023DF
:100C6000C2F8103EC36A8B420CBF5A230023C2F85D
:100C7000003E064AD2F8883043F47003C2F8883048
:100C8000BFF34F8FBFF36F8F10BD00BF00ED00E0CB
:100C90000040005000A00350009003500080FF006F
:100CA0000400FA0542380100FA50FA507C2201494A
:100CB00005F0FEB9BC18002038B51D46384B394C3C
:100CC0005B68C3F308032360EFF303836365530694
:100CD000C4E90120E16039D502F00C020C2A08BFFA
:100CE00008460146206120222F4805F0E1F925B190
:100CF000202229462D4805F0DBF9294B9A6AA26586
:100D0000D96AE165986B206602F400406066586B12
:100D1000A06602F08000E0669A62D962D3F8E4200F
:100D200023482267D3F8E810616702F04001A16709
:100D3000C3F8E4200E2101F04AFB2268D31E042BE5
:100D400022D8DFE803F00F15181B1E00EFF3948381
:100D5000990704D5130702D5EFF38980C1E7EFF3B4
:100D60008880BEE70C211348BDE8384001F02FBB56
:100D700012211148F8E70B211048F5E70D21104822
:100D8000F2E70E210F48EFE70F2A98BF1421BDE8C4
:100D9000384089BF25210C480C48103A01F06EBC40
:100DA00000ED00E0BC180020D0180020F018002052
:100DB00045380100533801005F38010071380100E7
:100DC0007C3801008938010097380100AB380100F8
:100DD0002DE9F34106460F460C4DD5F82C80C0474F
:100DE00010F00104FBD1394630466B69984740B991
:100DF000C047C307FCD42B6A019302B0BDE8F041A1
:100E00001847204602B0BDE8F08100BFD03801008D
:100E100010B5094C0020A368984723690220984721
:100E20004FF4E131A46A0120A04701211520A04719
:100E30000122024B1A6010BDD03801003819002081
:100E4000064B82B01868002382B262F30F03000CD5
:100E500060F31F43184602B0704700BF1839010005
:100E6000014B1869704700BF80100020014B586982
:100E7000704700BF8010002010B5044C204600F0E1
:100E800009FF002084F8200010BD00BF8010002062
:100E900038B50C4D0C4695F8203013B94FF0FF30A3
:100EA00038BD0A460146284600F086FF064B9842A8
:100EB00005D00B3B9842F1D100206C61F0E76FF058
:100EC0000100EDE7801000200B00AD0BF0B51B4ECC
:100ED000054696F820300C4691B01BB94FF0FF3014
:100EE00011B0F0BD00F06043B3F1005F21D10023E9
:100EF0000A460146304600F0EFFB114B98421AD0EB
:100F00000B3B9842EAD1346111E0A71B402F28BF68
:100F10004027A9193A46684605F0CAF83946684696
:100F2000FFF7D4FF0028DBD14036B442EDD80020D3
:100F3000D6E70026F9E76FF00100D1E78010002026
:100F40000B00AD0BC3B2012B10B540F096804DF6EF
:100F5000C023994270D028D8B1F5615F6FD011D805
:100F6000B1F5965F6DD008D8B1F5966F6BD0B1F53D
:100F7000166F6BD06FF007005DE0B1F5165FF9D129
:100F8000454B33E047F61223994262D007D8B1F5BA
:100F9000964F61D0B1F5E14FECD1404B26E0B1F571
:100FA000164FE7D14FF41D0320E03D4B994255D039
:100FB00011D8B1F5E13F54D007D8B1F5614F53D006
:100FC000B1F5963FD6D1374B10E0B1F5613FD1D1A5
:100FD0004FF06C730AE0B1F5612F48D0324B994263
:100FE00048D0B1F5E12FC5D14FF0E86310F4E06FC0
:100FF00046D110F4404103D0B1F5804F43D11021C8
:1010000010F4405203D0B2F5805F3FD10E2210F4AD
:10101000403003D0B0F5403F3BD10120234C207637
:101020006276E361A1760A4324681043C4F824354C
:10103000C4F86C05002010BD4FF46503D6E71C4BC7
:10104000D4E71C4BD2E74FF49E23CFE74FF41D2388
:10105000CCE74FF40003C9E7174BC7E74FF08063B5
:10106000C4E74FF0EB73C1E74FF46B03BEE74FF0FB
:101070007063BBE74FF08053B8E76FF00300DAE727
:101080006FF00800D7E76FF00A00D4E76FF00900AF
:10109000D1E76FF00B00CEE70050270000C07500CD
:1010A00090D0030000903A0140420F0080100020D1
:1010B00000F03A0000B0130000A04E0010B58EB052
:1010C0002422002105A805F018F84FF0FF33CDE9E0
:1010D0000133CDE903334FF0EB730B930723104C2F
:1010E00001A8D4E902128DF8363001F08EF90146DC
:1010F0000022204600F03AFA0A4B98420DD10C9B90
:10110000002023831B0CA3760B9BC4E90400E3613E
:10111000012384F820300EB010BD6FF00100FAE713
:10112000801000200000AD0B7FB500250C46C0F8F4
:1011300008511646D0F80821D0F8002222F02002EB
:10114000C0F80022104AC0F8082301F0AEF9A560EB
:10115000256104F14C03D3E8EF1F21F47F0121F452
:101160007041C3E8E21F002AF5D1102229466846E3
:1011700004F0C3FF042368468DF800300196D4E9DB
:101180000013984704B070BD10020A0000F01F035E
:10119000400909D1074A02EB8303D3F80012064A3B
:1011A0000A40C3F8002270470022803352F82330EF
:1011B000FFDE00BF00258450F0F8FCFF2DE9F04F62
:1011C000804690F804A05020664F0E4600FB0A703F
:1011D000416885B049B113F0020304D0836B002B42
:1011E00000F0B2800123009300E000914FF050091D
:1011F00009FB0A73DB6CD90600F1A6804FF0010BE6
:10120000B3180293029BB34200F0A78006F060433C
:10121000039398F80450D8F8004009FB05739A6BC3
:101220009AB9039BB3F1005F40F09980019200F0FE
:1012300005FE09FB0572D16C204601F0010101F0A9
:1012400002F928B900F002FEE3E701230193EEE77B
:10125000516C33460029BCBFD4F84C155164019A37
:1012600042B109FB05713078D1E90E23D054D1E9A0
:101270000E3213441BB1C4F84435C4F848B50022FB
:10128000C4F82021D4F82011C4F85821D4F85811FA
:10129000C4F85021D4F850210822C4F80025009A3F
:1012A000E2B14FF48003C4F80433C4F808B000F08E
:1012B000CDFD502303FB0A72516800294BD1D26C3B
:1012C000120748D503FB0A734C33D3E8EF1F21F014
:1012D0000801C3E8E21F002A36D0F6E7C4F808B0D8
:1012E000019300F0B3FD09FB0572D16C019B01F085
:1012F00001012046019301F0A6F88446019BD4F831
:101300004C05D4F84425BCF1000F0DD19342F0D028
:1013100005EB850507EB0515D1B100F08FFD2946DA
:10132000204601F0D4F8C2E705EB8505934207EBB0
:101330000515F1D10028EFD100F080FD29462046A7
:1013400001F0C5F800F082FD074805B0BDE8F08F58
:10135000C4F80CB0E1E7013654E70448F5E7044867
:10136000F3E700BF3C1900200800AD0B0000AD0BF7
:101370000400AD0B430904D10123034A8340936069
:10138000704700239B60FFDE0025845000F01F03A0
:1013900040090BD1084A02EB8302D2F80012074B36
:1013A0000B4043F00303C2F8003270470022803341
:1013B00052F82330FFDE00BF00258450F0F8FCFF18
:1013C0002DE9F84391F8303005460C4690F804803A
:1013D0000F6853BB5023DFF85091781C03FB089330
:1013E000DE6C46F00072DA6404D03846FFF7C2FFC4
:1013F000FFF7CCFF6068411C01D0FFF7C7FE94F8EF
:101400002C30012B11D1502303FB0893E06846F0E8
:101410002066421CDE6401D0FFF7B8FEA068431CC2
:1014200003D0FFF7A7FFFFF7B1FF94F82F0038B9FB
:1014300050223D4B02FB0833DA6C42F08072DA64D2
:1014400094F82CC094F82D1094F82EE0A26A2B6822
:1014500041EA0C01E668D4E90198C3F824254EEA74
:101460000102C3F86C2550B9BCF1010FC3F80C752B
:10147000C3F8149504BFC3F80885C3F81065D3F802
:10148000682503F26458012A08BFDA60D3F864259E
:10149000012A13D1082149F64046244FC3F800150C
:1014A00047F001075A60D8F800309BBB2B68D3F88F
:1014B0008024C3F880240022C3F8002500212B6873
:1014C00094F83220C3F81011D3F81001C3F820119A
:1014D000D3F82001C3F82411D3F82401C3F8441130
:1014E000D3F84401C3F85811D3F8581143F3073324
:1014F0005201002BD2B212DB0D49C81880F800232C
:101500000122580903F01F0302FA03F341F82030C7
:10151000BDE8F8834020B847013EC4D1C6E705497D
:1015200003F00F03CA54F3E73C19002020390100EF
:1015300000E100E014ED00E000F01F0340090BD1D2
:10154000084A02EB8302D2F80012074B0B4043F02B
:101550000203C2F8003270470022803352F8233071
:10156000FFDE00BF00258450F0F8FCFF2DE9F347B3
:101570009046502290F80490514C02FB09FA04EB7B
:101580000A070D4697F848100646002940F0858066
:1015900009EB890004EB001004F0AFFD2B69AA6988
:1015A00044F80A306B69BB6302B1013A502303FB74
:1015B0000943DA632A6A042A81BFEA699A61002230
:1015C000DA6195F83130B8F1000F37D083F00107B8
:1015D0003F0233B1502303FB0943DA6C42F00102AE
:1015E000DA64502303FB09440123C4F8048084F81F
:1015F00048303468D4F84C2112BB29463046FFF7F6
:10160000DFFE0822002334688DF80730C4F8002577
:101610000DF10702C4F84425C4F8483501230A2512
:10162000A360E360D4F85831002B38D1254B40201B
:1016300043F001039847013DF4D128E04746C8E74D
:1016400008224FF06409C4F8002563601D4B43F085
:10165000010AD4F84431F3B9D4F82431DBB94FF49A
:101660002070D047B9F10109F3D14B460022C4F8EC
:101670004C21D4F84C11C4F81021D4F81011C4F83E
:101680004421D4F84411C4F80025002BB5D10E48EC
:1016900002B0BDE8F0870123E8E70C48F8E7002333
:1016A000C4F820319845D4F82021C4F80035084BFF
:1016B00008BF00231F4333680648C3F80473E7E7F5
:1016C0003C190020203901000100AD0B0C00AD0BCE
:1016D00010020A000000AD0B2DE9F04784460F46CA
:1016E0009E4616460579002A51D04FF0500ADFF881
:1016F000BC80D0F800900AFB058ADAF8044074B97F
:101700006BB9DAF82C50002D43D1CAF82C20FFF722
:1017100055FD0446CAF82C502046BDE8F0871EF05F
:10172000030F07D0734632463946BDE8F04760469E
:10173000FFF744BD07F06043B3F1005F4FF0500482
:1017400014D104FB058400F079FBE26A1AB1134C52
:1017500000F07CFBE0E7C4E90A7605EB8505484626
:1017600008EB051100F0BEFE0D4CF1E704FB05840B
:10177000A36B83B100F062FBE36A002BE7D1E36C5B
:10178000012243F00203C4E90A76E364E5E7054C6D
:10179000C2E7024CC0E7044CBEE700BF0B00AD0B34
:1017A0000000AD0B0600AD0B0A00AD0B3C1900208C
:1017B0002DE9F84350230679284D046803FB0653AE
:1017C000D4F80473DA6AC4F8087322B92448C4F858
:1017D0000473BDE8F88306EB860005F14C024FEA7E
:1017E000001802EB0012D2E8EFCF4CF0080CC2E870
:1017F000E0CF0028F7D10122E26031B3D96C01EAD1
:1018000002094946204600F01EFE0028FAD000F0EA
:1018100015FBB9F1000F1CD1D4F8203153B10123CD
:10182000E360D4F85831002BFBD0204605EB0801CB
:1018300000F04DFE00F00AFB0023C4F82031D4F87C
:101840002021502202FB0655EB620648C4F80473BF
:10185000BFE7D4F85831002BE7D1EBE73C19002063
:101860000500AD0B0000AD0B2DE9F84390F80480A6
:101870004A4E08EB88073F0107F14C0504683544E0
:10188000D5E8EF3F43F48052C5E8E02F0028F7D1B8
:10189000DA047FD44B0705D5502303FB08639B690B
:1018A000002B79D03E4B3744C4F808330823C4F8E2
:1018B00000350023C4F81031D4F81021C4F84C319D
:1018C000D4F84C21C4F844310A03D4F844318B03D2
:1018D00003F4804302F400524903134301F400412E
:1018E0000B43D5E8EF2F1A43C5E8E12F0029F8D1C3
:1018F0004FF0500909FB0869D9F80830EBB9D9F85D
:10190000043093B9502303FB0863DB6CD8043FD544
:10191000D5E8EF3F23F47F0323F47043C5E8E23FAB
:10192000002AF5D11F48BDE8F8830321384600F0AE
:1019300097FDD9F80830002BE4D0D4F804335907C8
:1019400013D5502303FB08635A6872B1DB6C1A038A
:101950000BD5D5E8EF3F23F40023C5E8E23F002A8A
:10196000F7D10621384600F07BFD502303FB0863C6
:10197000DB6CDB040CD5D4F84C310BB901232360AC
:10198000502303FB0866736813B1054BC4F8043396
:101990000548C8E70548C6E70548C4E73C190020E4
:1019A00010020A000200AD0B0000AD0B0B00AD0BE6
:1019B0000800AD0B2DE9F84F502390F804905B4ED2
:1019C000046803FB09631746DA6CD4F804A35003D8
:1019D0008846C4F808A300F1A38001F06041B1F18A
:1019E000005F40F09F80996859B15B68002B40F020
:1019F0008380D4F8101100297ED0C4F81031D4F8B7
:101A00001031502505FB0965EA6909EB890BC5E929
:101A100002874FEA0B1B002A49D0974235D84FF076
:101A200000093A46A9694046C5E9029904F040FB1D
:101A3000EA69A869D21BC119EA6104F003FB6B686B
:101A400023B93B48C4F804A3BDE8F88FEB6C5E44AF
:101A5000990414D5374B5B44D3E8EF1F41F4802140
:101A6000C3E8E21F002AF7D13A464146304600F06B
:101A700008FD4A4631462046FFF756FBE1E73A4665
:101A80004146304600F0FDFCDBE74046A96904F022
:101A90000FFBEB696B620023EB61264B5B44D3E8E1
:101AA000EF1F41F40021C3E8E21F002AF7D15023C1
:101AB00003FB0963586ADA689968DB6C121A0144FF
:101AC000C4F83415C4F83825DA04BAD5194B5B4488
:101AD000D3E8EF1F21F48021C3E8E21F002AF7D1E9
:101AE00001232360D4F84431002BAAD00023C4F88A
:101AF0004431D4F84431A4E7502303FB0966336929
:101B000093B95304C4F83485C6E90487C4F838751A
:101B100097D5D4F8003243F02003C4F8003290E7A0
:101B200005488FE705488DE705488BE73C190020FD
:101B30000000AD0B881900200500AD0B0A00AD0BAD
:101B40000B00AD0B50232DE9F0414E4D90F8048071
:101B5000046803FB0853D86CD4F8007200F48220A8
:101B6000B0F5805F05D009B10022DA614648BDE8D2
:101B7000F081D4F80463C4F8086309B9BB0652D4F1
:101B80004FF4A111D4F8003223F02003C4F800323E
:101B9000502303FB08574C37D7E8EF0F0843C7E83B
:101BA000EC0FBCF1000FF7D122B903FB08535B68BF
:101BB000002B63D1354BC4F8083301236360D4F89C
:101BC0004431002BFBD00023C4F84C31D4F84C2115
:101BD000C4F81031D4F81021C4F84431D4F84421A9
:101BE000502202FB0852D16C11F400411ED1D16188
:101BF000204600F05AFC502303FB08550023AB603D
:101C00002B61D7E8EF3F23F47F0323F47043C7E849
:101C1000E23F002AF5D126F4202626F404761C485B
:101C2000C4F80463A3E74FF48031B1E79269C4F8C4
:101C30004C31D4F84C11C4F834250522C4F83825A9
:101C4000C4F81031D4F810310123E362D4F8103114
:101C5000002BFBD00023C4F81031D4F81031D4F895
:101C60004C210AB1D4F83C25502303FB0853DA6118
:101C70000023C4F84C31D4F84C31B9E70123636038
:101C8000CDE700BF3C1900200500AD0B10020A0093
:101C90000000AD0B2DE9F8432F4A03680679C3F81D
:101CA000082343F30733002B04460DDB01215A09B7
:101CB00003F01F03994002F12003284A42F8231041
:101CC000BFF34F8FBFF36F8F012220461146FFF7FE
:101CD00039FF01212046FFF76BFD50212279204D6D
:101CE000236801FB0252D46CD3F80C05E201D3F84F
:101CF0001495D3F80875D3F8108509D54FF0FF3245
:101D0000C3F80C25C3F81425C3F80825C3F810251B
:101D1000A30116D5411C01D0FFF70EFCB9F1FF3F1E
:101D200002D04846FFF708FC22010AD5B8F1FF3F70
:101D300002D04046FFF700FC7B1C02D03846FFF77C
:101D4000FBFB5023002203FB0653DA6483F8482090
:101D50005A60BDE8F88300BF10034A0000E100E0CC
:101D60003C19002010B5502402790E4B04FB0233BD
:101D70005B689BB90368D3F80025082A05D011B128
:101D8000D3F83C350B60084810BDD3F810213AB1A8
:101D900011B1D3F83C350B600448F5E70448F3E78C
:101DA0000448F1E73C1900200C00AD0B0000AD0B1E
:101DB0000800AD0B0B00AD0B2DE9F34105461646AF
:101DC000FFF7F8FD184B0446984226D10321284618
:101DD00095F80480FFF748FD144FB84201D0A042A7
:101DE0001FD15022124B02FB08335B68ABB9019341
:101DF000284601A9FFF7B6FFB842F9D00D4B98422B
:101E00000AD0019BB34207D301222846114602B0F3
:101E1000BDE8F041FFF796BE074C204602B0BDE892
:101E2000F0810446F9E700BF0000AD0B0B00AD0BDD
:101E30003C1900200C00AD0B0800AD0B72B6024A35
:101E400013680133136070478C190020034A13682C
:101E5000013B136003B962B6704700BF8C190020C4
:101E6000003A18BF0122003918BF01210368890018
:101E7000074841EA4201186359605A6842F001027A
:101E80005A60BFF34F8FBFF36F8F0020704700BFC2
:101E900004AAFF000722024BC3F80423704700BFC7
:101EA00000300050084BD3F80801D3F80021003867
:101EB00018BF012080000AB140F00100D3F80431BE
:101EC0000BB140F002007047003000500022074B79
:101ED000C3F80021D3F80011C3F80421D3F804118A
:101EE000C3F80821D3F80831704700BF0030005014
:101EF000002317200C49012B03F1010201D81346DE
:101F0000F9E703F5C073202A41F823001346F2D104
:101F100000231720044A03F5E0710133202B42F817
:101F20002100F8D1704700BF0030005010B59DF877
:101F30000840C00B43EA0423064CC90B43EA0213D2
:101F4000884200D910BDC2B202F5C07244F82230F6
:101F50000130F5E70030005010B59DF8084000F161
:101F6000604043EA042301F16041074C400B490BF8
:101F700043EA0213884200D910BDC2B202F5E072F2
:101F800044F822300130F5E700300050C0F30E0372
:101F9000C3F50043B3FA83F3C3F11B03064AC0F34E
:101FA000C730DBB240F4807043F48073C2F80005A0
:101FB000C2F80435704700BF0030005043030148A9
:101FC00018447047FF1FF81F054BC0F30730090284
:101FD00041F0300100F5007043F82010704700BF59
:101FE00000300050044BC0F30730090200F50070C8
:101FF00043F82010704700BF0030005008B5FFF7CD
:1020000051FF044B162118600348BDE8084000F05A
:10201000DEB900BFD81F0020263901000C2201497B
:1020200004F046B8D81F002010B501F0CDFB0446DF
:1020300090B902F099F8044680B90A4A2E21D36873
:10204000094823F008031B041B0C43F0BF6343F44F
:102050000033D36000F0BBF9204610BD45F2235495
:10206000FAE700BF00ED00E03C390100024B1860C8
:10207000024B002019607047E81F0020E41F002079
:102080001FB5374C426923685A6282699A62C269F5
:10209000DA62026A1A63426A5A63826A9A63C26A9D
:1020A000DA63026B1A64426B5A60826B9A60C26B8D
:1020B000DA60026C1A61426C5A61826C9A61C26C7D
:1020C000DA61026D1A62826D5A65C26D9A65026F9D
:1020D000DA65026E1A66826E5A66426F9A66EFF38E
:1020E00088825A64EFF389829A644268DA64EFF373
:1020F00094821A65026801A81A67FFF78FFF2368A8
:10210000019ADA6601221A70164B1C686408640092
:102110002046214622462346B7EE000AF7EE000A83
:10212000B7EE001AF7EE001AB7EE002AF7EE002A13
:10213000B7EE003AF7EE003AB7EE004AF7EE004A83
:10214000B7EE005AF7EE005AB7EE006AF7EE006AF3
:10215000B7EE007AF7EE007A04F09FF804B010BDF5
:10216000E81F0020E41F002000B5A1B001A8FEF781
:102170009DFD029B63B15B060AD4019B23F0020321
:10218000052B05D1044B1B6813B101A8FFF778FF9D
:1021900021B05DF804FB00BFE41F0020BFF34F8FA8
:1021A0000549064BCA6802F4E0621343CB60BFF3F3
:1021B0004F8F00BFFDE700BF00ED00E00400FA050F
:1021C00003462DE9F04F084687B01146042B78D816
:1021D000DFE803F00308770D510007B0BDE8F04FCA
:1021E00000F076B807B0BDE8F04F00F031BA4368B0
:1021F000082B03D0022007B0BDE8F08F4B68042BFA
:10220000F8D14FF0FF33D0F80080D1F800A0D8F813
:102210000410CAF800300029ECD026233C2201200B
:1022200001F024FA04460028E4D1D8F80030DFF8A1
:1022300098B0DFF8989003AF5BF8045B99E807006B
:102240001D4487E807000C2239462846019304F014
:1022500014F8019B064600B91DB90134072CEBD1D7
:10226000C8E73C222946D8F8040003F021FFCAF849
:1022700000600020BFE74368082BBBD14E68042EE6
:10228000B8D14FF0FF3304680D6821682B60002936
:10229000B0D06368002BADD026237422012001F05A
:1022A000E5F90028A6D1232332460120616801F018
:1022B000DDF900289ED1D4E90001FFF7D7FE2860A0
:1022C000D7E7032097E700BF6C3901008839010088
:1022D000F8B543680C2B01D00220F8BD4B68042BE5
:1022E000FAD14FF0FF3304680D6821682B60002994
:1022F000F2D0A268002AEFD00623012001F0B6F93F
:102300000028E9D161681F4ED6E90037994230D3E1
:10231000A2681F4401EB020CBC452AD803F17F439D
:1023200003F50043B3F5805F20681FD20A4393078B
:1023300025D1154B9C4522D8091AA2680B1812B951
:1023400000202860C9E7EFF31082012A08D11B683A
:10235000BFF34F8F40F8043BA368043BA360ECE756
:1023600072B61B68BFF34F8F62B6F3E703F0A0FEAF
:10237000E6E70130042806F10806C5D1ACE70320E2
:10238000ABE700BF943901000090FF004FF47F03DA
:10239000D3F83001D3F83431BFF34F8FC0F30B00C3
:1023A000A0F109035842584170474FF47F02D2F818
:1023B0003031D2F83401BFF34F8FC3F30B03092B35
:1023C00003D1431E58425841704700207047FEF722
:1023D000FFBC012070476FF003007047002382B0FC
:1023E0000193019802B070476FF00300704700231B
:1023F00082B00193019802B07047022814BF6FF0B9
:10240000030000207047FEF761BD30B501EB82028A
:10241000914200D130BD51F8044B04F07F037F2B73
:102420004FEA144408BF4FF0FF33032CF0D8DFE825
:1024300004F0020406080360EAE74360E8E783600B
:10244000E6E7C360E4E70346D0F8580130B931B994
:10245000D3F82001003818BF0120704701207047D1
:1024600030B504460D4685B010220021684603F0C1
:1024700044FED4E9001368468DF80050984705B033
:1024800030BD7FB504460E46154600211022684631
:1024900003F033FE012368468DF80030CDE9016575
:1024A000D4E90013984704B070BD10B50446FFF797
:1024B000C5FCD4F8583133B1D4F8043313F4800395
:1024C00008BFC4F80035BDE81040FFF7BFBCD0F826
:1024D000583133B1CB6CC3F30032DB0458BFC0F8C2
:1024E0000025704770B5CE6C0D4606F0010104461C
:1024F000FFF7A9FF38B94FF4800346F00406EE64F5
:10250000C4F8043370BDD5E90A365AB1296CEA6BB8
:10251000761A964228BF164619443246A86B03F035
:10252000C7FDAB6B4FF0FF326A641BB1C4F8443592
:10253000C4F848650023C4F82031D4F82021C4F839
:102540005831D4F85821C4F85031D4F85031082308
:10255000C4F800354FF48003C4F804330123A360AA
:10256000D0E74B6830B513F01F052DD102680C6819
:102570001068C0F30720844226D2506855609460EA
:102580000C7C23F01F0304F001041C438B7CDB0054
:1025900003F018031C434B7C5B0003F0060323434A
:1025A000D3608B68013B23F01F04CB685B0003F012
:1025B0000E03234343F0010313615060BFF34F8FB9
:1025C000BFF36F8F284630BD0120FCE70368002071
:1025D0005A68C9B258609960D86018615A607047EB
:1025E00070B50546002403681E68C6F30726B4428A
:1025F00001D1002070BD21462846FFF7E7FF0134D6
:10260000F5E7C0037047C00300F5FF407F30704717
:10261000002070471F2070474FF40040704700F5BE
:102620007F40C03040037047402070475F207047B4
:102630004FF4005070470020704708B5FFF794FD35
:1026400072B620BFFDE7002070470020704770473A
:1026500043680C2B01D0022070474B68042BFAD141
:102660000B6801210268196011680131F3D1022160
:10267000906819600028EED11860704730B50C469C
:10268000154685B038B139B1FFF7A1FE041E03DA53
:10269000204605B030BD044640F60D23ADF80E309F
:1026A00009230B4901A805F00F028A5C2D091A5471
:1026B000013B012BF7D147F630030C21ADF8043074
:1026C000FFF785FE0028B4BF04462418E0E700BFEA
:1026D000B439010008B5194B83F30A88184801F092
:1026E0005EF840BBFFF7A0FC28BB28211548FFF788
:1026F0006EFEFFF7A0FFF0B9FFF7A5FFB8B9FFF72F
:10270000A6FF00F015FC35210F48FFF760FE1721EA
:102710000E48FFF75CFE18210D48FFF758FE00F049
:10272000F9FD00F0F1FB00F0BBF8002008BDFFF759
:102730008CFF0028E3D000F051FEF2E700040020F7
:1027400090190020C4390100EC390100213A010040
:10275000383A010030B5094C02466168002308464A
:1027600040B105686D68954205D11BB18268606013
:102770009A60816030BD03468068F1E7141A00203A
:1027800038B504462AB10B689B68DB0512D50020DA
:1027900038BD0B4B1D680DB900F020FE00222B68E0
:1027A000996934338A4203D053F8040FA04204D10C
:1027B0009142ECD16FF0FC00EAE70132F2E700BF92
:1027C0001C1A002070B504460E4615460021302222
:1027D0000C3003F092FC064B20461B68A660636039
:1027E000656100F0E2FE00232061236070BD00BF40
:1027F0001C1A0020034B186810B1006800B1406833
:10280000704700BF1C1A0020064B10B51C680CB99D
:1028100000F0E4FD23689B6813F4406F14BF0120AF
:10282000002010BD1C1A00202DE9F84390460746F1
:102830000C46FFF7E9FF024624B96FF080042046FA
:10284000BDE8F8836300F8D5144B04F01F0153F87A
:102850002150002DF1D02B6829465868FFF790FFD2
:10286000B0B9C4F30721284600F0BAFD0446002899
:10287000E3D1EFF3108972B600F0A4FE064689F3A7
:10288000108840B142462946FFF79CFF3E60D6E7DC
:102890006FF08104D3E76FF08204D0E79419002031
:1028A0002DE9F04100F08DFE0023134E134F7360AD
:1028B0007B6000F0E9FADFF84880304600F022F84B
:1028C0000446A0B139468023424600F0A1F80546EF
:1028D000204600F0CAFD2068211D00F07FFB08B1F2
:1028E00000F07CFD2946204600F07AFAE5E7BDE8D5
:1028F000F04100F08BBA00BF201A0020141A00200B
:1029000094190020F8B5054608B900F067FD3B4E64
:10291000346814F1310F6ED8394B196804F1300363
:102920008B4268D2E369A26903EB83030E3213443E
:10293000226A02EB42021344626AC2EBC2021344EF
:102940009B00E31801D2994201D200F047FD2368B1
:102950002C4A1B0C1B04934201D000F03FFD23883E
:10296000B3F5817F01D300F039FD6368002B01DAF4
:1029700000F034FDD4E90A239A4201DD00F02EFD77
:10298000A36813F4406F22D11F4A176807F1200390
:1029900013601E4A1268934201D900F01FFDE369DB
:1029A000A26903EB83030E321344226A3C6002EBFC
:1029B00042021344626AC2EBC2021344326802EB61
:1029C00083026B683260FB616F603846F8BD6F68E8
:1029D000002FD9D03B689A6812F4406F09D0E16AA1
:1029E0009A6A914205DBA26ADB6A9A4201DC00F036
:1029F000F5FCFF69ECE70027E7E700BFAC1000201B
:102A0000583A010000005F5FA8100020543A01000E
:102A10002DE9F74F0F4690460646009300B109B9DD
:102A200000F0DCFCD6F800A0DAF818200AF1380330
:102A300003EB820BDAF81C40204B1D6854B10C22CA
:102A400002FB04541C601E4B1B689C4201D900F021
:102A5000C5FC2C4625464FF00009DAF81C204A45F3
:102A600000D91CB9002003B0BDE8F08F142303FB8C
:102A700009B20023C5E900269268AB60930516D51C
:102A8000B8F1000F02D0009B802B03D0019200F020
:102A9000A5FC019A12F0E00FD0B202D158F8202024
:102AA0001AB1019000F09AFC019848F820507A6819
:102AB00009F10109AA607D600C35CEE7A410002061
:102AC000503A01002DE9F04F93B000935E4B07465A
:102AD000D3F800B00BB2002B0D461646C1F30269C5
:102AE000C1F3024A04DA6FF0800013B0BDE8F08F42
:102AF0008B42C36001D10020F7E709EB0A03042BE6
:102B0000F1D8CC0F64014FEAC90831464246DBF8E0
:102B1000040044F0020300F0A9FD01460028E2D1C0
:102B2000202202A803F0E9FA4246314602A84FEA01
:102B3000CA0603F0BDFA32460099DBF8040044F0FF
:102B4000060300F093FD80460028CCD101462022E8
:102B50000AA803F0D2FA324600990AA802AE03F09E
:102B6000A7FA334608F10108C14514D91A46C446EC
:102B70000DE0D2F808E0D16818687144884203D2A9
:102B8000596808448645AED30CF1010C0832CC4597
:102B9000EFD10833E6E715F0006F18BF20241022AC
:102BA000002107F11C0003F0A8FA07F11808102211
:102BB000002107F12C0003F0A0FA08EB890944F08A
:102BC0000203C84512D1202C27D1002D02DBC5F30A
:102BD000C0456C0107F128050AAE05EB8A0A44F0EE
:102BE000060455451BD1009BFB6784E77268DBF840
:102BF000040056F8081B019300F038FD00287FF40C
:102C000072AF56F8042C019B48F8042F56F8082C94
:102C1000C8F83000C8F82020D3E70024DAE772684B
:102C2000234656F8081BDBF8040000F01FFD0028BF
:102C30007FF459AF56F8043C45F8043F56F8083C79
:102C400028642B63CDE700BF1C1A00202DE9F0415A
:102C50001F461A4B0D461646D3F8008000F0D2FBF3
:102C6000044608B900F0BAFBE368002B01DA00F073
:102C7000B5FB032D01D900F0B1FB04EB8504E56938
:102C8000E36CED1A16D006233A463146D8F8040014
:102C900000F0ECFC08B100F0A1FBBD4228BF3D46AE
:102CA000E36CE16B2A461944304603F001FAE36C09
:102CB0002B44E3642846BDE8F08100BF1C1A0020C5
:102CC0002DE9F0411D461A4B0F461646D3F80080F9
:102CD00000F098FB044608B900F080FBE368002B85
:102CE00001DA00F07BFB032F01D900F077FB04EB46
:102CF0008704E36AE26E9B1AAB4201D200F06EFBDE
:102D000002232A463146D8F8040000F0AFFC08B18F
:102D100000F064FBE36EE06D2A463146184403F090
:102D2000C7F9E36E00202B44E366BDE8F08100BFE5
:102D30001C1A00202DE9F04105464FF001080E4E07
:102D40000E4B37685C681CB928463760BDE8F081D7
:102D50002268936813F400700CD16369012B09D0C9
:102D6000D368346023B19847002801DA00F036FBBD
:102D7000C4F81480E469E6E71C1A0020201A002039
:102D800038B5044610B96FF0800038BD8368002B59
:102D9000F9D01A68002AF6D05D68002DF3D00B4BED
:102DA000A86168691D6020B92B68DB6853B90123ED
:102DB0006B61A36804F10C001B681B699847012331
:102DC0002360E2E798470028F1DADCE71C1A0020CC
:102DD0004268024B08461A60704700BF1C1A002068
:102DE0000022036810B5C0E905229A68044612F46F
:102DF000406F07D0120503D5D3E90A0100F034F87B
:102E0000014B1C6010BD00BF1C1A002038B5124BCE
:102E10001B681C68A36813F4406F01D100F0DEFA50
:102E200000F09CF9226B23690C49134423F007033B
:102E3000A3F1080543E9021185F30988073222F05E
:102E4000070282F30B88BFF36F8F054BE2680549D9
:102E500000F0EBFC002038BD1C1A0020A5EDF5FEAB
:102E6000F80B0020352D0100014BC3E9000170472C
:102E7000281A0020034BD3E900308342C8BF00204A
:102E8000704700BF281A002008B500F05BF9034B1B
:102E9000986000F05DF980F3888808BD00ED02E0DD
:102EA000EFF308807146EFF30982EFF30B830CB464
:102EB00006B400F04FFA8646009900F0080001F0D1
:102EC0000801401A02DC12DB04B070471EF0200338
:102ED0001CBF2DE9F00FBDF1080D0A4C2546264612
:102EE0002746A046A146A246A34630B4704704B088
:102EF00030BC1EF020031CBF1DF1080DBDE8F00F13
:102F000004B07047A5EDF5FE084BDA6882F07F4209
:102F100082F47F0242F48042DA6000221A765A7606
:102F2000DA76DA77602283F82220704700ED00E03D
:102F3000114BD3F8882042F47002C3F88820BFF305
:102F40004F8FBFF36F8FD3F88C2042F44062C3F8E9
:102F50008C20D3F8342242F08042C3F83422D3F8D4
:102F6000342242F03C42C3F834224FF0E022D368CE
:102F700043F42003D360704700ED00E0009A164B45
:102F80009A4227D101229043014641EC100B41ECBB
:102F9000110B41EC120B41EC130B41EC140B41EC07
:102FA000150B41EC160B41EC170BEFF3148222F0DA
:102FB000040282F31488BFF36F8F0246034604466F
:102FC0000546064607468046814682468346844635
:102FD00086460447FEE70000A5EDF5FE2DE9F04129
:102FE000044618B943F6DA30BDE8F0810029F9D07B
:102FF0008368002513F4406F14BF01230023134F8F
:1030000043F00203DFF848800B6000F13806236AC2
:10301000AB4201D80020E7E71421A369E26906EB7F
:10302000830301FB02330C226A439918896809075C
:1030300009D59B58BB4201D04345D3D1186810B184
:103040000121FEF7C1FF0135E1E700BFBC10002000
:10305000B410002070B5324C86B03248FFF7C0FA89
:10306000236801255A1C01932F4B2260DA681B69E3
:103070004FF44076039300232A4801A90292049555
:10308000ADF814608DF81630FFF76BFA18B143F6FF
:10309000DA3006B070BD23688DF816005A1C019313
:1030A000224B20480293224B01A9CDE9033522602F
:1030B000ADF81460FFF755FA0028E8D123688DF8C1
:1030C00016005A1C01931B4B164802931A4B01A978
:1030D000CDE903352260ADF81460FFF742FA00280D
:1030E000D5D123688DF816005A1C0193134B0D4857
:1030F0000293134B01A903930223049340F201139B
:103100002260ADF81430FFF72CFA04460028BED137
:103110002A4629460348FEF7A3FE2046B9E700BF2A
:10312000301A0020B0100020D03A0100403B0100CE
:10313000C06401004008010040080100000C0020AC
:10314000200C0020014B1868704700BFD03A0100E6
:10315000014B1B6818687047D03A0100014B1B688F
:1031600058687047D03A010008B5FEF747FFFEF7F0
:10317000ADFE0A4B5A68103AD3B2120609D40121A7
:103180005A0903F01F03994002F16003044A42F810
:103190002310BDE8084000F021B900BF00ED00E0B9
:1031A00000E100E00020034BD8765A6A42F4702216
:1031B0005A62704700ED00E00349044BCA680020E2
:1031C00092B21343CB60704700ED00E00800FA05AF
:1031D00000224FF0FF300D4B02F1A0010132102A06
:1031E00043F82100F8D1D3F88022002022F0080211
:1031F000C3F88022D3F88022D3F8802222F4007210
:10320000C3F88022D3F88032704700BF00E100E0AD
:1032100008B5FEF73FFE0822024BC3F880211A6072
:10322000002008BD00E100E0064BD3F8D02022F0DA
:103230000102C3F8D020D3F8D02042F00202C3F834
:10324000D020704700ED00E037B50124FEF750FEB6
:10325000174D224605234FF4813016490094FEF79E
:1032600065FE224607234FF0005013490094FEF7F5
:1032700073FED5E90101072300220094FEF756FEF4
:10328000072300220D490E480094FEF765FE2969C8
:10329000E8680139FEF77AFE062300224FF4082081
:1032A00008490094FEF742FE002003B030BD00BF85
:1032B000D03A0100FF7F0100FF7F0020FFFF0320C5
:1032C00000800020FFFF0F0038B500240E4D0021C4
:1032D00055F8040B0134FEF785FE1D2CF7D10020B4
:1032E000012240F20111094BC3F88004C3F8842481
:1032F000C3F8C004C3F8C424054AC2F840154FF40B
:103300008072C3F8402438BD5C3A010000300050A0
:10331000009003500122014B1A607047341A0020BC
:1033200010B50446094B2289186861680623406875
:1033300000F09CF928B9064B1B68012B01D1FFF75F
:1033400059FA6FF08603236010BD00BF1C1A0020DD
:10335000341A002001F00C0370B50C2B0CBF15467D
:1033600005464A060C461ED58B0658BF2835AB6964
:1033700013F8026C84F00803C3F3C003C6F3801291
:10338000934201D000F02AF816F0A00F1CD176B1BC
:10339000032E15D032461C210D48FFF76FF96FF050
:1033A00083032B600AE000F019F82026E2E7FFF71C
:1033B00077FA04460146074800F031FA204670BD0E
:1033C0002846FFF7ADFFF9E732461F210248E4E740
:1033D000EC3A0100F80B0020083B0100FFF72DB983
:1033E00003689A68DB6812F4806F05D18B422CBFAA
:1033F00000206FF0FA0070478B420CBF00206FF086
:10340000FA00704710B500F0D3F8044600F0E1F878
:1034100050B9FFF7EFF9A3685B681B685B688342EC
:1034200018BF0024204610BD0024FBE738B5054630
:1034300048B1FFF71FFDB5EBD07F044601D0FFF781
:10344000CDFF204638BDFFF7D5F9F4E7002310B5CE
:1034500000F1280252F8041F19B1C16F146C19440D
:103460004C600833202BF5D110BD70478230012805
:1034700008B506D8FFF7C8F918B9BDE80840FFF746
:10348000ADBF08BDF8B506460D46FFF7BBFF0446C5
:1034900008B9FFF7A3FFA7680FB9FFF79FFFE3681D
:1034A000991C20D05A1C21D1A5B315F1820F13D13C
:1034B00002232360EFF3108672B629462046FFF7F9
:1034C00087FC054686F310882368022B24D120460A
:1034D00000F081F82846F8BD15F1830FEAD0FFF718
:1034E0007DFF0025E6E702232360FAE7002BF6DBE9
:1034F0002046FFF7ABFF3B689B689B0501D5022385
:10350000236015F1810FD5D16369002BD2DBFFF762
:1035100065FFCFE73546F4E700232360DAE708B517
:10352000FFF78BF86FF0830008BD2DE9F3410E46DD
:10353000174698460546FFF767F9FFF777FF2946D4
:10354000024601A8FFF770F9044660B943463A46BF
:1035500031460198FFF7B6FA044640B16B0002D538
:10356000019800F038F8204602B0BDE8F0810198DB
:10357000FFF706FC0446F6E740F20110704770B50D
:103580000546FFF741F906462846FFF7E3F80446EB
:1035900008B9002070BD014632462846FFF7F0F812
:1035A0000028F6D12368D868F4E74FF480507047BC
:1035B000B0F5805F03D1EFF30B80803870470020B7
:1035C00070477047EFF30B8000F1800383F30B88A3
:1035D000704700207047EFF30B83803B83F30B8829
:1035E000704780EA0000E1EE100A00EE100A00EEDB
:1035F000900A01EE100A01EE900A02EE100A02EEA5
:10360000900A03EE100A03EE900A04EE100A04EE8C
:10361000900A05EE100A05EE900A06EE100A06EE74
:10362000900A07EE100A07EE900A08EE100A08EE5C
:10363000900A09EE100A09EE900A0AEE100A0AEE44
:10364000900A0BEE100A0BEE900A0CEE100A0CEE2C
:10365000900A0DEE100A0DEE900A0EEE100A0EEE14
:10366000900A0FEE100A0FEE900A70472DE9F04114
:103670000F461546002A5BD0002900F08D8003F02C
:103680000602062A57D09A0740F1868008249B0636
:1036900048BF44F01204860758BF44F00404C00732
:1036A00009D5EFF39483D9074CBF44F0040424F008
:1036B000040444F0120422462946384602F0A6FBD0
:1036C000B0BB47E800F205EB0708110E120208F143
:1036D000FF3646E800F34FEA13605AD51B0258D56F
:1036E000884256D047E800F546E800F6FEF790FF1E
:1036F0002D0E85424FEA166628D3FEF78BFF8642D1
:1037000024D82846FEF77FFF2246C7F10101014475
:10371000384602F07BFBE0B30135AE420DD83046AF
:10372000FEF76FFF2246A8EB000102F06FFB80B3AB
:103730000020BDE8F0810124A9E72846FEF761FFDB
:103740000746FEF769FF22460146E1E7FEF76CFFF8
:1037500085421ED3FEF76AFF86421AD82846FEF736
:103760002DFC2246C7F101010144384602F04EFB10
:1037700078B10135AE4203D83046FEF750FFD1E7AD
:103780002846FEF74CFF0746FEF752FF2246014649
:10379000EBE76FF07F00CCE74CF2DA20C9E710B519
:1037A0000446FFF741FDFFF74FFD10B143F6DA3055
:1037B00010BDFFF789FD0028F8D1FFF74BFC00286A
:1037C000F4D102232360F3E708B5FFF7EBFC10B157
:1037D00043F6DA3008BDFFF7EFFC0028F8D100F01F
:1037E0001CF80028F4D162B6FDF712FBFFF7F0FCDD
:1037F0000028EDD1FFF70CFD0028EBD0E8E7EFF350
:103800000880EFF309812DE9F00F6B467246FDF752
:1038100053FA08B0FFF7A8FCFEE700207047044603
:103820000D46FFF7DEFEA546284783F30888964637
:103830000222EFF31483134383F31488BFF36F8FD3
:103840000847000001464154414C204552524F5216
:103850003A2000486172644661756C740D0A004D2F
:10386000656D4D616E616765206661756C740D0AEA
:10387000004275734661756C740D0A00557361677B
:10388000654661756C740D0A005365637572654613
:1038900061756C740D0A00526573657276656420FB
:1038A000457863657074696F6E2000506C61746652
:1038B0006F726D2065787465726E616C20696E74CC
:1038C00065727275707420284952516E293A200031
:1038D000410E0100D3230100BD100100790E01004B
:1038E000FB23010007240100910E0100D7230100F2
:1038F000610E01006D0E0100450F0100DD23010086
:10390000E9230100EF2301001D0000001000000268
:103910001C0000011100000303020202000000006D
:103920000338FDD87047506C6174666F726D204526
:103930007863657074696F6E3A0D0A00416C6C2093
:1039400070696E732068617665206265656E2063BC
:103950006F6E66696775726564206173206E6F6E45
:103960002D7365637572650D0A000000000000008C
:103970000002000000040000000600000008000033
:10398000000E000000100000DEE61E284CBBCE8FAB
:10399000025B000000000100000200000002FF00C6
:1039A0002C0000003001FF00080000000881FF002B
:1039B000F80200003031323334353637383941427D
:1039C000434445461B5B313B33346D426F6F746932
:1039D0006E672054462D4D2076322E312E312D6EBD
:1039E0006373342D321B5B306D0D0A001B5B313B62
:1039F00033346D5B536563205468726561645D2088
:103A000053656375726520696D61676520696E69CC
:103A10007469616C697A696E67211B5B306D0D0A90
:103A20000054462D4D20466C6F6174204142493A46
:103A300020486172640D0A004C617A7920737461C8
:103A4000636B696E6720656E61626C65640D0A0068
:103A500014120020FC110020180401000040005046
:103A6000005000500080005000A0005000B00050F6
:103A700000E0005000F00050000001500010015024
:103A80000040015000500150007001500080015072
:103A900000B0015000C0015000D0015000E00150C2
:103AA00000F00150000002500010025000200250AF
:103AB000003002500040025000600250008002506E
:103AC00000A00250009003500025845000A0035035
:103AD0000080010000800100FF7F0800007C0100E1
:103AE0000080010000800800FFFF0F00556E6B6E24
:103AF0006F776E2053504D20535643207265717579
:103B000065737465643A2000556E6B6E6F776E2036
:103B1000535643206E756D626572207265717565CE
:103B2000737465643A2000FFFFFFFFFFFFFFFFFF94
:103B3000FFFFFFFFFFFFFFFFFFFFFFFFFFFFFFFF95
:103B40000348044B834202D0034B03B1184770472C
:103B50009C1100209C110020000000000548064B2D
:103B60001B1AD90F01EBA301491002D0034B03B17B
:103B7000184770479C1100209C1100200000000095
:103B800010B5064C237843B9FFF7DAFF044B13B1A5
:103B90000448AFF300800123237010BDA01800205B
:103BA00000000000AC64010008B5044B1BB10449DF
:103BB0000448AFF30080BDE80840CFE700000000F4
:103BC000A4180020AC640100A3F5803A704700BF40
:103BD000174B002B08BF134B9D46FFF7F5FF002145
:103BE0008B460F461348144A121A02F086FA0E4BFF
:103BF000002B00D098470D4B002B00D09847002099
:103C0000002104000D000D48002802D00C48AFF33D
:103C1000008002F073F920002900FEF75BFD02F03E
:103C200059F900BF0000080000000000000000007B
:103C3000F80B00209C110020A428002000000000A8
:103C400000000000009A074B9A4208D110B502F01C
:103C500077FA02F079F906BC96460C46744702F0F2
:103C6000B3FA0000A5EDF5FE009A074B9A4208D181
:103C700010B502F071FA02F067F906BC96460C46E0
:103C8000744702F0A1FA0000A5EDF5FE0CB4029A0B
:103C9000084B9A420CD14FF0004319430CBC10B5AD
:103CA00000F022F802F050F906BC96460C46744724
:103CB00002F08AFAA5EDF5FE009A044B9A4202D171
:103CC00003490868744702F07FFA0000A5EDF5FE8D
:103CD00010630100009A034B9A4200D1744702F02E
:103CE00073FA0000A5EDF5FE2DE9F84304460D46F4
:103CF00016461F46EFF30583C3F308030BB1FFF726
:103D00006DFBDFF834903B46204632462946D9F811
:103D10000080FFF70AFCD9F800300446984506D029
:103D20009B6901461869BDE8F843FFF7ABBBFFF795
:103D30009DFB2046BDE8F8831C1A002001680E4A4E
:103D40000346914215D1C169A2F11022A2F1EF12EE
:103D500091420ED18268012A0BD8C26812B1016962
:103D60008A4206D0586928B19B691B1A58425841AB
:103D700070470120704700BF55AA00FF0D4B70B57A
:103D80009E68A6B13046FFF7D9FF044678B9F368BC
:103D90006BB935690DB9204670BD2846FFF7CEFFD7
:103DA00028B9EB68B34202D12E462D69F2E701240F
:103DB000F1E700BF381A00202DE9F041394E346890
:103DC000F368D4B1B468C4B1002861D000295FD0D1
:103DD00001FB00F5B5FBF0F0884259D1291D57D8F9
:103DE000AA070DD025F0030204321C4603E06168E7
:103DF00091424FD2A469002CF9D12046BDE8F08150
:103E00002A46F2E7891A232904F12007D4E9050C90
:103E10001AD80123A360A0B1C0F818C0A36903B1E8
:103E200058610023C4E905333369DB0702D5FFF786
:103E3000A5FFA0BB2A46002138463C4602F05DF9AA
:103E4000DBE7C6F80CC0E9E702F1200804EB080341
:103E50002039C3E9011E2169DFF84CE0DC601961FB
:103E600044F808E0AEF1102EAEF1EF1EC3F81CE0EE
:103E700001B1CB60C3E9050C40B18361996901B11F
:103E80004B6101212361C4E90121CAE7F360F5E731
:103E90000024B2E7D4F808E0BEF1000FB2D0012050
:103EA00002F018F8381A002055AA00FFF8B50546A8
:103EB00000283AD0364E3368002B36D0B268002A3C
:103EC00033D0834203D872681344984202D301204E
:103ED00002F000F8A0F120042046FFF72FFF002891
:103EE000F5D155F8183C012BF1D145F8180C55E9DE
:103EF0000570DFB1BB68CBB955F81C2C7B6820324C
:103F000013447B60386100B1C76020220021204645
:103F100002F0F3F8386908B183682BB333699B0763
:103F200003D5FFF72BFF0028D1D1F8BD40B383683C
:103F300033BB426863681344203363600369D4E988
:103F40000521236192B9B9B9426981696261A161B0
:103F5000A2B19461A26902B1546103B1DC60202274
:103F6000002102F0CAF8D9E73C46E2E79161A16975
:103F70000029E9D04A61E7E7F160F8E7F460E9E792
:103F8000F36845F8083C03B15C61F460C6E700BF24
:103F9000381A002038B50D46142200210446124874
:103FA00002F0ABF81149124800F02CF8232D1AD971
:103FB00014F003031FBF043DED18C3F10403E4181C
:103FC0002A460021204602F098F8074B094AC3E927
:103FD00000459C602260A2F11022203DA2F1EF1268
:103FE0006560E261DC6038BD381A0020AD3E01003A
:103FF000B93D010055AA00FF014B1B68184700BFDF
:10400000C4100020024B1860024B0020196070475A
:10401000C8100020C410002010B50A46044619B18B
:10402000024B00211B68984710BD00BFCC10002038
:10403000074B0A465978022906D11978072903D176
:104040000146181D02F006B96FF08800704700BFE6
:104050004C1A002010B5124C2378590744BF23F0A6
:104060000403237023789A0705D500F063F82378BA
:1040700023F002032370637813B10A4802F0FBF8BF
:104080000023042107486370FFF7C6FF2378DB078E
:1040900005D502F0DCF8237823F00103237010BD6E
:1040A0004C1A0020501A002038B51C4D6A782B7825
:1040B000022A01D1072B12D0D80713D52B789907E4
:1040C00007D400F02FF82B78044643F002032B703E
:1040D00088B96A782B788AB12B785A0719D50024C9
:1040E000204638BD02F0B1F82B78044643F00103B6
:1040F0002B700028E2D0FFF7ADFFF1E7DB07EBD52F
:10410000074802F0A5F8022304466B700028F2D19C
:10411000E2E743F004032B70E1E700BF4C1A0020F4
:10412000501A00200122024B002083F8802570479E
:10413000541A00202DE9F0410A4C002526464FF084
:10414000010803272046C4F820802777013502F0B4
:104150005FF8202D04F12C04F4D1002386F880357B
:10416000BDE8F081541A002010B50C4C236813B13F
:104170000B4B1B682BB900F089FC30B90122084BAE
:104180001A6001232360002010BD0138062801D9E0
:10419000044810BD044B53F8200010BDF01F002050
:1041A000EC1F0020FE8FFFFF14630100144B2DE96C
:1041B000F043002814BF04461C46124F236883B006
:1041C000BB4219D016460D4620464FF4147104F137
:1041D000040900F047F804F58E78484600F0CEF860
:1041E000404600F019FA2B464A46404606490096DA
:1041F00000F034FB08B92760002003B0BDE8F0836D
:10420000F41F0020A5BCC95A0144010070B50D4C33
:104210001D46002814BF064626460B4B306882B068
:1042200098420DD106F58E7000263346009614464E
:1042300000F03EFB002818BF34462C6002B070BD71
:104240000248FBE7F41F0020A5BCC95AE88FFFFF16
:1042500038B131B1002201440346013081421A7065
:10426000FAD1704738B131B1002201440346013020
:1042700088421A70FAD170472DE9F043202B1D4671
:104280000646884691468BB026D8DBB202AF8DF841
:104290000480B04658F8041B8DF8053021B940461B
:1042A00001F038F9044640B9012302224046336048
:1042B00001A901F043F9044638B138462021FFF73F
:1042C000D1FF20460BB0BDE8F0832A464946404660
:1042D00001F034F90446F0E702AF19461046002316
:1042E0003A4601F0B1FA04460028E6D12023B94647
:1042F0001D46CCE72DE9F041D0F8F830A6B0002BF0
:10430000D8BF02AE31DD05460027D0F80C4102AE21
:10431000A4F101089022D5F8FC403146D0F8000104
:1043200001AB0197B8FA88F8A0474FEA581804463D
:1043300020B9019B53B9B8F1000F16D03046902137
:10434000FFF790FF204626B0BDE8F08101463246D7
:104350002846FFF791FF58B9D5F80431019A134464
:10436000C5F80431B8F1000FE8D16FF03C04E5E77F
:104370000446204626B0BDE8F08100BF70B5002598
:104380000446142204F588762946C0F8F850FC301B
:1043900001F0B3FE08222946304601F0AEFE144B70
:1043A00030461B689847204640F8045B01F098F8B7
:1043B000104B30461B689847C8B9D4F8F830AB4268
:1043C0000FDC03EB830204EB82022021C2F8000120
:1043D0000120C2E9421008490133C2F8FC10C4F8B8
:1043E000F830064B3046BDE870401B68184770BD7A
:1043F000EC100020E8100020E5530100E41000203C
:104400002DE9F047202A88B07AD83F4B00F588790B
:1044100004461B6848461746884698470546F8B93B
:1044200040F20116D4F8F830002B65D02046FFF793
:1044300061FF054638B9D4F8F830002B14DC013E92
:10444000F2D16FF03B056E4620213046FFF70AFFA0
:104450002E4B48461B689847002818BF6FF01D0573
:10446000284608B0BDE8F087D4E94132934203D32F
:10447000D4F80C21012A02D0013ED7D1E1E71F2B4D
:10448000FAD96E4601462022304604F1040A01F0B2
:1044900034FE3146504601F07BF805460028D3D162
:1044A000504601F031F8504601F01AF829465046BE
:1044B00001F030F805460028C6D15046202231468A
:1044C00001F03CF805460028BED1034632462021C3
:1044D000304601F0B9F905460028B5D1D4F8F830D6
:1044E0003A46002BC8BF002340463146C8BFC4F837
:1044F000043101F0DDFDA7E76FF03F056E46A3E74D
:104500006FF03B05ACE700BFE8100020E41000208E
:1045100070B590B000287AD03E4C0D46402236212E
:104520000646204601F0E9FD40225C21A01801F07A
:10453000E4FD2B1DA34203D904F144039D4252D351
:104540002B682268534023602B68226C53402364FD
:104550006B686268534063606B68626C534063646D
:10456000AB68A2685340A360AB68A26C5340A364DD
:10457000EB68E2685340E360EB68E26C5340E3644D
:104580002B69226953402361226D2B6953402365B7
:1045900062696B69534063616B69626D5340636527
:1045A000AB69A2695340A361AB69A26D5340A36597
:1045B000EB69E2695340E361EB69E26D5340E36507
:1045C0000021304600F0A6FF044628B940223046BC
:1045D000104900F0B3FF044640216846FFF742FE51
:1045E000204610B070BD631E04F13F01013D1F3431
:1045F00015F8010F13F8012F42401A7011F8012F1E
:104600002878A34282EA00020A70F1D1D8E76FF05D
:104610007304E5E74422002010B54FF49A7200219C
:10462000044601F06AFD42F21072044BC4F82021E6
:1046300004F596701B68BDE810401847EC10002088
:104640002DE9F04F04468846914695B0002900F0C8
:10465000A780002A0CBF0126022600238DF80C300B
:10466000002C00F09F80DFF844A104AF0AF1400B5A
:104670000021204600F04EFF034648B13846202175
:104680000193FFF7EFFD019B184615B0BDE8F08FD1
:1046900040225146204600F051FF03460028EDD14C
:1046A00004F1F40520222946204600F047FF034686
:1046B0000028E3D10122204603A900F03FFF034672
:1046C0000028DBD1022E62D020460CA900F060FF4A
:1046D00003460028D2D10146204600F01BFF0346C6
:1046E0000028CBD140225946204600F027FF034640
:1046F0000028C3D1202220460CA900F01FFF03464A
:104700000028BBD13946204600F042FF034600286E
:10471000B4D139462046FFF7FBFE03460028ADD151
:1047200020222946204600F009FF03460028A5D193
:1047300020460CA900F02CFF034600289ED101461C
:10474000204600F0E7FE0346002897D14022594654
:10475000204600F0F3FE034600288FD12022204699
:104760000CA900F0EBFE0346002887D1294620461D
:1047700000F00EFF0346002880D19DF80C20013286
:10478000D2B2B2428DF80C20FFF472AF76E74A46FF
:104790004146204600F0D2FE0346002894D06DE743
:1047A00001265AE76FF0730304AF67E74422002045
:1047B0002DE9F0410446884615461F46D0F81801F9
:1047C000E0B013B100EB40004008B5F5807F3ED863
:1047D0002844B0F5C07F3AD84FF4C0720021684633
:1047E00001F08BFC6946D4F82431D4F81821D4F8B0
:1047F0002801984770BBD4F8186157B1D4E9493003
:1048000072080DEB0601984720BBD4F8183106EB6F
:104810005306B8F1000F00D08DB9324669462046E4
:10482000FFF70EFF054610B90123C4F814313146D5
:104830006846FFF717FD284660B0BDE8F0810DEB34
:10484000060041462A462E4401F032FCE5E76FF0AF
:104850000405F0E76FF00805EDE700BF2DE9F0472C
:10486000044604F1F4050F4691461E46DDF820800B
:1048700000F036FE29462046FFF74AFE08B1BDE8A3
:10488000F08728462022012101F037FCD4F81831A6
:10489000C4F82471C4F8289113B92023C4F818313E
:1048A000424631462046BDE8F0470123FFF780BF6E
:1048B000B2F5806F00F295802DE9F04F89B09A46ED
:1048C000129BB3F5807F00F29080D0F82431164619
:1048D00004460F464BB3D0F81C31012B05D0D0F85D
:1048E0001421D0F820319A421FDD51460023204682
:1048F000129AFFF75DFF014698B900231293002E2C
:104900005ED0DFF8EC9009F1400B0021204600F06A
:1049100001FE202E3546014628BF202504F1F4086B
:1049200090B1084609B0BDE8F08FBAF1000FE6D0AB
:10493000129B002BE1D051461A462046FFF780FE1D
:1049400001460028DBD0ECE749464022204600F033
:10495000F5FD01460028E4D141462022204600F022
:10496000EDFD01460028DCD16946204600F010FE2E
:1049700001460028D5D1204600F0CCFD0146002894
:10498000CFD159464022204600F0D8FD01460028EC
:10499000C7D169462022204600F0D0FD01460028FC
:1049A000BFD14146204600F0F3FD01460028B8D1B2
:1049B00038462A46414601F07BFB761B2F44A4D1A2
:1049C00051462046129AFFF73BFE01460028A8D127
:1049D0000846D4F814310133C4F8143109B0BDE8E5
:1049E000F08F6FF00201084670476FF0040198E7FE
:1049F00044220020002130B58DB0282202A8019168
:104A000001F07BFB02A800F047FF044610B12046EE
:104A10000DB030BD174D4FF0FF31286800F042F95E
:104A2000044620B1144800F0D3F9012C18D000201E
:104A300000F068F9D0B9114A02A901A800F0C4FC3D
:104A40000446012000F05EF960B9286800F032F9F0
:104A50000028DCD00A4800F0BBF920460DB030BD7C
:104A60000524F2E7074800F0B3F9EEE7064800F046
:104A7000AFF9E0E7D010002030630100C42200202D
:104A800088630100686301004863010030B583B0AA
:104A900000F05CF828B100F0ABF80324204603B026
:104AA00030BD00F077F8D8B900F02CF9E0B9224C0D
:104AB000D4F828391B0EF02B0AD1D4F8242A1F4B26
:104AC0009A4231D000F044F8072400F091F8E5E76D
:104AD000062400F03DF800F08BF8204603B030BD0E
:104AE0000424204603B030BD00F032F800F080F816
:104AF000FFF780FF044698B9114D2B68002BCDD1EC
:104B000002460146FFF752FB50B968220D4901AB3E
:104B1000FFF77CFB20B920460B4B2B6003B030BD68
:104B20000524204603B030BD012000F0EBF800283A
:104B3000DAD1C4F80C0ADBE7001084500000E02052
:104B4000E4240020E82400205AEA5A5A0020704742
:104B500000207047430504D54FF0FF32034BC3F8E4
:104B60000821024BC3F8080A704700BF00108450A8
:104B7000014BC3F8040A70470010845008B100F0DC
:104B80006BB84FF47500704708B100F04FB84FF4A0
:104B90007500704710B5114800F070F800B110BDF5
:104BA0000F4800F06BF80028F9D10E4C204600F0B9
:104BB00065F80028F3D10C4B0C481C6000F05EF83F
:104BC00001460028EBD100F02DF8044608B120463C
:104BD00010BD00F079F82046FAE700BFE010002091
:104BE000DC100020D8100020D0100020D4100020AD
:104BF00008B5084800F04CF8074800F049F80748A5
:104C000000F046F8064800F043F8BDE8084000F020
:104C10000BB800BFE0100020DC100020D8100020EE
:104C2000D410002000207047704700BF024610B427
:104C3000084CD4F8003A1342FBD021B1D4F8043127
:104C40000B60C4F80831034B0020C3F8082A5DF854
:104C5000044B704700108450044AD2F8003A1842BE
:104C6000FBD0C2F8080A0020704700BF0010845033
:104C700001F0E8B90A46002101F03FBA08B5034B3C
:104C800002681B6810689847002008BD0C110020BE
:104C900008B5034B02685B6810689847002008BDA0
:104CA0000C110020024B02689B681068184700BF77
:104CB0000C11002008B5034B0268DB6810689847A8
:104CC000002008BD0C11002070B5094C094D206969
:104CD000AB68984718B1084B08485B6898470021B3
:104CE000074AEB6811602069BDE87040184700BFB3
:104CF000F81000200C110020F0100020A06301002B
:104D000050250020F8B51A4D1A4E0446B26828699D
:104D10009047E8B9184F3B684CB1A3B1012B19D0AB
:104D2000013B3B602869F36898470020F8BD43B910
:104D30000121124AC2F800151149D1F81029002AA0
:104D4000FBD101333B60F368286998470020F8BD28
:104D50000C48F8BD0A4AD2F81039002BFBD1074A9B
:104D60006FF07E40C2F80035FFF702FF3B68D7E7DF
:104D7000F81000200C110020502500200000845065
:104D800000108450E98FFFFF014B1B68184700BFDC
:104D90000C110020014B9B68184700BF0C1100202C
:104DA000014BDB68184700BF0C110020BFF34F8F89
:104DB0000549064BCA6802F4E0621343CB60BFF3B7
:104DC0004F8F00BFFDE700BF00ED00E00400FA05D3
:104DD00030B44FF0FE320025074B084C08494968B3
:104DE000C3F80024C3F80424C3F80824C3F80C242F
:104DF000C4F8005530BC08470010845000008450AF
:104E0000F010002010B5044650B1636813F0685FDD
:104E100005D0064A934202D000236260236010BD91
:104E2000034B04485B689847EFE700BF2C5F5CA921
:104E3000F0100020C0630100C8B143680D4A9342DE
:104E400013D013F0685F0ED0012350E8002F1946ED
:104E500040E8001C9CF0000FF7D1012AF5D0BFF309
:104E60005F8F0020704704487047044870476FF414
:104E7000E04070472C5F5CA9E98FFFFFEA8FFFFFDE
:104E8000034680B1426809498A420AD012F0685F3D
:104E900005D0BFF35F8F002210461A6070470448A8
:104EA0007047044870476FF4E04070472C5F5CA97E
:104EB000E98FFFFFEA8FFFFF10B5044620B1002302
:104EC000034A2360626010BD0248FFF781FFF6E7E6
:104ED0003A00003AE86301002DE9F047002878D055
:104EE0000C46002975D01D46002B72D007461AB11A
:104EF000012200232A6003602B68002B64D029461E
:104F0000204600F0B7FD804600285FD12146286882
:104F100000F096FD8046002858D12B68082B6CD0F5
:104F2000042B6DD0A3F10209B9FA89F94FEA591996
:104F30000121354EC6F8C411C6F84011C6F8C41197
:104F4000636AC6F83031D6F830219342F6D14FF07B
:104F5000000A4FF0FF30C6F82CA1FFF7FBFD6FF001
:104F60001B035046C6F80031FFF702FEC6F80C914D
:104F7000D6F8040A40F48060FFF7FAFD0A23C6F869
:104F80003831089B012B29D02369204AA2FB032337
:104F90001B09626A404602FB03F303EB43031A4A10
:104FA000DB039B09C2F8D8310123C2F82C313B68DE
:104FB0002A6823F07F4343EA02633B602A6843EA9E
:104FC00002233B60BDE8F087DFF844804046BDE83F
:104FD000F087DFF840804046BDE8F0874FF47F035C
:104FE000D3F80C2C013206D0D3F80C3C074AA2FBB4
:104FF00003231B09CDE71623CBE74FF0030997E7FF
:105000004FF0020994E700BF00108450ABAAAAAA8F
:10501000310CF100350CF10058B34B1EB3F5047F91
:1050200027D230B54FF0000ECD00744671464B09C3
:1050300001F01F0C50F82330BCF11F0F23FA0CF3C2
:1050400006D003F0010319B901211C468E46EEE794
:105050009C4201F1010106D01C464FF0010EA9420D
:10506000E5D1002030BD0EF1010E9645F7D1024882
:1050700030BD0148704700BF360CF100C0B32DE9C8
:10508000F0434C1EB4F5047F1DD2E3B1DAB1002524
:105090002E46A8462C46CF0003F1FF394FEA541C98
:1050A00004F01F0E50F82C10BEF11F0F21FA0EFC59
:1050B0000CD00CF0010C4CB90126E04634463546C4
:1050C000ECE7964216D90C48BDE8F083AB420BD012
:1050D000C44508BF0136A945F3D001350134BC42AF
:1050E000DCD10020BDE8F0830125E0462E46F5E73F
:1050F000014870471D46F1E7370CF1002DE9F04FEC
:1051000091B08346DDE91B460D46002E6ED10F6936
:105110001C6000231A990B60002A00F02F819D4B20
:105120006A6AD3F83811D3F830319A4269D10A2922
:1051300067D19BF80330089304F108030793042315
:105140000593954B934CA3FB07239B0803EB430369
:10515000A7EB4303039306971A9B069E1E60002E3F
:1051600000F0EA8000F096FC00230993BBF1000FE9
:1051700000F0D58098464FF0010ADDF81C90002D14
:1051800000F0CD80089B002B3DD0284608A900F0F8
:1051900071FC002839D0814B984220D0089B082B05
:1051A00000F0E48000225B000893294608AB5846D3
:1051B0000092FFF791FE7A4B984200F0D38070B9CD
:1051C000DBF80020130A03F47F03134323F07F432B
:1051D000CBF80030059B013B0593BDD10020039027
:1051E00000F058FC039811B0BDE8F08F4FF47F0138
:1051F000D1F80C0C01300CBF4FF40477D1F80C7CC3
:1052000086E76848EBE76648C5E72946089800F056
:1052100017FC0028BFD1089B082B00F0A980042BA5
:1052200000F0A980A3F10203B3FA83F35B090493AE
:10523000C4F8C4A1C4F840A1C4F8C4A16B6AC4F8FE
:105240003031D4F830219342F6D100234FF0FF30B3
:10525000C4F82C31FFF77EFC002318466FF01B03C7
:10526000C4F80031FFF784FC049B4B4FC4F80C31A9
:10527000D4F8040A40F48060FFF77AFC0A23C4F8EB
:1052800038312B6909A8A7FB03236A6A1B0902FBB3
:1052900003F303EB4303DB039B09C4F8D831C4F8E1
:1052A0002CA1DBF80030089923F07F420B0243EA7F
:1052B00001631343CBF8003000F0B2FB099B03F00D
:1052C0001A0303437FF46AAFA7FB0637D4F81431FF
:1052D000B8EB970F0A93D4F818310B93D4F81C311C
:1052E0000C93D4F820310D93D4F824310E93D4F8D4
:1052F00028310F9301D1039B9BB9484618220AA974
:10530000183EFFF7B5FC09F1180908F101089EB134
:1053100000F0C0FB00230993002D7FF433AF224837
:1053200039E748461A46F61A0AA9994408F10108CD
:10533000FFF79EFC002EEBD1069F079E6A69394657
:105340003046FFF769FEAA6940B94FF480633946D9
:105350003046FFF793FE00283FF440AF00231A9A2F
:10536000136018E72B6A002B3FF439AF0F4836E77C
:10537000032304935CE70223049359E7012229469F
:105380005846009608ABFFF7A7FD00283FF4D4AEBF
:1053900025E700BF00108450ABAAAAAA020CF100B6
:1053A000310CF100300CF100350CF100320CF10041
:1053B00030B4DDE9023402940024049DCDE90354A5
:1053C00030BCFFF79BBE00BF30B51546012487B047
:1053D00005AB00930022CDE9015404ABFFF78EFE2C
:1053E00007B030BDF0B587B0002966D01E46002B4F
:1053F00063D01446002A60D0314F0D4638684FF014
:10540000FF31FFF74FFC00284DD10020FFF77AFC59
:10541000002844D12B4800F03FFAD8B101204FF0CA
:10542000FF35FFF76FFC002835D14FF4087126488F
:10543000FEF70EFF04212548FEF70AFF2148282128
:10544000FEF706FF3868FFF735FC00282FD1284605
:1054500007B0F0BD1C4A0346029205AA019204AAB5
:1054600003900092174902461848FFF7A1FF034630
:105470000028D3D128461D46059B22469C4228BFC2
:105480001A46049932600831FFF7F2FB0120FFF75A
:1054900039FC0028C9D00E48FFF79AFCC5E70D4833
:1054A000FFF796FCB6E70C48FFF792FCADE70B4818
:1054B000FFF78EFC284607B0F0BD4FF0FF35C6E77A
:1054C000D0100020682500209025002064250020B1
:1054D0006863010048630100306301000C6401004F
:1054E00010B5044628B12046BDE81040F421FFF76E
:1054F000C1BB0448FFF76CFC2046BDE81040F42116
:10550000FFF7B8BB2464010010B1F421FEF7A0BE80
:10551000704700BF08B521B1012908D06FF03600EF
:1055200008BD012100F058F80028F7D108BD02217C
:1055300000F052F80028F9D0F0E700BF30B505467A
:105540008818B0F5801F0B461446A1B001D8802AF8
:105550000CD9B3F5801F17D922461946284600F00A
:105560007DF8044684B9204621B030BD6846FFF777
:105570007FFB22466946284600F070F880210446E9
:105580006846FFF777FBEDE76FF03604EBE700BF07
:1055900070B5E8B10E46D9B1044600F031F80546C1
:1055A000B0B92368012B0BD0022B01D0284670BD67
:1055B0001C22304604F10801FFF75AFB284670BD53
:1055C0002022304604F10801FFF752FB284670BD47
:1055D0006FF03605EAE700BF78B138B50D46F02127
:1055E0000446FFF747FB402320462560E36500F0B3
:1055F00091FA003818BF012038BD0120704700BF64
:10560000F0B5056EA5B0044604AEE5B90023012748
:10561000019330466760294602AA009300F046FADB
:1056200010B1012025B0F0BD2A46204602A900F0A5
:1056300099FA0028F5D1204600F0AAFB0028F0D105
:10564000206625B0F0BD802D2A46304628BF802236
:1056500004F16401FFF70CFB256ED7E7002800F08A
:10566000AE802DE9F04F1446A5B0002A3DD00F467C
:10567000002949D0B2F5803F0546006E20D34FF691
:10568000FF7805F1640AEB6D1A1AB2FBF3F103FB24
:105690001122002A65D18342B9464FF6FF7672D0B7
:1056A000B6FBF3FB03FB0BFBBBF1000F30D1002E6D
:1056B00045D1A4F57F44FF3CB4F5803F4744E2D296
:1056C000EA6D161AB6FBF2F302FB1366A64228BF78
:1056D0002646002E75D1824200F08D80B4FBF2F692
:1056E00002FB06F62EB9002C79D1002025B0BDE8CA
:1056F000F08F002331463846CDE9003302AA00F08E
:10570000D5F9002800F09580012025B0BDE8F08F84
:10571000002359464846CDE9003302AA00F0C6F9F5
:105720000028F1D15A46284602A900F01BFA0028A9
:10573000EAD1A6EB0B06286ED944002EB9D0193059
:105740004946324605EB8000FFF792FAA4F57F4404
:10575000286EFF3C3044B4F5803F4744286692D21F
:10576000AEE7424528BF4246164639465044FFF749
:105770007FFA286EEB6D3044834207EB06092866FA
:10578000A8EB06068CD1802B28BF802351461A46F1
:1057900004A8FFF76DFA0023E96D02AACDE90033F2
:1057A00004A800F083F90028AED12846EA6D02A9CA
:1057B00000F0D8F90028A7D1EB6D286670E701202A
:1057C000704705F16403394632461844FFF750FA32
:1057D000286EEA6D3044A41B374428667BE72B6EA5
:1057E0002246193305EB83003946FFF741FA2B6E49
:1057F00023442B6679E7802A28BF802205F16401C3
:1058000004A8FFF735FA0023E96D04A8CDE90033B9
:1058100002AA00F04BF900287FF476AF2846EA6D23
:1058200002A900F09FF900287FF46EAFEA6D2866A8
:1058300054E73246284602A900F094F900287FF484
:1058400063AF3744A41B4EE7F8B51C460546114824
:1058500016460F46FFF744FE21460E48FFF75AFE54
:10586000044620B10B48FFF74FFE2046F8BD3A46EC
:1058700029460848FFF762FE04460028F2D1314667
:105880000448FFF785FE04460248FFF73DFE204628
:10589000F8BD00BFB02700201C2370B582B001A95D
:1058A0000546019300F032F8044638B9019B1C2BE1
:1058B00007D0144C1C212846FFF7DCF9204602B023
:1058C00070BDD5E90112131E18BF0123003918BF9E
:1058D0000121012628689B00EA6843EA4103002869
:1058E00018BF43F00103EE612AB9C5E90834002B63
:1058F000E4D1054CDEE7204643F00803C5E908344F
:1059000002B070BD370CF0000E0CF000034600280A
:1059100066D0002964D00A681C2A61D14FF47F0246
:105920003B49D2F8100C88425CD0D2F8101C0131EF
:1059300058D0D2F8101C4FF47F021960D2F8140C22
:105940003449884260D0D2F8141C01315CD0D2F8BE
:10595000141C4FF47F025960D2F8181C11F5947F83
:105960004FD0D2F8181C01314BD0D2F8181C4FF48C
:105970007F029960D2F81C0C274988423ED0D2F8A9
:105980001C1C01313AD0D2F81C1C4FF47F02D960A4
:10599000D2F8001C70312FD0D2F8001C01312BD06E
:1059A000D2F8001C4FF47F021961D2F8041CAF3109
:1059B00020D0D2F8041C01311CD0D2F8041C4FF4C2
:1059C0007F025961D2F8080C144988420DD0D2F8F0
:1059D000081C013109D0D2F8082C00209A617047C8
:1059E0000120704740F6FC01A5E740F23732002065
:1059F0009A6170475121E2E79021D3E742F6041102
:105A0000C3E740F6D861B2E742F2D001A1E700BF98
:105A1000FCF8FFFFD020FFFF0429FFFF37F3FFFF53
:105A2000014608B54FF48060FFF7AEF80022034B43
:105A3000C3F8C821C3F82C2108BD00BF0010845052
:105A40000138072805D8DFE800F0100E040A040426
:105A5000040607487047CB6800204B6270478B688C
:105A600000204B6270474B68F6E70B68F4E700BF15
:105A7000310CF1000B6802E0082B0B6006D8026ABB
:105A800013424FEA4303F7D00020704700487047A5
:105A9000310CF1000022044B4FF48060C3F82C213C
:105AA000C3F8C421FFF756B800108450F0B50024A5
:105AB00083B0B0F1005F8DF8074025D38C46844455
:105AC000BCF1804F04461FD817461D4601220DF138
:105AD000070300F097F90646B0B99DF80730099A18
:105AE0003C603B7192B14DB10246089928460DF1D8
:105AF000070300F087F938B99DF807303046099A56
:105B00001560137103B0F0BD4FF47506304603B055
:105B1000F0BD00BFD8B108B50368012B04D0022B3B
:105B20000FD043B10B4808BD20220B490830FFF7C6
:105B30009FF8002008BD142208490830FFF798F8A4
:105B4000F7E7202206490830FFF792F8F1E74FF413
:105B5000730070470100F3003464010074640100B5
:105B6000546401002DE9F843002900F0F98004464F
:105B7000002800F0F98003680F469046002B00F0E3
:105B8000C380013B012B00F2D7804FF0FF317848F2
:105B90004FF00209FFF786F8002840F0BF80002090
:105BA000FFF7B0F80646002840F0C280714AD2F8EC
:105BB0001C39002BFBD16F4DD5F8203C002BFBD1BD
:105BC0004FF0FF30FEF7C6FFD5F8040A20F0400082
:105BD000FEF7CEFF01230722C5F81838C5F80029C3
:105BE000C5F8C437A36CC5F8CC37E36CC5F8D0371B
:105BF000C5F8C09723685BB1013B012B18D8636AD5
:105C0000C5F85C36236AC5F85836E369C5F85436DA
:105C1000A269584BC3F850266269C3F84C26226922
:105C2000C3F84826E268C3F84426A268C3F84026B1
:105C3000504AD2F81039002BFBD1B8F1000F5FD0D9
:105C400063684020012B08BFC2F884363A68494B8C
:105C5000C3F8282CC3F82C8CFEF790FF0646454A63
:105C6000D2F81039002BFBD1424AD2F8203C002B4D
:105C7000FBD123685BB1013B012B18D8D2F85C360D
:105C80006362D2F858362362D2F85436E361394B56
:105C9000D3F85026A261D3F84C266261D3F8482687
:105CA0002261D3F84426E260D3F84036A360002393
:105CB0000121304AD2F8CC07A064D2F8D007E064C2
:105CC000C2F8C417C2F88436C2F8C837D2F81039FF
:105CD000002BFBD1C2F81838002E3BD1254BD3F84E
:105CE000040A40F04000FEF743FF0120FFF70AF8E6
:105CF00060BB1F48FEF7DEFF10BB3046BDE8F883EF
:105D00000423C2F8C837AAE74FF0FF3118484FF014
:105D10000109FEF7C7FF00283FF441AF1648FFF71F
:105D200057F80020FEF7EEFF064600283FF43EAF8E
:105D30001248FFF74DF839E7114E3046BDE8F883B9
:105D40001048FFF745F83046BDE8F8830E48FFF7E6
:105D50003FF8CEE7102104F10800FEF78BFFBDE706
:105D60000A4E3046BDE8F8834FF47306C5E700BF1E
:105D7000E0100020001084503063010048630100EF
:105D80000100F30088630100686301000300F30071
:105D9000A0B3034670B4D0E90240D3E9041226BA96
:105DA00005BA0CBA10BAC3E90440D3E90612986ADE
:105DB00009BAC3E9026512BA996100BAD3E9084188
:105DC00025BA0CBAC3E90725D3E90B12C3E9094088
:105DD00009BAD86B12BAD962D3E90D4125BAC3E921
:105DE0000C250CBA00BAD3E9101209BA12BAC3E9E9
:105DF0000E40196400205A6470BC70474FF4730061
:105E0000704700BF00201870704700BF431810B5DE
:105E100001D21F2A01D9002010BD013902F014035C
:105E20000144102B80EA01043CD009DC8BB1042B27
:105E3000F1D11F2C40E840F315D941E840F10EE0C4
:105E4000142BE8D11F2C40E8C0F30CD941E8C0F175
:105E500005E01F2C40E800F305D941E800F11C469D
:105E60000B468C42D7D122F01402013A0A2AD2D82A
:105E700001A151F822F000BFC75E0100C15E010020
:105E8000B35E0100175E0100175E0100175E01009E
:105E9000175E0100CD5E0100C75E0100BB5E010020
:105EA000B35E01001F2C40E880F3DCD941E880F1AB
:105EB000D5E713F4001FAFD1ADE713F4801FFAE765
:105EC0005B02A9D5A7E713F4002FF4E713F4802FA2
:105ED000F1E700BF08B5074B044613B10021AFF34B
:105EE0000080054B1868836A03B19847204600F08C
:105EF00029F800BF000000008864010070B50D4D56
:105F000000260D4C641BA410A64209D10B4D00269F
:105F10000B4C00F0F1F9641BA410A64205D170BD32
:105F200055F8043B01369847EEE755F8043B013637
:105F30009847F2E7480801004808010048080100B6
:105F40004C080100FEE700BFB7EE000AF7EE000ABA
:105F5000B7EE001AF7EE001AB7EE002AF7EE002AA5
:105F6000B7EE003AF7EE003AB7EE004AF7EE004A15
:105F7000B7EE005AF7EE005AB7EE006AF7EE006A85
:105F8000B7EE007AF7EE007AF1EE10CA40F29F0108
:105F9000CFF200013CEA010CE1EE10CA002383F3CA
:105FA00000887047FDF71ABAEFF30880EFF3098114
:105FB0002DE9F00F6B467246FAF77EFE08B0FFF748
:105FC000F1FFFEE7FDF70ABAEFF30880EFF309816E
:105FD0002DE9F00F6B467246FAF76EFE08B0FFF738
:105FE000F1FFFEE7FDF7FAB9EFF30880EFF309815F
:105FF0002DE9F00F6B467246FAF75EFE08B0FFF728
:10600000F1FFFEE7FDF7EAB9EFF30880EFF309814E
:106010002DE9F00F6B467246FAF74EFE08B0FFF717
:10602000F1FFFEE7FDF7DAB9EFF30880EFF309813E
:106030002DE9F00F6B467246FAF73EFE08B0FFF707
:10604000F1FFFEE7814270B40546144602D370BCEE
:1060500000F02EB8821821443CB141EA020313F04B
:1060600003030FD1E018032812D86FF00300A30830
:106070004343002019441A442344984210D128462F
:1060800070BC704711F8013D013C02F8013DE3E7A7
:10609000581850F8046C981840F8046C043BE1E779
:1060A0000C1A14F8016C141A04F8016C0130E4E7BE
:1060B00070B504463AB141EA040313F003030CD16E
:1060C000D518032D0FD822F003031C4419440023D4
:1060D00002F0030293420CD170BD11F8013B013A6A
:1060E00004F8013BE6E7CD1A2E68E51A2E60043B62
:1060F000E6E75D5CE5540133ECE7F0B5044662B9D0
:1061000022F00303234402F003021A44934214D101
:10611000F0BD04F8011B013AF1E7A307F9D11546D8
:106120000B0443EA01630B4343EA01231619032DD1
:10613000E6D9771B3B60043DF9E703F8011BE5E76F
:1061400008B5EFF30583C3F308030BB1FDF746F978
:10615000BDE80840FDF710BA10B50446EFF305831B
:10616000C3F308030BB1FDF739F92046BDE8104031
:10617000FDF705BA2DE9F04104460D4616461F46C7
:10618000EFF30583C3F308030BB1FDF727F93B4693
:10619000324629462046BDE8F041FCF757BD2DE9BF
:1061A000F04104460D4616461F46EFF30583C3F340
:1061B00008030BB1FDF712F93B463246294620464B
:1061C000BDE8F041FCF77CBD08B5EFF30583C3F3F0
:1061D00008030BB1FDF702F9BDE80840FDF79FB9D0
:1061E00000207047704710B5044608B1FDF714FF52
:1061F0002046BDE81040FDF7FFBE10B50446406ADA
:1062000010B1A16AFFF7EFFF0020C4E9090010BD3B
:1062100038B50546FFF7F1FF2B7F0446012B0ED062
:10622000023B012B0ED82B6A012B18BF6FF096048E
:106230002C2200212846FFF760FF204638BD2B6A3C
:10624000002BF2E76FF09604F2E7002070477047EA
:106250000020704713B5002001AB1446FDF7D6FFB0
:1062600030B9019BA34218BF6FF0930002B010BD7C
:106270006FF09200FAE7002070470346002030B527
:10628000013A00D230BD1D780C78A54202D008B981
:10629000281BF5E701330131F2E72DE9E04F2746EE
:1062A000A046A146A246A346A4462DED108B4FF072
:1062B000000545EC185B45EC195A45EC1A5A45ECBB
:1062C0001B5A45EC1C5A45EC1D5A45EC1E5A45EC30
:1062D0001F5AF1EE105A4FF66076C0F6FF76354041
:1062E000E1EE105A84F3008825462646A447BDEC0B
:1062F000108BBDE8E08F0000F8B500BFF8BC08BC0B
:106300009E467047F8B500BFF8BC08BC9E46704773
:106310007AFFFFFFFF8FFFFFFF8FFFFFFE8FFFFF63
:10632000FE8FFFFFFD8FFFFFFC8FFFFFFC8FFFFF46
:106330004661696C20746F206163717569726520B4
:106340006D757465780A00004661696C20746F2071
:10635000696E63726561736520504D20636F756E61
:106360007465720A000000004661696C20746F2039
:10637000646563726561736520504D20636F756E4F
:106380007465720A000000004661696C20746F2019
:1063900072656C65617365206D757465780A0000BF
:1063A000436F756C64206E6F74206C6F636B20702C
:1063B0006F7765722073617665206D7574657800FE
:1063C0006D757465785F667265652063616C6C6578
:1063D000642077697468204E554C4C20706172615E
:1063E0006D6574657200000043616E277420696EEC
:1063F000697469616C697A65206D757465782C20A3
:10640000776173204E554C4C0D0A00004661696C53
:1064100020746F20756E6C6F636B206D757465787A
:106420000A0000000A637478206973204E554C4CB2
:106430000A00000067E6096A85AE67BB72F36E3C2E
:106440003AF54FA57F520E518C68059BABD9831F3F
:1064500019CDE05BD89E05C107D57C3617DD7030BD
:1064600039590EF7310BC0FF11155868A78FF96421
:10647000A44FFABE0123456789ABCDEFFEDCBA9885
:1064800076543210F0E1D2C33C11002054464D5FE7
:1064900043525950544F0054464D5F504C4154465E
:1064A0004F524D5F5345525649434500000000008E
:1064B00000000000000000000000000000000000DC
:1064C000FFFFFFFFFFFFFFFFFFFFFFFFFFFFFFFFDC
:1064D000FFFFFFFFFFFFFFFFFFFFFFFFFFFFFFFFCC
:1064E000FFFFFFFFFFFFFFFFFFFFFFFFFFFFFFFFBC
:1064F000FFFFFFFFFFFFFFFFFFFFFFFFFFFFFFFFAC
:10650000FFFFFFFFFFFFFFFFFFFFFFFFFFFFFFFF9B
:10651000FFFFFFFFFFFFFFFFFFFFFFFFFFFFFFFF8B
:10652000FFFFFFFFFFFFFFFFFFFFFFFFFFFFFFFF7B
:10653000FFFFFFFFFFFFFFFFFFFFFFFFFFFFFFFF6B
:10654000FFFFFFFFFFFFFFFFFFFFFFFFFFFFFFFF5B
:10655000FFFFFFFFFFFFFFFFFFFFFFFFFFFFFFFF4B
:10656000FFFFFFFFFFFFFFFFFFFFFFFFFFFFFFFF3B
:10657000FFFFFFFFFFFFFFFFFFFFFFFFFFFFFFFF2B
:10658000FFFFFFFFFFFFFFFFFFFFFFFFFFFFFFFF1B
:10659000FFFFFFFFFFFFFFFFFFFFFFFFFFFFFFFF0B
:1065A000FFFFFFFFFFFFFFFFFFFFFFFFFFFFFFFFFB
:1065B000FFFFFFFFFFFFFFFFFFFFFFFFFFFFFFFFEB
:1065C000FFFFFFFFFFFFFFFFFFFFFFFFFFFFFFFFDB
:1065D000FFFFFFFFFFFFFFFFFFFFFFFFFFFFFFFFCB
:1065E000FFFFFFFFFFFFFFFFFFFFFFFFFFFFFFFFBB
:1065F000FFFFFFFFFFFFFFFFFFFFFFFFFFFFFFFFAB
:10660000FFFFFFFFFFFFFFFFFFFFFFFFFFFFFFFF9A
:10661000FFFFFFFFFFFFFFFFFFFFFFFFFFFFFFFF8A
:10662000FFFFFFFFFFFFFFFFFFFFFFFFFFFFFFFF7A
:10663000FFFFFFFFFFFFFFFFFFFFFFFFFFFFFFFF6A
:10664000FFFFFFFFFFFFFFFFFFFFFFFFFFFFFFFF5A
:10665000FFFFFFFFFFFFFFFFFFFFFFFFFFFFFFFF4A
:10666000FFFFFFFFFFFFFFFFFFFFFFFFFFFFFFFF3A
:10667000FFFFFFFFFFFFFFFFFFFFFFFFFFFFFFFF2A
:10668000FFFFFFFFFFFFFFFFFFFFFFFFFFFFFFFF1A
:10669000FFFFFFFFFFFFFFFFFFFFFFFFFFFFFFFF0A
:1066A000FFFFFFFFFFFFFFFFFFFFFFFFFFFFFFFFFA
:1066B000FFFFFFFFFFFFFFFFFFFFFFFFFFFFFFFFEA
:1066C000FFFFFFFFFFFFFFFFFFFFFFFFFFFFFFFFDA
:1066D000FFFFFFFFFFFFFFFFFFFFFFFFFFFFFFFFCA
:1066E000FFFFFFFFFFFFFFFFFFFFFFFFFFFFFFFFBA
:1066F000FFFFFFFFFFFFFFFFFFFFFFFFFFFFFFFFAA
:10670000FFFFFFFFFFFFFFFFFFFFFFFFFFFFFFFF99
:10671000FFFFFFFFFFFFFFFFFFFFFFFFFFFFFFFF89
:10672000FFFFFFFFFFFFFFFFFFFFFFFFFFFFFFFF79
:10673000FFFFFFFFFFFFFFFFFFFFFFFFFFFFFFFF69
:10674000FFFFFFFFFFFFFFFFFFFFFFFFFFFFFFFF59
:10675000FFFFFFFFFFFFFFFFFFFFFFFFFFFFFFFF49
:10676000FFFFFFFFFFFFFFFFFFFFFFFFFFFFFFFF39
:10677000FFFFFFFFFFFFFFFFFFFFFFFFFFFFFFFF29
:10678000FFFFFFFFFFFFFFFFFFFFFFFFFFFFFFFF19
:10679000FFFFFFFFFFFFFFFFFFFFFFFFFFFFFFFF09
:1067A000FFFFFFFFFFFFFFFFFFFFFFFFFFFFFFFFF9
:1067B000FFFFFFFFFFFFFFFFFFFFFFFFFFFFFFFFE9
:1067C000FFFFFFFFFFFFFFFFFFFFFFFFFFFFFFFFD9
:1067D000FFFFFFFFFFFFFFFFFFFFFFFFFFFFFFFFC9
:1067E000FFFFFFFFFFFFFFFFFFFFFFFFFFFFFFFFB9
:1067F000FFFFFFFFFFFFFFFFFFFFFFFFFFFFFFFFA9
:10680000FFFFFFFFFFFFFFFFFFFFFFFFFFFFFFFF98
:10681000FFFFFFFFFFFFFFFFFFFFFFFFFFFFFFFF88
:10682000FFFFFFFFFFFFFFFFFFFFFFFFFFFFFFFF78
:10683000FFFFFFFFFFFFFFFFFFFFFFFFFFFFFFFF68
:10684000FFFFFFFFFFFFFFFFFFFFFFFFFFFFFFFF58
:10685000FFFFFFFFFFFFFFFFFFFFFFFFFFFFFFFF48
:10686000FFFFFFFFFFFFFFFFFFFFFFFFFFFFFFFF38
:10687000FFFFFFFFFFFFFFFFFFFFFFFFFFFFFFFF28
:10688000FFFFFFFFFFFFFFFFFFFFFFFFFFFFFFFF18
:10689000FFFFFFFFFFFFFFFFFFFFFFFFFFFFFFFF08
:1068A000FFFFFFFFFFFFFFFFFFFFFFFFFFFFFFFFF8
:1068B000FFFFFFFFFFFFFFFFFFFFFFFFFFFFFFFFE8
:1068C000FFFFFFFFFFFFFFFFFFFFFFFFFFFFFFFFD8
:1068D000FFFFFFFFFFFFFFFFFFFFFFFFFFFFFFFFC8
:1068E000FFFFFFFFFFFFFFFFFFFFFFFFFFFFFFFFB8
:1068F000FFFFFFFFFFFFFFFFFFFFFFFFFFFFFFFFA8
:10690000FFFFFFFFFFFFFFFFFFFFFFFFFFFFFFFF97
:10691000FFFFFFFFFFFFFFFFFFFFFFFFFFFFFFFF87
:10692000FFFFFFFFFFFFFFFFFFFFFFFFFFFFFFFF77
:10693000FFFFFFFFFFFFFFFFFFFFFFFFFFFFFFFF67
:10694000FFFFFFFFFFFFFFFFFFFFFFFFFFFFFFFF57
:10695000FFFFFFFFFFFFFFFFFFFFFFFFFFFFFFFF47
:10696000FFFFFFFFFFFFFFFFFFFFFFFFFFFFFFFF37
:10697000FFFFFFFFFFFFFFFFFFFFFFFFFFFFFFFF27
:10698000FFFFFFFFFFFFFFFFFFFFFFFFFFFFFFFF17
:10699000FFFFFFFFFFFFFFFFFFFFFFFFFFFFFFFF07
:1069A000FFFFFFFFFFFFFFFFFFFFFFFFFFFFFFFFF7
:1069B000FFFFFFFFFFFFFFFFFFFFFFFFFFFFFFFFE7
:1069C000FFFFFFFFFFFFFFFFFFFFFFFFFFFFFFFFD7
:1069D000FFFFFFFFFFFFFFFFFFFFFFFFFFFFFFFFC7
:1069E000FFFFFFFFFFFFFFFFFFFFFFFFFFFFFFFFB7
:1069F000FFFFFFFFFFFFFFFFFFFFFFFFFFFFFFFFA7
:106A0000FFFFFFFFFFFFFFFFFFFFFFFFFFFFFFFF96
:106A1000FFFFFFFFFFFFFFFFFFFFFFFFFFFFFFFF86
:106A2000FFFFFFFFFFFFFFFFFFFFFFFFFFFFFFFF76
:106A3000FFFFFFFFFFFFFFFFFFFFFFFFFFFFFFFF66
:106A4000FFFFFFFFFFFFFFFFFFFFFFFFFFFFFFFF56
:106A5000FFFFFFFFFFFFFFFFFFFFFFFFFFFFFFFF46
:106A6000FFFFFFFFFFFFFFFFFFFFFFFFFFFFFFFF36
:106A7000FFFFFFFFFFFFFFFFFFFFFFFFFFFFFFFF26
:106A8000FFFFFFFFFFFFFFFFFFFFFFFFFFFFFFFF16
:106A9000FFFFFFFFFFFFFFFFFFFFFFFFFFFFFFFF06
:106AA000FFFFFFFFFFFFFFFFFFFFFFFFFFFFFFFFF6
:106AB000FFFFFFFFFFFFFFFFFFFFFFFFFFFFFFFFE6
:106AC000FFFFFFFFFFFFFFFFFFFFFFFFFFFFFFFFD6
:106AD000FFFFFFFFFFFFFFFFFFFFFFFFFFFFFFFFC6
:106AE000FFFFFFFFFFFFFFFFFFFFFFFFFFFFFFFFB6
:106AF000FFFFFFFFFFFFFFFFFFFFFFFFFFFFFFFFA6
:106B0000FFFFFFFFFFFFFFFFFFFFFFFFFFFFFFFF95
:106B1000FFFFFFFFFFFFFFFFFFFFFFFFFFFFFFFF85
:106B2000FFFFFFFFFFFFFFFFFFFFFFFFFFFFFFFF75
:106B3000FFFFFFFFFFFFFFFFFFFFFFFFFFFFFFFF65
:106B4000FFFFFFFFFFFFFFFFFFFFFFFFFFFFFFFF55
:106B5000FFFFFFFFFFFFFFFFFFFFFFFFFFFFFFFF45
:106B6000FFFFFFFFFFFFFFFFFFFFFFFFFFFFFFFF35
:106B7000FFFFFFFFFFFFFFFFFFFFFFFFFFFFFFFF25
:106B8000FFFFFFFFFFFFFFFFFFFFFFFFFFFFFFFF15
:106B9000FFFFFFFFFFFFFFFFFFFFFFFFFFFFFFFF05
:106BA000FFFFFFFFFFFFFFFFFFFFFFFFFFFFFFFFF5
:106BB000FFFFFFFFFFFFFFFFFFFFFFFFFFFFFFFFE5
:106BC000FFFFFFFFFFFFFFFFFFFFFFFFFFFFFFFFD5
:106BD000FFFFFFFFFFFFFFFFFFFFFFFFFFFFFFFFC5
:106BE000FFFFFFFFFFFFFFFFFFFFFFFFFFFFFFFFB5
:106BF000FFFFFFFFFFFFFFFFFFFFFFFFFFFFFFFFA5
:106C0000FFFFFFFFFFFFFFFFFFFFFFFFFFFFFFFF94
:106C1000FFFFFFFFFFFFFFFFFFFFFFFFFFFFFFFF84
:106C2000FFFFFFFFFFFFFFFFFFFFFFFFFFFFFFFF74
:106C3000FFFFFFFFFFFFFFFFFFFFFFFFFFFFFFFF64
:106C4000FFFFFFFFFFFFFFFFFFFFFFFFFFFFFFFF54
:106C5000FFFFFFFFFFFFFFFFFFFFFFFFFFFFFFFF44
:106C6000FFFFFFFFFFFFFFFFFFFFFFFFFFFFFFFF34
:106C7000FFFFFFFFFFFFFFFFFFFFFFFFFFFFFFFF24
:106C8000FFFFFFFFFFFFFFFFFFFFFFFFFFFFFFFF14
:106C9000FFFFFFFFFFFFFFFFFFFFFFFFFFFFFFFF04
:106CA000FFFFFFFFFFFFFFFFFFFFFFFFFFFFFFFFF4
:106CB000FFFFFFFFFFFFFFFFFFFFFFFFFFFFFFFFE4
:106CC000FFFFFFFFFFFFFFFFFFFFFFFFFFFFFFFFD4
:106CD000FFFFFFFFFFFFFFFFFFFFFFFFFFFFFFFFC4
:106CE000FFFFFFFFFFFFFFFFFFFFFFFFFFFFFFFFB4
:106CF000FFFFFFFFFFFFFFFFFFFFFFFFFFFFFFFFA4
:106D0000FFFFFFFFFFFFFFFFFFFFFFFFFFFFFFFF93
:106D1000FFFFFFFFFFFFFFFFFFFFFFFFFFFFFFFF83
:106D2000FFFFFFFFFFFFFFFFFFFFFFFFFFFFFFFF73
:106D3000FFFFFFFFFFFFFFFFFFFFFFFFFFFFFFFF63
:106D4000FFFFFFFFFFFFFFFFFFFFFFFFFFFFFFFF53
:106D5000FFFFFFFFFFFFFFFFFFFFFFFFFFFFFFFF43
:106D6000FFFFFFFFFFFFFFFFFFFFFFFFFFFFFFFF33
:106D7000FFFFFFFFFFFFFFFFFFFFFFFFFFFFFFFF23
:106D8000FFFFFFFFFFFFFFFFFFFFFFFFFFFFFFFF13
:106D9000FFFFFFFFFFFFFFFFFFFFFFFFFFFFFFFF03
:106DA000FFFFFFFFFFFFFFFFFFFFFFFFFFFFFFFFF3
:106DB000FFFFFFFFFFFFFFFFFFFFFFFFFFFFFFFFE3
:106DC000FFFFFFFFFFFFFFFFFFFFFFFFFFFFFFFFD3
:106DD000FFFFFFFFFFFFFFFFFFFFFFFFFFFFFFFFC3
:106DE000FFFFFFFFFFFFFFFFFFFFFFFFFFFFFFFFB3
:106DF000FFFFFFFFFFFFFFFFFFFFFFFFFFFFFFFFA3
:106E0000FFFFFFFFFFFFFFFFFFFFFFFFFFFFFFFF92
:106E1000FFFFFFFFFFFFFFFFFFFFFFFFFFFFFFFF82
:106E2000FFFFFFFFFFFFFFFFFFFFFFFFFFFFFFFF72
:106E3000FFFFFFFFFFFFFFFFFFFFFFFFFFFFFFFF62
:106E4000FFFFFFFFFFFFFFFFFFFFFFFFFFFFFFFF52
:106E5000FFFFFFFFFFFFFFFFFFFFFFFFFFFFFFFF42
:106E6000FFFFFFFFFFFFFFFFFFFFFFFFFFFFFFFF32
:106E7000FFFFFFFFFFFFFFFFFFFFFFFFFFFFFFFF22
:106E8000FFFFFFFFFFFFFFFFFFFFFFFFFFFFFFFF12
:106E9000FFFFFFFFFFFFFFFFFFFFFFFFFFFFFFFF02
:106EA000FFFFFFFFFFFFFFFFFFFFFFFFFFFFFFFFF2
:106EB000FFFFFFFFFFFFFFFFFFFFFFFFFFFFFFFFE2
:106EC000FFFFFFFFFFFFFFFFFFFFFFFFFFFFFFFFD2
:106ED000FFFFFFFFFFFFFFFFFFFFFFFFFFFFFFFFC2
:106EE000FFFFFFFFFFFFFFFFFFFFFFFFFFFFFFFFB2
:106EF000FFFFFFFFFFFFFFFFFFFFFFFFFFFFFFFFA2
:106F0000FFFFFFFFFFFFFFFFFFFFFFFFFFFFFFFF91
:106F1000FFFFFFFFFFFFFFFFFFFFFFFFFFFFFFFF81
:106F2000FFFFFFFFFFFFFFFFFFFFFFFFFFFFFFFF71
:106F3000FFFFFFFFFFFFFFFFFFFFFFFFFFFFFFFF61
:106F4000FFFFFFFFFFFFFFFFFFFFFFFFFFFFFFFF51
:106F5000FFFFFFFFFFFFFFFFFFFFFFFFFFFFFFFF41
:106F6000FFFFFFFFFFFFFFFFFFFFFFFFFFFFFFFF31
:106F7000FFFFFFFFFFFFFFFFFFFFFFFFFFFFFFFF21
:106F8000FFFFFFFFFFFFFFFFFFFFFFFFFFFFFFFF11
:106F9000FFFFFFFFFFFFFFFFFFFFFFFFFFFFFFFF01
:106FA000FFFFFFFFFFFFFFFFFFFFFFFFFFFFFFFFF1
:106FB000FFFFFFFFFFFFFFFFFFFFFFFFFFFFFFFFE1
:106FC000FFFFFFFFFFFFFFFFFFFFFFFFFFFFFFFFD1
:106FD000FFFFFFFFFFFFFFFFFFFFFFFFFFFFFFFFC1
:106FE000FFFFFFFFFFFFFFFFFFFFFFFFFFFFFFFFB1
:106FF000FFFFFFFFFFFFFFFFFFFFFFFFFFFFFFFFA1
:10700000FFFFFFFFFFFFFFFFFFFFFFFFFFFFFFFF90
:10701000FFFFFFFFFFFFFFFFFFFFFFFFFFFFFFFF80
:10702000FFFFFFFFFFFFFFFFFFFFFFFFFFFFFFFF70
:10703000FFFFFFFFFFFFFFFFFFFFFFFFFFFFFFFF60
:10704000FFFFFFFFFFFFFFFFFFFFFFFFFFFFFFFF50
:10705000FFFFFFFFFFFFFFFFFFFFFFFFFFFFFFFF40
:10706000FFFFFFFFFFFFFFFFFFFFFFFFFFFFFFFF30
:10707000FFFFFFFFFFFFFFFFFFFFFFFFFFFFFFFF20
:10708000FFFFFFFFFFFFFFFFFFFFFFFFFFFFFFFF10
:10709000FFFFFFFFFFFFFFFFFFFFFFFFFFFFFFFF00
:1070A000FFFFFFFFFFFFFFFFFFFFFFFFFFFFFFFFF0
:1070B000FFFFFFFFFFFFFFFFFFFFFFFFFFFFFFFFE0
:1070C000FFFFFFFFFFFFFFFFFFFFFFFFFFFFFFFFD0
:1070D000FFFFFFFFFFFFFFFFFFFFFFFFFFFFFFFFC0
:1070E000FFFFFFFFFFFFFFFFFFFFFFFFFFFFFFFFB0
:1070F000FFFFFFFFFFFFFFFFFFFFFFFFFFFFFFFFA0
:10710000FFFFFFFFFFFFFFFFFFFFFFFFFFFFFFFF8F
:10711000FFFFFFFFFFFFFFFFFFFFFFFFFFFFFFFF7F
:10712000FFFFFFFFFFFFFFFFFFFFFFFFFFFFFFFF6F
:10713000FFFFFFFFFFFFFFFFFFFFFFFFFFFFFFFF5F
:10714000FFFFFFFFFFFFFFFFFFFFFFFFFFFFFFFF4F
:10715000FFFFFFFFFFFFFFFFFFFFFFFFFFFFFFFF3F
:10716000FFFFFFFFFFFFFFFFFFFFFFFFFFFFFFFF2F
:10717000FFFFFFFFFFFFFFFFFFFFFFFFFFFFFFFF1F
:10718000FFFFFFFFFFFFFFFFFFFFFFFFFFFFFFFF0F
:10719000FFFFFFFFFFFFFFFFFFFFFFFFFFFFFFFFFF
:1071A000FFFFFFFFFFFFFFFFFFFFFFFFFFFFFFFFEF
:1071B000FFFFFFFFFFFFFFFFFFFFFFFFFFFFFFFFDF
:1071C000FFFFFFFFFFFFFFFFFFFFFFFFFFFFFFFFCF
:1071D000FFFFFFFFFFFFFFFFFFFFFFFFFFFFFFFFBF
:1071E000FFFFFFFFFFFFFFFFFFFFFFFFFFFFFFFFAF
:1071F000FFFFFFFFFFFFFFFFFFFFFFFFFFFFFFFF9F
:10720000FFFFFFFFFFFFFFFFFFFFFFFFFFFFFFFF8E
:10721000FFFFFFFFFFFFFFFFFFFFFFFFFFFFFFFF7E
:10722000FFFFFFFFFFFFFFFFFFFFFFFFFFFFFFFF6E
:10723000FFFFFFFFFFFFFFFFFFFFFFFFFFFFFFFF5E
:10724000FFFFFFFFFFFFFFFFFFFFFFFFFFFFFFFF4E
:10725000FFFFFFFFFFFFFFFFFFFFFFFFFFFFFFFF3E
:10726000FFFFFFFFFFFFFFFFFFFFFFFFFFFFFFFF2E
:10727000FFFFFFFFFFFFFFFFFFFFFFFFFFFFFFFF1E
:10728000FFFFFFFFFFFFFFFFFFFFFFFFFFFFFFFF0E
:10729000FFFFFFFFFFFFFFFFFFFFFFFFFFFFFFFFFE
:1072A000FFFFFFFFFFFFFFFFFFFFFFFFFFFFFFFFEE
:1072B000FFFFFFFFFFFFFFFFFFFFFFFFFFFFFFFFDE
:1072C000FFFFFFFFFFFFFFFFFFFFFFFFFFFFFFFFCE
:1072D000FFFFFFFFFFFFFFFFFFFFFFFFFFFFFFFFBE
:1072E000FFFFFFFFFFFFFFFFFFFFFFFFFFFFFFFFAE
:1072F000FFFFFFFFFFFFFFFFFFFFFFFFFFFFFFFF9E
:10730000FFFFFFFFFFFFFFFFFFFFFFFFFFFFFFFF8D
:10731000FFFFFFFFFFFFFFFFFFFFFFFFFFFFFFFF7D
:10732000FFFFFFFFFFFFFFFFFFFFFFFFFFFFFFFF6D
:10733000FFFFFFFFFFFFFFFFFFFFFFFFFFFFFFFF5D
:10734000FFFFFFFFFFFFFFFFFFFFFFFFFFFFFFFF4D
:10735000FFFFFFFFFFFFFFFFFFFFFFFFFFFFFFFF3D
:10736000FFFFFFFFFFFFFFFFFFFFFFFFFFFFFFFF2D
:10737000FFFFFFFFFFFFFFFFFFFFFFFFFFFFFFFF1D
:10738000FFFFFFFFFFFFFFFFFFFFFFFFFFFFFFFF0D
:10739000FFFFFFFFFFFFFFFFFFFFFFFFFFFFFFFFFD
:1073A000FFFFFFFFFFFFFFFFFFFFFFFFFFFFFFFFED
:1073B000FFFFFFFFFFFFFFFFFFFFFFFFFFFFFFFFDD
:1073C000FFFFFFFFFFFFFFFFFFFFFFFFFFFFFFFFCD
:1073D000FFFFFFFFFFFFFFFFFFFFFFFFFFFFFFFFBD
:1073E000FFFFFFFFFFFFFFFFFFFFFFFFFFFFFFFFAD
:1073F000FFFFFFFFFFFFFFFFFFFFFFFFFFFFFFFF9D
:10740000FFFFFFFFFFFFFFFFFFFFFFFFFFFFFFFF8C
:10741000FFFFFFFFFFFFFFFFFFFFFFFFFFFFFFFF7C
:10742000FFFFFFFFFFFFFFFFFFFFFFFFFFFFFFFF6C
:10743000FFFFFFFFFFFFFFFFFFFFFFFFFFFFFFFF5C
:10744000FFFFFFFFFFFFFFFFFFFFFFFFFFFFFFFF4C
:10745000FFFFFFFFFFFFFFFFFFFFFFFFFFFFFFFF3C
:10746000FFFFFFFFFFFFFFFFFFFFFFFFFFFFFFFF2C
:10747000FFFFFFFFFFFFFFFFFFFFFFFFFFFFFFFF1C
:10748000FFFFFFFFFFFFFFFFFFFFFFFFFFFFFFFF0C
:10749000FFFFFFFFFFFFFFFFFFFFFFFFFFFFFFFFFC
:1074A000FFFFFFFFFFFFFFFFFFFFFFFFFFFFFFFFEC
:1074B000FFFFFFFFFFFFFFFFFFFFFFFFFFFFFFFFDC
:1074C000FFFFFFFFFFFFFFFFFFFFFFFFFFFFFFFFCC
:1074D000FFFFFFFFFFFFFFFFFFFFFFFFFFFFFFFFBC
:1074E000FFFFFFFFFFFFFFFFFFFFFFFFFFFFFFFFAC
:1074F000FFFFFFFFFFFFFFFFFFFFFFFFFFFFFFFF9C
:10750000FFFFFFFFFFFFFFFFFFFFFFFFFFFFFFFF8B
:10751000FFFFFFFFFFFFFFFFFFFFFFFFFFFFFFFF7B
:10752000FFFFFFFFFFFFFFFFFFFFFFFFFFFFFFFF6B
:10753000FFFFFFFFFFFFFFFFFFFFFFFFFFFFFFFF5B
:10754000FFFFFFFFFFFFFFFFFFFFFFFFFFFFFFFF4B
:10755000FFFFFFFFFFFFFFFFFFFFFFFFFFFFFFFF3B
:10756000FFFFFFFFFFFFFFFFFFFFFFFFFFFFFFFF2B
:10757000FFFFFFFFFFFFFFFFFFFFFFFFFFFFFFFF1B
:10758000FFFFFFFFFFFFFFFFFFFFFFFFFFFFFFFF0B
:10759000FFFFFFFFFFFFFFFFFFFFFFFFFFFFFFFFFB
:1075A000FFFFFFFFFFFFFFFFFFFFFFFFFFFFFFFFEB
:1075B000FFFFFFFFFFFFFFFFFFFFFFFFFFFFFFFFDB
:1075C000FFFFFFFFFFFFFFFFFFFFFFFFFFFFFFFFCB
:1075D000FFFFFFFFFFFFFFFFFFFFFFFFFFFFFFFFBB
:1075E000FFFFFFFFFFFFFFFFFFFFFFFFFFFFFFFFAB
:1075F000FFFFFFFFFFFFFFFFFFFFFFFFFFFFFFFF9B
:10760000FFFFFFFFFFFFFFFFFFFFFFFFFFFFFFFF8A
:10761000FFFFFFFFFFFFFFFFFFFFFFFFFFFFFFFF7A
:10762000FFFFFFFFFFFFFFFFFFFFFFFFFFFFFFFF6A
:10763000FFFFFFFFFFFFFFFFFFFFFFFFFFFFFFFF5A
:10764000FFFFFFFFFFFFFFFFFFFFFFFFFFFFFFFF4A
:10765000FFFFFFFFFFFFFFFFFFFFFFFFFFFFFFFF3A
:10766000FFFFFFFFFFFFFFFFFFFFFFFFFFFFFFFF2A
:10767000FFFFFFFFFFFFFFFFFFFFFFFFFFFFFFFF1A
:10768000FFFFFFFFFFFFFFFFFFFFFFFFFFFFFFFF0A
:10769000FFFFFFFFFFFFFFFFFFFFFFFFFFFFFFFFFA
:1076A000FFFFFFFFFFFFFFFFFFFFFFFFFFFFFFFFEA
:1076B000FFFFFFFFFFFFFFFFFFFFFFFFFFFFFFFFDA
:1076C000FFFFFFFFFFFFFFFFFFFFFFFFFFFFFFFFCA
:1076D000FFFFFFFFFFFFFFFFFFFFFFFFFFFFFFFFBA
:1076E000FFFFFFFFFFFFFFFFFFFFFFFFFFFFFFFFAA
:1076F000FFFFFFFFFFFFFFFFFFFFFFFFFFFFFFFF9A
:10770000FFFFFFFFFFFFFFFFFFFFFFFFFFFFFFFF89
:10771000FFFFFFFFFFFFFFFFFFFFFFFFFFFFFFFF79
:10772000FFFFFFFFFFFFFFFFFFFFFFFFFFFFFFFF69
:10773000FFFFFFFFFFFFFFFFFFFFFFFFFFFFFFFF59
:10774000FFFFFFFFFFFFFFFFFFFFFFFFFFFFFFFF49
:10775000FFFFFFFFFFFFFFFFFFFFFFFFFFFFFFFF39
:10776000FFFFFFFFFFFFFFFFFFFFFFFFFFFFFFFF29
:10777000FFFFFFFFFFFFFFFFFFFFFFFFFFFFFFFF19
:10778000FFFFFFFFFFFFFFFFFFFFFFFFFFFFFFFF09
:10779000FFFFFFFFFFFFFFFFFFFFFFFFFFFFFFFFF9
:1077A000FFFFFFFFFFFFFFFFFFFFFFFFFFFFFFFFE9
:1077B000FFFFFFFFFFFFFFFFFFFFFFFFFFFFFFFFD9
:1077C000FFFFFFFFFFFFFFFFFFFFFFFFFFFFFFFFC9
:1077D000FFFFFFFFFFFFFFFFFFFFFFFFFFFFFFFFB9
:1077E000FFFFFFFFFFFFFFFFFFFFFFFFFFFFFFFFA9
:1077F000FFFFFFFFFFFFFFFFFFFFFFFFFFFFFFFF99
:10780000FFFFFFFFFFFFFFFFFFFFFFFFFFFFFFFF88
:10781000FFFFFFFFFFFFFFFFFFFFFFFFFFFFFFFF78
:10782000FFFFFFFFFFFFFFFFFFFFFFFFFFFFFFFF68
:10783000FFFFFFFFFFFFFFFFFFFFFFFFFFFFFFFF58
:10784000FFFFFFFFFFFFFFFFFFFFFFFFFFFFFFFF48
:10785000FFFFFFFFFFFFFFFFFFFFFFFFFFFFFFFF38
:10786000FFFFFFFFFFFFFFFFFFFFFFFFFFFFFFFF28
:10787000FFFFFFFFFFFFFFFFFFFFFFFFFFFFFFFF18
:10788000FFFFFFFFFFFFFFFFFFFFFFFFFFFFFFFF08
:10789000FFFFFFFFFFFFFFFFFFFFFFFFFFFFFFFFF8
:1078A000FFFFFFFFFFFFFFFFFFFFFFFFFFFFFFFFE8
:1078B000FFFFFFFFFFFFFFFFFFFFFFFFFFFFFFFFD8
:1078C000FFFFFFFFFFFFFFFFFFFFFFFFFFFFFFFFC8
:1078D000FFFFFFFFFFFFFFFFFFFFFFFFFFFFFFFFB8
:1078E000FFFFFFFFFFFFFFFFFFFFFFFFFFFFFFFFA8
:1078F000FFFFFFFFFFFFFFFFFFFFFFFFFFFFFFFF98
:10790000FFFFFFFFFFFFFFFFFFFFFFFFFFFFFFFF87
:10791000FFFFFFFFFFFFFFFFFFFFFFFFFFFFFFFF77
:10792000FFFFFFFFFFFFFFFFFFFFFFFFFFFFFFFF67
:10793000FFFFFFFFFFFFFFFFFFFFFFFFFFFFFFFF57
:10794000FFFFFFFFFFFFFFFFFFFFFFFFFFFFFFFF47
:10795000FFFFFFFFFFFFFFFFFFFFFFFFFFFFFFFF37
:10796000FFFFFFFFFFFFFFFFFFFFFFFFFFFFFFFF27
:10797000FFFFFFFFFFFFFFFFFFFFFFFFFFFFFFFF17
:10798000FFFFFFFFFFFFFFFFFFFFFFFFFFFFFFFF07
:10799000FFFFFFFFFFFFFFFFFFFFFFFFFFFFFFFFF7
:1079A000FFFFFFFFFFFFFFFFFFFFFFFFFFFFFFFFE7
:1079B000FFFFFFFFFFFFFFFFFFFFFFFFFFFFFFFFD7
:1079C000FFFFFFFFFFFFFFFFFFFFFFFFFFFFFFFFC7
:1079D000FFFFFFFFFFFFFFFFFFFFFFFFFFFFFFFFB7
:1079E000FFFFFFFFFFFFFFFFFFFFFFFFFFFFFFFFA7
:1079F000FFFFFFFFFFFFFFFFFFFFFFFFFFFFFFFF97
:107A0000FFFFFFFFFFFFFFFFFFFFFFFFFFFFFFFF86
:107A1000FFFFFFFFFFFFFFFFFFFFFFFFFFFFFFFF76
:107A2000FFFFFFFFFFFFFFFFFFFFFFFFFFFFFFFF66
:107A3000FFFFFFFFFFFFFFFFFFFFFFFFFFFFFFFF56
:107A4000FFFFFFFFFFFFFFFFFFFFFFFFFFFFFFFF46
:107A5000FFFFFFFFFFFFFFFFFFFFFFFFFFFFFFFF36
:107A6000FFFFFFFFFFFFFFFFFFFFFFFFFFFFFFFF26
:107A7000FFFFFFFFFFFFFFFFFFFFFFFFFFFFFFFF16
:107A8000FFFFFFFFFFFFFFFFFFFFFFFFFFFFFFFF06
:107A9000FFFFFFFFFFFFFFFFFFFFFFFFFFFFFFFFF6
:107AA000FFFFFFFFFFFFFFFFFFFFFFFFFFFFFFFFE6
:107AB000FFFFFFFFFFFFFFFFFFFFFFFFFFFFFFFFD6
:107AC000FFFFFFFFFFFFFFFFFFFFFFFFFFFFFFFFC6
:107AD000FFFFFFFFFFFFFFFFFFFFFFFFFFFFFFFFB6
:107AE000FFFFFFFFFFFFFFFFFFFFFFFFFFFFFFFFA6
:107AF000FFFFFFFFFFFFFFFFFFFFFFFFFFFFFFFF96
:107B0000FFFFFFFFFFFFFFFFFFFFFFFFFFFFFFFF85
:107B1000FFFFFFFFFFFFFFFFFFFFFFFFFFFFFFFF75
:107B2000FFFFFFFFFFFFFFFFFFFFFFFFFFFFFFFF65
:107B3000FFFFFFFFFFFFFFFFFFFFFFFFFFFFFFFF55
:107B4000FFFFFFFFFFFFFFFFFFFFFFFFFFFFFFFF45
:107B5000FFFFFFFFFFFFFFFFFFFFFFFFFFFFFFFF35
:107B6000FFFFFFFFFFFFFFFFFFFFFFFFFFFFFFFF25
:107B7000FFFFFFFFFFFFFFFFFFFFFFFFFFFFFFFF15
:107B8000FFFFFFFFFFFFFFFFFFFFFFFFFFFFFFFF05
:107B9000FFFFFFFFFFFFFFFFFFFFFFFFFFFFFFFFF5
:107BA000FFFFFFFFFFFFFFFFFFFFFFFFFFFFFFFFE5
:107BB000FFFFFFFFFFFFFFFFFFFFFFFFFFFFFFFFD5
:107BC000FFFFFFFFFFFFFFFFFFFFFFFFFFFFFFFFC5
:107BD000FFFFFFFFFFFFFFFFFFFFFFFFFFFFFFFFB5
:107BE000FFFFFFFFFFFFFFFFFFFFFFFFFFFFFFFFA5
:107BF000FFFFFFFFFFFFFFFFFFFFFFFFFFFFFFFF95
:107C00007FE97FE9FCF71EB87FE97FE9FCF72CB834
:107C10007FE97FE9FCF75EB87FE97FE9FCF74CB8C4
:107C20007FE97FE9FCF732B80000000000000000A7
:107C30000000000000000000000000000000000044
:107C4000009000500000000008390100040000000E
:107C50000000000000000000000000000000000024
:107C600000000000FC1100209C11002044030100D2
:107C700090ED00E000A003507FA60350009000505C
:107C80006F950050E5610100E1610100FB600100BA
:107C9000D81000200811002000110020FC10002046
:107CA000F8100020A14D0100954D0100894D010003
:107CB00000000000AD4D0100341100202C11002007
:107CC00024110020000000001C110020B94E01000A
:107CD000054E0100394E0100814E0100542500205F
:107CE0003A00003A582500203A00003A5C2500206E
:107CF0003A00003A602500203A00003A00000000F7
:107D00000000000000000000000000000000000073
:107D10000000000000000000000000000000000063
:107D20000000000000000000000000000000000053
:107D30000000000000000000000000000000000043
:107D40000000000000000000000000000000000033
:107D5000000000000000000000000000FFFFFFFF27
:107D6000FFFFFFFFFFFFFFFFFFFFFFFFFFFFFFFF23
:107D7000FFFFFFFFFFFFFFFFFFFFFFFFFFFFFFFF13
:107D8000FFFFFFFFFFFFFFFFFFFFFFFFFFFFFFFF03
:107D9000FFFFFFFFFFFFFFFFFFFFFFFFFFFFFFFFF3
:107DA000FFFFFFFFFFFFFFFFFFFFFFFFFFFFFFFFE3
:107DB000FFFFFFFFFFFFFFFFFFFFFFFFFFFFFFFFD3
:107DC000FFFFFFFFFFFFFFFFFFFFFFFFFFFFFFFFC3
:107DD000FFFFFFFFFFFFFFFFFFFFFFFFFFFFFFFFB3
:107DE000FFFFFFFFFFFFFFFFFFFFFFFFFFFFFFFFA3
:107DF000FFFFFFFFFFFFFFFFFFFFFFFFFFFFFFFF93
:107E0000FFFFFFFFFFFFFFFFFFFFFFFFFFFFFFFF82
:107E1000FFFFFFFFFFFFFFFFFFFFFFFFFFFFFFFF72
:107E2000FFFFFFFFFFFFFFFFFFFFFFFFFFFFFFFF62
:107E3000FFFFFFFFFFFFFFFFFFFFFFFFFFFFFFFF52
:107E4000FFFFFFFFFFFFFFFFFFFFFFFFFFFFFFFF42
:107E5000FFFFFFFFFFFFFFFFFFFFFFFFFFFFFFFF32
:107E6000FFFFFFFFFFFFFFFFFFFFFFFFFFFFFFFF22
:107E7000FFFFFFFFFFFFFFFFFFFFFFFFFFFFFFFF12
:107E8000FFFFFFFFFFFFFFFFFFFFFFFFFFFFFFFF02
:107E9000FFFFFFFFFFFFFFFFFFFFFFFFFFFFFFFFF2
:107EA000FFFFFFFFFFFFFFFFFFFFFFFFFFFFFFFFE2
:107EB000FFFFFFFFFFFFFFFFFFFFFFFFFFFFFFFFD2
:107EC000FFFFFFFFFFFFFFFFFFFFFFFFFFFFFFFFC2
:107ED000FFFFFFFFFFFFFFFFFFFFFFFFFFFFFFFFB2
:107EE000FFFFFFFFFFFFFFFFFFFFFFFFFFFFFFFFA2
:107EF000FFFFFFFFFFFFFFFFFFFFFFFFFFFFFFFF92
:107F0000FFFFFFFFFFFFFFFFFFFFFFFFFFFFFFFF81
:107F1000FFFFFFFFFFFFFFFFFFFFFFFFFFFFFFFF71
:107F2000FFFFFFFFFFFFFFFFFFFFFFFFFFFFFFFF61
:107F3000FFFFFFFFFFFFFFFFFFFFFFFFFFFFFFFF51
:107F4000FFFFFFFFFFFFFFFFFFFFFFFFFFFFFFFF41
:107F5000FFFFFFFFFFFFFFFFFFFFFFFFFFFFFFFF31
:107F6000FFFFFFFFFFFFFFFFFFFFFFFFFFFFFFFF21
:107F7000FFFFFFFFFFFFFFFFFFFFFFFFFFFFFFFF11
:107F8000FFFFFFFFFFFFFFFFFFFFFFFFFFFFFFFF01
:107F9000FFFFFFFFFFFFFFFFFFFFFFFFFFFFFFFFF1
:107FA000FFFFFFFFFFFFFFFFFFFFFFFFFFFFFFFFE1
:107FB000FFFFFFFFFFFFFFFFFFFFFFFFFFFFFFFFD1
:107FC000FFFFFFFFFFFFFFFFFFFFFFFFFFFFFFFFC1
:107FD000FFFFFFFFFFFFFFFFFFFFFFFFFFFFFFFFB1
:107FE000FFFFFFFFFFFFFFFFFFFFFFFFFFFFFFFFA1
:107FF000FFFFFFFFFFFFFFFFFFFFFFFFFFFFFFFF91
:1080000000730120DDD801005F410300C9D80100E1
:10801000C9D80100C9D80100C9D80100C9D80100D8
:10802000000000000000000000000000A1DA0100D4
:10803000C9D8010000000000FDD90100C9D8010025
:10804000B1DC0100B1DC0100B1DC0100B1DC0100F8
:10805000B1DC0100B1DC0100B1DC0100B1DC0100E8
:10806000B1DC0100B1DC0100B1DC0100B1DC0100D8
:10807000B1DC0100B1DC0100B1DC0100B1DC0100C8
:10808000B1DC0100B1DC0100B1DC0100B1DC0100B8
:10809000B1DC0100B1DC0100B1DC0100B1DC0100A8
:1080A000B1DC0100B1DC0100B1DC0100B1DC010098
:1080B000B1DC0100B1DC0100B1DC0100B1DC010088
:1080C000B1DC0100B1DC0100B1DC0100B1DC010078
:1080D000B1DC0100B1DC0100B1DC0100B1DC010068
:1080E000B1DC0100B1DC0100B1DC0100B1DC010058
:1080F000B1DC0100B1DC0100B1DC0100B1DC010048
:10810000B1DC0100B1DC0100B1DC0100B1DC010037
:10811000B1DC0100B1DC0100B1DC0100B1DC010027
:10812000B1DC0100B1DC0100B1DC0100B1DC010017
:10813000B1DC0100B1DC0100B1DC0100B1DC010007
:10814000B1DC0100000000000000000000000000A1
:10815000000000000000000000000000000000001F
:10816000000000000000000000000000000000000F
:1081700000000000000000000000000000000000FF
:1081800000000000000000000000000000000000EF
:1081900000000000000000000000000000000000DF
:1081A00000000000000000000000000000000000CF
:1081B00000000000000000000000000000000000BF
:1081C00000000000000000000000000000000000AF
:1081D000000000000000000000000000000000009F
:1081E000000000000000000000000000000000008F
:1081F000000000000000000000000000000000007F
:10820000DEE61E284CBBCE8F025B00003C00000067
:10821000E0AD0200010000000080010000800100CC
:10822000FFFF0291000000000000000000000000BD
:10823000000000000000000000000000FFFFFFFF42
:1082400081F0004102E000BF83F0004330B54FEA07
:1082500041044FEA430594EA050F08BF90EA020F74
:108260001FBF54EA000C55EA020C7FEA645C7FEA07
:10827000655C00F0E2804FEA5454D4EB5555B8BF2A
:108280006D420CDD2C4480EA020281EA030382EA9B
:10829000000083EA010180EA020281EA0303362D2D
:1082A00088BF30BD11F0004F4FEA01314FF4801C00
:1082B0004CEA113102D0404261EB410113F0004F12
:1082C0004FEA03334CEA133302D0524263EB4303C9
:1082D00094EA050F00F0A780A4F10104D5F1200E67
:1082E0000DDB02FA0EFC22FA05F2801841F10001C2
:1082F00003FA0EF2801843FA05F359410EE0A5F196
:1083000020050EF1200E012A03FA0EFC28BF4CF0C6
:10831000020C43FA05F3C01851EBE37101F000457C
:1083200007D54FF0000EDCF1000C7EEB00006EEB89
:108330000101B1F5801F1BD3B1F5001F0CD3490813
:108340005FEA30004FEA3C0C04F101044FEA44526A
:1083500012F5800F80F09A80BCF1004F08BF5FEAF1
:10836000500C50F1000041EB045141EA050130BDD1
:108370005FEA4C0C404141EB0101013C28BFB1F5E3
:10838000801FE9D291F0000F04BF01460020B1FA2E
:1083900081F308BF2033A3F10B03B3F120020CDA01
:1083A0000C3208DD02F1140CC2F10C0201FA0CF0DF
:1083B00021FA02F10CE002F11402D8BFC2F1200C44
:1083C00001FA02F120FA0CFCDCBF41EA0C019040FA
:1083D000E41AA2BF01EB0451294330BD6FEA040443
:1083E0001F3C1CDA0C340EDC04F11404C4F120022E
:1083F00020FA04F001FA02F340EA030021FA04F340
:1084000045EA030130BDC4F10C04C4F1200220FA96
:1084100002F001FA04F340EA0300294630BD21FAD4
:1084200004F0294630BD94F0000F83F4801306BF9A
:1084300081F480110134013D4EE77FEA645C18BF8E
:108440007FEA655C29D094EA050F08BF90EA020F25
:1084500005D054EA000C04BF1946104630BD91EA1D
:10846000030F1EBF0021002030BD5FEA545C05D120
:108470004000494128BF41F0004130BD14F580045F
:108480003CBF01F5801130BD01F0004545F0FE41D3
:1084900041F470014FF0000030BD7FEA645C1ABF08
:1084A000194610467FEA655C1CBF0B46024650EA3F
:1084B000013406BF52EA033591EA030F41F400216B
:1084C00030BD00BF90F0000F04BF0021704730B5F1
:1084D0004FF4806404F132044FF000054FF00001C6
:1084E00050E700BF90F0000F04BF0021704730B587
:1084F0004FF4806404F1320410F0004548BF40425C
:108500004FF000013EE700BF42004FEAE2014FEAB0
:1085100031014FEA02701FBF12F07F4393F07F4F8B
:1085200081F06051704732F07F4208BF704793F08E
:108530007F4F04BF41F40021704730B54FF46074A1
:1085400001F0004521F000411CE700BF50EA0102A4
:1085500008BF704730B54FF000050AE050EA01024D
:1085600008BF704730B511F0004502D5404261EBBD
:1085700041014FF4806404F132045FEA915C3FF4FE
:10858000D8AE4FF003025FEADC0C18BF03325FEA9B
:10859000DC0C18BF033202EBDC02C2F1200300FA4C
:1085A00003FC20FA02F001FA03FE40EA0E0021FA71
:1085B00002F11444BDE600BF70B54FF0FF0C4CF45F
:1085C000E06C1CEA11541DBF1CEA135594EA0C0F11
:1085D00095EA0C0F00F0DEF82C4481EA030621EA4C
:1085E0004C5123EA4C5350EA013518BF52EA033587
:1085F00041F4801143F4801338D0A0FB02CE4FF039
:108600000005E1FB02E506F00042E0FB03E54FF068
:108610000006E1FB03569CF0000F18BF4EF0010E60
:10862000A4F1FF04B6F5007F64F5407404D25FEA5C
:108630004E0E6D4146EB060642EAC62141EA55510F
:108640004FEAC52040EA5E504FEACE2EB4F1FD0C51
:1086500088BFBCF5E06F1ED8BEF1004F08BF5FEACF
:10866000500E50F1000041EB045170BD06F0004681
:1086700046EA010140EA020081EA0301B4EB5C042E
:10868000C2BFD4EB0C0541EA045170BD41F4801126
:108690004FF0000E013C00F3AB8014F1360FDEBF4B
:1086A000002001F0004170BDC4F10004203C35DA27
:1086B0000C341BDC04F11404C4F1200500FA05F3AA
:1086C00020FA04F001FA05F240EA020001F000424B
:1086D00021F0004110EBD37021FA04F642EB0601C1
:1086E0005EEA430E08BF20EAD37070BDC4F10C04EB
:1086F000C4F1200500FA04F320FA05F001FA04F2AF
:1087000040EA020001F0004110EBD37041F100019A
:108710005EEA430E08BF20EAD37070BDC4F12005A5
:1087200000FA05F24EEA020E20FA04F301FA05F20D
:1087300043EA020321FA04F001F0004121FA04F2B5
:1087400020EA020000EBD3705EEA430E08BF20EA85
:10875000D37070BD94F0000F0FD101F000464000BF
:1087600041EB010111F4801F08BF013CF7D041EA41
:10877000060195F0000F18BF704703F00046520045
:1087800043EB030313F4801F08BF013DF7D043EA16
:108790000603704794EA0C0F0CEA135518BF95EACC
:1087A0000C0F0CD050EA410618BF52EA4306D1D153
:1087B00081EA030101F000414FF0000070BD50EA72
:1087C000410606BF1046194652EA430619D094EAFC
:1087D0000C0F02D150EA013613D195EA0C0F05D1E6
:1087E00052EA03361CBF104619460AD181EA03013A
:1087F00001F0004141F0FE4141F470014FF00000F2
:1088000070BD41F0FE4141F4780170BD70B54FF08C
:10881000FF0C4CF4E06C1CEA11541DBF1CEA13550C
:1088200094EA0C0F95EA0C0F00F0A7F8A4EB0504EE
:1088300081EA030E52EA03354FEA013100F08880E5
:108840004FEA03334FF0805545EA131343EA1263AE
:108850004FEA022245EA111545EA10654FEA002663
:108860000EF000419D4208BF964244F1FD0404F51C
:10887000407402D25B084FEA3202B61A65EB030578
:108880005B084FEA32024FF480104FF4002CB6EB35
:10889000020E75EB030E22BFB61A754640EA0C00B5
:1088A0005B084FEA3202B6EB020E75EB030E22BFF5
:1088B000B61A754640EA5C005B084FEA3202B6EB36
:1088C000020E75EB030E22BFB61A754640EA9C00F5
:1088D0005B084FEA3202B6EB020E75EB030E22BFC5
:1088E000B61A754640EADC0055EA060E18D04FEA83
:1088F000051545EA16754FEA06164FEAC30343EA23
:1089000052734FEAC2025FEA1C1CC0D111F4801FEF
:108910000BD141EA00014FF000004FF0004CB6E7E8
:1089200011F4801F04BF01430020B4F1FD0C88BF87
:10893000BCF5E06F3FF6AFAEB5EB030C04BFB6EB92
:10894000020C5FEA500C50F1000041EB045170BD85
:108950000EF0004E4EEA113114EB5C04C2BFD4EBB2
:108960000C0541EA045170BD41F480114FF0000E36
:10897000013C90E645EA060E8DE60CEA135594EAB2
:108980000C0F08BF95EA0C0F3FF43BAF94EA0C0FB5
:108990000AD150EA01347FF434AF95EA0C0F7FF42A
:1089A00025AF104619462CE795EA0C0F06D152EA7E
:1089B00003353FF4FDAE1046194622E750EA410662
:1089C00018BF52EA43067FF4C5AE50EA41047FF473
:1089D0000DAF52EA43057FF4EBAE12E74FF0FF3CD8
:1089E00006E000BF4FF0010C02E000BF4FF0010CA9
:1089F0004DF804CD4FEA410C7FEA6C5C4FEA430C22
:108A000018BF7FEA6C5C1BD001B050EA410C0CBF70
:108A100052EA430C91EA030F02BF90EA020F0020D2
:108A2000704710F1000F91EA030F58BF994208BF39
:108A300090422CBFD8176FEAE37040F001007047F6
:108A40004FEA410C7FEA6C5C02D150EA013C07D14D
:108A50004FEA430C7FEA6C5CD6D152EA033CD3D098
:108A60005DF8040B704700BF8446104662468C4692
:108A70001946634600E000BF01B5FFF7B7FF0028C5
:108A800048BF10F1000F01BD4DF808EDFFF7F4FFEE
:108A90000CBF012000205DF808FB00BF4DF808ED79
:108AA000FFF7EAFF34BF012000205DF808FB00BF9C
:108AB0004DF808EDFFF7E0FF94BF012000205DF8BE
:108AC00008FB00BF4DF808EDFFF7CEFF94BF012073
:108AD00000205DF808FB00BF4DF808EDFFF7C4FF6C
:108AE00034BF012000205DF808FB00BF4FEA4102BF
:108AF00012F5001215D211D56FF47873B3EB6252F0
:108B000012D94FEAC12343F0004343EA505311F016
:108B1000004F23FA02F018BF404270474FF00000A8
:108B2000704750EA013005D111F0004008BF6FF0E6
:108B3000004070474FF00000704700BF4FEA41020D
:108B4000B2F1E04324BFB3F5001CDCF1FE5C0DD9AB
:108B500001F0004C4FEAC0024CEA5070B2F1004FF5
:108B600040EB830008BF20F00100704711F0804FF8
:108B700021D113F13872BCBF01F00040704741F4BD
:108B800080114FEA5252C2F11802C2F1200C10FAC1
:108B90000CF320FA02F018BF40F001004FEAC123A5
:108BA0004FEAD32303FA0CFC40EA0C0023FA02F349
:108BB0004FEA4303CCE77FEA625307D150EA01331F
:108BC0001EBF4FF0FE4040F44000704701F00040EF
:108BD00040F0FE4040F40000704700BF7BB972B91E
:108BE0000029BEBF00204FF0004106E008BF00286A
:108BF0001CBF6FF000414FF0FF3000F057B8ADF1EF
:108C0000080C6DE904CE002909DB002B1ADB00F00B
:108C100069F8DDF804E0DDE9022304B07047404262
:108C200061EB4101002B1BDB00F05CF8DDF804E098
:108C3000DDE9022304B0404261EB4101524263EBA3
:108C400043037047524263EB430300F04BF8DDF8F7
:108C500004E0DDE9022304B0404261EB41017047CA
:108C6000524263EB430300F03DF8DDF804E0DDE938
:108C7000022304B0524263EB4303704753B94AB92D
:108C8000002908BF00281CBF4FF0FF314FF0FF3014
:108C900000F00CB8ADF1080C6DE904CE00F022F83C
:108CA000DDF804E0DDE9022304B07047704700BF3F
:108CB00010F8012B11F8013B012A28BF9A42F7D086
:108CC000D01A7047034611F8012B03F8012B002A34
:108CD000F9D17047034613F8012B002AFBD1181A6B
:108CE000013870472DE9F04786468C460846089EB5
:108CF000154674461946002B40F0C1808542B2FAF1
:108D000082F245D94AB1C2F1200300FA02FC954033
:108D100094402EFA03F343EA0C0C4FEA154EA8B226
:108D2000230CBCFBFEF80EFB18CC08FB00F943EA51
:108D30000C43994528D9EB1808F1FF3704D299451F
:108D400002D9A8F102072B44A3EB0903A4B2B3FB99
:108D5000FEFC0EFB1C330CFB00F044EA0344A04273
:108D600014D92C190CF1FF3304D2A04202D9ACF172
:108D700002032C44241A43EA07401EB1D4400023C6
:108D800034607360BDE8F0874746DDE76346F1E78E
:108D900092BB431B01214FEA154EAFB2200CB3FB2F
:108DA000FEFC0EFB1C330CFB07F840EA034398451E
:108DB00061D9EB180CF1FF3004D2984502D9ACF11F
:108DC00002002B44A3EB0803A4B2B3FBFEFC0EFB92
:108DD0001C330CFB07F744EA0344A7424DD92C1976
:108DE0000CF1FF3304D2A74202D9ACF102032C44A8
:108DF000E41B43EA0040C0E7C2F1200395409440E1
:108E000020FA03F12EFA03F34FEA154E9040AFB269
:108E10000343B1FBFEFC0EFB1C10190C0CFB07F806
:108E200041EA0041884522D969180CF1FF3004D28B
:108E3000884502D9ACF102002944A1EB08019BB29C
:108E4000B1FBFEFC0EFB1C110CFB07F743EA0143D0
:108E50009F420ED9EB180CF1FF3104D29F4202D988
:108E6000ACF102012B44DB1B41EA004193E7604671
:108E7000E3E76146F7E76046A4E76346B8E7834265
:108E800006D916B9002108467CE7C6E900E0F9E7F3
:108E9000B3FA83F78FB9834201D3724508D8BEEB8A
:108EA000020460EB030301209C461EB9002169E720
:108EB0003846FAE7C6E9004CF8E7C7F1200CBB409A
:108EC0000EFA07F522FA0CF42EFA0CF1BA401C4304
:108ED00020FA0CF3B8404FEA144901431FFA84FE0C
:108EE000B3FBF9F809FB18300B0C08FB0EFA43EA48
:108EF00000439A4540D9E31808F1FF3004D29A455F
:108F000002D9A8F102002344A3EB0A0389B2B3FB00
:108F1000F9F809FB183308FB0EFE41EA03418E45C0
:108F20002CD9611808F1FF3304D28E4502D9A8F17B
:108F30000203214443EA0040A1EB0E01A0FB02988A
:108F40004145CE46434602D306D14D4504D20138B1
:108F5000B9EB020E68EB0403002EA7D0B5EB0E02AE
:108F600061EB030101FA0CFC22FA07F3F9404CEA29
:108F70000303C6E9003199E74046C5E74346D9E710
:108F80002DE9F0432DED028B83B000AF2A4C3F2139
:108F9000A5682046EB68984770B10121274A284808
:108FA0001AF05FFFBFEE008AB0EE480A0C37BD46EC
:108FB000BDEC028BBDE8F0830D212B693A462046BB
:108FC000984705460028E8D17868FFF78BFA18A380
:108FD000D3E90023FFF71AFC804638688946FFF77B
:108FE00081FA02460B4640464946FFF72FF9FFF744
:108FF000A5FD6E4688B008EE100A6C46DFED117ACA
:1090000078EE277A104B17EE900A6361FFF77CFA2F
:1090100022460423C4E9060142F8103F4FF40351ED
:109020002B46074803F0C4FCB546BDE7AFF300800C
:109030000000000080842E415CC6030041E503006F
:10904000CCC90300000000005CE503000000000044
:109050002DE9F0432DED028B83B000AF2A4C3F2168
:10906000A5682046EB68984770B10121274A284837
:109070001AF0F7FEBFEE008AB0EE480A0C37BD4684
:10908000BDEC028BBDE8F08310212B693A462046E7
:10909000984705460028E8D17868FFF723FA18A317
:1090A000D3E90023FFF7B2FB804638688946FFF713
:1090B00019FA02460B4640464946FFF7C7F8FFF744
:1090C0003DFD6E4688B008EE100A6C46DFED117A61
:1090D00078EE277A104B17EE900A6361FFF714FAC7
:1090E00022460423C4E9060142F8103F4FF403511D
:1090F0002B46074803F05CFCB546BDE7AFF30080A4
:109100000000000080842E415CC6030070E503006F
:10911000CCC903000000000088E503000000000047
:109120002DE9F0432DED028B83B000AF2C4C3F2195
:10913000A5682046EB689847034670B1294A01218B
:1091400029481AF097FEBFEE008AB0EE480A0C37A5
:10915000BD46BDEC028BBDE8F0831B212B693A466E
:1091600020469847054610B1204A0346E7E778684D
:10917000FFF7B8F918A3D3E90023FFF747FB8046B0
:1091800038688946FFF7AEF902460B464046494625
:10919000FFF75CF8FFF7D2FC6E4688B008EE100AC5
:1091A0006C46DFED137A78EE277A124B17EE900AB1
:1091B0006361FFF7A9F922460423C4E9060142F8D6
:1091C000103F4FF403512B46074803F0F1FBB5461F
:1091D000BBE700BFAFF300800000000080842E4199
:1091E00044C60300BBE503009CC90300D2E50300AD
:1091F00000000000EEE503002DE9F0470546994622
:109200000024282386B088469246CDE902431DF00B
:10921000F9F9284602A91DF082FC0746002800F053
:10922000AF8083793A2B18D10423039928460494FC
:1092300005931DF06EFA284604A91DF070FC18B1C4
:1092400090F90030A34205DB6FF01505284606B003
:10925000BDE8F08728461DF0D5F9BB79112B58D011
:10926000062B58D00020AB68002B4ED19FED487BD9
:10927000022295F824308DED007B02FB03013A2396
:10928000A869043108F032FE044600287BD095F826
:109290002420296A1DF028FC061E31DBA368204625
:1092A000DB68A36295F82C20A96A1DF01DFC061E40
:1092B00026DBA06895F82C100C301BF001F8A06894
:1092C00050F80C3F236295F824101AF0F9FF95F836
:1092D0002C3007F1180184F8243095F8243084F8F4
:1092E0002C303B7EFF2B03D1A0691BF033FE0146DF
:1092F000204607F108021EF0F8F870B16FF004067E
:1093000020461DF014F93546A0E71A8A5B68104420
:10931000AAE73020AAE73C20A8E74146524620466B
:109320001DF0F9FF01460028E8D1B8F1040F22D161
:1093300099FA89F34246204604A904931DF0D4FB10
:10934000064620461DF013F90246002ED8D12946C4
:1093500020461DF0BAFA05460028D1D120461DF05E
:1093600051F93A2120461EF023F920461BF04EFA0F
:109370000028C5DB6AE7042220461DF092FADFE7E9
:109380006FF0040562E76FF00B055FE7AFF3008055
:1093900000800000000000002DE9F3413F29054650
:1093A0001F46D0F8048007D01B2900F2A680704B1E
:1093B000CB40D90740F1A180D6B2142E09D028465F
:1093C0000BF0C8FB041E26DA6A496B481FF0B1F99E
:1093D00004E03B68002B05DA6FF01504204602B06C
:1093E000BDE8F0817A68002AF6DBA3F52F72B2F5AA
:1093F000FA7FF1D8082128460DF10602ADF80630B3
:109400000BF0EEFA041E80F2A8805C495A481FF067
:1094100090F95B49D9E73C68002CDDDB78680028CF
:10942000DADB123E052E68D8DFE806F00337674B1B
:109430005D7A142CD0DCFFF755F84BA3D3E9002359
:10944000FFF7E4F9064620460F46FFF74BF80246C1
:109450000B4630463946FEF7F9FEFFF76FFBDFEDAE
:10946000497A07EE100ADFED486A27EE277AC7EE41
:10947000267AFCEEE77A17EE903A042128460DF1A1
:109480000602ADF806300BF0ABFA041E60DA3F4975
:1094900039481FF04EF93E4997E740F6B8339C42F1
:1094A0009ADC062128460DF10602ADF806400BF0C5
:1094B00097FA041E4CDA37492F481FF03AF936491B
:1094C00083E7012C88DC0B2128460DF10602ADF85C
:1094D00006400BF085FA041E3ADA304926481FF0A0
:1094E00028F92F4971E7A2077FF476AF98F8083082
:1094F00033B92C4920481FF01CF96FF085046DE743
:10950000162128460DF10602ADF806400BF068FA68
:10951000041E1DDA244918481FF00BF9234954E7AB
:10952000A3077FF459AF98F808300BB92049E1E759
:10953000182128460DF10602ADF806400BF050FA4E
:10954000041E05DA1B490C481FF0F3F81A493CE7E2
:1095500068680BF091FA041E01DB00243EE717490E
:1095600033E700BFAFF300800000000080842E418D
:10957000002001089FF30300B4C9030058F403005E
:1095800087F4030000FF7F4700002F43B8F3030078
:10959000E9F303000BF4030039F40300A7F403001C
:1095A000E2F4030008F503003BF5030083F5030034
:1095B000ACF50300E0F5030029F6030031F30300E6
:1095C0002DE9F0412DED028B1F4605238AB00C4694
:1095D000014605A8904602930DF0D0F8012101AA9A
:1095E00005A81FF037FC054658B101210346404A43
:1095F00040481AF03FFC28460AB0BDEC028BBDE89B
:10960000F081019BB3B1042B1DD0052B0CBF0923A6
:10961000FF232370032102AB03AA05A81FF01DFC42
:10962000064690B10346344A012132481AF022FC22
:109630003546E0E7DFED317A0023C4ED017A23708F
:10964000C4ED027AD7E70723E3E7029B002BF1D0B2
:1096500003A94046FFF736FB0222314603A817F064
:1096600069FC2378C0B2092B1ED0072B22D19FEDB5
:10967000248A244B33F81000F8B1FEF733FF1AA305
:10968000D3E90023FEF798FFFFF758FA052360603F
:109690000293042102AB03AA05A81FF0DEFB0646D5
:1096A00068B1194A0346BFE79FED188A184B33F893
:1096B0001000E1E79FED128AF8E71648E6E703A9F4
:1096C0003846FFF7FFFA0222314603A817F032FCB2
:1096D000421C02F0FF0307EE903AF8EEE77A67EEDD
:1096E000887AADE7AFF300807B14AE47E17A24407F
:1096F000C003040094CA0300E20304000000000059
:109700000AD7A33F2ED703000E0404000AD7234034
:109710000ED703000AD7A3402DE9F04706460C46B2
:1097200092B0002900F0BF800F68002F00F0BB80CE
:109730008D68D1F8048005F10409C1450AD80422D6
:10974000AD49781922F0CEFAA8B90423F360A368D2
:1097500004331DE06B1D984510D2454580F0A38071
:109760007B5D7819222B24D12146304612B0BDE80A
:10977000F04712F0A5B86B1D98450ED305229F49FE
:10978000781922F0AFFA30B90123F360A3680533EA
:109790000120A36088E0C145DFD8042298497819E8
:1097A00022F0A0FA0028D8D10223F36001237361CC
:1097B000CDE72D2B03D0A3F13002092A55D8002381
:1097C0000DF1080C67464FF0010EA8EB0505DFF818
:1097D0003882019310F8012B452A3ED82A2A10D945
:1097E000A2F12B01C9B20EFA01F111EA080F01D161
:1097F0002E2A06D101333F2B0CF8012B01D0AB42AE
:10980000E8D1002548336B44384601A903F8405C91
:1098100017F0D0F8DDF804A059EC108BBA4542D00F
:1098200073A3D3E9002340464946FFF74BF9B0B98B
:10983000002240464946734BFFF73AF990B940463B
:109840004946FFF753F90823C6E906897061F360BA
:10985000A368AAEB070A53449AE7652AC9E76FF0A1
:109860000040F0E74FF00040EDE75B2B58D1D4F813
:109870000C90B9F57A7F16D209F10103E3607B5DA4
:109880005B2B10D101352046A5601FF0D0FFA368E7
:10989000984506D9FA5C5D2A09D10027C4F80C90D6
:1098A00036E0013BA360002012B0BDE8F087002540
:1098B0002F46013BA360206920F006F8A846054624
:1098C000002800F0A5804FB3C8F80000C0F804805D
:1098D000A36820460133A3601FF0A9FF2146284654
:1098E000FFF71AFF002800F0938020461FF09FFF2B
:1098F000D4E90123934280F08E802268D35C2C2B24
:10990000D9D05D2B40F08780E368013BE3607D6048
:109910002023C6E90273A368013339E70746D7E776
:109920007B2BC0D1D4F80C90B9F57A7FBBD209F16A
:109930000103E3607B5D7B2BB5D101352046A5603B
:109940001FF075FFA3689845ABD9FA5C7D2A03D157
:109950000027C4F80C9047E000252F46A846013B9D
:10996000A36020691FF0B0FFA946054600284FD02C
:10997000002F4BD0C9F80000C0F80490A36820461F
:109980000133A3601FF053FF2146284611F098FFD2
:1099900000283DD020461FF04AFF2B69C5F81080F3
:1099A0002B62D4E90123934232D22268D25C3A2A54
:1099B0002ED101332046A3601FF039FF21462846EF
:1099C000FFF7AAFE20B320461FF031FFD4E90123A0
:1099D000934220D22268D35C2C2BC2D07D2B1AD18B
:1099E000E368013BE3607D60402392E7AFF30080D2
:1099F0000000C0FFFFFFDF41030B04001FE703006F
:109A00001AE703000000E0C1E57F00040746B5E760
:109A1000002F3FF448AF384612F048F843E700BF44
:109A20002DE9FF47804616460F46002900F0A28028
:109A3000B1FA81F4341B002E04F10A04C0F2A280B2
:109A4000304618F0F1FF0444304618F0F3FFA4EB61
:109A5000060905466946304619F014F8A9EB0503D6
:109A60006A4640467D33394622F019FAA6428246BC
:109A70000D4600F38380B9F13F0F00F381804FF072
:109A8000FF33A9F12000C9F1200103FA00F003FA25
:109A900009F223FA01F103FA09F3024328EA030366
:109AA0000A4327EA020213430CBF01200020002DC5
:109AB00000F08A80B5FA85F3E31A40F2FE7203F2F1
:109AC0003E43934200F38980002B23EAE376D4BF20
:109AD00001223246121BA2F23341A2F23447A2F213
:109AE0005344C1F1200C2AFA01F325FA04F4C7F11A
:109AF000200E05FA0CFC25FA01F105FA0EFE43EAE8
:109B00000C03A2F2544CA2F2544223432AFA07F463
:109B100025FA0CFC44EA0E0444EA0C04C7F1200CBC
:109B200014F0010F54D0A8B14FF0FF3000FA02F248
:109B300000FA07F4144320FA0CF2B840144303F07F
:109B400001022AEA000A25EA04054AEA020A5AEA58
:109B5000050A3DD0013341F10002C2F3130253EA7A
:109B6000020138D0184642EA065141EC100B04B00D
:109B7000BDE8F087B0FA80F420345BE7012096E777
:109B8000002094E7C6F10009484618F053FF241A54
:109B9000484618F04FFFA61B0546694648462E4426
:109BA00018F0E2FF6A46404606F17C03394622F08F
:109BB00076F982460D464046394618F04BFF8145FE
:109BC0008CBF0020012072E7BAFA8AF3203373E7D2
:109BD000C1F31302C6E70136C4E79FED010BC6E7E8
:109BE000000000000000F07F70B50F4B18681EF0F9
:109BF000AEFB002816DD4FF47A734FF4004503FBEB
:109C000000F4002140F2E7304FF47A720023E4FBC5
:109C10000501FFF733F8BDE8704002460B460348E4
:109C200015F088BF70BD00BF38EC002020CA0020AE
:109C300010B5084821F0B2FC14201FF069FA044660
:109C400028B103460121044A044819F034F820469B
:109C500010BD00BF20CA002064D70300E4CA03007F
:109C600010B50020FFF7E4FF084C034640B1012186
:109C70000748084A19F01FF82168074819F017F833
:109C800021680648BDE8104019F011B838EC0020F2
:109C9000E4CA030084D70300020007D2010007D200
:109CA00010B5064C0648216819F001F820681BF031
:109CB000D5FABDE810400020FFF7BABF38EC00200D
:109CC000020007D203460121014A024818F0F3BFFF
:109CD000A5D70300E4CA030008B51FF01BFA03462A
:109CE00020B10221034A044818F0E5FFFFF77CFF8A
:109CF000002008BDBED70300E4CA030010B515203C
:109D00001FF006FA044618B9BDE81040FFF7E4BF9B
:109D100003460121024A034818F0CDFF204610BD3A
:109D200064D70300E4CA030030B52D4B8FB01A7816
:109D3000B2B15A78A2B1B8B918702A4C59702068DB
:109D40001BF08CFA1FF065FF80B1002120681EF027
:109D5000F8FA002832D00FB0BDE83040FFF744BF1A
:109D600030B91870597001E00029E6D00FB030BD4D
:109D700001221A700029F5D01A4C002002A95A704D
:109D800025680DF0DDFD029A034600B942B90221B3
:109D900000921548154A1AF077F84FF410730293A1
:109DA000029A15B12B6803B11A8320681BF06AFA76
:109DB0000F480FB0BDE8304021F0F0BBFFF738FF8F
:109DC00003460028D2D001210A4A074818F073FF41
:109DD000216809480FB0BDE8304018F068BF00BFE7
:109DE0005402012038EC0020E4CA0300E4D7030049
:109DF00020CA002084D70300020007D210B5044611
:109E00004FF0FF324FF0FF33074815F067FB074B69
:109E10005A78A24203D021461878FFF785FFBDE8A3
:109E20001040014815F0D2BBA0CE00205402012002
:109E300010B5044600681BF011FA0121204618F005
:109E40003CFF0221204618F038FF0021204618F080
:109E500034FF00230B4823610DF040FD034650B151
:109E600001210948094A18F026FF21680848BDE881
:109E7000104018F01CBF07480CF0D2FC2268064BBB
:109E80001A6010BD399F0100E4CA030009D803001D
:109E9000020007D20DA0010038EC002010B50446E6
:109EA0004FF0FF324FF0FF33074815F017FB074B19
:109EB0001A78A24203D020465978FFF735FFBDE853
:109EC0001040014815F082BBA0CE002054020120B2
:109ED00008B5094B186800F097F9034640B1012115
:109EE000064A074818F0E7FEBDE80840FFF7D8BE6D
:109EF000BDE80840FFF7D2BF38EC00202BD80300A4
:109F0000E4CA030008B5094B186800F0FDF80346E1
:109F100040B10121064A074818F0CDFEBDE80840CF
:109F2000FFF7BEBEBDE80840FFF7D2BF38EC002007
:109F300047D80300E4CA0300084608B5082937D803
:109F4000DFE801F03A0522262E2236363A001B4B76
:109F5000186800F07FF810F13D0F034609D1022187
:109F6000174A184819F07DFFBDE808400120FFF7A7
:109F700095BF0028F8D0144A0121124818F09BFE22
:109F8000BDE80840FFF78CBEBDE80840FFF7BABF48
:109F90000A4B186800F0CEF8034668B10B4AEBE7AD
:109FA000064B186800F030F9034628B1084AE3E789
:109FB000BDE80840FFF786BE08BD00BF38EC0020B2
:109FC00063D80300E4CA030088D80300A1D80300C3
:109FD0002BD80300052808B50ED005D801280BD0D2
:109FE00002280ED0002008E05A28FBD10221054AA1
:109FF000054819F036FFF5E70120BDE80840FFF7F6
:10A00000FDBE08BDBAD80300E4CA030003780B2BD9
:10A0100006D1017A022907D1044A054819F021BF67
:10A0200013B9007AFFF7D6BF704700BFEED8030020
:10A03000E4CA030010B5054C0548216818F037FE46
:10A040002068BDE810401BF009B900BF38EC0020C3
:10A05000020007D270B500240646A2B0182221469D
:10A0600008A8CDE90044CDE9024421F0F5FD002E19
:10A070003DD0242221460FA80E9421F0EDFD24228C
:10A08000214619A8189421F0E7FD1C491C4818AB7B
:10A090000EAA13F0EBFDA04203DC6FF00D0022B01E
:10A0A00070BD012004AA0EA91AF087F901280546FF
:10A0B00002D06FF03C00F2E70EA96846FEF702FE00
:10A0C0006846FEF707FE08AA014668461BF007FB34
:10A0D0000028E2D023460322304609A906F0F2F90F
:10A0E00040B1084B099A20461A601D71D7E76FF0FE
:10A0F0001500D4E76FF01200D1E700BF65D9030067
:10A1000092D903003CEC002010B550B1084C2379E3
:10A110002BB121461BF00BF830B100232371002036
:10A1200010BD6FF01500FBE76FF00D00F8E700BF02
:10A130003CEC002070B500240546A8B0242221463E
:10A140000BA80A9421F088FD1822214604A821F0CA
:10A1500083FD002D4CD02146242215A8149421F013
:10A160007BFD214624221FA81E9421F075FD234962
:10A1700023481EAB14AA13F079FD041E35DD02201E
:10A180006A4614A91AF019F901281FD114A90AA8BE
:10A19000FEF798FD0AA8FEF79DFD04AA01460AA84D
:10A1A0001BF09DFA08B305AC002303222146284684
:10A1B00005F0BEFEF8B194E80F00124E06F1080556
:10A1C00085E80F000123002033760CE0012C08D035
:10A1D00002206A461EA91AF0F0F8012801D11EA932
:10A1E000D5E76FF03C0028B070BD6FF00D00FAE7C6
:10A1F0006FF01500F7E76FF01200F4E765D9030080
:10A2000092D903003CEC002010B558B1084C237ED5
:10A2100033B104F108011AF037FF30B1002323767F
:10A22000002010BD6FF01500FBE76FF00D00F8E7A0
:10A230003CEC002008B501F067F880B903210B4A17
:10A240000B4818F05BFD01F049F858B90321094AA1
:10A25000074818F053FDBDE8084001F077B8012128
:10A26000054AEDE70121054AF2E700BFAED9030038
:10A27000ACC90300CDD90300BCD90300DBD903006E
:10A280002DE9F04FC7B006AF18F03AFD6C4688B024
:10A290000546002606AAAD4B5361AD4B93614FF4C2
:10A2A00000739383AB4B42F8103F4FF4E6513346B3
:10A2B000A94802F07DFBA546A84CFFF7BBFF26701E
:10A2C00000F0B8FFDFF80493DFF804832378072B4E
:10A2D00000F2F980DFE813F021004200AD00080031
:10A2E0001301F3004E009100DFF8E8A299F800B0E6
:10A2F000BBF1000F40F0EB8018F002FDD8E900231D
:10A30000801A63EB430382457BEB0303C0F0DF80DD
:10A310004FF4FA7018F001FDE8E70321904A8E48E7
:10A3200018F0ECFC00F0AEFF78B103468D4A012135
:10A33000894819F09FFD01218B4A874818F0DEFCFF
:10A3400002F052FA002001F00FFE00F085FD0346F6
:10A3500008B1864AEBE701232370B4E0844B1B78F5
:10A36000002B00F0B0800321824A7B4818F0C6FC25
:10A370000623F1E7FEF704FE7F4BDFF820A283ED12
:10A38000000A7E4BD3ED007AB4EEE70AF1EE10FA44
:10A3900007DC7B4BD3ED007AB4EEE70AF1EE10FA5E
:10A3A00002D501238AF80030FEF752FE754B83ED8B
:10A3B000000A754BD3ED007AB4EEE70AF1EE10FA1D
:10A3C00007DC724BD3ED007AB4EEE70AF1EE10FA37
:10A3D00007D501238AF80030012001F03BF807235C
:10A3E000BAE79AF80030002BF6D1694B1B780BB115
:10A3F0000220F2E701F0A0F8F1E7FEF791FE654BCD
:10A4000083ED000A644BD3ED007AB4EEE70AF1EE77
:10A4100010FA04DD614B01221A7002239CE7604BA5
:10A42000D3ED007AB4EEE70AF1EE10FAF5DD584B01
:10A43000F1E7DFF884A19AF800B0BBF1000F42D138
:10A44000584B1B78002B3ED0574A0321424818F046
:10A4500055FC504B1868FEF757F8CDE90401494BFD
:10A460001868FEF751F8CDE90201434B1868FEF772
:10A470004BF84E4ACDE900014FF48071384616F092
:10A4800045FA5A4639464A4800F064FC034620B172
:10A490000121484A304819F0EDFC41F2707018F083
:10A4A0003CFC18F02DFC0023C8F804309AF800306A
:10A4B000C8F800000BB105234EE703234CE74FF427
:10A4C0007A7018F02AFCC82018F027FCFEE63A4BF8
:10A4D0001B78002BEFD10122384BDFF8E8A01A706F
:10A4E00000F0A8FCDAF800300321354A1A4819F0C8
:10A4F000C1FCDAF8000000F045FE04232CE718F058
:10A50000FFFB304A401B126863EB0303904273F178
:10A5100000034FF0000BD6D3EA4688B006AA2A4BB8
:10A52000D661C2E90535042342F8103F4FF40251C9
:10A530005B46094802F03CFA204BD54683F800B050
:10A5400018F0DEFB5E46054612E700BFECD90300BB
:10A5500014DA030003000001ACC903006F020120FC
:10A560001BDA030038DA030057DA03007ADA030053
:10A570007102012099DA030060EC0020D4CA0020A7
:10A58000D0CA00205CEC0020CCCA0020C8CA002041
:10A590005702012058EC0020D8CA002058020120A0
:10A5A000DCCA00206B020120B6DA0300D5DA030012
:10A5B00008DB030035DB03006D0201205602012099
:10A5C00057DB0300C4CA002085DB030069020120B9
:10A5D00030D10020BFD4010013B50024164B032155
:10A5E000164A17480093019418F0A7FB68460EF02E
:10A5F00077FA10F10B0F03460DD11E23114A1048B4
:10A60000032118F09CFB4FF4702200230E4815F034
:10A6100091FA02B010BD0028FBD001210B4A084876
:10A6200018F08DFB06480121094A18F086FB18F046
:10A6300088FB204601F098FC59020120A9DB0300A9
:10A640008CC90300BFDB030050CA002001DC0300FB
:10A6500057DA0300F0B50025C3B000AFC422294685
:10A6600007F144003D6421F0F7FA3F4B02261B68D6
:10A670001C223B623D4B29461B78381D87F824304D
:10A680003B4B1B68BB623B4B1B68FB623A4B1B6836
:10A690003B633A4B1B687B63394B1B68BB63394B8D
:10A6A0001B68FB6321F0D8FAC82107F1200207F1EB
:10A6B00040003E7100F014FC044678B103460121CD
:10A6C000314A324818F03BFB30480121304A18F03B
:10A6D00034FB18F036FB284601F046FC07F1400336
:10A6E00018463B61FEF7F6FA03217861294A2748AC
:10A6F00018F023FB6D4688B06A46274B4FF4E651AD
:10A70000536107F1400393614FF400739383234B2C
:10A710001E4842F8103F18F016FB3346AD4631464E
:10A720001F4A1A4818F00BFB381D0EF06BF8034651
:10A7300068B101211B4A154818F001FB134801219B
:10A74000134A18F0FAFA18F0FCFA2046C4E74FF45E
:10A75000F0120023144815F0EDF90122134B07F510
:10A7600086771A70BD46F0BDC4CA00206E02012073
:10A77000DCCA0020D8CA0020D4CA0020D0CA0020D9
:10A78000CCCA0020C8CA00201CDC03008CC903000E
:10A7900057DA03003EDC030052DC03000300000133
:10A7A0005CDC03006EDC030080CA0020690201202B
:10A7B00098B510210F4800AF0DF01AF9044620B1EA
:10A7C00001210D4A0D4818F0B8FA88B06A460C4BC2
:10A7D0004FF4E6515361074B084893614FF40073FF
:10A7E0009383084B42F8103F18F0ADFA2046BD465F
:10A7F00098BD00BF5902012086DC03008CC903000C
:10A80000A5DC0300030000014FF4203200230148BF
:10A8100015F090B950CA002008B5044820F0BEFEDB
:10A82000BDE80840024820F0B9BE00BF50CA002071
:10A8300080CA00202DE9F04100AF1FF065F8064600
:10A8400038B901219D4A9E4818F077FABD46BDE807
:10A85000F0819C491FF05CF8044640B901219A4AF6
:10A86000974818F06AFA304611F020F9EEE7974958
:10A870001FF04EF8054650B11FF05DF838B1944A0C
:10A880006B69032113608E48924A18F058FA2046EB
:10A8900091491FF03DF8054678B11FF045F860B1C9
:10A8A00028461FF03BF8031E18BF01238B4A0321E3
:10A8B000137083488A4A18F042FA204689491FF0EB
:10A8C00027F8054618B31FF036F800B3D5E906019E
:10A8D000FEF734F9844BE84688B007EE900A18601A
:10A8E0006D469FED827A77EE877A814B17EE900A5C
:10A8F0006B61FDF709FE2A460423C5E906014FF402
:10A9000003516F4842F8103F18F01DFAC546204623
:10A9100078491EF0FDFF054618B31FF00CF800B390
:10A92000D5E90601FEF70AF9734BE84688B007EE51
:10A93000900A18606D469FED6D7A77EE877A6F4BBF
:10A9400017EE900A6B61FDF7DFFD2A460423C5E987
:10A9500006014FF403515A4842F8103F18F0F3F93A
:10A96000C546204666491EF0D3FF054618B31EF0C3
:10A97000E2FF00B3D5E90601FEF7E0F8614BE846D7
:10A9800088B007EE900A18606D469FED587A77EE12
:10A99000877A5D4B17EE900A6B61FDF7B5FD2A468D
:10A9A0000423C5E906014FF40351454842F8103F1E
:10A9B00018F0C9F9C546204654491EF0A9FF0546BE
:10A9C00018B31EF0B8FF00B3D5E90601FEF7B6F8DC
:10A9D0004F4BE84688B007EE900A18606D469FED31
:10A9E000437A77EE877A4B4B17EE900A6B61FDF74F
:10A9F0008BFD2A460423C5E906014FF40351304874
:10AA000042F8103F18F09FF9C546204642491EF013
:10AA10007FFF054618B31EF08EFF00B3D5E906018F
:10AA2000FEF78CF83D4BE84688B007EE900A1860B8
:10AA30006D469FED2E7A77EE877A394B17EE900AA6
:10AA40006B61FDF761FD2A460423C5E906014FF459
:10AA500003511B4842F8103F18F075F9C5462046CF
:10AA600030491EF055FF044600283FF4FCAE1EF0AE
:10AA700062FF00283FF4F7AED4E90601FEF75EF866
:10AA8000294B6D4688B007EE900A6C4618609FED22
:10AA9000177A77EE877A254B17EE900A6361FDF7F8
:10AAA00033FD22460423C4E906014FF40351044850
:10AAB00042F8103F18F047F9AD46D4E6C7DC030072
:10AAC0008CC90300DCDC0300E2DC0300FDDC0300D6
:10AAD000C4CA002008DD030022DD03006E0201204D
:10AAE00030DD03004DDD0300DCCA00200000000063
:10AAF00062DD030085DD0300D8CA002098DD030075
:10AB0000B9DD0300D4CA0020CDDD0300EFDD030072
:10AB1000D0CA002002DE030023DE0300CCCA0020DE
:10AB200036DE030057DE0300C8CA002069DE0300DA
:10AB30002DE9F047A0B0037804465A1E00AF0C2A56
:10AB400000F2C880DFE802F0070A2D408087899272
:10AB50008E90B0C1B300614A0321A1E00321604A95
:10AB6000604818F0EAF801225F4B60481A70002232
:10AB70005F4B1A7020F012FD237923B102215D4A48
:10AB8000584818F0DAF819F0F9FB5B4B1B7823B939
:10AB900000220023594814F0CDFF8037BD46BDE8A0
:10ABA000F0870321564A4F4818F0C7F80122504B4E
:10ABB00052481A7000224C4B1A7020F0EFFC4FF4F0
:10ABC000203200234948E6E703214E4A454818F061
:10ABD000B4F8D4E90432E8468AB06D4640F2013A4E
:10ABE0002E464949DFF86891C5E90512EB61A5F8E1
:10ABF00020A046F8109F32464FF41351394818F000
:10AC0000A2F8D4E90232C546AD4640493548C5E907
:10AC10000512EB6132464FF41251A5F820A0C5F899
:10AC2000109018F090F83A49C5463846394A15F060
:10AC300099FE3946A068FEF73BF80028ADD1D4E96B
:10AC40000401FFF7F7FDA8E78388334A032125486D
:10AC500018F075F8A1E7314A7EE70122304B1A70EF
:10AC6000304A79E7304A77E7304A75E70025032113
:10AC70002F4A1C4818F061F8294B1D700DF01AFE80
:10AC80001A4820F08BFC2379DB0707D50321294ADA
:10AC9000144818F052F8002001F066F90221264A03
:10ACA000104818F04AF878E74368244ACEE743682A
:10ACB0000321234A0B4818F042F80121214A094890
:10ACC00018F03BF818F03DF8E5E70022144B1A7035
:10ACD0001D4A41E702211D4AB9E700BF89DE030092
:10ACE000A2DE03008CC903006B02012050CA0020C1
:10ACF0006A020120BADE03005602012080CA002049
:10AD000007DF030022DF03003DDF03004BDF03000A
:10AD10005ADF0300590201207DDF0300A2DF030098
:10AD20006D020120B9DF0300D2DF0300F3DF03006F
:10AD30000DE0030025E0030046E0030061E00300AE
:10AD400086E0030057DA03009EE00300B7E003004B
:10AD5000040000012DE9F04F8BB00E4615468046E9
:10AD600000AF00B159B901212B4A2C4817F0E5FF7B
:10AD70006FF0150528462C37BD46BDE8F08F00243E
:10AD80003C60FDF7A7FFC7E90180C7E9084497E8E1
:10AD9000070007F10C0484E807003046BE61FDF7A8
:10ADA00099FFF861204687F820500DF02BFD0546ED
:10ADB00030B1034601211A4A184817F0C0FFD9E7FD
:10ADC0000321184A154817F0B8FFE94688B06C46C9
:10ADD000154B4FF4007BC4E90538A046DFF850A0BE
:10ADE000A4F81CB048F810AF42464FF4E4510B48A9
:10ADF00017F0A9FFCD46A5460C4B42464FF4E6514D
:10AE0000C4E905360548A4F81CB0C4F810A017F032
:10AE10009AFFCD46AEE700BFD8E003008CC903001F
:10AE2000F1E0030009E103001BE1030028E1030056
:10AE30000300000108B5054820F0B0FB044820F0ED
:10AE4000ADFB0022034B1A7008BD00BF50CA0020A2
:10AE500080CA002069020120F8B5FFF7A9FC054669
:10AE600068BB184E377857BB17480DF027FF0446CC
:10AE700078B103460121154A154817F060FF1448C0
:10AE80000121144A17F059FF17F05BFF384601F013
:10AE90006BF8042110480DF0F5FE034668B101215E
:10AEA0000E4A0B4817F04BFF09480121094A17F0D9
:10AEB00044FF17F046FF2046E9E701233370284698
:10AEC000F8BD00BF6C02012031AB01002CE1030092
:10AED0008CC9030057DA030028CE030060E10300A9
:10AEE000F0B5274BABB0144606460F467C22002136
:10AEF0000BA80A9320F0B0FE46F22A03ADF82C30DE
:10AF0000204B01250E93204B22460F931F4B2946C1
:10AF100012931F4B009713931E4B06A816931E4BBC
:10AF2000099517931D4B1A931D4B1B931D4B1E9395
:10AF30001D4B1F931D4B22931D4B23931D4B26939B
:10AF40001D4B27931D4B02934FF2226303930AABD1
:10AF50000493082305931A4B06934FF21663079345
:10AF600002AB0893334601F07BFA044628B1154A38
:10AF700003462946144818F07DFF20462BB0F0BD4B
:10AF8000FDDC030022DD030036E804004DDD030094
:10AF90005260080085DD03004A600C00B9DD030043
:10AFA0004E601000EFDD03004A60140023DE030052
:10AFB0004A60180057DE030046601C0074E203007C
:10AFC000DCDC03007DE2030074CA0300084C08B512
:10AFD00020460121074A17F0B9FE01212046064A02
:10AFE00017F0B4FE01F000FC002000F0BDFF00BF30
:10AFF000A4C903001CE3030057DA030008B5034BA0
:10B00000994201D1FFF7E2FF08BD00BF020007D25D
:10B0100008B50B4A03210B4817F098FE00F0F8F929
:10B020000121094817F094FE0021084817F090FE0E
:10B030000122074B1A70BDE80840FFF7E5BB00BFCF
:10B040003AE30300A4C90300E0CE0300D8CE030016
:10B050007102012008B50F4B994203D00133994288
:10B0600004D008BDBDE80840FFF7D2BF0A4A03215B
:10B070000A4817F06BFE00F0CBF90021084817F0E2
:10B0800067FE0121074817F063FEBDE80840FFF79F
:10B09000C3BB00BF010014F15BE30300A4C90300BC
:10B0A000E0CE0300D8CE03002DE998430378044690
:10B0B00000AF3BB3022B22D1C068FDF725FA002276
:10B0C0000023FDF7C3F8804620698946FDF71CFA86
:10B0D00000220023FDF7BAF86C468AB06A46224B7C
:10B0E000C2E9068953610623C2E9080142F8103F0C
:10B0F00000234FF443511D4801F05AFCA546BD46BC
:10B10000BDE89883037A052BF9D801A252F823F001
:10B1100049B101003DB1010029B10100FFB00100BA
:10B12000FFB001003DB101000321114A0F4817F0A3
:10B130000DFE00F07FF900F051F9E0E703210D4A20
:10B140000A4817F003FEDAE70B4A0321074817F015
:10B15000FDFD00F05DF90021084817F0F9FD01211F
:10B16000074817F0F5FDCAE775E30300A4C903001B
:10B170009EE30300BBE30300D5E30300E0CE03003E
:10B18000D8CE03003C232DE9F0410122002403FB2B
:10B1900000F5691F0029214800AFB8BF494250F8A7
:10B1A0003230EB1A002BB8BF5B429942C8BF14463D
:10B1B00002F10102C8BF1946102AF0D100EBC40009
:10B1C0004668072031461DF09DFF044648B10346FE
:10B1D000134A0121134818F04DFE2046BD46BDE834
:10B1E000F08101201DF090FF044610B10E4A034685
:10B1F000EFE7E8468AB06A460C4BD661C2E90535EE
:10B2000040F2013313840A4B42F8103F4FF41351BC
:10B210000346044801F0CCFBC546DEE758CE0300E8
:10B22000F1E30300A4C9030012E403002DE40300CA
:10B230000400000101480BF0F3BA00BFA9B00100FF
:10B2400008B50948094B4360094B036106F014F93E
:10B250000848094B4360094B036106F00DF90122D0
:10B26000074B1A7008BD00BF78EC002055B00100F4
:10B27000030014F164EC0020FDAF0100020007D2CE
:10B280007002012010B5104B1B780BB9FFF7D8FFE7
:10B2900003210E4A0E4817F059FD012008F09CFCCE
:10B2A000044638B103460B4A0121094818F0E2FD73
:10B2B000204610BD012008F0A1FC04460028F7D06C
:10B2C000054A0346F0E700BF700201205AE403007C
:10B2D000A4C9030096E40300B4E4030008B50748DA
:10B2E0001FF0B9FE38B906480121064A18F0B9FD29
:10B2F0006FF0120008BD0020FCE700BF5CC6030031
:10B30000CCC9030029E5030008B507481FF0A3FED8
:10B3100038B906480121064A18F0A3FD6FF0120063
:10B3200008BD0020FCE700BF44C603009CC9030021
:10B33000A3E50300034B0448197881F0010119705B
:10B3400017F01ABD72020120F8CE03002DE9FF416B
:10B3500001AB1E46002401271C4A07CA83E80700E8
:10B3600056F8045B28681FF076FE58B92346184A41
:10B370000121184818F07EFD0134032CF0D104B0EF
:10B38000BDE8F08128682979EB88D0F810C0DA0789
:10B3900054BF43F4B01383F4D013DCF8005023F40B
:10B3A000801207FA01FEDB07D0F808804CBF45EA9F
:10B3B0000E0525EA0E05CCF80050D8F80030984765
:10B3C0000028D9D0044A2346D2E700BF30CB03007F
:10B3D00003E603007CCA030019E6030007B5002159
:10B3E000084B0948197017F0C7FC4FF400420023BE
:10B3F0000648CDE900230022002315F08DF903B0A3
:10B400005DF804FB72020120F8CE0300C0CD0020DD
:10B4100008B5054820F069FA0021044B044819706A
:10B42000BDE8084017F0A8BCC0CD00207202012082
:10B43000F8CE030008B50021044817F09DFCBDE8D4
:10B4400008400021024817F097BC00BFF8CE030067
:10B45000F0CE030007B50022084B1870084B1A7095
:10B460004FF4203200230748CDE9002300220023B7
:10B4700015F052F903B05DF804FB00BF740201201F
:10B480007302012088CD002008B50D4B1B785BB1FD
:10B49000FFF7BEFF01210B4817F06EFC0021BDE84D
:10B4A0000840094817F068BC084820F03AFA0146FD
:10B4B00020B9044817F060FC0121F0E708BD00BF87
:10B4C00071020120F8CE0300F0CE0300C0CD0020B1
:10B4D00008B5144A137883F001031370124A1178E7
:10B4E00001290DD1ABB1114817F046FC00211048DD
:10B4F00017F042FCBDE8084000210E4817F03CBCA4
:10B50000022906D12BB10121084817F035FC012191
:10B51000EDE70021054817F02FFCBDE80840FFF7D4
:10B52000B3BF00BF7302012074020120E8CE030004
:10B53000F8CE0300F0CE030008B5064820F0D5F998
:10B540000023054A1370054A1370BDE80840FFF751
:10B550009BBF00BF88CD0020740201207302012030
:10B56000F0B5002421F00302184D194E194F024482
:10B57000904218D1002301F00300104482421FD1F1
:10B5800012484C405843124B4FEA70405843124BFC
:10B59000604080EA10405843104B80EA50305843D6
:10B5A00080EA1040F0BD50F8043B6B434FEA734310
:10B5B000734363404FEAF34303EB8303DC19D7E79C
:10B5C00012F8015B45EA0323D8E700BF512D9ECC5A
:10B5D0009335871B646B54E66BCAEB8535AEB2C2FC
:10B5E0002DE9F04F91B0009302F004030293C2F3EF
:10B5F000C2030133840705460E46DDF868800392D6
:10B60000059340F0BB81041D30B1072909D86FF0C4
:10B610001B0011B0BDE8F08F01F007063444C6F1FD
:10B620000806009B4FF000094FF0040A591E4FF026
:10B63000FF334F460193CB465346CDF810900DB1E2
:10B64000009820600598002800F3E8809848009A48
:10B65000824203D397488242C0F0E080039AA4EB71
:10B66000050E92074FEA9E0000F103810F2F00F2B2
:10B67000B180002D00F0058107F140020DEB020CB6
:10B68000019A0CF8200C0CF8102C0498013004904E
:10B69000E7E07A285DD84B280ED8472859D82928C2
:10B6A0002DD8252852D054D820287AD02338D0F14C
:10B6B000000B4BEB000B74E04C382E2849D8DFE828
:10B6C00000F07048484848484848484848484B486F
:10B6D0004848484848484859484B4B595959704B75
:10B6E0006D487048184B184848827F4B48484B4873
:10B6F0007F0000204FF0000B4FF0040A38E00122D9
:10B700002A38C0B202FA00F010EA0E0F49D110F048
:10B71000625C2FD110EA020B43D06046013C5444D6
:10B72000B4FBFAF40AFB04F4002D61D0A3EB050C82
:10B73000A444B4453FF66BAF002868D1042B47D131
:10B7400058F8043B2360042304342AE0019A013AA8
:10B7500001924FF0000B24E011F8010C6C2834D159
:10B76000002011F8023C83466C2BC5D14FF0080A2B
:10B770005346D3E708F1070828F00708073424F0F8
:10B780000704F8E802AB35B106982044B0423FF612
:10B790003EAFC4E900AB4FF0000B08344FF0080A8D
:10B7A000534611F8010F002878D0BBF1000F7FF449
:10B7B00070AF2528F5D14FF0010B019B01330193A8
:10B7C0004FF0040AECE7584694E700208346A5E7CB
:10B7D000082B02D06FF015001BE708F1070828F0CE
:10B7E0000708B8EC027B84ED007B08230834D8E717
:10B7F00068B9042B02D108F10408A4E7082BE9D1A9
:10B8000008F1070828F0070808F10808EDE705988F
:10B810000138059058F8040B009010E7039A900740
:10B8200020D54FF0010CA4EB050E4FEA9E00BEF5AB
:10B83000007FCFD20F2FCDD8F5B107F140020DEB2D
:10B84000020E019AC0B20EF8200C0EF8102CBCF1BA
:10B85000000F3FF41AAF60F07F000EF8200C09F1E2
:10B8600001090137C5F108024FF6DA7E0434069269
:10B8700097E74FF0000CDAE7BCF1000F01D001367A
:10B88000EFE7029A0236002AEBD10098CDE90631A3
:10B89000FDF720FADDE906310644E2E7631BB3F564
:10B8A000806F97D245B9A6F10804E018B1E600BF51
:10B8B000A4C40300CC260400029A9B0828602B70C5
:10B8C0009DF81030C2B1EB7085F80290B9F1000F0D
:10B8D00005D0002208A8C5F1010C97420ED14FF007
:10B8E000000AC5F101030DF1200801930DF1300BA1
:10B8F000574512D1601B8CE66B70E5E710F8013BF1
:10B90000190608D50CEB040EB64503F07F033FF68D
:10B910007EAE04F8013B0132DFE7B9F1000F03D03E
:10B9200098F90020002A17DB029BD3B11AF80B20EC
:10B9300004F8012B0022019B18191044B0423FF675
:10B9400066AE98F80000009904F8010B20460392B7
:10B9500020F05BF9039A14440AF1010A08F1010886
:10B96000C6E798F8002055F822300093029B009813
:10B9700045F82230FDF7AEF9421CDCE76FF00D0010
:10B9800047E600BF2DE9F04F97B000AFD7F880B081
:10B990003B62CBF3C0030446894690F802A0FA62EA
:10B9A000BB6141B9457800780AEB800020444D45E1
:10B9B00017D8A0EB0409E378FB61BAF1000F02D0BD
:10B9C0001BF0010F16D1FB6953BBFB6A1BB1494643
:10B9D00020463A6A98474D4628465C37BD46BDE842
:10B9E000F08F461C3046FDF775F90130304409F1FF
:10B9F0000109DCE7626823787A62FA6A9900796162
:10BA000004EB8301002A40F001810E464FF000084C
:10BA10004D4601EB0A094E454CD101EB0A0610E0F8
:10BA20001BF0020FD1D023789A007A61626804EB90
:10BA300083017A62FA6A002A77D14D46904601EB7B
:10BA40000A061BF0050F0CBF02230123FB62FB69F2
:10BA500006EB430A0BF00203BB625645BCD016F856
:10BA6000021B16F8013C54F82390994B994502D3D8
:10BA7000984B994536D3BB69002B40D0786A17F0B4
:10BA800039FD00283BD0E9468AB06A46924B5361A3
:10BA90007B6AC2E906314FF4007313848F4B42F87E
:10BAA000103F00234FF412518D4800F081FF023DFA
:10BAB000CD46D2E716F8013BF96254F82300FDF7B2
:10BAC00009F9D7F88430F96A01304BB1D7F88830DA
:10BAD00098453EBFD7F8843023F8180008F10108D4
:10BAE000054498E7BB6923B1786A17F003FD002885
:10BAF000C9D11BF0010F05D1FB6AED1AADE7BB6A96
:10BB0000002BAAD04846FDF7E5F8D7F8843053B1AA
:10BB1000D7F8883098453FBFD7F88420431C22F8D7
:10BB2000183008F10108054497E7BAF1000F73D007
:10BB30001BF0040673D0D046002607F14800524699
:10BB40003B61B96220F061F8B96A3B6901EB0A0216
:10BB5000BA62FA69F9695200FA60BA6A02EB410204
:10BB60003A610BF00202BA603A69B96A8A4258D166
:10BB700062781BF0020F18BF00217A6208BF4FEAFB
:10BB80005801B2181BF0010FD2B240F09F801BF099
:10BB9000040F14BF40460020BB616270A070E170CA
:10BBA00020463A6A7969FB6A9847051EFFF614AF8A
:10BBB000BB69414623707B6A3A6A6370FB6984F80B
:10BBC00002A0E37007F14800FB6A9847B0F1000853
:10BBD000C0F2BA807B69A9EB0A01C91AFB683A6A0C
:10BBE000C91AD7E90A0398470028C0F2AF804FF07E
:10BBF000000BA84408EB000507F1380AB34571D3E0
:10BC000000213A6A0846FB6A9847E5E656464FF037
:10BC1000000807F1380092E75646D04696E7B0464E
:10BC200094E7BA6A12F8021B12F8015CBA6254F87F
:10BC30002500274A904202D3264A90421ED3BA6971
:10BC400032B1786A7B6017F055FC7B6800288BD195
:10BC5000BA6802BB08F1280207F1300C08F10100B4
:10BC6000944407F1580208F1020852FA80F00CF8E7
:10BC7000101C5FFA88F800F8105C75E7BA693AB1F1
:10BC8000786A7B6017F036FC7B6800287FF46CAF25
:10BC90001BF0010F09D006F1280207F13000711CDA
:10BCA000161806F8205CCEB25EE71BF0040F3FF4D6
:10BCB0005BAF08F1280207F1300008F1010102EB47
:10BCC000000808F8105C5FFA81F84DE7002063E790
:10BCD000A4C40300CC26040039E6030004000001DC
:10BCE000F4C903001BF80A3054F8239087F8373062
:10BCF000D7F884302BB3D7F888309B4521D2D7F8BA
:10BD0000843033F81B8001213A6AFB6A07F137005F
:10BD1000984700281ADB0544B8F1000F06D14846C1
:10BD2000FCF7D8FF00F101081FFA88F841464846A1
:10BD30003A6AFB6A9847002808DB05440BF1010BBF
:10BD40005CE74FF00008DEE7454645E6054643E67A
:10BD5000014B1860704700BFE0CA002080B505465F
:10BD60000E461746984614F00DFA034620F090FB55
:10BD70000446DFF81890424649F80030394630460C
:10BD8000A84754F8090001F023FE00BF0800000096
:10BD9000032800B508D920F07BFB0922074B1A5075
:10BDA0004FF0FF305DF804FB3022054B02FB0033FF
:10BDB000D3E8AF3F002BEED00020F3E70C000000EB
:10BDC00094EC00203023434330B50D4908330B4435
:10BDD000D3E8AF2F92B1541ED3E8EF5F954204D160
:10BDE000C3E8EC4FBCF1000FF6D1F1D1012A05D127
:10BDF0003023584300230A180B50536030BD00BF56
:10BE00008CEC002038B504461546FFF7C1FF00282A
:10BE10000DDB30236343074AD0184068086015B132
:10BE20000C3313442B6030235C43105938BD002081
:10BE3000FCE700BF8CEC002070B500254FF0FF330D
:10BE40004FF0FF32184817F098FB184BD3E8AF2F8C
:10BE500082B10135042D03F13003F7D120F018FB36
:10BE600017224FF0FF35124B1A500F4817F087FB7F
:10BE7000284670BD30246C43D3E8EF0F0130C3E88F
:10BE8000E10F0029F8D10B4E331932515A609A62F2
:10BE900004F10C0030441FF0EFF904F120003044AD
:10BEA0001FF09CFBE1E700BF8CCE002094EC00204B
:10BEB0000C0000008CEC00202DE9F04130241646E7
:10BEC00044430F4A101911514660C362B6B1F3687A
:10BED000A3B120F0DDFA0B4F0C3450F80780131992
:10BEE000054640F20512304617F038FBB8F15F0FF7
:10BEF00004D0EB595F2B08BF45F80780BDE8F081FF
:10BF00008CEC00200C000000F8B50546FFF740FF60
:10BF1000002824DB30246C43124F04F10C063E440D
:10BF20004FF0FF324FF0FF33304617F026FB3A193F
:10BF300053689B688BB1D26A385912F4404F0AD0CB
:10BF4000294698470446304617F019FB2846FFF764
:10BF500039FF2046F8BD9847F4E71C46F3E74FF059
:10BF6000FF34F6E78CEC0020044608B5EFF31183AC
:10BF7000202383F31288BFF36F8F09F08DFB2046D7
:10BF800001F0DCFC024817F0DCFA18F030F9FCE7AD
:10BF9000EDE603002DE9F047058B0446280790469F
:10BFA00011D4022905F0070540F0CC80204617F097
:10BFB0004DFD78B10138218B042811D8DFE800F05D
:10BFC000C2106D85950001290CBF45F0100545F0A4
:10BFD0002005258388F31188BFF36F8FBDE8F087B4
:10BFE00001F0070AAA4500F0A5800027B9463E46A1
:10BFF000A368002B00F0BC8041F00801218388F386
:10C000001188BFF36F8FA168002900F0BA800D6816
:10C01000002900F0B680334652462046D1F804800D
:10C02000C047002D76D02B6829461D46F0E701F069
:10C0300007035A1F012A1BD8002221F00701062BF3
:10C04000276889B2C4E9002209D13B4603E0628B2C
:10C05000013262831B68002BF9D141F002012046B6
:10C06000218317F0F3FC00287AD041F0200176E01C
:10C07000042B0AD121F0070189B22046218317F051
:10C08000E5FC10B141F020012183218B01F0070A6A
:10C09000AA454FD00027B946AAE7236921F0070136
:10C0A00041F00601062DD3F8009021832DD1B9F17E
:10C0B000000F3FD041F00801218388F31188BFF3BE
:10C0C0006F8F20463949C84729E021F007012369CD
:10C0D00041F0040189B2042DD3F804902183E6D005
:10C0E00000274FF0040A3E4682E721F0070123694A
:10C0F00041F0050189B2052DD3F808902183D6D0EF
:10C1000000274FF0050A3E4672E700274FF0060A67
:10C110003E466DE72B4687E7B9F1000FD1D1EFF32B
:10C120001188202383F31288BFF36F8F238B23F0B2
:10C1300008032383258BEA062ED525F010032383DD
:10C1400005F007056669218B002EBFF670AF00234E
:10C150002768C4E9003321F0070141F00101218380
:10C16000218B4FF0000901F0070AAA457FF440AF88
:10C17000002F9CD041F00801218388F31188BFF380
:10C180006F8F002FC8D03D6839463346524620464F
:10C1900017F088FC2F46F4E7AB067FF51BAF25F0C0
:10C1A0002003238305F0070500E700BFD13A030011
:10C1B0002DE9F3410C460646012113481546A047D8
:10C1C00000281ADB5C273668B04616F8010B38B930
:10C1D0002A46012123460C4802B0BDE8F041184729
:10C1E00017F072FD60B12A4602218DF805008DF826
:10C1F000047001A8A0470028E6D002B0BDE8F08195
:10C200002A4601214046F5E790D903002DE9F14F78
:10C210000A9E054688469146012132461B481C4627
:10C22000984700282FDB0027DFF868A0DFF868B008
:10C23000B845324606D101212346154801B0BDE874
:10C24000F04F184721462846FFF7B2FF00281ADBB7
:10C25000324601215046A047002814DB33462246CF
:10C260004946284600F01AF800280CDB08F1FF3395
:10C270009F4202D301371035DAE732460121584692
:10C28000A0470028F6DA01B0BDE8F08F16E70300FA
:10C29000BB0B040019E1030018E703002DE9F0418E
:10C2A00014464279B0F806806D2A1D460E4688B0C5
:10C2B00001EB08074FEA520311D8212B16D9223B74
:10C2C000142B13D8DFE803F02D12121212121212DF
:10C2D0001212121212123F5B6012714B5500742B36
:10C2E00011D006D85B2B24D0662B0CD06FF0150034
:10C2F00026E07B2BFAD100952346D0E902013A468D
:10C30000FFF784FF1CE016F808302A4633B10421F9
:10C310002A48234608B0BDE8F041184705212848BF
:10C32000F7E72A462146384608B0BDE8F041FFF756
:10C330003FBF00950A4623463946806800F04AF818
:10C3400008B0BDE8F08151F808301E4A0C2102A85F
:10C3500014F0DCFA01462A4602A8A047F0E7D7E924
:10C360000023CDE90023184A152102A814F0CEFAC3
:10C37000F0E7D7E90023CDE90023144AF4E72A4681
:10C38000796856F80800C4E72A4601211048A047FA
:10C390000028D5DB2A46796856F80800A04700280F
:10C3A000CEDB2A4601210A48B3E751F8086030463F
:10C3B000FCF790FC2A4601463046AAE71AE703003C
:10C3C0001FE703007D06040025E703002AE70300BA
:10C3D00090D903002DE9F14F0A9F1D46C3880446FA
:10C3E00052F803A00E463A4601211A48A8470028F1
:10C3F0002CDB63794FF0000803F0FE03B62B08BF77
:10C40000A4680AF1FF3B204617F007FC8146D0459F
:10C4100007D13A4601212B460F4801B0BDE8F04F45
:10C420001847E1883B462A462046711AFFF736FF37
:10C4300000280BDBC34503D84E4408F10108E6E7AA
:10C440003A4601210548A8470028F5DA01B0BDE8C1
:10C45000F08F00BF2FE7030026E1030018E7030079
:10C4600010B5002486B0CDE90334089B059303ABD7
:10C470000093024BFFF7CAFE06B010BD053D030056
:10C480002DE9F047044607464FF00109DFF85080D8
:10C4900014B93846BDE8F08794FAA4F5B5FA85F5E5
:10C4A00009FA05F32E0108EB05156FEA030A24EAE1
:10C4B00003042B7B002BEBD058F806301B694BB9DB
:10C4C0004644736804222846196807EA0A0700F000
:10C4D0005BFADDE7284698470028D9D1F0E700BF8E
:10C4E00014CB030030B5002289B00F490F481FF06C
:10C4F000F0F9002200230024CDE906230E230C4D81
:10C50000CDE903344FF440722846CDE90144094B8C
:10C510000949009413F09EFB084928461FF068F86B
:10C52000204609B030BD00BF41C5010008DA002037
:10C5300038D100202DC80100C024012031E70300BC
:10C54000014813F0C5B800BFCCCF00202DE9F0475B
:10C5500080461F480F4617F002FC0646002830D0E0
:10C5600000252846BDE8F087237B6BB12368DB6894
:10C570000BB12046984723681B69D3B9636804222E
:10C580002046196800F000FA013610344C45EBD310
:10C59000B8F1000FE5D0002DE2D02846FFF770FF7C
:10C5A0000546002FF7D000214FF4A4701FF0D1F8FA
:10C5B000F1E7204698470028E0D00AFA06F31D4329
:10C5C000E2E705464FF0010A024CDFF80C90DDE788
:10C5D0005CED002014CB030024CB0300014B53F887
:10C5E0002000704714CF030008B5034608462BB15E
:10C5F000044A136000F074FC002008BD6FF01500C1
:10C60000FBE700BFE4CA002010B5044C237813B93F
:10C61000034813F05DF80123237010BD750201205B
:10C62000CCCF002010B50446094817F098FB3CB168
:10C63000084BD3E8EF1F0139C3E8E21F002AF8D105
:10C6400005481FF052F9BDE81040044813F040B807
:10C6500054ED002058ED002008DA0020CCCF002057
:10C6600000200146034BD3E8EF0FC3E8E21F002A86
:10C67000F9D1704754ED002070B5FFF7F1FF054682
:10C68000074C084EB44200D370BD63685B792BB190
:10C6900023685B6813B12946204698471034F1E7B8
:10C6A00014CB030024CB030010B5044C04492046EE
:10C6B00017F065F8034B1C6010BD00BF40CD002093
:10C6C00000CF03004CED002008B50023074A4FF4CB
:10C6D00000411370064A07481360074A1360FFF7CA
:10C6E00083FFBDE80840FFF7DFBF00BF76020120EF
:10C6F00054ED00205B3D030058ED00200146002270
:10C700000023014817F05CB840CD0020014817F025
:10C71000F5B800BF40CD0020024B0146186817F065
:10C7200041B900BF4CED0020014817F076B900BFB9
:10C7300040CD002070B5264B1878002847D0FFF771
:10C74000E5FF054670B1234BD3E8EF1F0139C3E87D
:10C75000E21F002AF8D1204C204EB4422DD32846A7
:10C76000FFF7DAFF1E4B1F4C1B68002B19DD1FF073
:10C7700069F84FF47A72A0FB020302FB0131C30B8C
:10C7800043EA4143D4E900209B1A40F2E9324FEAE0
:10C79000D13161EB0001934271F1000101D3FFF748
:10C7A0006BFFD4E9003213F57A7342F10002C4E959
:10C7B0000032BDE87040FFF7B7BF63685B7923B113
:10C7C0002368294620461B6898471034C5E770BD8A
:10C7D0007502012058ED002014CB030024CB030088
:10C7E00054ED002000DA002070B50D4D297861B9B4
:10C7F0000120FFF7ABFE0B4C0B4EB44206D3FFF704
:10C8000099FF0028FBD101232B7070BD63685B7911
:10C810001BB1236820469B6898471034EDE700BFA2
:10C820007602012014CB030024CB030000212DE964
:10C83000F0470846FFF78AFE044658B340F267689F
:10C840004FF000091FF024FE1B4B1C4A1B581360BD
:10C8500033B11B4B1B68092B02DD1A4812F038FF5D
:10C860000025194FDFF85CA044B12046FFF708FE11
:10C87000044618B94FF0FF384FF0FF39FFF75AFF61
:10C88000064628B9B5B942464B46504612F054FF09
:10C890003546E9E74FF0FF384FF0FF39D2E72B6814
:10C8A0009B691BB100222846114698471035BD42AE
:10C8B000F5D3E8E7054DFAE70800000050ED002049
:10C8C00058ED0020CCCF002024CB030014CB030074
:10C8D00013B5184817F043FA174B1B7873B1EFF3F1
:10C8E0001184202383F31288BFF36F8FFFF722FF99
:10C8F00084F31188BFF36F8F02B010BD0F4B1B681C
:10C90000002BF9D050B9002200230D48CDE90023B7
:10C910004FF40042002313F0FFFEEDE70928EBD1AE
:10C9200007481EF0E2FF074802B0BDE8104012F0D1
:10C93000CFBE00BF58ED00207602012050ED002050
:10C9400008DA0020CCCF002010B5064B04461B6847
:10C9500098472146A060044816F0B1FFBDE810409A
:10C96000FFF7B6BFE4CA002040CD0020044A054BC3
:10C970009B1AB1EBD30F34BF52F83100002070473F
:10C980008CC9030014CB0300084B10B4C31A4468CD
:10C990001B110133237143689A71012243681960A6
:10C9A00043685A715DF8044BFFF72EBE14CB0300A9
:10C9B0002DE9F04F8FB0C1F34A2804AF0D469146E0
:10C9C000B8607B600C0DB8F1000F63D000264FF00B
:10C9D000040B4FF00A0A07F11403C7F80C80C7E9EB
:10C9E00007667E620193CDF808B0CDF800A007F18C
:10C9F0001C0332464846F968FEF7C4FFB0F5006FE5
:10CA000003461CD36C468AB0D9F8041004AB264800
:10CA10001A46C3E9050140F2FF71D9614FF4007174
:10CA20001984224B42F8103F4FF4125133462048EC
:10CA3000FFF7BEFFA5462C37BD46BDE8F08FC0F31B
:10CA40000A0804F11700184420F0070080083B6032
:10CA5000FFF754FE68F35325044690B13B6800F19C
:10CA60001001C7E9083607F11403F961CDE900A305
:10CA7000CDF808B048460F4AF96807F11C03FEF7E5
:10CA800081FF68F353252A4620467B68B96817F072
:10CA900098F9D0E704F1170020F007008008FFF7AD
:10CAA0002DFE0446EDE700BF46E703000400000149
:10CAB00084CA0300973D03002DE9F04F87B0044678
:10CAC000DDE9105ADDE91279934698460391BFB12A
:10CAD0003B46524610210020CDF80090CDF814902E
:10CAE000FEF77EFDB0F5006F06460AD340F2FF73F5
:10CAF0000221174A174807B0BDE8F04F17F0BAB93E
:10CB00003E4605F11700304420F007008008FFF78B
:10CB1000F5FD04F007040BF0070BE40044EA8B1466
:10CB200044EA462444EA0554054640B13FB13B4639
:10CB300052463146CDF800901030FEF751FD434685
:10CB400022462846039907B0BDE8F04F17F039B9DF
:10CB500085E7030084CA0300406820B1034BC01A74
:10CB600040F3CF0070474FF0FF3070478CC903008F
:10CB70000EB403B503AB53F8042B014604480193EC
:10CB800001F0B6FA02B05DF804EB03B0704700BFE5
:10CB9000D73E0300CA0605D48B064CBF02490349A1
:10CBA000FFF7E6BF704700BFCE180400CD180400A1
:10CBB0002DE9F04F8BB09B46169B9DF854A0069331
:10CBC000179B04460593189B0D469046199E0493A7
:10CBD000BAF1000F00F09E8006F00103089306F002
:10CBE0000803079306F48073099317F0D2F806F050
:10CBF0000209024600283BD020468F49FFF7B8FFC4
:10CC00000746B9F1000F08D016F0440F32D12A467A
:10CC100020468A49FFF7ACFF0744089B53B1884B75
:10CC2000204653F82A20874B8749002A08BF1A4616
:10CC3000FFF79EFF099B002B48D0079B002B62D17A
:10CC4000B8F1000F64D0424620468049FFF790FFBC
:10CC50000546069B3D44002B6BD1049B002B71D1F4
:10CC6000F30700F1E28031462046FFF793FFD6E05C
:10CC70000746C6E7764B18680028CDD0754B4FF4B1
:10CC80007A791B684FF03C0CB5FBF3F5B5FBF0F17E
:10CC90004FF4616300FB115509FB05F5B1FBF3F29D
:10CCA000B5FBF0FE03FB121100FB1E55B1FBFCF3BC
:10CCB00009FB05F5B5FBF0F50CFB131120460091BF
:10CCC000CDE901E56449FFF753FFA5E7079BEBB109
:10CCD000624B204653F82A206149FFF749FF054679
:10CCE000B8F1000F05D0424620465849FFF740FFF3
:10CCF0000544BBF1000FACD05A4620465949FFF716
:10CD000037FF0544A5E74FF0000BE1E7079DE7E794
:10CD100045469EE7BBF1010F069B06D1002B64D16F
:10CD2000049B002B7BD000250CE0002BF8D04E4854
:10CD30005CE04E48069B22464D4916F0AAFB049B38
:10CD4000002B68D0DFF83881DFF83891049F314636
:10CD5000102F204628BF10274FF0000BFFF71AFFB7
:10CD60005D4545DC059B494620461A78FFF700FFE4
:10CD70004FF0010B1BF0070F03D141462046FFF790
:10CD8000F7FE5F453BD9059B4946204613F80B202B
:10CD9000FFF7EEFE0BF1010BBBF1100FEAD14FF0E4
:10CDA000000B20463349FFF7E3FE5A46059B204619
:10CDB0009A5CA2F120015F2928BF2E222E49FFF79D
:10CDC000D7FE0BF1010BBBF1100F1DD01BF0070FAD
:10CDD00003D141462046FFF7CBFE5F455A46E5D8D2
:10CDE00041462046FFF7C4FEEBE720485546A1E741
:10CDF00041462046FFF7BCFE0BF1010BB0E7204691
:10CE00001E49FFF7B5FEC5E7059B3B440593049B10
:10CE1000DB1B04939AD1BAF1000F7FF421AF2046B7
:10CE20000BB0BDE8F04F17F049B82046054A064957
:10CE3000FFF79EFE17E700BFC2E70300C6E7030047
:10CE400024CF0300BDE7030059DC0300EBE7030038
:10CE500064ED002060ED0020CFE7030038CF030031
:10CE6000EFE70300F5E70300053F0300D73E0300AB
:10CE7000F1E0010004E803002E03040000E80300D1
:10CE800002E80300FAE7030042F20F7373B58B4226
:10CE900028BF0B4605680446052168460D4A13F075
:10CEA00035FD0646636828460B225B680A4916F082
:10CEB000F7FF63683246694628465B6816F0F0FF64
:10CEC00063681B2228465B68044916F0E9FF02B03C
:10CED00070BD00BF7D06040022E8030006E80300E1
:10CEE00000210123064A904206D8064A01B90123CF
:10CEF0001360054B18607047012140085B00F2E7A2
:10CF000040420F0060ED002064ED00200122014B43
:10CF10001A70704777020120014B0020196070479A
:10CF20007CED00200148FFF7AFBF00BF68CF0300D2
:10CF300010B5064B0C461868FFF750FB2146BDE8BC
:10CF4000104003460F220248184700BF7CED002026
:10CF500068CF03000122F8B5084B094D094E1A703D
:10CF6000D5E900470CB92C60F8BD214630463A4659
:10CF700000F01EF8241A0644F4E700BF78020120EE
:10CF800070ED00207902012010B9074B187070472E
:10CF9000064B1B781BB141F288301EF057B8A42015
:10CFA00000211EF0D6BB00BF7702012078020120CD
:10CFB0002DE9F04780460E460424DFF878901C4F98
:10CFC00099F80050A5B91CF00DFE32468246414644
:10CFD00028460FF079FF054650461CF00BFEE5B1E0
:10CFE00001233B7099F8003073B93046BDE8F087F3
:10CFF0003246414600200FF067FF0546EFE7204626
:10D00000651EFFF7C1FF2C4600200FF0E7FF002848
:10D01000EBD03B78002BF2D1E7E73B78002BE4D054
:10D02000013C2046FFF7B0FF3B78002BC8D1DCE77E
:10D030007702012078020120014B03600020704735
:10D0400078CF030070B5104B0D461C68B4B10F4B80
:10D05000196800238B4202DB6FF0010070BD22468D
:10D0600012F8106B864202D014460133F2E7E068F2
:10D070001DF0F1FF28B100202C60EFE76FF00C00ED
:10D08000ECE76FF01200E9E7E8CA002078CF030070
:10D0900010B504460121034A034816F0E2FE0020C1
:10D0A000606010BD7DE80300C4C903007FB542691C
:10D0B00004468A4203D88B1A8269934209D301211C
:10D0C000174A184816F0CDFE6FF02105284604B027
:10D0D00070BDC06801AA1BF00AFA054630B10121F3
:10D0E0000346114A0F4816F0C5FEEFE70199236A7F
:10D0F0008B42EBD0E068029A83689B6853B19847F3
:10D10000064650B101213346084A064816F0B2FEE1
:10D110003546DBE76FF05706F4E7019B2362D5E75E
:10D120009DE80300C4C90300BCE80300DDE8030078
:10D1300073B581680546002937D0D0E90436013936
:10D140001E443144FFF7B2FF041E09DA2346284A81
:10D1500000960121274816F097FE204602B070BDC8
:10D160006A6AAB68B3FBF2F402FB14343CB1286882
:10D17000141B224695F8281018441EF06DFDAB686C
:10D18000E8682A68234481684C683146A047044611
:10D1900018B1194A03460096DBE7EB695BB92B69C6
:10D1A000AA6813442B610023AB600024D5E7135D0C
:10D1B000DB4313550134AB682A689C42F7D3E86817
:10D1C00081680C683146A047044630B103460B4ADB
:10D1D0000121084816F04EFEBFE73246EB69A96808
:10D1E0002868984704460028D9D0054A0346EFE747
:10D1F000F9E80300C4C9030027E903004BE9030071
:10D2000061E903002DE9F3470E46DDE90AA89146DE
:10D210001F46044680B179B172B18B680846DB685D
:10D2200098470368B7FBF3F203FB12724AB1204A36
:10D230000121204816F015FE6FF00D0002B0BDE888
:10D24000F087BAFBF3F203FB12A20AB11A4AEFE726
:10D25000B8F1000F04D0B8FBF3F503FB15850DB151
:10D26000164AE5E7C4E90097C4E905A8E660256128
:10D27000A56003686A4663620C9B1149E3614FF045
:10D28000FF3323624379304684F82830CDE90075B6
:10D290001BF031F9019A0AB90A4AC9E7D4E9053104
:10D2A0000B449A4201D2084AC2E72846C6E700BFAB
:10D2B00075E90300C4C90300ACE90300C0E9030039
:10D2C0008B400300D2E90300EEE9030008B50448EF
:10D2D00016F037F9BDE80840024816F032B900BF31
:10D2E00027EA03005CEA03002DE9F84F80460C466C
:10D2F00000AF002965D0D1E90012E9468AB0A368E1
:10D300006D464FF0050A2E463748C5E90723C5E9A3
:10D31000050146F810AF002332464FF4215133483F
:10D32000FFF746FBD4E90312CD466369AD463048AA
:10D33000C5E90723C5E90501C5F810A00023324659
:10D340004FF421512948FFF733FBCD46E369012112
:10D35000284A264816F08EFD264600254FF00A0A78
:10D36000DFF8A0B0E946D6E908E0D6E90A138EB0A6
:10D370006A46C2F81CE005F1010EC2E908E0A81CEB
:10D38000C2E90A01E91CC2E905B5C2E90C1342F879
:10D3900010AF002345F2400114480435FFF708FBA5
:10D3A000102DCD4606F11006DCD1236E0121124A64
:10D3B0000E4816F05FFDA3690121104A0B4816F0D4
:10D3C00059FDB8F1010F07D1EFF305830C4A41462F
:10D3D0000648103B16F04EFD2146404611F0D0FDA8
:10D3E000BD46BDE8F88F00BF8AEA0300ECCA03001F
:10D3F000B9EA0300E8EA03003AEB030049EB030053
:10D4000077EB0300F7EA030030BFFFF7FDBF00BF73
:10D410002DE9F04105460B4EDFF83080324606EB31
:10D420000807CC1B204608491EF0EFFBA019424616
:10D430000021083C1EF010FC6C6707F10800BDE8F5
:10D44000F08100BF0000000024CB030008000000B2
:10D45000074A936893F90E10002907DB92699342FB
:10D460001FBF044A536843F080535360704700BFA6
:10D47000DC01012000ED00E070B52A4C06460D46A7
:10D4800029482A4916F072FEA36ADB0647D52648CA
:10D49000274916F06BFE1120A36A1C0704D5224809
:10D4A000244916F063FE12201E4CA36A990712D578
:10D4B00021491D4816F05AFE636BA26A120609D56F
:10D4C00001211E4A184816F0D5FC1EB1A36A23F0AC
:10D4D0008003A3621320134CA36ADE0704D512480D
:10D4E000174916F043FE1420A36A9C0604D50E4883
:10D4F000144916F03BFE15200A4B9A6AD10658BF14
:10D500009A6A9A6A920642BF5A6A22F400525A6292
:10D510009A6A42F0FF029A6200232B7070BD1020BD
:10D52000BAE700BF00ED00E0ECCA03008AEB03009D
:10D53000A0EB0300D3EB0300E6EB0300FEEB0300DC
:10D5400014EC030033EC030010B5244C24492548A7
:10D5500016F00CFEA36A99013ED52248224916F026
:10D5600005FE1E20A36ADA0104D51E481F4916F0E5
:10D57000FDFD1F20194CA36ADB0204D519481C4984
:10D5800016F0F4FD0220A36A1C0304D515481949BE
:10D5900016F0ECFD2120114CA36A590304D5114863
:10D5A000154916F0E3FD2220A36A9A0304D50D481D
:10D5B000124916F0DBFD2320084CA36ADB0304D5D7
:10D5C00008480F4916F0D2FD2420A36A6FEA0343EE
:10D5D0006FEA1343A36210BD1D20C3E700ED00E016
:10D5E00062EC0300ECCA03007AEC03008DEC03004C
:10D5F000A7EC0300D1EC0300EFEC030014ED0300F3
:10D600002EED030070B5294C06460D4628482949E1
:10D6100016F0ACFDA36AD9043CD52548264916F07E
:10D62000A5FD1720A36A1A0504D52148234916F041
:10D630009DFD18201D4CA36A9B0512D51C4820494E
:10D6400016F094FDA36BA26A100409D501211D4AAE
:10D65000174816F00FFC1EB1A36A23F40043A3621F
:10D660001920124CA36A590504D51148164916F021
:10D670007DFD1A20A36ADA050ED50D48134916F070
:10D6800075FD1B20094A936A43F47F43936200238C
:10D690002B7070BD1620C5E7A36A9B04F2D5044821
:10D6A0000B4916F063FD1C20ECE700BF00ED00E025
:10D6B000ECCA030059ED03006FED0300D3EB030048
:10D6C00080ED030099ED0300AEED0300C9ED03000A
:10D6D00033EC03002DE9F0479CB0664B0546D3F8C8
:10D6E00004A089461446002600AFCAF3080886F352
:10D6F0001188BFF36F8F02F07F43B3F17F4F1DD1CD
:10D70000D3071BD4500603D4110708D4012608E020
:10D7100059495A4816F02AFD14F0040400D04D4629
:10D7200000260023FB71A8F10303092B7FD8DFE853
:10D7300003F0077679727E7E7E7E7E7C3546F0E74A
:10D740004F494E4816F012FD00234A4CFB71E36A24
:10D750009A0705D54B49494816F008FD002429E0F1
:10D76000E36A002B01DA4849F5E7E36A5B00F5D587
:10D770004649424816F0FAFC6369AA6943F480738B
:10D780006361BFF34F8FBFF36F8F636932F8022C71
:10D7900023F480736361BFF34F8FBFF36F8F4DF638
:10D7A00002739A4222D12B680121394A334816F07C
:10D7B00061FB2C68FB79ABB96822294607F10800A8
:10D7C0001EF023FA7B6A002E4ED0C3F3080222B962
:10D7D0006FEA53236FEA43237B62204607F1080177
:10D7E000FFF782FD7037BD46BDE8F087A36ADBB264
:10D7F00023B10120F91DFFF73FFE0EE0A36A13F4E9
:10D800007F4F04D00120F91DFFF7FCFE05E0A36A5D
:10D81000B3F5803FA2D3FFF797FE0446CAE7002086
:10D82000F91DE8E70020F91DEEE71A4993E71A4AC7
:10D830006C461AF4F87F8AB0184B18BF13466A4634
:10D840001749C2E90513A8F11003D3614FF400731F
:10D850001384144B42F8103F00234FF41151074832
:10D86000FFF7A6F8A54679E723F4FF7323F0010339
:10D87000B2E700BF00ED00E00FEE0300ECCA0300CA
:10D8800032EE030049EE03006AEE030078EE030077
:10D8900097EE0300B3EE0300F6ED0300E1ED0300A5
:10D8A000D7EE030004000001064B5A6942F0100253
:10D8B0005A615A6942F480625A615A6922F0080238
:10D8C0005A61704700ED00E0EFF30880EFF3098143
:10D8D00001B57246FFF7FEFE01BD00BF002080F3D8
:10D8E0001488BFF36F8F002080F30A8880F30B88C1
:10D8F0000F4880F308880EF069F900200D49086090
:10D90000BFF34F8F00F03EF8202080F311880A48C3
:10D910004FF40061401880F30988EFF3148002216E
:10D92000084380F31488BFF36F8F00F011F90000F3
:10D930000073012094ED00E0C0490120BFF34F8F38
:10D940000549064BCA6802F4E0621343CB60BFF39B
:10D950004F8F00BFFDE700BF00ED00E00400FA05B7
:10D96000002318460649D1F89020C2F307229342BB
:10D9700000DB7047C1F89830C1F8A0000133F6E72A
:10D9800000ED00E010B572B6002484F31388FFF7B1
:10D99000E7FF23464FF0FF300C4A03F1200101332B
:10D9A000102B42F82100F8D100234FF0FF30074A36
:10D9B00003F160010133102B42F82100F8D162B667
:10D9C000BFF34F8FBFF36F8F10BD00BF00E100E0CA
:10D9D000084B9B6883420BD1EFF3058343B1064BA1
:10D9E0005A6842F080525A605A6A22F400425A62DF
:10D9F00012F0CEBBDC01012000ED00E025498A6871
:10DA000082F8C1E04FF030001044EFF3098C80E859
:10DA1000F01F1EF0100F03D102F1800080EC108A7D
:10DA2000202080F31288BFF36F8F1B4F4FF00066EA
:10DA30008A698A603E604FF0740414192068174C9C
:10DA4000206092F9C1E0906F0023936780F3118802
:10DA50001EF0100F03D00023E1EE103A03E002F1B4
:10DA6000800090EC108AEFF3148323F0040383F317
:10DA70001488BFF36F8F02F1300090E8F01F8CF331
:10DA8000098802F1000004B516F0A6FBBDE80440C9
:10DA900070470000DC01012004ED00E080ED002073
:10DAA0001EF0040F0CBFEFF30880EFF309808169CB
:10DAB00011F8021C0229FFD001B5724616F04BFB8B
:10DAC00001BD00BF40B2002807DB01234109034A22
:10DAD00000F01F00834042F82130704700E100E071
:10DAE00040B200280CDB01220649430900F01F0068
:10DAF0008240203341F82320BFF34F8FBFF36F8F55
:10DB0000704700BF00E100E0054B420953F82220B6
:10DB1000012300F01F0003FA00F01040704700BF1F
:10DB200000E100E040B2002801F10101ACBF00F1CA
:10DB30006040064B4FEA4111C9B2ABBF00F56140EE
:10DB400000F00F0080F800131954704714ED00E046
:10DB5000144A08B5144B22F07F029A60BFF34F8F2E
:10DB6000BFF36F8FD3F8882022F47002C3F88820A7
:10DB7000D3F8882042F4A002C3F888204FF0404236
:10DB8000C3F83422BFF34F8FBFF36F8F0023E1EE52
:10DB9000103A11F0E1FA12F01FFC00F07DF811F0DC
:10DBA0001BFB00BF0080010000ED00E042F8203CBC
:10DBB000009B0D4942F81C3C019B21F0010142F8F9
:10DBC000183C029B42F8081C42F8143C4FF080734A
:10DBD00042F8043C002383674FF43C43203A02653B
:10DBE000C0F8C030704700BF5DBD0100104B9B689E
:10DBF00083421AD1EFF30580B8B9EFF311812022E7
:10DC000082F31288BFF36F8F1A7B22F002021A731D
:10DC1000EFF3148323F0040383F31488BFF36F8FAF
:10DC200081F31188BFF36F8F70476FF01500704755
:10DC3000DC0101200E461546002300B5E1EE103A46
:10DC4000EFF3148323F0040383F31488BFF36F8F7F
:10DC5000BFF36F8F094B426F9860094B1A60436E98
:10DC600083F30B882C4686F309880020054B9847E0
:10DC70002046002100220023034C2047DC01012024
:10DC800080ED0020E14103005DBD01001022014B49
:10DC90001A61704700ED00E0002320210348C218FC
:10DCA0000133412B82F80013F9D1704700E100E005
:10DCB00008B5EFF30583064A103B02EBC30152F8A7
:10DCC000330049688847BDE80840FFF7C1BB00BF83
:10DCD00074C603001FB5094C094A234601210948AF
:10DCE00000F012F900230393074B0121E41A01A865
:10DCF0000193029400F012F904B010BD000004205A
:10DD000080C500201CD0030030D1002010B50C7A53
:10DD10000B6804F01F0223F01F031A43CB68640949
:10DD200023F01F03054943EA440343F00103C1F80C
:10DD30009800C1F89C20C1F8A03010BD00ED00E0B3
:10DD400010B50A4BD3F89030C3F30723013B984238
:10DD500008D901210346064A064816F08BF86FF0F1
:10DD6000150010BDFFF7D2FFFBE700BF00ED00E09C
:10DD7000EEEE0300C4CA03002DE9F04F89461446B5
:10DD800006464FF00008514D85B0C84527DAD6F851
:10DD900004A0BAF1000F44D0BAF11F0F17D91AF03E
:10DDA0001F0F14D1D6F800B01BF01F0F0FD158462B
:10DDB00016F039FA07460AEB0B00013816F033FA71
:10DDC000874210D06FF01507414A3B4601E04346B9
:10DDD000404A0121404816F04DF86FF015042046E6
:10DDE00005B0BDE8F08F17F1160FEDD0BC42EBDDAA
:10DDF000C5F89870D5F89C10C5F89870D5F8A03083
:10DE000021F01F0143F01F0BD6E900321A4499425A
:10DE100002F1FF3A1DD1D34507D13146F8B216F0D1
:10DE20000BFA08F101080C36AFE73146C5F89870D7
:10DE3000D5F89C3022F01F0203F01F031343C5F8EE
:10DE40009C30E0B216F0F8F910F1160FC5D0441C62
:10DE5000E7E7C5F89870D5F8A020013B23F01F0331
:10DE600002F01F021343D3453146E0B2C5F8A0309B
:10DE7000E8D016F0E1F910F1160FAED0C5F89870A1
:10DE8000D5F89C209DF808300BF1FF3B62F30403AA
:10DE90008DF80830D5F8A0309DF808205B0863F3B2
:10DEA00047128DF80820D6E900321344009323F07E
:10DEB0001F035B44A3EB0A03013023F01F036946F1
:10DEC000C0B20393FFF73CFFBEE700BF00ED00E0E8
:10DED00037EF030014EF0300C4CA03000522044B0C
:10DEE000C3F89420BFF34F8FBFF36F8F704700BF0D
:10DEF00000ED00E0BFF35F8F0022024BC3F89420D7
:10DF0000704700BF00ED00E010B5034C2278FFF72A
:10DF100033FF207010BD00BF890201202DE9F74FAB
:10DF2000294D8A4606464FF00008AB46274FD0459C
:10DF30001BDAD6F80490B9F1000F3FD031680846DB
:10DF4000019116F070F90199044609EB01000138BE
:10DF500016F069F984424FF014021D4B08D002FB01
:10DF600008F36FF015024BF8032003B0BDE8F08F03
:10DF700014F1160F2C60F8D01978A142F5DD02FBE0
:10DF800008B0C7F89840C7F89840D7F89C4000F10F
:10DF90000801007B64F304000871D7F8A0000C7935
:10DFA000400860F347140C71D7F89C1021F01F0152
:10DFB0006960D7F8A01021F01F01296108F101085C
:10DFC00014350C36B3E700BF84ED002000ED00E00F
:10DFD00089020120F0B54149414CD1F890302568C3
:10DFE000C3F307239D4287B075D80020FFF782FF57
:10DFF0003C4BC1F8C030854216D13B4C01A825707E
:10E00000FFF71AF800250646384FAE4213D100201C
:10E0100023783249D1F89020C2F30722934254DB8F
:10E02000FFF75CFF00202FE0616801EB0011FFF7B4
:10E030006DFE0130DFE70199280101EB0513DA6875
:10E040003A40B2F5001F21D0B2F5800F2BD0B2F5C7
:10E05000801F38D15A689B680958013B22F01F0085
:10E0600003440120844623F01F0340EA4C10CDE90D
:10E0700002218DF8100002A920780593FFF760FEB9
:10E0800000281DDA6FF0150007B0F0BD5A689B68D4
:10E090000958013B22F01F0003444FF0020C0120FD
:10E0A00023F01F03E1E75A689B680958013B22F0FF
:10E0B0001F0003444FF0000C022023F01F03D4E79D
:10E0C00023780133237001359FE7C1F89830C1F8F8
:10E0D000A00001339EE74FF0FF30D5E700ED00E0F0
:10E0E00028D00300AAFF4400890201200000F0FFAD
:10E0F000F0B587B007460E46144600211022684648
:10E100001D461DF0A9FD02238DF80230054B2A465D
:10E1100021466846CDE90476019313F091F807B0E3
:10E12000F0BD00BF6B42030008B5024B1B68984767
:10E13000002008BD98ED0020034B044A1860937836
:10E1400043F002039370704798ED0020ECCA002062
:10E1500008B50649064821F00701C1F1005202F551
:10E16000802215F03EF9002008BD00BF63B80120F1
:10E170009CED00204FF0FF324FF0FF33014811F0CB
:10E18000ADB900BFFCCA0020014811F01FBA00BFA2
:10E19000FCCA002038B50546FFF7ECFF2A460821E7
:10E1A000074815F008F8044628B925B11EF070F9A3
:10E1B0000C22044B1A50FFF7E7FF204638BD00BF82
:10E1C0009CED00200C00000038B504460D46FFF71A
:10E1D000D1FF21462B460822074815F060F8044677
:10E1E00028B925B11EF054F90C22044B1A50FFF740
:10E1F000CBFF204638BD00BF9CED00200C00000086
:10E2000010B50446FFF7B6FF2146034814F08AFF15
:10E21000BDE81040FFF7B8BF9CED002070B5416924
:10E220000446867A0A4D59B1437ADB0706D42C237B
:10E2300003FB06535B6A1B689B6898470023636176
:10E240002C20214606FB0050BDE870401DF0DDB8D3
:10E2500044D000202C21827A054B01FB02339A6ABC
:10E260001B7F801A1B3323F00303B0FBF3F07047CE
:10E2700044D0002038B52C24827A064B04FB0233AC
:10E280005B6AD3E901240C601568FFF7E3FF04FB28
:10E29000005038BD44D000202DE9F04385B005463C
:10E2A000684690461C4603911DF0CEFADDE90067F2
:10E2B000EFF31189202383F31288BFF36F8F6B8BE9
:10E2C000002B41D02A8B9A4225D9002200232846D0
:10E2D00011F0CCF90446F0B189F31188BFF36F8FC8
:10E2E000039B002B41D032463B4668461DF0D0FAD6
:10E2F0002C21A27A254B204601FB02335B6A03A93D
:10E300001B681D68DDE90023A847606170BB2046DB
:10E31000FFF784FF24E0698B4B1E6B8389F3118820
:10E32000BFF36F8F2B7F2A8BAC6A1B3323F0030361
:10E33000521A02FB0344154B154AEB1A9B10534328
:10E34000A3722B7FE372CBE789F31188BFF36F8F42
:10E3500023464246284611F089F904460028BFD1D9
:10E360000024204605B0BDE8F08363610123002549
:10E370002381039B29466382E27A656004F11800D9
:10E380001DF06AFC63692582E360EAE744D000205F
:10E39000A38B2EBA70B52C250B4C00B970BD037A37
:10E3A0004668013BDBB20372002BF7D1C3604360C8
:10E3B000837A05FB03431B6A13B198473046ECE7A9
:10E3C000FFF72CFFFAE700BF44D000202DE9F04F03
:10E3D0000F464FF00008BB4646469DB0069008A881
:10E3E00014461D461DF030FADDE90823DDF81890CB
:10E3F000CDE904230DAB0A93CDF80C80BBF1000FDF
:10E4000021D1002E6BD0B5F1FF3F08BFB4F1FF3F23
:10E4100017BF4FF47A724FF0FF34A4FB024302FBA4
:10E4200005331CBFE40B44EA43444FF48272414677
:10E43000CDE90074069B039815F051FF064630465F
:10E440001DB0BDE8F08FD9F80000002842DB0CAA0F
:10E450000BA9FDF7D7FC824600283BD00C984FF063
:10E46000FF324FF0FF3311F039F81CAB01930AABC8
:10E4700000934FF481724B4651460B9815F02FFFD5
:10E4800010F1780F03461AD10023002208A81DF0CE
:10E49000DBF9DDE90834CDE90434002425462346C0
:10E4A0000C98079311F092F8079B002B12DA5B424D
:10E4B0001DF0EEFF404A4FF0FF361350BFE710F15A
:10E4C000120FEDD1039B13B9D0460B9B039300238E
:10E4D0000126E5E709F108090BF1FF3B8EE7DDE9CD
:10E4E000042308A81DF0D4F9DDE90845B04622460A
:10E4F0002B46DFF8CC900A990DAC091B891009FB5B
:10E5000001F1204612F042F900F10B030B2B04D865
:10E510002A4E1E4116F0010601D04342C8E73D468F
:10E52000B2460A94069C85B9BAF1000F87D0002E36
:10E5300085D1DDE9042308A81DF0AAF9DDE9084525
:10E540002B4625432246D6D179E72068A4F80680D9
:10E5500000282ADB0CAA0BA9FDF754FC834618B946
:10E560002023E380013620E00C984FF0FF324FF07B
:10E57000FF3310F0B3FF0AAB5946009340F2031289
:10E5800023460B9815F0ABFE83460C9811F01EF84D
:10E590001BF10B0F0CD0BBF1000F02D0CBF100032D
:10E5A00086E7B4F90630002BDCD10834013DBAE728
:10E5B0004FF0010AF9E700BF0C0000007EF7FFFFF3
:10E5C000CDCCCCCC0122024B0020C3F840257047B3
:10E5D0000090034020B1034B800143F00103184732
:10E5E000704700BF90CB0300F7B506460D460D48B7
:10E5F0008AB2836831461B689847002810DA0024E5
:10E600000CE02F1B042F28BF04271AF0DDF93A462F
:10E61000019001A930191DF0F8FA3C44A542F0D848
:10E6200003B0F0BDCCC503002DE9F04105460E4610
:10E630001746134CDFF85080444508D31DF028FFDF
:10E640006A22104B1A504FF0FF30BDE8F08123686A
:10E65000AB4200D08BB93A4631462846A36898476A
:10E6600058B11DF015FF0022064B3146C2503A4604
:10E670002846E368BDE8F04118471034DCE700BFE6
:10E680006CC903000C0000008CC9030073B50D4673
:10E690001646694601AAFDF7B5FB0446B0B1009BDA
:10E6A0009B69DBB14FF0FF324FF0FF33019815F05B
:10E6B0007EFE009B2046324629469B6998470446C9
:10E6C000019815F076FE204602B070BD09231DF0BA
:10E6D000DFFE034A4FF0FF341350F4E75F23F6E701
:10E6E0000C0000002DE9FF410D46164602A903AAC1
:10E6F0001F46FDF787FB0446E8B1029B5B6A13B334
:10E700004FF0FF324FF0FF33039815F050FE0B9B94
:10E71000204601930A9B32460093029B2946D3F878
:10E7200024803B46C0470446039815F042FE20462D
:10E7300004B0BDE8F08109231DF0AAFE034A4FF0A2
:10E74000FF341350F3E75F23F6E700BF0C0000002F
:10E7500073B50D461646694601AAFDF753FB0446FC
:10E76000B0B1009B5B6BDBB14FF0FF324FF0FF337A
:10E77000019815F01CFE009B2046324629465B6B33
:10E7800098470446019815F014FE204602B070BD6B
:10E7900009231DF07DFE034A4FF0FF341350F4E7C8
:10E7A0005F23F6E70C0000002DE9FF410D461646F9
:10E7B00002A903AA1F46FDF725FB0446E8B1029B08
:10E7C0009B6A13B34FF0FF324FF0FF33039815F0FD
:10E7D000EEFD0B9B204601930A9B32460093029B61
:10E7E0002946D3F828803B46C0470446039815F0D5
:10E7F000E0FD204604B0BDE8F08109231DF048FE8D
:10E80000034A4FF0FF341350F3E75F23F6E700BFEE
:10E810000C0000002DE9FF410D46164602A903AA8F
:10E820001F46FDF7EFFA0446D8B1029B1B6B03B3FA
:10E830004FF0FF324FF0FF33039815F0B8FD0A9BFD
:10E8400020460093029B3246D3F8308029463B464F
:10E85000C0470446039815F0ACFD204604B0BDE85F
:10E86000F08109231DF014FE034A4FF0FF341350CA
:10E87000F3E75F23F6E700BF0C000000F7B507469B
:10E880000E461446FDF7D8FA051E18DB3CB97B1E70
:10E89000012B04D8022E17D0012E08BF0624F1B296
:10E8A00001ABA2B2B8B202F067FF061E0EDA28462C
:10E8B00014F067FE1DF0ECFD104B76421E504FF039
:10E8C000FF35284603B0F0BD1124E8E70023019886
:10E8D0004360C36670301CF05AFD019888301CF00C
:10E8E0007DFE062C02D1019816F0FDFF4FF4404347
:10E8F0002846034A0199FDF7DFFAE2E70C00000021
:10E900005CD0030037B5069D0446E3B900930022AE
:10E9100000230E4903F010F804F170001CF037FDDD
:10E9200004F188001CF05AFE214605F170001CF02D
:10E9300061FD204616F0D7FF05F1880003B0BDE861
:10E94000304011F0FDB803B030BD00BFE743030015
:10E950002DE9F7430C46DDE90A9858EA0901074614
:10E960004D460C9E13D014F1690F02D014F10B0F19
:10E970000DD168461CF08CFFDDE9002313430ED156
:10E9800014F1690F0CBF6FF00B046FF068041DF0F9
:10E990007FFD244B64421C504FF0FF3037E0B8F14C
:10E9A000FF3F08BFB9F1FF3F0DD04FF47A71A5FBCF
:10E9B000013201FB0822DB0B43EA424332689A42F0
:10E9C00094BF32603360D7F8900008B110F0FEFDBC
:10E9D00014F1690F35680ED14FF4004440F2E7306E
:10E9E00000214FF47A720023E5FB0401FAF746F99F
:10E9F0001CF0AFFE01E00B34EED033685B00642BFB
:10EA000028BF64233360D7F8900018B9002003B002
:10EA1000BDE8F0834FF0FF324FF0FF3310F05EFDA2
:10EA2000F4E700BF0C00000038B505460C4609B1FC
:10EA3000142A07D016231DF02BFD104A13504FF057
:10EA4000FF3038BD02F028FC1022014620461DF0A0
:10EA50000FF90028EED0206901F09EF930B995F940
:10EA6000A000002804DC01F0A9F920B18623E2E728
:10EA700001F092F9F9E70223DDE700BF0C00000086
:10EA800010B5044609B10C2A07D016231DF000FD6D
:10EA90000E4A13504FF0FF3010BD0B68002BF4D01E
:10EAA000886860B101F078F938B994F9A0000028BD
:10EAB00009DC01F083F90028E7D05823E6E7081DB8
:10EAC00016F0BCFBEEE701F067F9F4E70C0000007C
:10EAD00038B540F20314A14203465AD0B1F5827F03
:10EAE0000ED2042921D0B1F5817F29D0032917D076
:10EAF0001DF0CEFC5F22464B1A504FF0FF3013E062
:10EB000045F21B44A14273D045F2214081426AD0B4
:10EB100040F205108142EBD11268C3F890200DE05D
:10EB2000C06EC0F34000800338BDC16E126821F092
:10EB30000201520448BF41F00201C1660020F3E720
:10EB40009468D2E900018288D50718D50A689442F2
:10EB50005BD0042503F1700414610A68547B65F3EB
:10EB6000050454730A68947B6FF3451494730A6820
:10EB7000D4686FF39434D4600A6814320A608288CF
:10EB8000520703D4DB6E13F0050FD7D06FF0770078
:10EB9000CAE711688888C5070FD552681068C06831
:10EBA00010F4FE1F02D1D86EC40703D5C88840F008
:10EBB0000100C8801068143010608A88500742BF76
:10EBC000CA8842F00402CA80DA6E520742BFCA887D
:10EBD00042F00802CA80DB6EDB07AFD5CB8843F07A
:10EBE0001003CB80AAE7DA6E42F00202DA66A5E7EC
:10EBF0000023146819461A4615F055FC6FF00043BF
:10EC0000984294BF2060236098E76FF00B008BE779
:10EC10000C00000013B50021B0F89E300446C3F389
:10EC20004103032B4FF000024FF00003009119D174
:10EC300017F022FA04236360E36E204643F00403D6
:10EC4000E36615F011FC204602F052FE031E06DAC0
:10EC50001DF01EFC054A5B4213504FF0FF3318466F
:10EC600002B010BD02F068FEE4E700BF0C00000037
:10EC700037B505460C4611BBB0F89E300022C3F3F1
:10EC80004103032B00914FF000030DD117F0F4F96D
:10EC9000031E0CDA1DF0FCFB0E4A5B4213504FF0D2
:10ECA000FF34204603B030BD02F046FEF0E7EB6EC5
:10ECB000284643F00103EB6615F0D6FBF1E74C1E46
:10ECC0001DF0E6FB012C94BF86221622014B1A5040
:10ECD000E5E700BF0C00000013B5044616F036FE51
:10ECE000031E07DA1DF0D4FB0C4A5B4213504FF0B1
:10ECF000FF3006E0B4F89E30C3F38113022B02D03C
:10ED0000002002B010BD636800220093204600235B
:10ED1000034902F011FE031EF2DAE3E70C000000E3
:10ED2000E74303002DE9F043B0F89E301746C3F3E4
:10ED30004102022A04460E4685B039D0012AC56E2A
:10ED40000ED11DF0A5FB15F0040F08BF7822254B4E
:10ED500018BF62681A504FF0FF3005B0BDE8F0836D
:10ED600015F00205C3F3811319BF4FF000084FF0EF
:10ED700000094FF4C0384FF0000918BF1A4D012B9D
:10ED8000426817D1009200230022184902F0D4FDF6
:10ED9000002801DA434217E063683A46029331469D
:10EDA0002B462046CDE9008917F0AAF80028F1DBB0
:10EDB0000020D2E72B460292CDE900893A4617F0AF
:10EDC0009FF8031E05DA5B421DF062FB054A1350F3
:10EDD000C1E763680022009320460023034902F044
:10EDE000ABFDE3E70C000000D5430300E74303005D
:10EDF00013B5044616F0B8FE031E08DA5B421DF098
:10EE000047FB094A13504FF0FF3002B010BD0022FB
:10EE1000002320460549009417F02EF9002801DA56
:10EE20004342ECE70020F0E70C00000005E9010098
:10EE30002DE9F04F16464FF0FF384FF0FF390A2208
:10EE40008FB05B0604460D46CDE90C89189F0B92E6
:10EE500003D4C36E13F002034BD000220023CDE98C
:10EE60000C2308A81CF0F0FCDDE90C23DDE908897F
:10EE700008A81CF0E9FCDDE90823CDE90623636856
:10EE80000022009320460023284902F055FD031E6E
:10EE900037DB4FF0000A0DF12C0B6168DDE90C2324
:10EEA000002F38D0CDE90223199B049100933246FC
:10EEB0003B4629462046CDF804A017F061F900280A
:10EEC00026DADDE90C230146CDE90023204642463F
:10EED0004B46CDF808B0FFF73BFD002818DBDDE915
:10EEE000062308A81CF0D4FCDDE90823CDE90C2397
:10EEF000D3E70CAA052102F0A9FE4FF4A0220023BB
:10EF0000AFE71DF0C5FA0A4A5B4213504FF0FF30DD
:10EF10000FB0BDE8F08FCDE9002302913B463246A9
:10EF20002946204617F0D3F8C9E700BFE74303009E
:10EF30000C000000F7B5C36E04469D070F46164649
:10EF400014D44FF0FF334FF0FF326946CDE9002370
:10EF500015F095FB031E09DA1DF09AFA384A5B4258
:10EF600013504FF0FF35284603B0F0BD002204F1E6
:10EF70007000002310F07AFB044628B91DF088FACF
:10EF80000B222F4B1A50ECE7FCF756FF051E06DA52
:10EF9000204615F069FA204602F0AAFCE1E704F1E8
:10EFA00070001CF040FAA8B190F83330990711D5E1
:10EFB000E36E284643F00103E36614F0E2FA2046CC
:10EFC00015F052FA204602F093FC1DF061FA71220E
:10EFD0001B4BD7E7B4F89E305A0508D51DF058FAF8
:10EFE0007122174B1A50284614F0CBFAD0E723F4BD
:10EFF0000073A4F89E3077B16EB132683846182A93
:10F0000028BF182204F12C011CF0FFFDA38D012B59
:10F0100009D1082333604FF4404321462846094A6A
:10F02000FCF74AFF9FE7022B01D11823F2E728469D
:10F0300014F0A7FA1DF02CFA8622014B1A50A7E70C
:10F040000C0000005CD003002DE9F04F8FB002925D
:10F0500000934FF0FF32DDE9196A4FF0FF33CDE93D
:10F060000423189B07465C060D4603D4C36E13F0B9
:10F0700002032FD000220023CDE90423DDE9048917
:10F08000189B07F1700413F00203019336D010228D
:10F09000002109A81CF0E0FD04230D948DF8313007
:10F0A00001214B46424609A811F070FB00F10B010B
:10F0B0000B29034618D8A04A0A41D00714D4204689
:10F0C0001CF0ADF90446F8B91DF0E2F90B229B4B98
:10F0D0001A500EE0042104AA02F0B8FD384604A933
:10F0E00015F0CDFA031EC9DA1DF0D2F9934A5B423E
:10F0F00013504FF0FF300FB0BDE8F08F42464B4643
:10F10000204610F0B3FADDE7D0E90398002E4DD089
:10F11000BAF1000F4AD0B7F89CB0DAF8007017F0D7
:10F1200071FA94F83330C3F30213338094F8333018
:10F13000C3F30213012B46D100211423072FCDE97D
:10F14000091366D9204609A917F0E9FC074610B94A
:10F150006FF068035FE020460A9917F0DAFA00289A
:10F16000F6D1204694F8361017F0D3FA0028EFD1E4
:10F17000FB6873605FFA8BFBBBF1110F06F10207AE
:10F1800058D14FF0080B07AB204609A90993CDF8D9
:10F1900028B017F0C4FC0028DAD003883B80C4E90B
:10F1A00003983388012B48D1CAF800B0002D00F035
:10F1B0008E80EB6813B1AB68002B44D11DF068F969
:10F1C0000C225E4B84E7022B34D100222823172F18
:10F1D000CDE909231DD9204609A917F0A0FC07464F
:10F1E0000028B5D020460A9917F093FA0028AFD12D
:10F1F0002046E18E17F08DFA0028A9D107F1080307
:10F20000321D183753F8041BBB4242F8041BF9D1D6
:10F21000B0E76FF01503C4E903985B421DF038F9BD
:10F22000464A1350019B002B7FF463AF204617F032
:10F230007EF95EE76FF08503EDE7022B79D11823A5
:10F24000CAF80030B2E7204617F094FB009B064650
:10F25000834228BF03464FF0000B9A461F4697B9DA
:10F26000009BC5F80CB09E4203D9AB6943F0200364
:10F27000AB612B69002B57D06969002937D00F2962
:10F2800050D86F6133E0AA684FEACB0352F83B10C5
:10F2900002EBCB0021B91DF0FBF81622274B17E734
:10F2A00042682046BA4228BF3A460393029217F0BA
:10F2B00003FBDDE9022308B16923AFE7BA42EAD8CC
:10F2C000A968BF1A19444A600BF1010BC7E7204631
:10F2D00017F050FB009B0646834228BF0346029965
:10F2E0001A4620469A4617F0E7FA0028E4D1019B17
:10F2F000E3B9204617F01BF9189B13F0200F0CBF41
:10F3000050463046F7E61744073222F00700103027
:10F3100018448842B5D822F0070213441A68002A1C
:10F32000F1D1AEE71944F9E76B61E0E7C4E903986E
:10F33000E2E7862372E700BF7EF7FFFF0C000000C4
:10F340002DE9F04F17461E464FF0FF324FF0FF33C6
:10F350008FB0CDE90A23B0F89E300C46D907054698
:10F36000DDF8608040F1B880C3F34103022B40F028
:10F37000B58018F0400F02D1C36E9A071ED5002247
:10F380000023CDE90A23002E46D0DDE90A23CDE98A
:10F390000C2308F48073CDE907760193002C3FD04D
:10F3A000002F3DD1E3688BB96FF0150043421DF08B
:10F3B0006FF84B4A4FF0FF3613502DE013F0050362
:10F3C000E1D104210AAA02F041FCDCE7A3681A6833
:10F3D00007925A685F60D4F80CA009920026DDE914
:10F3E0000C23374604A81CF02FFADDE90423CDE9ED
:10F3F0000223089B7BB3EB6E13F0040013D0686804
:10F400004042002820EAE076D0DB18F0020F03D15A
:10F410003146284616F0D9FE30460FB0BDE8F08FD1
:10F420004FF0000ADAE7DB07EBD4DDE90CB95BEA61
:10F43000090312D1C4B94346284608AA07A915F002
:10F4400032F8C31950EA030744D15BEA090918D01E
:10F45000019B002B38D13846D3E728460CA915F07C
:10F460000EF90028E6DACCE74346284609AA07A9A0
:10F4700015F019F8074450EA070305D15BEA0903C0
:10F4800002D16FF00A0091E7A268F30002EBC60216
:10F49000516801445160A26852F836100144079146
:10F4A0000899091A089109990029D1D101365645C0
:10F4B000D1D00833E660D018D25843680792099338
:10F4C00041600AB1002BCFD1DDE902230CA81CF06A
:10F4D000DFF98EE71F46BBE7092368E7802366E76D
:10F4E0000C000000F0B585B01C46DDE90A67134644
:10F4F00002B3B0F89E20C2F38112022A08D10A4654
:10F50000CDE9016700210094FFF79EFD05B0F0BD35
:10F51000012A07D10A4600210A9405B0BDE8F0404F
:10F52000FFF70EBF1CF0B4FF8622034B1A504FF0BA
:10F53000FF30EBE71046E9E70C000000F0B5B0F84B
:10F540009E4085B0C4F3811499B18E68D6B1002372
:10F550001D46D1F80CC00436AC4517D1022C1AD187
:10F560000C1D02940C68CDE900240022FFF76CFD0D
:10F5700006E016231CF08CFF0A4A13504FF0FF30B0
:10F5800005B0F0BD0C23F5E78623F3E756F8357098
:10F5900001353B44E0E7012CF6D100920022FFF751
:10F5A000CFFEEDE70C00000073B506291C460646A9
:10F5B0000D46069B5AD005DC00295CD0012921D0DC
:10F5C0006D236AE02929FBD1182A00F39E800F2AB7
:10F5D000F6DD103A082AF3D801A151F822F000BF55
:10F5E00029F701002FF7010041F70100C1F50100E3
:10F5F000C1F50100C1F50100C1F50100C1F501002F
:10F600001BF701000F2A2ED00DDC032A1DD0042A7F
:10F6100015D0022AD4D12246092102F017FB002876
:10F620001BDA434239E0262A1AD0272AC8D11B68A0
:10F63000042B31D1B0F89E30C3F3C20303E01B6842
:10F64000042B29D14368236007E0B0F89E20C2F361
:10F6500081121B68042B1FD12260002002B070BDF4
:10F66000B0F89C20F5E722460A21D6E7012AA7D167
:10F670006FF07A00F2E70E2A44D006DC012A50D05F
:10F68000022A9DD122461021C7E7202A0ED0212A26
:10F6900096D122460D21C0E716231CF0F9FE2A4A16
:10F6A00013504FF0FF30D9E76A23F6E7B0F89E20F9
:10F6B000C2F3C202012AF7D104221B68019294B15D
:10F6C000934210D10DEB020313216A4602F0BEFAF9
:10F6D00000280CDA43421CF0DBFE4FF0FF351A4ADB
:10F6E00013502846BAE71623F5E70223F3E70098FC
:10F6F00008B92060F5E715F065FC0028F5D04368EF
:10F700002360EEE72246142187E7432A09D0482ADE
:10F710007FF456AF224611217FE72246142130465E
:10F720007BE72246082178E722460F21F7E7B0F869
:10F730009E20C2F3C202022AB6D122461321EEE76E
:10F7400022460E21EBE700BF0C000000F7B50629AA
:10F750001C4606460F46089B75D005DC002977D06D
:10F76000012925D06D2347E02929FBD11A2A00F36E
:10F77000BC800F2AF6DDA2F110050A2DF2D801A2F5
:10F7800052F825F003F9010009F901000FF9010011
:10F7900065F7010015F9010015F9010065F7010091
:10F7A00065F70100FBF8010065F70100BFF70100F4
:10F7B0000F2A2DD005DC022A15D00D2AD2D1002027
:10F7C00020E0192ACED1B0F89E20C2F3C20101393F
:10F7D000012910D813B1BCB12178E1B922F400623B
:10F7E000A6F89E20EBE72246092102F05DF90028E9
:10F7F000E5DA434200E06A231CF04AFE494A13500E
:10F800004FF0FF3003B0F0BD1623F5E71323F3E705
:10F8100022460A21E9E7082BF6D1204601F0ACFA8E
:10F82000031E01DA5B42E7E700F0B6FA0028EDD0EC
:10F83000B6F89E3043F40063A6F89E3001F0DCF980
:10F8400086F8A000BBE7012A8CD16FF07A00D9E7D7
:10F85000212A44D008DC022A44D0202A10D0012AD0
:10F8600080D122460821C0E7A2F12305012D3FF6F1
:10F8700079AF1A46214603B0BDE8F040FFF700B962
:10F8800000911CB10C2B03D0082B16D016231EE0C0
:10F89000A06890B100F080FA0090009808B101F0E3
:10F8A000ABF904230190132130460DEB030202F063
:10F8B000FBF8002811DA434209E06368002BECD022
:10F8C0006946201D00F0D4FD0028E6D102231CF07B
:10F8D000DFFD4FF0FF37134A1350384692E72246B8
:10F8E0000D2182E7224610217FE7432AB9D0482A1A
:10F8F0007FF438AF2246112177E7224614213046A3
:10F9000073E722460F21FAE722461321F7E7224642
:10F910000E21F4E71A46214603B0BDE8F040FFF798
:10F9200083B800BF0C000000F0B5034614460D4636
:10F9300087B069B162B1B0F89E20D1050AD48023A6
:10F940001CF0A6FD224A13504FF0FF3007B0F0BD67
:10F950001623F5E7C2F38111012903D1C2F3410255
:10F96000022AECD19A8D012A12D1ADF80020DA8D4D
:10F970001B6BADF8022022686946082A28BF0822BE
:10F98000284601931CF041F9082300202360DDE79D
:10F99000022ADDD10021ADF80020DA8D0591ADF805
:10F9A000022001AF03F1300240333E461068516837
:10F9B000083203C69A423746F7D122686946182AA8
:10F9C00028BF182228461CF020F91823DDE700BFC5
:10F9D0000C000000F0B5038C0E46012B04461546C2
:10F9E0004FF0000189B014D1436ACDE9021163B32D
:10F9F000082301AA01930DEB030116F0F6FB031E89
:10FA000015DA5B421CF044FD144A13504FF0FF30EE
:10FA100019E0022B1BD1182702A83A461CF01CF94A
:10FA2000636A93B12046019701AA02A9E5E7019B09
:10FA30002A6830469A4228BF1A4602A91CF0E5F807
:10FA40000020019B2B6009B0F0BD1623DAE71CF003
:10FA50001FFD1622014B1A50D8E700BF0C00000012
:10FA6000014B1860704700BFA8ED002010B4034C94
:10FA700024682468A4465DF8044B6047A8ED002084
:10FA8000014B1B685B681847A8ED00200368044819
:10FA90001BBA1B0C1B041B1A58425841704700BF6D
:10FAA0000000FEA98388022B06D11023816900F192
:10FAB0000802064801F004BD012B05D1816900F15F
:10FAC000080210230248F5E7704700BF0A0060E013
:10FAD000060004E038B54FF0FF324FF0FF33054623
:10FAE0001D4815F050F81D4B1B687BB11A684FF08C
:10FAF000FF344FF47A705BB9631C1BD118481BF0BC
:10FB00004DFDBDE83840144815F046B81A46EEE7FA
:10FB1000D9691B8C491B00FB0313002B09DD9C4298
:10FB200028BF1C461AB1116813460A46E3E711467E
:10FB3000FAE700244FF4004540F2E73000214FF48B
:10FB40007A720023E4FB0501F9F798F802460B46A8
:10FB500003480FF0EFFFD4E7DCCE002024EF0020B5
:10FB6000A0DA00202DE9F04F87B01F4602900091E7
:10FB7000039215F00AF8029BD3F80480B8F1000F45
:10FB800000F083800024A246A1462546264608F1BF
:10FB9000040101942C2303FB04839A6A3C4822F05D
:10FBA0007F4222F47D0222F0FF0282423BD131F8F3
:10FBB000042C022A37D18B4648F2FE023BF8040996
:10FBC000059390422FD010220098049114F05EFF0C
:10FBD000039B3A78984228BF1846C0B282420499E3
:10FBE00021D8059B93F82A305B070BD53F2809D80D
:10FBF000009B1B78FF2B16D1009B5B7803F00F0353
:10FC0000032B10D12C2303FB0483109A93F82A3082
:10FC1000D507C3F3C0031FD4002B08BF81460D4690
:10FC200008BF5E4638702C31A4B1109B990718D5D7
:10FC300046B104362946304614F071FF10B93546F6
:10FC400087F800900298183014F0A6FF284607B0F5
:10FC5000BDE8F08F01249DE78A460D46387001907B
:10FC6000E1E7109BDA070CD5BAF1000FEAD029467C
:10FC7000504614F054FF0028E4D1019B55463B70D8
:10FC8000E0E7109BDB05DDD5D2E74546DAE700BFAC
:10FC9000000102002DE9F7430646884617469946BB
:10FCA00014F073FFB4680CB900251CE0A36A124A73
:10FCB0001A40124B9A42F7D12388012BF4D1251D0B
:10FCC0002846FFF7E3FE4845EED1E26A6368404606
:10FCD000134004220DEB0201019314F0D7FE3B7890
:10FCE0008342E1D8387006F1180014F055FF284619
:10FCF00003B0BDE8F08300BF00FF02000001020076
:10FD00002DE9F04714F013FF214E80464FF0FF32EB
:10FD10004FF0FF331F4814F036FF34682CB1002534
:10FD20004FF47A7AA94627683CB94046FFF7D2FEDD
:10FD3000BDE8F047174814F02FBFE369218CA3EB0F
:10FD400008030AFB0133002B224612DC2046FFF792
:10FD5000A9FE22689DB9736832609C4200D172602E
:10FD60002A4694F82230C4F8009069F3000384F81E
:10FD7000223057B13B683C4615461F46D4E72A60FF
:10FD800073689C4208BF7560EAE73B46F3E700BF33
:10FD900024EF0020DCCE0020002809DD4422431E91
:10FDA000044802FB0300044B984228BF0020704720
:10FDB000002070479CD00020E0D00020054B064A70
:10FDC000934205D0054A1068002808BF18467047BE
:10FDD000002070479CD00020E0D000202CEF0020B5
:10FDE00038B504460D4614F0D0FE0721204614F025
:10FDF0006AFE20B3636843B105B12B60002504F1AE
:10FE0000180014F0C9FE284638BD4FF0FF324FF0FD
:10FE1000FF330C4814F0B7FE0B4BD3F8002142B966
:10FE20006360C3F8004105B12B60064814F0B4FECE
:10FE3000E4E7044814F0B0FE6FF00205DFE76FF06E
:10FE40008505DCE7DCCE002010EE00202DE9F8432C
:10FE500006460F461D4DDFF878904D4501D300242E
:10FE60002EE0284614F091FE6C6805F1180824B9BC
:10FE7000404614F091FE4435EFE794F82A309A0793
:10FE800008D52388022B05D180223046211D14F08D
:10FE900024FEC0B994F856309B07E9D5A38D022BF8
:10FEA000E6D18022304604F1300114F016FE00281D
:10FEB000DED02C2307B13D6040461C4414F06CFE9C
:10FEC0002046BDE8F8830023F4E700BF9CD0002063
:10FED000E0D00020F8B5134E4FF0FF3204464FF04B
:10FEE000FF3330460D4614F04EFE01230E4F84F8CA
:10FEF000293018342146384614F06CFD384614F089
:10FF00005FFD14F014FE29460246204615F0DEF986
:10FF10000023002205480FF00DFE3046BDE8F840F2
:10FF200014F03ABEDCCE00201CEF002070DA002076
:10FF30002DE9F04F804687B00E4693469A4614F05E
:10FF400024FE404601A9FFF74BFF0028C0F2A18024
:10FF5000D8F8044094F82A309D0704D53046211D76
:10FF600014F0DDFDA8B994F85630980713D5304643
:10FF700004F1300114F0D3FD68B101232C2202FBFF
:10FF8000034408F1180014F007FE204607B0BDE84E
:10FF9000F08F0023F2E7019F97F82A309907C3F307
:10FFA000400504D597F856309A0772D401254FF0D2
:10FFB0002C0909FB05F907EB090494F82A300DF127
:10FFC000080C23F00A0343F0020384F82A300223CA
:10FFD00027F80930012362466361334684F828B06C
:10FFE00006F1100BE646186859680833AEE80300BE
:10FFF0005B45F446F6D104F1040C0DF1180E1346DE
:020000040002F8
:1000000003CB7345CCF80000CCF804101A460CF171
:10001000080CF4D12C2202FB057393F82A20BAF1C4
:10002000000F2AD06FF300025146204683F82A20A1
:10003000FFF750FF404614F01CFD030722D433683D
:100040003BB973682BB9B3681BB9F368B3F1807F10
:1000500018D00B21404614F036FD98B92C2301220C
:1000600003FB057383F8292009F10402102341469C
:1000700009483A4401F024FA83E742F0010283F888
:100080002A20D7E72C2303FB0575012385F82930A7
:10009000EAE7002475E700BF010060E02DE9F74FB3
:1000A0000546019114F071FD6F6877B34FF00008B9
:1000B0004FF0180A07F15C090AFB087393F86C60AB
:1000C00003F1680BF30717D54846019914F027FD93
:1000D000044688B16FF3000610234A4629460C48AF
:1000E0008BF8046001F0ECF905F1180014F054FDF0
:1000F000204603B0BDE8F08F08F10108B8F1030F06
:1001000009F11809D8D10024EEE73C46ECE700BF1E
:10011000040060E02DE9F74F80460D464FF0180BC4
:10012000204CDFF884A0544507D245B12B6833B189
:10013000A34204D044345445F8D3002428E0204698
:1001400014F023FD676804F1180927B9484614F034
:1001500023FD4434E7E7002607F15C010BFB06733F
:1001600093F86C30DB0717D531F8043C022B13D120
:1001700080224046019114F0B0FC019960B105B1B4
:100180002C60182404FB06744846583414F004FD0F
:10019000204603B0BDE8F08F0136032E01F11801AF
:1001A000DCD1D3E79CD00020E0D000202DE9F04145
:1001B00004460E4648F2FE081F4D204FBD4207D2AE
:1001C00046B1336833B1AB4204D04435BD42F8D3B5
:1001D000002419E0284614F0D8FC6B6805F11800DB
:1001E00033B393F82A20910711D593F92920A2421D
:1001F0000DD11A88022A0AD19A88424507D01C1DBF
:1002000006B1356014F0C8FC2046BDE8F08193F8D3
:10021000562092070CD593F95520A24208D19A8D09
:10022000022A05D11A8E424502D003F13004E7E7D5
:1002300014F0B2FC4435C1E79CD00020E0D000208F
:1002400000232DE9F04385B0044617460D468DF88E
:100250000F30002958D048F2FE030A889A4233D062
:100260000B78FF2B04D14B7803F00F03022B2BD01C
:100270002946204614F006FE60B190F82480FCB1B7
:1002800042462946204600970DF10F03FFF76AFC0E
:10029000044610E04FF08008F1E730464246294618
:1002A00000970DF10F03FFF75DFC002818BF04460F
:1002B00044364E45F1D3CCB1204605B0BDE8F083BD
:1002C000124EDFF84C90F4E724B10121204614F0DF
:1002D00091FDDDE7FFF772FD012114F08BFD04466F
:1002E0000028E9D1094D0A4EB54204D305B0BDE856
:1002F000F04300F0D1BF0121284614F07BFD0446F5
:100300000028D9D14435EFE70C46D5E79CD0002032
:10031000E0D0002038B504460D4614F036FC062126
:10032000204614F0D0FB10B3A36843B105B12B6095
:10033000002504F1180014F02FFC284638BD4FF0BA
:10034000FF324FF0FF330B4814F01DFC0A4B1A6DBF
:100350003AB9A3601C6505B12B60064814F01CFC7B
:10036000E6E7044814F018FC6FF00205E1E76FF0CF
:100370008505DEE7DCCE0020BCED002070B50D4623
:1003800068B1BDE8704014F0A7BC2946204614F0BF
:10039000A3FC18B94434B442F7D3002070BD014C1B
:1003A000014EF8E79CD00020E0D0002000232DE98A
:1003B000F34105460E468DF8073000294ED0084619
:1003C000FFF764FB034628BBFDB128460DF1070289
:1003D000FFF760FC04460CE03846002331460DF17F
:1003E0000702FFF757FC002818BF0446443747456B
:1003F000F2D3A4BB0121284614F0E1FD044670BBF2
:1004000002B0BDE8F04100F03FBF2C46164FDFF8C8
:100410005C80ECE7EDB10121284614F0CDFDD9E771
:100420002046012331460DF10702FFF733FC002877
:1004300018BF074644344445F2D3FFF7BFFC3146AA
:1004400001230DF10702FFF725FC044638B93C46AD
:10045000CFE72F46044CDFF81480ECE70C4620462B
:1004600002B0BDE8F08100BF9CD00020E0D00020A9
:10047000F8B506460D46114C114FBC4201D300247D
:100480001AE0204614F081FBA36804F118001BB9A0
:1004900014F082FB4434F0E793F82A209207F7D552
:1004A0001A88012AF4D1326859689142F0D105B115
:1004B0002C601C4614F070FB2046F8BD9CD0002038
:1004C000E0D000202DE9F7430546884617461E4632
:1004D00014F05BFB284601A9FFF71CFF002846DB50
:1004E000AC6894F82A309A0704D5D8F800206368DD
:1004F0009A420BD0022F019C03D194F82830042B90
:1005000003D094F82A309B0731D43CB905F1180088
:1005100014F042FB204603B0BDE8F0834FF0010920
:1005200094F82A30A4F8009043F0020384F82A30AB
:10053000D8F8003094F82A206360B6FA86F35B0995
:1005400063F3000284F82A20284684F82870C4F84F
:10055000149014F08EFA6FF07F43E362042329466F
:10056000044884F82990E21800F0AAFFCEE700249E
:10057000CCE700BF010004E0F8B506460D46154C77
:10058000154FBC4207D245B12B6833B1A34204D00A
:100590004434BC42F8D3002419E0204614F0F5FAA4
:1005A000A36804F118001BB914F0F6FA4434E8E724
:1005B00093F84420D207F7D51EB1596B32689142A7
:1005C000F2D105B12C6003F1300414F0E5FA2046B5
:1005D000F8BD00BF9CD00020E0D000200023F0B583
:1005E00087B0019301AB07460E46154614F0D6FAC4
:1005F0000446002851D000F11402D2E8AF3F002B8E
:100600004BD0581ED2E8EF1F994204D1C2E8EC0F3C
:10061000BCF1000FF6D1F0D1012B40DC94F82A3068
:10062000022E6FF3410384F82A303AD19DB3384645
:10063000019E14F0AAFA7B684BB394F82A30DB07CA
:1006400014D41F4D4FF0FF334FF0FF321D4814F00C
:100650009AFA284604F1180114F0BCF92B6813B972
:1006600019481AF09BFF174814F096FA012E04F16E
:10067000040406D1204602A914F0C7F93846FFF752
:100680000DFD102322463946104800F019FF07F1EE
:10069000180014F081FA002001E06FF0150007B097
:1006A000F0BD012EF7D1002DF5D0384614F06DFACB
:1006B000BB68002BEBD0042339460548E218E4E779
:1006C0001CEF0020DCCE002070DA0020020060E089
:1006D000020004E02DE9F0418EB014F028FA002366
:1006E0000746CDE902334FF0FF324FF0FF333F486A
:1006F00014F049FA3E4B1C68B4B125684FF0FF3640
:10070000DFF8EC80BCB13946204614F0FEFD68B934
:100710002146404614F05EF902A814F051F93DB3A9
:100720002B682C461D46EDE72546E7E7864228BFA5
:100730000646AC42F3D1731C10D04FF4004440F293
:10074000E73000214FF47A720023E6FB0401F8F74A
:1007500095FA02460B4627480FF0ECF9234814F0AF
:100760001BFA254F029C08AE24B90EB0BDE8F081FB
:100770002B46D6E7206A14F008FA94F82530206A50
:100780006FF3410384F8253001A9FFF729FB002806
:1007900029DB04F11002154694F824300199206AEF
:1007A00014F08EFC2A4604AD2B4602F1100EAC4626
:1007B000106851680832ACE8030072456546F6D10E
:1007C0000FCB86E80F0094F8243038468DF830308F
:1007D000002332460D93216A182300F071FE206A2F
:1007E000183014F0D9F92468BEE700BFDCCE002031
:1007F00014EF002040DA0020060060E073B50368C3
:100800000021044693F8205014F05DF900285FD1D0
:1008100002202368002B00F0F68083F82000236874
:1008200093F82030834240F0EE80062866D1062DF2
:1008300000F0E9800821204614F086F9002373486F
:100840001A46214600F03CFE204614F0F9F8002834
:1008500040F0D980204614F00CF9060700F1D3804F
:10086000204614F092F90721204614F02CF940B1EB
:100870000B21204614F027F918B9204601A9FFF7EB
:10088000AFFA04F11805284614F086F9204614F052
:10089000F0F8204614F079F90621204614F013F9F7
:1008A00018B1204601A9FFF735FD284614F074F968
:1008B0000721204614F007F918B10B21204614F047
:1008C00002F90621204602B0BDE8704014F0FBB8E2
:1008D000204614F0B0F81AF0BEFB68B1092120469A
:1008E00014F0F1F8002893D00A21204614F0EBF818
:1008F000C0F10600C0B28CE703208AE7062D40F065
:1009000082800821204614F02EF9002340481A4620
:10091000214600F0D5FD204614F092F8002872D14F
:10092000204614F0A6F805076DD407212046656817
:1009300014F0C9F820B30B21204614F0C4F8F8B91C
:10094000F5B195F82A3098070AD52B88022B07D1E4
:1009500095F82830012B03D12046291D14F094FB73
:1009600095F8563099070BD5AB8D022B08D195F829
:100970005430012B04D1204605F1300114F084FBE2
:10098000204614F002F90721204614F09CF8B8B173
:10099000204601A9FFF724FA002811DB00251826BC
:1009A00006FB05F30199CA1892F86C20D20704D50A
:1009B00058332046194414F00BFA0135032DEFD1BA
:1009C00004F11805284614F0E7F8204614F0DDF885
:1009D0000621204614F077F828B9284602B0BDE871
:1009E000704014F0D9B8204601A9FFF793FC002805
:1009F000F3DB019991F84430DB07EED52046303126
:100A000014F0E6F9E9E702B070BD00BF020001D0C2
:100A1000010001D02DE9F84F14F089F84FF0FF33B1
:100A200080464FF0FF322D4814F0ADF82C4B1C6877
:100A3000002C4ED054F8185905B1183D4FF0FF372F
:100A4000DFF89CA0DFF8A49001E02C461D4604F1DD
:100A5000180B4146584614F058FC064608BB594648
:100A6000504613F0B7FF58463246314614F02EFC7C
:100A70001C4848450DD24168A14204D001F12C0325
:100A80009C420CD101262C2303FB0611043114F0E7
:100A9000FBFA5DB1AB69002BD7D0183BD5E74430EA
:100AA000E7E7874228BF0746A542F2D17B1C10D05A
:100AB0004FF4004440F2E73000214FF47A720023F3
:100AC000E7FB0401F8F7DAF802460B4606480FF098
:100AD00031F8BDE8F84F014814F05EB8DCCE0020D4
:100AE0001CEF00209CD0002070DA0020E0D0002015
:100AF000F8B54FF0FF33054617460E484FF0FF326A
:100B00000E4614F040F80C4B1B680BB11C6823B95F
:100B10000848BDE8F84014F03FB83A463146284648
:100B20005B6898471CB1226823461446EFE72246CB
:100B3000FAE700BFDCCE0020B4ED00200023F0B5C2
:100B400085B004460D46CDE9003300294CD0294B31
:100B50001B68A3B1896A95F82C6081B1062E0ED866
:100B60000DF10A03184632468DF809601BF04DF866
:100B700095F82D3000908DF804608DF8053009212E
:100B800020466F6913F09FFF80B30D21204613F0BC
:100B90009AFF38B94FF0FF324FF0FF3304F12C00C9
:100BA00013F0F1FF204613F041FF29464368204629
:100BB00098470D210646204613F085FF18B904F129
:100BC0002C0013F0E9FF002E02DA284615F0AFFCE6
:100BD0001FB13146384613F040FF009B23B1324627
:100BE00069462046FFF784FF05B0F0BD6FF072063E
:100BF000EBE700BFB4ED0020074B984208D3074A4B
:100C0000904205D2C01A064B8010584301307047FD
:100C10004FF0FF30704700BF9CD00020E0D0002094
:100C2000F1F0F0F0F8B505460E46054C054FBC4214
:100C300000D3F8BD20463146A8474434F7E700BF4B
:100C40009CD00020E0D0002038B5054613F09DFF71
:100C50000021284613F037FF40BB284613F0E6FE7C
:100C6000044680B1846874B1284613F0E4FE1AF09B
:100C7000F2F9F0B1284613F0D9FE01218368284625
:100C80009847041E0CDB0021284613F05DFF00236B
:100C900009481A46294600F013FC2846FFF7AEFD26
:100CA00005F1180013F078FF204638BD6FF0770487
:100CB000F6E76FF00504F3E7040001D038B5054608
:100CC00013F063FF0021284613F0FDFEE8B128462B
:100CD00013F0ACFE044628B184681CB12846A04736
:100CE000041E0CDB0021284613F03DFF00230848BA
:100CF0001A46294600F0E4FB2846FFF77FFD05F180
:100D0000180013F049FF204638BD6FF07704F6E76E
:100D1000030001D02DE9F0410D460646F8B1F1B1CE
:100D20000846F7F7D7FF08281CD8114FDFF8448092
:100D3000441C474508D32246294606F10C001AF008
:100D400064FF0020BDE8F081B74206D02246294664
:100D500007F10C001AF08CFF38B14437E9E76FF067
:100D60001500EFE76FF05A00ECE76FF07700E9E766
:100D70009CD00020E0D0002070B50546B8B10D4CE5
:100D80000D4EB44202D36FF0010070BD2846F7F754
:100D9000A1FF2946024604F10C001AF0A3FF20B976
:100DA0002046BDE87040FFF727BF4434E9E76FF005
:100DB0001500EAE79CD00020E0D000202DE9F043A8
:100DC0004FF0FF324FF0FF333C4885B013F0DBFEAD
:100DD000002515F0D7FE3A4C3A4F3B4EDFF818810C
:100DE000BC4227D305B3394939481AF0CBFB3949FE
:100DF00039481AF0C7FB4FF4A07547F23053374C0F
:100E00002046C4F8F030A4F8FC5014F0C0F8344B7D
:100E1000C4F8F40033493448A3F84C501AF0B2FB3C
:100E20000022324BC3E90022244805B0BDE8F0435C
:100E300013F0B2BE00222046C4E90322227513F04B
:100E4000FAFDD0F80890B9F1000F1CD0D9F80030A5
:100E5000CBB12046062113F077FE0721204613F080
:100E600073FE04F118001AF007FA04F12C001AF0CE
:100E700003FAD9F800302046984794F8403023F020
:100E8000030384F84030237B83B9204614F00EFA24
:100E900078B1174A1368591C1160164A092101A834
:100EA0000FF034FD204601A9FFF734FF013544342B
:100EB00096E733685A1C32604246EFE7DCCE0020EA
:100EC0009CD00020E0D00020ACED0020150A0200EC
:100ED00070DA0020D506020040DA002010EE002073
:100EE000BCED002001FD0100A0DA002024EF00206D
:100EF000B0ED002090EF030097EF030038B5074CEA
:100F0000074DAC4200D338BD0321204613F0DBFD72
:100F100010B92046FFF798FE4434F2E79CD0002039
:100F2000E0D000202DE9F04F00248BB0022882464B
:100F30000D46CDE9084405925CD10B68069143B992
:100F40004A68002A4DD14FF6FF734C89E11A4C4292
:100F50004C4108A80246002305F1100705EB4301A8
:100F60000E88002E3FD00133082B02F10102F5D18B
:100F70004FF0FF384FF0010B002710F8013B5B45A5
:100F800088BFB84607F1010788BF9B46082FF4D1F8
:100F90003A23BBF1010F02934FF0000308BF4FF05B
:100FA000FF380493002105980026042F63D1049B89
:100FB0009A5D7ABB0346302203F8022B029A4270F4
:100FC00018460136B742F0DC059B984214D0BAF1BE
:100FD000010F4FF0000340F08A8000F8013C0598B3
:100FE0000BE01C46B5E7167802310136B94216709F
:100FF000B6D1B8E7012803D000200BB0BDE8F08FD0
:101000002E2304274FF0FF38834625460491029390
:101010000694C7E7039200224FF00909DFF8D4C015
:1010200001900792DDF80CE0BEFBFCF20CFB12E332
:10103000079A0393914501DBE64509D3BEFBFCFE0D
:10104000019B0EF1300E03F801EBCDF81C900193DB
:101050000A2209F1FF39B9F1FF3FBCFBF2FCE1D1F3
:101060004FF00002019B1A701B1A50FA83F0029B8A
:1010700000F8013BA5E76CB1052E0BDD05F10C0373
:1010800004933A2300F8013B2E2304274FF0010A72
:10109000029389E7B0450ED111B9B8F1000F02D122
:1010A0003A2300F8013B3A2300F8013B0BF1FF33F0
:1010B00000211E4485E711B13A2300F8013B069B4D
:1010C00033F816305BBA13F47F4FC3F307215FFA8E
:1010D00083F90AD00023612214F05DF90123494607
:1010E000612214F058F901216BE70B46F7E7037012
:1010F00075E700BF00CA9A3B01282DE9F7430C466B
:10110000164626D10846F7F7E5FD234620448342DC
:1011100012D135460023033645F8013920460A220C
:1011200001A90FF001FE019C05F8010FB54204F181
:101130000104F3D1002009E013F8012BA2F13001E2
:101140000929E4D92E2AE2D06FF0150003B0BDE8DA
:10115000F0830228F8D12E2120461AF099FD237839
:1011600000280CBF082706273A2B08BF0134204669
:10117000F7F7B0FD00224349824223DB0025A84651
:101180002378002BE0D03A2B41D0102200212046BA
:101190000FF0CAFD10228146002120460FF0C4FD49
:1011A000C9F3072949EA002926F815903A21204673
:1011B0001AF06EFDD8B1441C0135AF42E0DC062FB9
:1011C000B8D13EE0A35CA3F13005092D09D9462B27
:1011D00009D82D2BB8D92E3BDBB221FA03F3DB075C
:1011E000B2D50132C8E7613B052BFAD9ACE77B1ECB
:1011F000AB42A9DC0135AF42A6DC062F9AD1A3E7AA
:1012000006EB450306F8158083F801800135BD42E1
:10121000F6DB3A2120461AF0B2FDA04229D1062F72
:101220000ED06378002B85D07D1E013010F8013D73
:101230003A2B01D1013D87D38442F7D10134BBE77A
:10124000013400250B362378002B3FF47DAF0021BD
:101250000A2220460FF068FD2E2106F8010F2046D5
:101260001AF016FD50B10135042D00F10104EAD148
:1012700060E7062F08BF00F1FF30D5E7032D7FF4AC
:1012800063AF57E70110F80100487047A4D003008E
:1012900000487047A0D0030000487047A8D0030062
:1012A0002DE9F0474A4F4B4D8EB003AE002200238C
:1012B000314638460EF0B0F810B10EB0BDE8F087F8
:1012C0004FF0FF324FF0FF3343480EF007F9DFF8DD
:1012D0000C81DFF80C91C8450DD32C682CB14FF070
:1012E000000AD046D4F800902CBB3B4814F0A6FA74
:1012F0000EF09EFED9E70C98D8F8003080EA030281
:1013000080EA0301C2F30172C1F30A410A430FD11B
:1013100082B222B19AB212B103409BB243B1D8F863
:101320000830324600930D990B9BD8F80440A04733
:1013300008F10C08CFE70C9B226983EA020183EADB
:101340000200C1F30171C0F30A40014325D199B2F3
:1013500021B191B211B113409BB2F3B10B9B23B3F6
:10136000A6600B9B1201E360636828D5996911B1EF
:101370000D9A914211D10C9A22610D9A9A612268BC
:10138000BAF1000F13D16B682A609C4200D16A60E9
:101390006068C4F800800EF09BF9B9F1000F14D01A
:1013A000D9F800304C4699469EE7A360DAE7CAF8C0
:1013B00000206B689C4208BFC5F804A0E8E72046FF
:1013C000DDE90C129847A246E7E74B46EAE700BF83
:1013D00054CF00205CEF002004CF00208CC9030014
:1013E0008CC9030000210C4B1A6802B97047824275
:1013F0000FD1026839B959681A60884200D15A6021
:101400000023036070470A605A68904208BF596021
:10141000F6E711461268E8E75CEF002000231A4661
:10142000114910B51148124C0B60A0420BD303B107
:101430000A60104B1B685BB11A68002408684BB93E
:1014400004B1086010BD50F80C3B1A430123ECE7CF
:101450001A46F2E71B69184322B114681346224664
:101460000124ECE71446F9E764EF00208CC903007F
:101470008CC903005CEF002010B504464FF0FF322A
:101480004FF0FF330B480EF029F82046FFF7AAFF74
:10149000094B1A6822605A681C6002B95C60074AEE
:1014A0002369116803480B431360BDE8104014F032
:1014B000C5B900BF04CF00205CEF002064EF00201E
:1014C0002DE9F0411E46234B17461B68040F020C02
:1014D00024EA137422EA134204F00304C2F30A025A
:1014E00020EA030314439BB21C43054688462ED1D1
:1014F0004FF0FF324FF0FF3317480DF0EFFF174B5F
:101500002C22184621461AF0A7FB034647B13EB1EC
:10151000202E17D8324639461AF077FB034606626A
:10152000C3E909580D494FF4A47200230C480DF08B
:1015300017FF094814F082F9BDE8F04109490A484B
:101540001AF00AB80448BDE8F04114F077B9BDE8D4
:10155000F08100BF64EF002018CF002030EF0020A2
:1015600054CF002010CB0020D0DA00201FB5FFF7A9
:1015700055FF0023094C0393094B2046029319F0B1
:10158000FBFF02AB00934FF448724FF0FF3320464D
:1015900004490EF033FA04B010BD00BFD0DA0020C9
:1015A0009DEF0300C02701202DE9F74F06460F46A7
:1015B00099460C9D9DF834A09DF83840DFF80481D1
:1015C0000192B8F89E20D10708D43D4B08F1A40839
:1015D0009845F6D1002003B0BDE8F08F0EB1464526
:1015E000F3D0B8F89C10019B9942EED1B8F82210C4
:1015F0004945EAD113051AD42A88022A3BD1D8F8E2
:1016000024B0BBF1000FE0D0B8F82020022ADCD1D2
:10161000584614F01DF998B11CB198F89620002A8C
:10162000D3D1BAF1000F15D16FF01000D3E7002F1E
:10163000E2D098F9A00014F029F98742C5D1DBE780
:10164000291D084614F004F950B134BBBAF1000F5B
:10165000BBD1E9E7281D14F0FBF80028B5D0E3E77B
:10166000102258461AF004FB0028AED1002CDBD023
:1016700098F896201BE0012AA7D1D8F82420002A48
:10168000A3D0B8F8201001299FD1116851B16A6820
:10169000002ADAD0914298D1E8E798F89620002AFB
:1016A000D4D092E734B9BAF1000FBDD06A68002AED
:1016B0008BD1B9E798F89620002AF4D085E700BFCF
:1016C00058F3002080EF00202DE9F347294C0E4607
:1016D000174698460025A246B4F89E30DB0721D570
:1016E000636C98421ED1A4235D4305F10C0454445D
:1016F0004FF0FF334FF0FF32204614F0C5F8B069C9
:10170000FFF77AFA0AEB050989F8A000C6F81490E9
:10171000D9F84830CBB9204614F0DEF8022002B0E8
:10172000BDE8F0870135062D04F1A404D4D14FF0B3
:10173000FF324FF0FF330C2014F0A6F8B069FFF72A
:101740005BFA002383F8A030FFDE05F1540050441B
:101750000DF0BEFF2046002414F0BEF80A9B009452
:101760000193484643463A463146D9F84850A8477F
:101770002046D4E780EF002002282DE9F74F0546E8
:101780000F4692469B4606D868B96FF0690420461A
:1017900003B0BDE8F08FC51E012D8CBF6FF069044A
:1017A0006FF05F04F3E7012906D0062A00F0948069
:1017B000022904D0032905D06FF06A04E7E7112A53
:1017C00040F08A80BBF1000F00F089804FF0FF33BA
:1017D0004FF0FF3243480DF0AFFF434B4FF000098D
:1017E0001C46B3F89E1011F001010CD009F101095B
:1017F000B9F1060F03F1A403F3D16FF001043948E6
:101800000DF066FFC3E7A42202FB09F604EB06080D
:10181000404601911AF020FAFEF7D0FAFF2301208A
:10182000019988F8A030314BA8F89E103344D3E8D2
:10183000EFCFC3E8EE0FBEF1000FF8D1A4227B1E5C
:10184000022B98BFB90102FB0947EB00B7F89E20B5
:10185000DBB2134319434FF4807306F12C001822B6
:10186000A7F89E1020440021A7F89CA0A7F8983064
:101870001AF0F2F9002306F1200204EB020AA35049
:1018800051464046CAE9013314F002F8AAF80200B2
:1018900010B96FF06F04B2E7402387F8A13001233D
:1018A00087F8A23006F154004FF0FF3201212044A6
:1018B00019F0BDFD06F10C00204419F0DDFCA42355
:1018C00003FB0944B4F89E3043F00103A4F89E30B2
:1018D0000024CBF8008092E76FF07A0457E76FF0AE
:1018E000150454E768EF002080EF002088EF002007
:1018F00070B50446D8B10F4B984218D303F57673F0
:10190000984214D2002500F10C064FF0FF324FF040
:10191000FF33304613F0B8FF2046C4E91255256561
:1019200013F0EBFF304613F0D7FF284670BD6FF081
:101930001500FBE780EF00202DE9F04F1F46B0F8BF
:101940009E3091B0DB07044689469046DDF868A0DA
:1019500040F1A58000F10C064FF0FF334FF0FF324D
:10196000304613F091FFB4F89C30112B40F0948076
:10197000162200210DF12A001AF06EF9B4F89E30FB
:10198000656CC3F3C202ADF82820A5B3E28D13F451
:10199000807352BA92B2C4F84890284600924149E6
:1019A000524618BF04F12C0300F0DEFC8346BBF165
:1019B000000F19DB58EA070316D0543420460DF007
:1019C000E1FE304613F088FF42463B4620460DF0CC
:1019D000B3FE4FF0FF320B304FF0FF33304608BFFD
:1019E0006FF0730B13F050FF304613F075FF58463D
:1019F00011B0BDE8F08F204614F07BF88346002834
:101A0000D5D1B4F89E30C3F3C203022B38D1636A38
:101A10009BB10DF1180C624603F1100BE6461868F5
:101A200059680833AEE803005B45F446F6D10FCAA7
:101A30000DF12C0C8CE80F000AAB628CADF82A205B
:101A4000B4F89EC0B4F89C001CF4807FCCF3C201B3
:101A500004F1440CC4F84890CDE904ACDFF844C06C
:101A600052BACDE9024C92B20192E28D18BF04F154
:101A70002C0552BA92B200922A4600F0FDFA95E780
:101A8000012B06D1636A13B11B680B930AAB628CFE
:101A9000D6E72B462A46D3E76FF06A0BA4E76FF030
:101AA000080BA4E7C91602002DE9F0418846154647
:101AB0001E460446002800F0C380634B9842C0F0E5
:101AC000BF8003F57673984280F0BA8000F10C076E
:101AD0004FF0FF324FF0FF33384613F0D5FE08F1D8
:101AE000FF31142912D8DFE801F09F9F9F9F9F9F2D
:101AF0009F0B35409F9F171B13134B9F73569F00DF
:101B00001DB3012E21D82B7884F89430002483E073
:101B10002B6884F8A130F9E72B6884F8A230F5E748
:101B2000042E286811D1421C0DD194F9A00013F0A5
:101B30009FFE68B194F9A00013F09AFE13F0DEF94D
:101B400084F8A200E2E7FF28FAD96FF0150463E0F9
:101B50000120F5E7002DF8D0042EF6D12B68003BCC
:101B600018BF012384F89530D0E7002DEDD0042E66
:101B7000EBD12B68003B18BF012384F89630C5E7F2
:101B8000002DE2D0042EE0D12B68B3F5803FDCD2EB
:101B9000A4F89830BAE7B4F89E30C3F3C202012A21
:101BA00045D0022AB2D1042ECFD11B052D680AD50B
:101BB00094F9A00013F06AFE0028A7D00368002B58
:101BC000A4D01D83A2E704F1300013F0C7F9F3E7B6
:101BD000B4F89E302D68C3F3C20808F1FF32012A21
:101BE00028D8042EB1D1C3F38113022BADD115B97E
:101BF00084F89A508AE76B1EFE2BA6D8284613F06D
:101C000037FED0B1B8F1020F0CD1072113F032FE2C
:101C10000028EDD16FF06A04384613F05DFE2046CF
:101C2000BDE8F0810621F1E76FF08504F4E76FF07D
:101C30005E04F1E76FF06904EEE76FF00104EBE793
:101C40006FF01504EBE700BF80EF00202DE9F041B5
:101C50000D4617461E460446002800F0A080514B52
:101C60009842C0F09C8003F57673984280F097808C
:101C700000F10C084FF0FF324FF0FF33404613F0F5
:101C800003FE691E142913D8DFE801F083838383E0
:101C90008383830B1E2783831B1B14142A835531D4
:101CA000830094F89430FFB13B700EB10123336090
:101CB000002466E094F8A1303B60002EF8D00423A5
:101CC000F5E794F8A230F7E794F8953067B116B1CC
:101CD0003268042A08D13B60EAE794F89630F5E7C9
:101CE000B4F89830002FE7D16FF0150449E0B4F84C
:101CF0009E3013F4006509D094F9A00013F0C6FDDE
:101D000010B1006800B1008B3860D6E7C3F3C2039E
:101D1000022B09D104F1300013F020F910B103684F
:101D200003B11D8B2846EFE7012B35D104F13000BC
:101D300013F065F9F2E7B4F89E30C3F3C2056A1EEA
:101D4000012A29D894F89A000028DDD11B0513D563
:101D500094F9A00013F09AFD022D034617D1072134
:101D6000184613F087FD50B11846FEF745FF0028CE
:101D7000CADC6FF0010404E0FEF720F8ECE76FF036
:101D80006A04404613F0A8FD2046BDE8F081062114
:101D9000E6E76FF08504F4E76FF06904F1E76FF0B0
:101DA0001504F1E780EF00204FF0FF3201210148D8
:101DB00019F03DBB68EF002073B5054616461C467A
:101DC00019F010FC08B10026344601A9324623461A
:101DD00028460DF097FA0146A8B9019C40222046FA
:101DE00019F03AFFFF22012384F83B20074A2046DE
:101DF0009542E361656008BF84F83D3014F002FC51
:101E0000204602B070BD0024FAE700BFF8CD0020E4
:101E10002DE9F34DDDE90AAB0446154698460F4619
:101E200029B923B990F8333013F0700F43D019F06B
:101E3000D9FB18B14FF0000A4FF0000B204614F008
:101E400096FB94F833200646002838D112F0700F24
:101E5000C2F3021035D0414614F065FAA36939186F
:101E6000C2F3021213B11B6803B11B8B022A2AD1E1
:101E7000B3F5A06F38BF4FF4A0639B1B994228BFF6
:101E800019466668164B174F17482A46BE4208BFC8
:101E90001846CDE900AB14F058FA0146E8B12046E7
:101EA00014F0B6FB3DB1A06829460C3012F0FEF9E3
:101EB000204614F0A7FB002002B0BDE8F08D002002
:101EC000CCE73046CAE7012A05D1B3F5107F38BF09
:101ED0004FF41073D1E70B46CFE76FF00B00EBE741
:101EE00070D00020F8CD002044D0002030B585B05F
:101EF0000093DDE908451346CDE902450A4601464F
:101F0000024814F0CEFB05B030BD00BFF8CD002074
:101F100010B588B00F4C204619F039FA4FF0FF3257
:101F20004FF0FF33CDE9062300230B49CDE903230E
:101F3000CDE901334FF4BC62084B009404F1180062
:101F40000DF088FE20B108B0BDE810400EF0F4B8E6
:101F500008B010BDB8DB0020E02A0120656B03004B
:101F600002460B4601480DF0B9BA00BFF0CE002082
:101F700001480DF02BBB00BFF0CE00202DE9F3414E
:101F80006FF00105074688464FF0FF304FF0FF31F4
:101F90001646FFF7E5FF114B1C682CB9FFF7E8FF69
:101FA000284602B0BDE8F081227C33789A4213D1F2
:101FB000637C72789A4200D073B9A36813B1BA698E
:101FC000934209D1E3684246009365683346394637
:101FD0002046A847051EE1DB2468DEE758F3002011
:101FE000F8B50F4616461D460446C0B1BBB11422D3
:101FF000002119F031FE4FF0FF304FF0FF316560E6
:1020000027746674FFF7ACFF064B1A6822605A68A3
:102010001C6002B95C60FFF7ABFF0020F8BD6FF0F9
:102020001500FBE758F3002002460B4601480DF06F
:1020300055BA00BF50CE002001480DF0C7BA00BF0E
:1020400050CE002010B504464822002119F004FEAD
:102050004FF0FF304FF0FF31FFF7E6FF054B1A68F6
:1020600022605A681C6002B95C60BDE81040FFF74E
:10207000E3BF00BF68F300202DE9F04F87B01D4695
:10208000BDF84030129F0193BDF8443083468A4624
:102090001646029377B397F9A000FDF77DFE8146BF
:1020A000384613F01BFC00904FF0FF304FF0FF312B
:1020B000FFF7BAFF8C4B1C68002C00F09A80D4F814
:1020C0000080029B5BBAADF80E309BB20493A4B9BA
:1020D000FFF7B2FF4FF0FF304FF0FF31FFF7A4FFE3
:1020E000824B1C68002C40F08880FFF7A5FF6FF042
:1020F000010554E0B9460097D6E7B4F840305B4597
:1021000019D194F84230534515D194F8433003F077
:102110000402002D47D072B12A88022A13D1A28B63
:10212000022A08D1102204F12001281D059319F07C
:102130009FFD059B80B1B8F1000F5CD0D8F800304E
:1021400044469846C3E7012AF5D1A28B012AF2D171
:102150006968226A9142EED1E28B04998A42EAD1FF
:1021600003F0020366B3002BE5D03388022B1DD1A8
:10217000A388022BDFD1102204F10801301D19F0D1
:1021800077FD0028D7D1019BE2885BBA9BB29A42C7
:10219000D1D1A36BFBB9FFF74FFF6FF06F05284656
:1021A00007B0BDE8F08F002AD6D0C4E7012BC2D11A
:1021B000A388012BBFD17268A3689A42E3D0BAE723
:1021C000002BB8D1009B002BDDD0A06B0028DAD00B
:1021D00013F084FBD5E7B9F1000FDCD0B3F89E20F3
:1021E0001205D8D593F9A000FDF7D6FD8145A2D1FF
:1021F000D1E7A04665E74346A2E7596822688C42CA
:1022000008BF5A601A6000232360FFF715FF6DB303
:102210002B88022B1ED12B4604F11C0205F118015C
:1022200053F8040B8B4242F8040BF9D1281D14F02B
:10223000C0FC80F001039B01DBB243F00403B6B1A4
:1022400031882A88914212D02046FFF7FBFE6FF0BA
:102250001505A4E7012BF7D12B68E3616B682362B6
:102260006B68003B18BF01239B01E6E72B46029AEF
:1022700022B1BDF80E2043F01003E283139A3146D9
:102280006263149A2046E26384F84330019AA4F80A
:1022900040B084F842A0A76314F09BFC05460028D8
:1022A000D2D1159B03B11C6094F843304FF0FF303E
:1022B00043F0010384F843304FF0FF31FFF7B4FEE1
:1022C000094B1A6822605A681C6002B95C60FFF70B
:1022D000B3FE384613F005FB94F8443060F3000376
:1022E00084F844305BE700BF60F3002068F300200F
:1022F0001B4B10B5984204462CD303F5107398423B
:1023000028D890F84330DB0727D54FF0FF314FF046
:10231000FF30FFF789FE0021124B1A6852B1944238
:1023200015D1226869B959681A608C4200D15A6087
:1023300000232360FFF780FE2046FFF783FE002086
:1023400010BD0A605A68944208BF5960F0E7114610
:102350001268E3E76FF01500F2E76FF00100EFE7B6
:1023600070F3002060F30020F0B40E4D0F46A84239
:1023700016461946BDF810200CD305F51075A84275
:1023800008D890F84330DB0708D54763C663F0BC34
:1023900014F01FBC6FF01500F0BC70476FF0010027
:1023A000FAE700BF70F300202DE9F04F89B0CDE9C6
:1023B000052390F833300546C3F302130393013B22
:1023C000012B0E46876900F2D0801346112A15BFF3
:1023D0004FF00009069BCA461B68D1F800B004BF45
:1023E000B3F800A0B3F80290039B012B53D10BF17B
:1023F0000C0400212046FEF73BF88046002840F000
:10240000F880FEF745FFDBF80C2003689A4200F0E5
:10241000F08021464046FDF7B1FF3368DA681B695A
:102420009A4200F0E68038B1D14500F09E80039BCF
:102430003468012B40F0E38031680B6903F0F0034E
:10244000E02B3ED038461031FDF798FF4FF00008E2
:1024500004904FF0FF304FF0FF31FFF7E5FD6D4B7B
:102460004FF0000B1C684FF0FF33CDF808B0079316
:1024700064BB029B002B40F08B80FFF7DDFDB8F1C1
:10248000000F00F0A080BBF1000F6ED0284614F0C2
:102490004EF800206AE000210BF10800FDF7D6FCA1
:1024A00034688046102204F1180104F1080019F084
:1024B000DFFB002800F0A180B8F1000F00F09F8042
:1024C000B2E700234FF001080493C2E7A36B8BBB74
:1024D00094F84230002B3AD1B4F84030059A934238
:1024E00033D1E3880BB153452FD1E38B0BB14B456F
:1024F0002BD194F84370B90706D5012331462846FD
:10250000221D14F0A5FB00B37A0707D5002331463E
:10251000284604F11C0214F09BFBB0B1079B07F0A6
:102520007807BB4211DAB8F1000F14D13BB2079320
:1025300002940AE0B3F89E201005C9D5AF6993F95B
:10254000A000FDF729FC8742C2D0246890E7039AD7
:102550009342C1D0F9E740F6CD420023284614F05B
:10256000A0FA834628B9FFF767FD022009B0BDE84D
:10257000F08FE36B0146009332462046069B676B63
:10258000B847022802D1584613F0D1FFC346DCE712
:10259000029B5C6BDF6BFFF74FFDB8F1000F10D0B3
:1025A000BBF1000F7FF472AF002CDED0069B3246E9
:1025B000294602980097A047831E58425841400080
:1025C000D4E7002CF2D1049B002BCED195F8333008
:1025D000C3F30213022B06D1042201212846049BD7
:1025E000F6F70AFEC1E703222846114614F02DFC37
:1025F000BBE7D1457FF420AFB7E7D145B5D0002385
:1026000094F818800493A8F1FF04D4F1000848EB73
:1026100004081EE760F3002000230B4A10B5C2E94E
:1026200000330A4A1846114614460133082B086045
:1026300002F1480202D008461146F6E7044B054A6B
:10264000C3E9002410BD00BF60F3002070F3002038
:1026500068F3002068F5002000220821014B0248A1
:10266000FFF7BEBC056D0300B0F5002000228021FD
:10267000014B0248FFF7B4BC49730300C4F50020C6
:102680002DE9F04F282300268DB0CDE9066308AB75
:102690000A930823044688460B938369039383684F
:1026A0004BB9204606A914F03AFA054638B902207B
:1026B0000DB0BDE8F08F1A8A5B681644F0E7878892
:1026C0007FBABFB22837BE42F1DB03DD3946204670
:1026D00014F061F9AB6833B9EB6823B92B6913B90E
:1026E0006B69002BE3D02B7AFF2BE0D005F11806A5
:1026F0000021304614F0D2FE0028D8D1B8F1000FE6
:102700007AD02B786A781B0143EA1213DAB2C3F34A
:10271000850343EA821384F83C30AB79022284F8C3
:102720003B300023E386282384F83230A368DB683B
:10273000DB7984F8353094F8333062F3061384F88B
:1027400033302B7EFF2B00F08E803146039812F041
:102750000FFB0028ABD02B7EFF2B00F0848020469F
:10276000079913F0D6FF95F80690B9F12C0F00F0F9
:10277000A18000F29780B9F1000F00F09D80A9F1CF
:102780002B08D8F1000646EB0806B6004FF0060805
:102790004FF0000AB9F13A0FA4F8388000F0208118
:1027A000B9F1110F00F01C81B9F1060F00F018818A
:1027B000B9F13B0F3FF47BAF204614F0FCF8012247
:1027C00080460DF10B01204614F076F800287FF4C6
:1027D0006EAF9DF80B302C2B00F0CC806ED82BB157
:1027E0002B2B03D0112B6FD0062B6DD0204614F06D
:1027F000E2F80122431EEEE0304614F03EFE0028CF
:102800007FF455AF05F10808404614F036FE002865
:102810007FF44DAF0121304614F040FE00287FF4D4
:1028200046AFFEF739FD0146304614F043FE68B16D
:102830000521304614F032FE00287FF438AF08211D
:10284000304614F02BFE00287FF431AF00214046C3
:10285000FDF7FCFA00283FF454AF90F92930002B23
:102860003FF44FAF23E70121304614F017FE002854
:102870007FF475AF0221304614F010FE30B13046BF
:10288000664914F017FE00287FF469AF304603A9AB
:10289000FDF740FC00283FF40AAF037D98073FF5A1
:1028A0005EAF04E7A9F13C0CDCF1000646EB0C0638
:1028B00076006BE7082669E7012667E73C2B5FD1C6
:1028C000B10751D446F00206B9F1000F02D0B9F1B8
:1028D0003C0F8BD100230122204605A91FFA87FB5C
:1028E0008DF8143013F0E8FF00287FF4E0AE9DF877
:1028F00014300133BBEBC30F4FEAC309FFF4D7AE6B
:102900004FF0020BA9F103030193204614F053F892
:102910000122009004A9204613F0CEFF00287FF486
:10292000C6AE9DF810208ABB9DF81020B2B3012AD4
:102930009DF8141037D0019B8B427FF7B8AE02F0A0
:10294000C002802A45D0C02A3FD0002A7FF4AFAE13
:10295000204613F0DEFE00287FF4A9AE9DF8142077
:1029600002320BEB02031BE072063FF53FAF46F06D
:102970004006A9E733073FF539AF46F00806A3E75D
:10298000A3F13B02012A9FD93A2B2EE701222046D0
:1029900005A913F091FF0028C6D088E60BF10103CA
:1029A0001FFA83FB07E08A1C0BEB020320461FFA89
:1029B00083FB13F0AEFED945A7D8D1441FFA89FA9C
:1029C0005FFA88F89DF80B90E4E62B7EFF2B3FF42E
:1029D0006EAE0222009B04212046F6F70DFC66E64F
:1029E000B9F1110FA4F836A008D0B9F13A0F7FF46D
:1029F0005EAE2946204614F016FD59E620460AA987
:102A000000F056F8049000283FF451AE4A462046A4
:102A100004AB05A90595FFF7C7FC49E6D8D003002C
:102A20000823F0B585B0039390F833301E4A1F4F4A
:102A3000C3F302130E4602A90446022B08BF174631
:102A4000CDF808D014F06BF8054648B30023A2680F
:102A500012BBE18E94F832200A449B1A5BBAAB8019
:102A60003946A06912F0E6FB00B97EB1112120467B
:102A700012F086FD4FF6FF73002818BF0346EB8067
:102A800094F8343043F0080384F83430204602A927
:102A900014F063F805B0F0BD118A52680B44D7E713
:102AA0006FF06800F6E700BF00044000010040003E
:102AB000F8B590F833301E4A1E4EC3F30213044695
:102AC0000F46022B08BF164614F029F8054610B928
:102AD00000252846F8BD3946204614F03EF8034646
:102AE0000028F5D1AA88A16852BA92B2A9B994F87F
:102AF0003210E08E01445B1A9A42E9D13146A06956
:102B000012F09AFB0028E4D0EB8853B994F83330E4
:102B1000C3F30213012BDCD0DAE7088A49680344C7
:102B2000E4E71121204612F02BFD0028D1D0CFE799
:102B300000044000010040002DE9F0470B6890F8C8
:102B400084503C4A03F1050806463B4B90F882004E
:102B5000C1F80080032814BF104618460C4614F034
:102B600066FEC5F34005034638B9D4E900729742C2
:102B700096F8821004D16FF00B031846BDE8F08779
:102B80003A4602F8011B616822608A42F3D0BB1CFE
:102B9000787023602146B6F8800014F039FE0346B1
:102BA0000028EAD106F1500014F041FE0346002847
:102BB000E3D1706E6D00E8B1214696F884A090F8DC
:102BC000089014F034FE0AF0010A03460028D4D11C
:102BD000B36E214653B3184614F029FE034600286D
:102BE000CBD145F004054FEAC90345EA4A1503F085
:102BF00018031D43F06D38B1214614F018FE03464A
:102C00000028BAD145F08005306E38B1214614F065
:102C10000EFE03460028B0D145F040057D702246E7
:102C20004146BDE8F047102014F01CBE14F0F0FD42
:102C3000D4E700BFE8D00300F0D00300D2E90031B0
:102C4000C91A012983BF0549002009886FF00B00CC
:102C500084BF23F8021B5360704700BFA6EF030038
:102C6000D0E90032D21A012A81BF054A128823F81E
:102C7000022B43608CBF00206FF00B00704700BF39
:102C8000A8EF030038B5856D044628880622012187
:102C9000FBF7CAFC0028A06205DA19F0F9FB0A4B21
:102CA0001858404238BD2B88A16D012B0CBF08225B
:102CB0001822FBF7EBFC002803DAA06A11F07BFB7B
:102CC000EBE70020EEE700BF0C0000002DE9F34128
:102CD000002406460F461546A046AC4201D300200C
:102CE0000EE0B06A0023CDE900882A1B3919FBF7F2
:102CF000F9FC031E07DA19F0CBFB044B18584042CD
:102D000002B0BDE8F0811C44E7E700BF0C00000002
:102D10002DE9F041002507462B460C46C9688B4239
:102D200011D10026B046AE4217D2B86A0022214621
:102D3000FBF70EFD031E0DDA19F0AAFB144B185811
:102D40004042BDE8F081A26802EBC3025268013341
:102D50001544E4E71E44B54217D80020F1E71B1ADA
:102D6000C1F804800132E1689142DCD9A16801EB2D
:102D7000C20148689842F2D9C01A4860A06850F869
:102D80003210194440F83210CDE70022EBE700BFC3
:102D90000C00000013B5806A002483F00103CDE924
:102DA00000449B01FBF700FD002804DA19F070FBDA
:102DB000024B1858404202B010BD00BF0C0000008A
:102DC00008B5806A11F0F7FA002805DA19F060FBFF
:102DD000024B1858404208BD0020FCE70C000000E0
:102DE000142290F824305343014AD358184700BFA7
:102DF000F8D0030030B4142590F82440024B05FBB2
:102E0000043330BC5B681847F8D0030010B41424B6
:102E100090F82420034B04FB02335DF8044B9B68BD
:102E2000184700BFF8D0030070B4142690F824505F
:102E3000034C06FB0544E468A44670BC604700BF31
:102E4000F8D00300142190F82420024B01FB023338
:102E50001B691847F8D00300F7B590F84C30856D22
:102E6000002B04463F49288808BF01214FF4817296
:102E7000FBF7DAFB0028A06206DA19F009FB3A4BEF
:102E80001858404203B0F0BD0423052200934FF4CC
:102E90008D7104F12C03FBF7BDFC002803DAA06A56
:102EA00011F089FAE9E7636BA06A002B31D1E36B7B
:102EB000A06A002B3AD1666CA76A002E43D1236C1E
:102EC000A06A012B0AD104230C2200934FF48D71C8
:102ED00004F14003FBF79EFC0028E0DBA36CA06A32
:102EE00053B104230A2200934FF48D7104F1480377
:102EF000FBF790FC0028D2DB2B88A06A012B0CBFCB
:102F000008221822A16DFBF7C1FB0028C7DB0020B7
:102F1000B8E7226B002ACAD0920000924FF48D715C
:102F20000322FBF777FC0028C1DAB8E7A26B002A7E
:102F3000C1D0920000924FF48D710122FBF76AFC20
:102F40000028B8DAABE73046F5F7C4FE0130009050
:102F5000334602224FF48D713846FBF75BFC0028A4
:102F6000ADDA9CE7010000400C0000002DE9F341C0
:102F7000002406460F461546A046AC4201D3002069
:102F80000EE0B06A0023CDE900882A1B3919FBF74F
:102F9000A9FB031E07DA19F07BFA044B18584042CC
:102FA00002B0BDE8F0811C44E7E700BF0C00000060
:102FB0002DE9F041002507462B460C46C9688B4297
:102FC00011D10026B046AE4217D2B86A002221467F
:102FD000FBF7BEFB031E0DDA19F05AFA144B185812
:102FE0004042BDE8F081A26802EBC302526801339F
:102FF0001544E4E71E44B54217D80020F1E71B1A38
:10300000C1F804800132E1689142DCD9A16801EB8A
:10301000C20148689842F2D9C01A4860A06850F8C6
:103020003210194440F83210CDE70022EBE700BF20
:103030000C00000013B5806A002483F00103CDE981
:1030400000449B01FBF7B0FB002804DA19F020FADA
:10305000024B1858404202B010BD00BF0C000000E7
:1030600008B5806A11F0A7F9002805DA19F010FAFE
:10307000024B1858404208BD0020FCE70C0000003D
:10308000A1F10A03DBB2162B10B507D87A4A22FA4F
:1030900003F3DB0740F1D780012018E0A0F114030F
:1030A0000B2BF9D8DFE803F006141E233131286812
:1030B00083839EB82F2900F0BC802A2900F0B980B4
:1030C00041F02001613919298CBF0120152010BD64
:1030D00041F02003613B192BF9D93A2914BF012093
:1030E0001620F4E72F2914BF01201720EFE72F291E
:1030F00014BF01201820EAE74029CDD02F2900F085
:1031000098803F2909D11C20E1E72F2900F0918008
:103110003F29F8D0402900F08E8041F02003613B28
:10312000192B40F28A805F2911D85A2905D82139F4
:10313000C9B21C29B0D8514B02E015235B39C9B282
:10314000CB4013F0010F14BF19200120BFE77E29E7
:1031500008BF192018BF0120B9E7494ACB08D25C43
:10316000012301F00704A3401A42B0D1232968D0FB
:103170003F2908BF1C20EDE7414ACB08D25C012360
:1031800001F00704A3401A42A1D111F0800FECE72F
:103190003B4ACB08D25C012301F0070083401A426E
:1031A0004DD123294DD03F2908BF1D20D2E7344AF5
:1031B000CB08D25C012301F0070083401A423ED1C4
:1031C00011F0800FECE72E4ACB08D25C012301F00E
:1031D000070083401A421DD1232932D03F2908BF5E
:1031E0001F20B7E7264ACB08D25C012301F0070075
:1031F00083401A420ED111F0800FECE7204ACB0831
:10320000D25C012301F00704A3401A427FF45FAFB0
:103210002329E3D11F205AE7194ACB08D25C0123A6
:1032200001F00704A3401A427FF451AF11F0800F60
:10323000ECE71B204BE71A2049E7192047E71D2040
:1032400045E71E2043E7A0F11803072B3FF624AF04
:1032500001A252F823F000BF1B3102001B31020013
:103260001B3102005B3102009131020091310200FA
:10327000C7310200FD31020009004000F9BFFF170D
:10328000B1EF03002DE9F84F06460025171E1C4636
:1032900014BF18201420B0464FF0070B1D805D802E
:1032A00006EB010AD045C14608D3228802F002038A
:1032B000D20749D5002B4AD1012055E199F80010D9
:1032C000FFF7DEFEA0F11503012208F101080A2B29
:1032D000F2D801A151F823F025330200A5320200F3
:1032E000A5320200A53202000733020005330200B6
:1032F00019330200A53202001D330200A53202007C
:1033000021330200012501239B450DD104EB8B01E4
:10331000CB880133CB80C5E70323F5E70423F3E72C
:103320000523F1E70023EFE704EB8301A9EB06098E
:10333000A1F80490CA80B4F800C002FA03F141EA8F
:103340000C019B462180ADE7002B00F0E9804FF097
:10335000000C23896189F2181944A4F80AC0314489
:103360008DB1914240F2F3804FF00208F35C984D2A
:10337000501C402B28D18842024680F0E48003464E
:1033800013F8010B04E08A4280F0DD80F05C531CEE
:103390005B284AD18B4280F0DE801A4612F8010B7E
:1033A000A0F130050A2D05D940F02005613D052D1D
:1033B00000F209819B1B238160898A4200F1010090
:1033C00060816DD3052349E043F0200EAEF1610E1C
:1033D000BEF1190F0BD93D2B21D8202B7FF66CAFF6
:1033E000213BDBB225FA03F3DB077FF565AFB8F1CC
:1033F000030F07D02388921B43F04003A283A4F855
:103400001EC02380E38B884203F101030246E3835D
:1034100080F09F804FF0030810F8013BA9E75F2B75
:10342000E5D07E2B7FF448AFE1E740F02005613D19
:10343000192D0AD9A0F13005092D06D9A0F12D05C5
:10344000012D02D95F287FF437AF921B2281628958
:103450008B4202F1010262812CD3042340F2AF328D
:1034600022FA03F3DA073FF527AF59E0A5F1300C54
:10347000BCF10A0F06D945F0200CACF1610CBCF18F
:10348000050F73D81A4697E75F2D00F08D807E2DCB
:103490007FF412AF88E04FF00C0C12F8010B25E01E
:1034A000134613F8015B5D2DE0D18B424DD21878A5
:1034B000931C10E013F8010B40F02002613A192A26
:1034C000C5D9A0F13002092AC1D9A0F12D02012AE3
:1034D000BDD95F28BBD03A287FF4EEAE8B423CD2F8
:1034E0001A464FF00B0C002512F8010B3038092852
:1034F0003FF6E2AEBCF10C0F06D09B1BA3812388E4
:10350000E58143F004032380E3898A4203F1010348
:10351000E3811346BFD30C23023BDBB2092B9DD9B9
:103520002388F7B1062B7FF4C7AEA0890A220021B9
:1035300030440DF0FFFCB0F5803FBFF4BDAE6080BD
:1035400011E008238AE7022388E7062386E702239F
:10355000E2E70323E0E7032380E709237EE707236D
:103560007CE75B07E1D40020BDE8F88F2E2D89D0E1
:10357000252D7FF4A1AE01308B426081EFD215483A
:103580001D78931C45F02002613A192A0CD9392D77
:103590003FF67AAF242D7FF68FAE253DEDB220FAAF
:1035A00005F5ED077FF588AE62898B4202F10102D5
:1035B0006281C6D213F8015B5D2DE3D18B42C4D288
:1035C00013F8010B87E72E287FF476AEF2E600BFF2
:1035D000F9BFFF1701FB1F0030B500240E4B89B067
:1035E0001C8000220023CDE906234FF0FF330B4D52
:1035F000CDE902434FF480622846CDE90044084BF0
:10360000084904940CF026FB0749284617F0F0FF00
:10361000204609B030BD00BF22020120A0DC0020FE
:10362000C1360200C0300120D1EF030002460B4634
:1036300001480BF053BF00BF64CE002001480BF0DF
:10364000C5BF00BF64CE002013B50190FDF7D4FACA
:103650004FF0FF31441E4FF0FF30FFF7E7FF019BB3
:1036600083B10021184614F096FD58B10821184680
:1036700014F091FD30B1114A32F8143043F00103D7
:1036800022F81430012001A9FCF790FD30B10B4A5B
:1036900032F8143043F0020322F81430012101986B
:1036A00011F08DFC30B1054A32F8143043F00403B8
:1036B00022F81430FFF7C2FF02B010BD2202012031
:1036C0002DE9F74F4FF0FF304FF0FF31FFF7AEFF1E
:1036D00000F03AFA00F0C4F900216748FDF7A2FAB9
:1036E000FFF7ACFFDFF8C8B14FF0FF324FF0FF3308
:1036F00062480CF021F84FF0FF304FF0FF31FFF738
:1037000095FFBBF80050002D00F0A08015F00604D6
:10371000C5F340314FEAD538C5F3803905F00406CA
:1037200005F0800205F0010305D1002B77D10024BC
:10373000254622466FE0002BF9D0002AF7D115F07C
:10374000020564D0012425462246A246002E6CD1F3
:103750003746914271D001920120FCF71DFB019A7E
:103760000090D0456CD001920120FCF715FB8046FB
:10377000019AB14567D001920120FCF70DFB81460B
:10378000019ABBF80010C1F30C010AB141F40051D9
:10379000ABF800101EB141F48041ABF80010BAF153
:1037A000000F07D0BBF800306FEA43436FEA534382
:1037B000ABF80030324E3388AB4209D0002D4BD1EC
:1037C0000099304814F0E3FC2F4B009A35801A60C2
:1037D0002E4D2B88BB4209D0002F42D149462C48A0
:1037E00014F0D5FC2B4B2F80C3F800902A4D2B886A
:1037F0009C4209D0002C39D14146284814F0C7FC1E
:10380000274B2C80C3F80080FFF718FF6CE776B9D0
:10381000012534462A462646A246274699E756B150
:10382000002A85D114461546A246012690E72C466B
:1038300001252A46F8E734467AE70023009390E70B
:103840004FF0000895E74FF000099AE72F462C4605
:10385000A946A8460095ADE7002BB5D100991148BF
:10386000B0E7002BBED149460F48B9E7002BC7D1BE
:1038700041460E48C2E700BF4936020084CF00200F
:1038800020020120020014F1E0F500201E020120B8
:10389000040014F1DCF500201C020120060014F1E4
:1038A000D8F50020010014F1030014F1050014F113
:1038B0002202012010B5FDF79FF904464FF0FF31B9
:1038C0004FF0FF30FFF7B2FE044B013C33F81440D9
:1038D000FFF7B4FEC4F3C014204610BD220201203D
:1038E00037B51D4B0C460B400192ABB91046FDF7A6
:1038F00083F9451E4FF0FF324FF0FF3317480BF0AE
:10390000EDFDA1B20D290BD008D8012908D002295C
:1039100016D012480BF05AFE03B030BD0E29F7E75F
:10392000012001A9FCF742FC30B10D4A32F81530F4
:1039300043F0020322F815300A480BF0C9FEE8E70D
:10394000012001A9FCF732FC0028F5D1044A32F825
:10395000153023F00203EDE7F0FF9F1F64CE002037
:103960002202012084CF00201E4B70B50B400C4674
:103970001646ABBB1046FDF73FF9451E4FF0FF3230
:103980004FF0FF3318480BF0A9FDA1B20C290BD062
:1039900008D8012908D0022916D0BDE87040124885
:1039A0000BF014BE0D29F7E70121304611F007FB9B
:1039B00030B10E4A32F8153043F0040322F81530C6
:1039C0000B480BF085FEE8E70121304611F0F7FACD
:1039D0000028F5D1054A32F8153023F00403EDE74D
:1039E00070BD00BFF0FFFB1F64CE0020220201204B
:1039F00084CF002038B5164B0C460B40104633BB25
:103A0000FDF7FAF8451E4FF0FF324FF0FF33114833
:103A1000A4B20BF063FD012C06D0022C11D0BDE83E
:103A200038400C480BF0D2BD0B4B33F8153023F067
:103A300001039BB2084A22F8153008480BF048FEF3
:103A4000EDE7054B33F8153043F00103F2E738BDDD
:103A5000FCFFFE2F64CE00202202012084CF002034
:103A600008B50B480B4B43600B4B0361FDF704FD9E
:103A70000A480B4B43600B4B0361FDF7FDFC0A4802
:103A80000A4B43600A4B0361BDE80840FDF7F4BCF4
:103A90000CF60020F5390200030001D0F8F50020F3
:103AA000E13802000F0060E0E4F50020693902000F
:103AB0000F0004E0084B094A934201D300207047ED
:103AC0001968814205D15A681068002818BF184645
:103AD00070471833F0E700BF18D1002030D1002024
:103AE000054B10460B402BB989B20139012901D889
:103AF00014F0ABBB704700BFFCFFF82D38B5104D7C
:103B000014460D402DB90F4A914203D00332914221
:103B100010D038BD204614F091FB0028F9D029467A
:103B2000204614F053FB0028F3D12046BDE838406E
:103B300014F08BBB2046BDE8384014F0F2BB00BF48
:103B4000FAFFFE2F010001D070B500261A4C1B4D64
:103B5000AC4211D31A481B4B174C43601A4B0361FC
:103B6000FDF78AFC19481A4B43601A4B0361FDF7B5
:103B700083FCAC4213D370BD63681B686BB19B6858
:103B80005BB1606914F01AFB636826611B6820460C
:103B90009B689847606914F017FB1834D8E763688E
:103BA0001B6833B1206814F000FB10B1206814F0DA
:103BB000B8FB1834DDE700BF18D1002030D1002059
:103BC00034F60020FD3A0200050001D020F6002066
:103BD000E13A0200030007D2002307B58DF8000088
:103BE000694605488DF801300193FDF71BF80198EF
:103BF00003B05DF804FB00BFAD820300002313B5E2
:103C0000094C69468DF8000020468DF8013001937B
:103C1000FDF708F80223204669468DF80130FDF7CC
:103C200001F8019802B010BDAD820300084B70B5D9
:103C3000C31A0D4607499B100446594340220648C3
:103C400014F09EFB2B4601462046BDE87040184705
:103C50005CF60020B76DDBB69CC50300402373B54E
:103C60000B4C0093041B0B460D460A49A4106143FC
:103C70000646094A094814F0AEFB011E05DA304633
:103C80002B4602B0BDE87040184702B070BD00BFBF
:103C90005CF60020B76DDBB63F8403009CC50300D3
:103CA00010B5EFF31184202383F31288BFF36F8FD5
:103CB000074A136823F00201DB07116002D40120D8
:103CC00015F05FFE84F31188BFF36F8F10BD00BF46
:103CD000ACF6002070B50022012104460520F9F75A
:103CE00021FF0F4808F026F80E4B984215D108F036
:103CF00031F826690C4930460FF0F8FE00280BDB3E
:103D0000012535642469084904F11C000FF0EEFE1A
:103D1000002801DB0020E56470BD6FF00400FBE7C4
:103D2000353E02000000AD0B20D103007FB500221C
:103D30000123CDE9022304ABCDE90433094A6B46E4
:103D4000CDF800D0CDF804D014F072FB002805DBCC
:103D50004FF48042002368460BF0EEFC07B05DF89C
:103D600004FB00BF5F8403000C22104B014602FBE2
:103D70000033002030B4D3E90E529863EFF3118082
:103D8000202484F31288BFF36F8F1C6C04F0C004EE
:103D900044F002041C6480F31188BFF36F8F1DB1DF
:103DA0002B4630BC0248184730BC70475CF60020F8
:103DB0009CC5030010B4EFF31182202383F3128813
:103DC000BFF36F8F1848016841F002040460C80710
:103DD00008D482F31188BFF36F8F01205DF8044B84
:103DE00007F0CCBF1149D1F80C04D1F80C14C90765
:103DF000EFD5EFF3118083F31288BFF36F8F0C4977
:103E00000B6C03F0C00343F002030B6480F31188D2
:103E1000BFF36F8F82F31188BFF36F8F00205DF8BF
:103E2000044BFFF7A1BF00BFACF6002000500040DC
:103E30005CF6002010B1012804D07047034B1B6CC6
:103E40005B0701D1FFF790BF704700BF5CF6002011
:103E50002DE9F041012207463449D1E8EF3FC1E89E
:103E6000E02F0028F9D133B9314932484B60CB609B
:103E70008A600FF04EFE7B1E012B28D8012F06D141
:103E80002D4BD3F81C3403F00303022B1FD017F083
:103E9000A9FB0546E8B9294B1B78D3B10222064697
:103EA000254BC3F80823244CDFF89480D4F8182459
:103EB000D4F81834D20315D503F00303022B01D034
:103EC000012F0FD16DB386F31188BFF36F8FBDE85B
:103ED000F081EFF31186202383F31288BFF36F8FF5
:103EE0000125E0E7C5B1304610F08EF9D4F8183559
:103EF000DBB2012BDAD1D4F80421002AD6D000227B
:103F0000C4F80421D4F804210222C4F81825202280
:103F1000C8F88021A360C9E70021212017F019FC0F
:103F2000E4E70222044BC3F80423D0E758F600204C
:103F300048F6002078F6002000500040BD24012003
:103F400000E100E010B5044C2046F7F701FF2046E1
:103F5000FAF7F2F8002010BD5D3F020073B5044689
:103F600003250F4E8DF80700012200200DF10701F7
:103F700009F01AF820B101233370204602B070BD59
:103F80003378002BF9D0013D08D017F02BFB002827
:103F9000EAD10021422017F0DCFBE5E73570ECE7C1
:103FA0008A020120024B0B6001231360704700BF9F
:103FB000B0F600200048704744D1030007B503461F
:103FC000054A0091054801210FF05EFF6FF01500D2
:103FD00003B05DF804FB00BF0FF003003CCA030010
:103FE00010B501220648114617F021FA15F02DFDF3
:103FF000044C206015F026FD6060002010BD00BF5D
:10400000B8F60020B0F60020F7B50E46144615F0BD
:1040100019FD21460546304614F0A2FA374660B332
:10402000B6FBF5F305FB136323B9B4FBF5F305FB0E
:1040300013434BB13346134A0094134801210FF048
:1040400023FF6FF0150002E0A54202D9002003B063
:10405000F0BD4FF0FF324FF0FF330C480BF06CFB1C
:1040600015F0F0FC0546384608F038FB641B2F4479
:10407000F9D106480BF02CFBE8E7054A33460094DB
:10408000DBE700BF2CF003003CCA0300B8F60020B9
:104090000FF00300F7B50E461946304617461C468A
:1040A00014F05EFA50B93346174A009417480121BC
:1040B0000FF0EAFE6FF0150003B0F0BD46EA04050C
:1040C00015F0030503D0124A33460094EEE7A4B17D
:1040D0004FF0FF324FF0FF330E480BF02DFB24F072
:1040E0000304A54205EB060009D10B4AD2F80034BF
:1040F000DB07FBD507480BF0EBFA0020DCE779592A
:1041000008F008FB0435ECE70FF003003CCA03009D
:104110004BF00300B8F600200090034038B5456826
:104120002B69B3B11035284608F024F9044680B94C
:104130000146284608F0ECF8084B98420BD122467D
:104140002846074908F0CCF8224605213120F9F726
:10415000E9FC002038BD6FF00400FBE70000AD0B68
:1041600065410200430970B507D10B4B596821B175
:1041700001250C68094E854001B970BD8A682A4046
:1041800002D030464B6898471CB1236821461C4634
:10419000F2E72346FAE700BFD0F60020B4C50300DB
:1041A0002DE9F04340F206354668D00648BF0320AB
:1041B000337B02EA050558BFC2F3401087B001F017
:1041C0001F07B5F5837F144647EA43178DF80300B0
:1041D00042D00FD8062D18D007D8B5B1022D3DD04A
:1041E0006FF0150007B0BDE8F083B5F5807FF7D11B
:1041F00001250AE040F20222954231D0B5F5407F18
:1042000030D0B5F5007FEBD102250123220303FA5C
:1042100001F129D573689960326952BB07F01F0319
:104220007F0973D13B4A84F4803102EB8302D2F8D8
:104230000032C1F30041C4F3404423F4E16344EA93
:10424000410423F007031C4344EA800444EA0524A4
:10425000C2F800420020C5E70725D6E70425D4E7C9
:104260000525D2E70325D0E7630344BF7368D9600F
:10427000D2E71036394630460DF1020208F036F822
:1042800014F4403F80460CD13946304615F0D3FB3C
:10429000214B9845DED130469DF8021008F074F8A5
:1042A000D8E74FF0000901AB3946304603AACDE903
:1042B0000439CDE90199CDF80C9007F0EBFE164BCF
:1042C00098428DD114F4003315D09DF8033084F456
:1042D0008034C4F300448DF80E3039464B463046E6
:1042E00003AA8DF80C508DF80D4007F081FF0A4BA2
:1042F0009842CDD074E7CDE9043339460DF103037C
:10430000304603AA039307F0C5FEF0E7803352F866
:104310002330FFDE002584400000AD0BF0B540687F
:1043200001F01F04057B87B044EA45140569002DA0
:104330005FD0B2F5001F00F1100506D121462846D6
:1043400015F07BFB002007B0F0BD0027B2F5800F11
:1043500001AE0197776037D1B3F1007F14BF052319
:1043600004238DF804300023CDE9046303938368AC
:1043700023FA01F111F0010118D1B2F1A07F15D19A
:1043800004F01F03620903F1800338D11D4A52F87B
:104390002330DB070AD40DF10306324621462846B6
:1043A00007F0A4FF184B984219D0029621462846E0
:1043B00003AA07F06FFE154B98421DD1012221463A
:1043C000284607F0EDFFBDE7B3F1C06F05D0B3F1AC
:1043D000007F14BF01230223C3E70323C1E7314653
:1043E000284607F0D7FF094B9842DED06FF00B004C
:1043F000A9E76FF08500A6E76FF01500A3E751F875
:104400002330FFDE002584400400AD0B0000AD0B1F
:1044100002780B69012A08D0022A08D04AB9064A54
:104420001A6303F118000BF053B9044AF8E7044A81
:10443000F6E7044AF4E700BF0000AD0B0100AE0B45
:104440000200AE0B0100AD0B2DE9F04F89B002AFB9
:10445000BB60036993463B6143684FF0FF32D3F87A
:1044600028A09B8B0546FB604FF0FF330C4614F0F1
:1044700010F93B6918337B6100260023002278691C
:104480000BF05AF933465E4501D3002340E0207A11
:10449000010700F1948001365E45D4F800E00BD2AC
:1044A000820709D4227D80EA020C0CF0010C02F094
:1044B00004025CEA020C08D023B90EF06042B2F1AB
:1044C000005F3FD04FF0000801E04FF00108626844
:1044D000F96803EB020C8C4524D96C468CB0286833
:1044E00002A9384ECA61C1E90563FB680A46C1E901
:1044F000083040F203530B85334B42F8103F002342
:104500004FF451513148F8F753FA6FF01B03A546A9
:1045100028467B6114F0C0F87B691C371846BD46FD
:10452000BDE8F08FC10706D40AEB030071467B603B
:1045300017F06BFB7B6862681A4493B2B8F1000F06
:1045400027D1D3B94FF00008D4F80090A388BA68F7
:10455000217A284600924A4600F088F8031ED7DBED
:104560004FF48042002378690BF0E6F840B128460A
:1045700000F030F86FF00403CAE79846D146E6E74A
:104580003B69134A1B6B9342F4D1237ADB0702D4B5
:1045900000230C3477E7CA45FAD123460AE0A8EB9A
:1045A0000201D8681FFA81F819FA81F17B6017F0CF
:1045B0002CFB7B685A680C3B9045F0D2E8E76FF023
:1045C0008503A5E79AF003000600000164CA030012
:1045D0000000AD0B73B544680DF107012368D3F8F3
:1045E0000855D3F80C650FF0D0FC9DF8073013B9CF
:1045F000204608F0EDF93146284608F0CBFB9DF83F
:104600000710054629B9606A14F049F8204608F0F9
:10461000CFF9044B9D4214BF6FF00F00002002B091
:1046200070BD00BF0000AD0B08B5CA0743680AD4CF
:10463000C1F34201012909D002290ED00121094A02
:1046400009480FF00EFC6FF0150005E04FF0CC723A
:104650001B680020C3F8242508BD4FF0C8621B6802
:10466000F7E700BF85F1030064CA0300F0B50C460C
:104670001D46164689B04768122200210DF10E0032
:1046800017F0EAFA04F001038DF80C30BDF8383069
:1046900004958DF80D30BB8D0696AB420AD21048BA
:1046A000009301212B460F4A0FF0EEFB6FF01B0029
:1046B00009B0F0BD84F00202C2F340023846520154
:1046C00003A908F0A3F9084B984207D00B3398428E
:1046D00014BF6FF004006FF00F00E9E70020E7E778
:1046E00064CA030097F103000000AD0BB0B50446A7
:1046F000456800AF2B6A98470121686A13F0CFFF25
:1047000023462846AA6905F1080108F017F9104B5D
:10471000984217D023686C4688B06A460D49C2E9B2
:1047200005134FF4007393830B4B42F8103F0B4873
:1047300000234FF4E251F8F73BF96FF00400A5466F
:10474000BD46B0BD204606490FF034FCF8E700BF77
:104750000000AD0BDEF103000300000164CA03009A
:10476000BD8603002DE9F04740F2FF16594FDFF8F0
:1047700068C1DFF868E100EB8101814202D10020CD
:10478000BDE8F087046814F4804FC4F3C325C4F374
:10479000080340F08C80240EB34208BF4FF0FF3373
:1047A0007D5D192C00F28680DFE804F00D13191CE2
:1047B0001F251C8484848436608484848484848457
:1047C000848463787B7EC2F80C355C1C5BD104303A
:1047D000D3E7C2F814355C1CF9D000245CE0C2F8C1
:1047E0000835F2E7C2F81035F5E75C1CC2F8083569
:1047F000EDD0002404E05C1CC2F80C35E7D00124A5
:104800005FEA531859D14FF00109DFF8CC8009FA5B
:1048100003FAC8F80CA008E0C2F80835002DDAD178
:104820005C1CD4D000240625A146D0F800A00AF4D0
:104830000048B8F1000F1CBF4FF00009012403F03D
:104840001F085B093FD10CEB8808D8F80032CAF387
:10485000412A03EA0E0343EA8A0343EA052343EAB3
:10486000090343EA4403C8F80032B0E7C2F80C3544
:10487000D4E7C2F86035B3F1FF3F0468A7D0C4F3B2
:104880000044002CBBD05C091AD10124DFF8488019
:1048900004FA03F9C8F80890A146C6E7C2F86435DF
:1048A000E9E7C2F86835E6E7C2F86C35E3E76FF090
:1048B000150065E76FF0850062E70023DB60FFDE2F
:1048C00000239B60FBE7002308F1800853F82830A1
:1048D000F5E700BFFEF1030000258440F0F8FCFF7F
:1048E00010B51029036917D01B2924D00D2925D113
:1048F000AF214FF6FF741B884B43B3FBF4F0A0F1DC
:104900002D01C0EB00401B1A0E484343B3FBF4F3E8
:104910000020C2E9001310BD64214FF6FF705B88D0
:104920004B43B3FBF0F1C1EB01441B1B054C63434C
:10493000B3FBF0F3ECE799880023E9E76FF085001B
:10494000E9E700BF40420F00032370B5B1FBF3F568
:1049500004460026208840BA80B213F0DBFEA3781C
:10496000834206D00748084913F0E3FE6FF00400C5
:1049700070BD0136F3B2AB4204F10304EAD3002068
:10498000F6E700BFB4C9030006F203007FB5034693
:104990001646CDE9011203220D4600689B888DF86A
:1049A0000C209DF80C20816842F002028DF80C204A
:1049B0008C68012201A9A047041E06DB3146284667
:1049C00004B0BDE87040FFF7BFBF0349034813F0D0
:1049D000B0FE204604B070BD13F20300B4C903005A
:1049E00073B5154D446835F8213010888DF80130C5
:1049F0000E46190A030A8DF800108DF802308DF862
:104A0000030013F087FE8DF80400A38820680522B8
:104A1000694613F0A2FE041E06DA0849084813F09E
:104A200088FE204602B070BD05EB8605688808B197
:104A300013F083FE0024F4E7A0D603002CF2030059
:104A4000B4C9030037B50B4B022203EB810533F8E1
:104A5000213001A95BBAADF804308388006813F0F7
:104A60007CFE0446688808B113F067FE204603B058
:104A700030BD00BFA0D6030010B5437A012B0FD084
:104A8000022B14D0D3B90121FFF7DCFF041E02DB97
:104A90000024204610BD0B490B4813F04AFEF8E7EE
:104AA0000D21FFF7CFFF041EF2DA0849F4E70A21CF
:104AB000FFF7C8FF041EEBDA0549EDE76FF01504B8
:104AC000E7E700BF46F20300B4C903007AF203002F
:104AD000B8F2030038B543680546186816F0BBFA0B
:104AE00038B91749174813F024FE6FF01204204616
:104AF00038BD02216868FFF7A5FF00280EDA1521EE
:104B00006868FFF79FFF15216868FFF79BFF041E89
:104B100004DA0D490B4813F00CFEE8E70021686841
:104B2000FFF790FF041E01DA0849F3E76868FFF712
:104B3000A3FF041E01DA0649ECE70024D7E700BF13
:104B4000DCF20300B4C90300EEF2030015F3030026
:104B500031F3030010B504464068437A022B10D1AC
:104B60001521FFF76FFF60681521FFF76BFF041E2B
:104B700002DB0024204610BD0549064813F0D9FD8C
:104B8000F8E70221FFF75EFF041EF2DA0249F4E7BC
:104B90004EF30300B4C903006CF30300F0B53F29E2
:104BA00005460F46466885B005D01B296ED8394B9F
:104BB000CB40DB076AD5737A022B1CD12846FFF75E
:104BC000C9FF041E04DA3449344813F0B2FD2EE064
:104BD000102F686801D00D2F06D11321FFF732FF87
:104BE000041E27DA2E49EFE71221FFF72BFF041EE0
:104BF00020DA2C49E8E70E213046FFF723FF041E98
:104C000005DA2949254813F094FD2849DCE70322F9
:104C1000686801A9FFF7BAFE041E01DA2449F1E72A
:104C2000BDF804305BBAC3F30A031BB90024204665
:104C300005B0F0BD032168682F69FFF703FF041E6C
:104C400005DA1C49154813F074FD1B49BCE709221D
:104C5000686801A9FFF79AFE041E01DA1749F1E717
:104C6000BDF804305BBABB80BDF807305BBA3B804F
:104C7000BDF80A305BBA7B80737A022BD6D16868A4
:104C8000FFF7FAFE041ED1DA0D499DE76FF08504A7
:104C9000CDE700BF002001089FF30300B4C9030063
:104CA00053F6030089F60300B6F6030014F7030079
:104CB000E5F6030030F7030084F703005AF703001A
:104CC00031F303002DE9F3413F2905461E46D0F894
:104CD000048007D01B2900F2A2806F4BCB40DB077A
:104CE00040F19D80D7B2142F0DD198F80930022BD6
:104CF0005BD12846FFF72EFF041E56DA6749684845
:104D000013F017FD8DE02846FFF724FF041EF5DBA6
:104D1000123F052F00F28380DFE807F00332816540
:104D20007A9C05216868FFF78DFE041E05DA5D494F
:104D30005B4813F0FEFC5C49E1E70322686801A9C7
:104D4000FFF724FE041E01DA5849F1E7AF224FF6BF
:104D5000FF71BDF804305BBA9BB25343B3FBF1F271
:104D60003260C2EB02429B1A514A5343B3FBF1F348
:104D700073606868FFF780FE041E32DA4D49BEE7B3
:104D800007216868FFF75EFE041E05DA4A494448B9
:104D900013F0CFFC4949B2E70322686801A9FFF785
:104DA000F5FD041E70DA4649F1E709216868FFF74E
:104DB00049FE041E05DA4349394813F0BAFC42495A
:104DC0009DE70322686801A9FFF7E0FD041E01DAF0
:104DD0003E49F1E7BDF804305BBA9BB23360002373
:104DE000736000241DE00C216868FFF72BFE041E91
:104DF00005DA37492A4813F09CFC36497FE703223D
:104E0000686801A9FFF7C2FD041E3DDA3249F1E7E7
:104E100098F808304BB93149214813F08AFC6FF0FB
:104E20008504204602B0BDE8F08117216868FFF7CD
:104E300009FE041E05DA2A49194813F07AFC2949AB
:104E40005DE70322686801A9FFF7A0FD041E1BDAD5
:104E50002549F1E798F808300BB92449DCE7192116
:104E60006868FFF7EFFD041E05DA21490C4813F0CE
:104E700060FC204943E70322686801A9FFF786FD2B
:104E8000041E01DA1C49F1E7BDF804305BBA9BB29D
:104E9000336000236CE700BF002001089FF303008C
:104EA000B4C903009FF70300FFF70300CFF7030027
:104EB00040420F0031F3030021F803007BF80300A8
:104EC0004EF803009AF80300F6F80300C8F8030050
:104ED00016F903008BF9030050F9030008F50300ED
:104EE000AAF903002DFA0300EBF90300ACF5030067
:104EF0005AFA0300EAFA0300A2FA0300F8B50D29F2
:104F00001546036919D1AF2019884FF6FF7248433F
:104F100000230021F3F762FE1F46144EA0F12D047A
:104F2000A2FB060100234FF6FF7206FB0711F3F701
:104F300055FEC5E900400020F8BD102913D17D20A1
:104F400059884FF6FF72484300230021F3F796FE7D
:104F5000841F43F60950A2FB001200FB0322880ABB
:104F600040EA8250E5E76FF08500E5E740420F0038
:104F700070B586B0154601AA039206220346049234
:104F800003220E4600689B888DF814209DF814209B
:104F9000816842F002028DF814208C68012203A976
:104FA000A047041E06DA1449144813F010FC2046EA
:104FB00006B070BDBDF8040040BA308080B213F076
:104FC000F7FB9DF80630834206D00D490B4813F0DD
:104FD000FEFB6FF00404EAE7BDF8070040BA288042
:104FE00080B213F0E5FB9DF80930834201D00549FA
:104FF000ECE70024DBE700BF27FB0300BCC903008C
:1050000048FB03005BFB030010B5436804461868C7
:1050100016F021F838B90C490C4813F0D8FB6FF0A2
:105020001204204610BD6068942113F0D4FB041EC6
:1050300004DA0749054813F0CAFBF2E721200021F2
:1050400016F087FB0024ECE7DCF20300BCC9030088
:1050500015F30300F8B53F2905464668076903D0F4
:105060000D2901D0102929D1337A174A3046D15C55
:1050700013F0B1FB041E05DA1449154813F0A7FB21
:105080002046F8BD327A002612494FF400448C467F
:105090003146114B33F812000023E4FB00C10F4AE4
:1050A0006046F3F7EBFD16F054FB39466868BA1C0E
:1050B000FFF75EFF041E04DA0949DEE76FF085049E
:1050C000DEE73446DCE700BFB1FB03006FFB030003
:1050D000BCC903003F420F0008D7030040420F0045
:1050E0008CFB0300F8B50546002201210820F8F7E3
:1050F00019FD0820F8F7E6FC6A6813691168C1F821
:105100002435137D507D927D03431343C1F86C35E4
:105110006E68D6E9004313F001032BD02F6907F125
:10512000080006F0A3FD244B98423DD1387A04F1E3
:105130000C0204F5907114F01DFC387A012707FA6F
:1051400000F006F08DFD0823C4F80035B369C4F8FB
:1051500044350023C4F84835A760D4F85831002BF3
:10516000FBD00023C4F800352846BDE8F8401349B9
:105170000EF020BF0822C4F80025B269C4F8442507
:10518000C4F848350123A360D4F82031002BFBD0AC
:105190000023C4F82031D4F820310123E3604FF418
:1051A0008073C4F80433D8E70121054A05480EF09E
:1051B00058FE6FF00400F8BD0000AD0BBD88030081
:1051C000B4FB03000CCB03002DE9F34104460D466C
:1051D000476816F007FA4FF0200888B92A4B1B7869
:1051E00073B16426606813F029FBF0B9012014F054
:1051F000BFFB013EF6D10021212016F0AAFAF0E70C
:10520000EFF311810E4688F31288BFF36F8F606849
:1052100013F014FBA8B981F31188BFF36F8FEFE788
:1052200081F31188BFF36F8FE5E7EFF311810E462D
:1052300088F31288BFF36F8F606813F0FFFA0028BD
:10524000EED0BB6920461D7063680DF107011D6833
:10525000BF690EF09AFE9DF807306BB90122C5F8C0
:105260004475C5F84825C5F82031D5F82011C5F892
:105270005831D5F85831AA6086F31188BFF36F8F83
:1052800002B0BDE8F08100BFBD24012001238340AE
:1052900070B5DC430B4AD2E8EF1F01EA0405C2E80F
:1052A000E65F002EF7D14FF4803282400648C0F806
:1052B0000823BFF35F8FBFF36F8F0B4214BF012032
:1052C000002070BD54F700200050014070B40E491A
:1052D00022F07F46D1E90034D01AC31844F100040B
:1052E000C1E90034A6F50013B3F5400F09D2074B0E
:1052F0001B681A0A1B069C19054B42F10005C3E9FD
:10530000004570BC0BF028B978DD002058F700206C
:1053100080DD0020D9B101230D4A8340D2E8EFCFD0
:105320004CEA030CC2E8E1CF0029F7D14FF48033F7
:10533000084A8340C2F80433074BD3E8AF3FC34069
:10534000DB0742BF4FF40012044BC3F80021704743
:1053500054F700200050014050F7002000E100E029
:105360000D4B1868010A0006BFF35F8F0B4BD3F893
:105370000435181841F10001B3F5801F0AD2084B1B
:10538000D3E90023904271EB030303D210F1807044
:1053900041F10001704700BF58F700200050014064
:1053A00080DD00202DE9F04F85B016461F460446EB
:1053B0009DF840A0FFF76AFF0190FFF7D1FFB042D0
:1053C00071EB070352D23B4B301A67EB0101984255
:1053D00071F100014DD2384B03EB0413D3E90223E2
:1053E0009F4208BF964258D04FF48038334908FA9C
:1053F00004F8204626F07F4BC1F8488313F0D8FA12
:105400004FF00309584604F15005AD00ADB205F167
:10541000804504F5A87305F5A8350293029A20F09B
:105420007F4341F82230C1F84483D1F80435244A3F
:10543000C01A033820F07F4090422ED9286868B106
:10544000D1F80435A3EB0B0020F07F40B0F5000F3E
:10545000039322D9204613F0ABFA039BBAF1000F55
:1054600007D109EB030009F10109D7E7BAF1000FF1
:1054700009D06FF0150520460199FFF74BFF28462C
:1054800005B0BDE8F08F01230E4AA340D2E8EF0F2C
:105490001843C2E8E10F0029F8D107490E9823010B
:1054A000C8500F9B01EB04120025C2E9026753604C
:1054B000E1E700BF0100800068DD002000500140EE
:1054C000FDFF7F0050F700207FB500254FF0FF3033
:1054D0004FF0FF31194C1A4B0226C4F80833C4F8B8
:1054E0004833184BC4F80855C3E902014FF4803320
:1054F0004FF40012C4F80433134B0121C4F80463C1
:105500001520C3F880212A46F8F70CFB1520F8F780
:10551000D9FA01230D4AA360236013600C4B0D4A96
:10552000009328460023CDE90155FFF73BFF3046A5
:10553000FEF78EFC284604B070BD00BF005001404D
:1055400003000F0068DD002000E100E054F70020B8
:10555000CD520200FFFF7F002DE9F7432E4BD3F819
:10556000042390070BD5D3F8042142B10022C3F8DD
:1055700004212A4AD3F80431136801331360264A00
:10558000D2F80433D90326D5254BD3E8EF1F21F0F9
:105590000100C3E8E40F002CF7D1CB0702D4D2F806
:1055A0004031C3B100251C4CC4F84051D4F84031FF
:1055B000FFF7D6FEEFF31182202383F31288BFF3A7
:1055C0006F8F184BD3E90267B042B94106D282F31C
:1055D0001188BFF36F8F03B0BDE8F0834FF0FF3841
:1055E000D3E900104FF0FF391D60C3E902894FF481
:1055F0008033C4F84833C4F84051D4F8403182F3C2
:105600001188BFF36F8F0029E5D0009032463B46EA
:1056100028468847DFE700BF0050014058F70020C8
:1056200050F7002068DD002030B5431C124C85B0D7
:1056300005D08442A8BF0446012CB8BF0124FFF75F
:105640008FFE0E4B0C4DD3E90013401AB0F5000F3E
:105650000FD22218AA4228BF2A4600205218084911
:10566000CDE90100009143F10003FFF79BFE05B077
:1056700030BD2A46F1E700BFFFFF7F0078DD002044
:10568000CD52020008B5FFF76BFE024B1B68C01A33
:1056900008BD00BF78DD0020012310B5074C1520A0
:1056A0006360F8F71DFA4FF40012054BC4F8083395
:1056B000C4F84833034BC3F8802110BD00500140AB
:1056C00003000F0000E100E070B50546054C064EF2
:1056D000B44200D370BDD4E900312846984708345D
:1056E000F6E700BF9C260400A426040070B5002243
:1056F00001212A20F8F716FA0B4807F0CDFC0446E2
:1057000028B101210346094A09480EF0B3FB094DAF
:10571000094EB54201D3204670BDD5E9003120467F
:1057200098470835F5E700BF90D20300EDFB030072
:10573000DCCA0300A4260400C426040037B5124CBA
:10574000124DAC421AD3124912480DF1060208F06C
:105750008DFA01280DD1BDF8063023F004039BB269
:105760003BB10D4802210D4A0EF07BFB0C4808F0BE
:1057700031F907F0F7FC002003B030BDD4E9003068
:1057800098470834DDE700BFC4260400C42604009F
:1057900019FC030024FC0300DCCA03002DFC0300F9
:1057A00088FC0300F0B50F4B01461A680E4B0B2521
:1057B000002618461F46B84201D3013D04D11846C1
:1057C000013A19605A60F0BD04688C42FBD03CB1CC
:1057D0004468141BA642BCBF034626460830EAE7CD
:1057E0000346ECE730F800203CF800200020054B91
:1057F000C3E90000044BD3E8EF2FC3E8E10F002911
:10580000F9D1704734F8002030F800202DE9F04F2E
:1058100089B005460E4614F0FCF920B96FF06D0012
:1058200009B0BDE8F08F16F00DF833680446002B80
:105830000F4604D10AF0FCFB6FF00A00F0E7BCBF92
:105840004FF0FF3333600122002101A815F0EFFD76
:10585000E8460795EFF3118B202383F31288BFF3FB
:105860006F8F16F015FEDFF82CA1DFF82C915AF897
:105870000000FFF797FFD9F8003042689A426ED1D6
:105880000023434D00936B68002B6FD1C5E900885E
:105890008BF31188BFF36F8F33685A1C6BD04FF4B2
:1058A000004E40F2E730002123EAE37C4FF47A72A5
:1058B0000023CCFB0E01F3F7E1F902460B4601A8E9
:1058C00009F03AFFEFF3118B202383F31288BFF323
:1058D0006F8F00222B685BB1434556D10099002A97
:1058E0004DD16A6829609A4200D169600023009313
:1058F00016F0CEFD5AF80000FFF754FFD9F800303B
:1059000043608BF31188BFF36F8F14F082F9002886
:1059100084D035686B1C27D015F094FF4FF47A7E45
:10592000A0FB0E320EFB0121A4FB0E420EFB072250
:10593000DB0BE40B43EA414344EA42441B1B4FEABE
:10594000D1314FEAE57C61EBD231ED1A6CEB010C01
:10595000BCF1000FB8BF002535602DB96CE743607E
:105960008BF31188BFF36F8F002059E7C3F80080D5
:10597000C5F804808CE74FF0FF3213469FE71160B3
:105980006968994208BF6A60B0E71A461B68A2E7D7
:1059900034F800200800000030F80020024600B56E
:1059A00016F076FD014B1A505DF804FB0C00000068
:1059B00030B404682CB10D4B9C4202D3C0339C42DE
:1059C0000BD30B4C2378072B0BD85D1C2570074C91
:1059D00003EB430304EBC3030360006830BC15F022
:1059E00026BD6FF00B0030BC704700BF70F7002081
:1059F000AE02012002682AB1094B9A4202D3143345
:105A00009A4206D3074B1A7832B901221A70044B16
:105A10000360006815F030BC6FF00B00704700BFEA
:105A20005CF70020AD02012038B505460A4BD3E8EB
:105A3000EF1F0131C3E8E21F002AF8D1074B1C68B1
:105A400004B938BDE369AB4201D005B113B9201DDB
:105A500009F03EFE2468F3E730F8002034F8002017
:105A6000014600220023014815F06FBB8CF800208E
:105A70000146014815F073BB8CF800200146002256
:105A80000023014815F061BBA0F800200146014841
:105A900015F065BBA0F8002008B54FF480620649F8
:105AA000064815F008FBBDE808404FF402520449CF
:105AB000044815F000BB00BFAF0201208CF80020A5
:105AC000E8840020A0F8002010B5044B1C6804B93D
:105AD00010BD201D09F0FCFD2468F8E734F8002013
:105AE00070B50546054C064EB44200D370BDD4E9EE
:105AF0000031284698470834F6E700BF84260400A2
:105B00009C26040003460121014A02480EF0B2B966
:105B10009CFC0300DCCA030008B1FFF7F3BF014897
:105B200007F052BFE15A0200292800F0838009DC07
:105B3000012853D0062800F08780002874D04FF049
:105B4000FF307047B0F58D7F08D0B0F5007FF6D1FB
:105B500040F206439942F2D11E2128E00F2929DCA8
:105B60000029ECDD4B1E0E2BE9D801A050F823F0E4
:105B7000AF5B0200AF5B0200AF5B0200AF5B0200F5
:105B8000AF5B0200AF5B02003F5B02003F5B0200C5
:105B90003F5B02003F5B02003F5B0200AF5B020025
:105BA000AF5B0200CD5B0200D15B02000E21002042
:105BB00011607047A1F2FA33032BC0D8A1F2FB3178
:105BC0000229F3D8DFE801F0260608000F21EEE7EE
:105BD0001021ECE71221EAE71321E8E740F209433C
:105BE000994219D009DC1429E1D004DC0229DED065
:105BF0000429DCD0A3E71529FBE7B1F5826F0DD0AE
:105C000040F2254399420BD040F20A43994296D183
:105C10002221CCE71121CAE72121C8E72821C6E7C4
:105C20003D21C4E72021C2E740F20743994286D1D3
:105C30001F21BCE7B1F5816FF4D040F226439942B1
:105C40007FF47DAF3E21B2E740F21F4399427FF4DB
:105C500076AF3721ABE700BF4FF0FF32064B002095
:105C60001A609A611A639A641A669A67C3F8902058
:105C7000C3F8A820704700BFBCF800202DE9F04110
:105C80001446002286B001290D461E46CDE90422A5
:105C9000DDF83080076803D1192C12D15F2307E0AB
:105CA0002146284603AAFFF73FFF002824DA6D2388
:105CB00016F0EEFB144A13504FF0FF3006B0BDE86B
:105CC000F0812146284603AAFFF72EFF0028EEDBCD
:105CD000143C012C07D836B14FF008083268B3687D
:105CE0000492059304AE334629463846039ACDF80C
:105CF000008008F09BFCE1E7B5F58D7FF3D10C2C1B
:105D000008BF4FF00408EEE70C0000002DE9F04159
:105D10001D4600238AB00F461446CDE904330823FC
:105D20000668214638460DEB0302DDF840800393F8
:105D3000FFF7FAFE00280ADA16F0AAFB6D224FF0F0
:105D4000FF361F4B1A5030460AB0BDE8F081012FD4
:105D50001DD1A4F11403012B19D803AA04AB3046BA
:105D600000923946029A08F03BFD06460028EAD127
:105D7000012FE8D1042C0DD128680028E3D0FFF7CB
:105D80000DFE16F085FB0E4B1B582B60DBE74246E1
:105D90002B46E4E7143C012CD5D8D8F80040049BEE
:105DA000102C28BF1024CDE90630059B224628463A
:105DB00006A9089315F029FFC8F80040C3E700BF03
:105DC0000C0000000B490346087880B90A4909789D
:105DD00039B1A2F5807102290AD9A2F58872012A87
:105DE00006D9013B022B8CBF002001207047002008
:105DF000704700BF300701202F07012070B4002337
:105E000018250168084C05FB03F2A658B14206D1DB
:105E1000B0F906100832A01870BC0AF00FBD0133AB
:105E2000082BF0D170BC7047BCF800202DE9F0437E
:105E300089B00546D0E900900E4617469846109C5A
:105E400008B112F03CFEA4B9CDE9004443463A46FD
:105E50003146484614F097FB0446686828B14FF075
:105E6000FF324FF0FF3312F028FE204609B0BDE8A4
:105E7000F0832388012B0BD1ADF80830636862886A
:105E800003930823ADF80A2001936B440093DDE7E8
:105E9000022B18D16288ADF80830ADF80A20231D16
:105EA0000DF10C0C04F1140E6246186859680833A1
:105EB00003C273459446F7D1237D8DF81C30162319
:105EC000019302ABE2E716F0E3FA6A22024B4FF0CD
:105ED000FF341A50C1E700BF0C0000002DE9F34762
:105EE000074690460C4679B300231A46C868834299
:105EF00035D1802A72D800254FF0FF324FF0FF33A2
:105F0000394812F0DAFDA946384EE368AB422DD885
:105F100000263546DFF8D4A0B14511DD85B96368A8
:105F2000384601932368A9EB060200930AEB0601A9
:105F30004346FFF77BFF051EEEDD2E44B145EEDC48
:105F4000294812F0BCFD06E016F0A2FA16224FF026
:105F5000FF35274B1A50284602B0BDE8F087A168EC
:105F600001EBC301496801330A44C0E7A36806EBAB
:105F7000090003EBC50253F83510526815F045FED1
:105F8000A3684FEAC50A53445B6801359944BCE7EE
:105F9000A3684FEAC60A03EBC6035B683BB14FF048
:105FA0000009A36803EB0A025268914504D3013645
:105FB000E368B342ECD8CEE753F80A10636849446B
:105FC0000193236838460093A2EB09024346FFF78A
:105FD0002DFF011E05DB89440D44E2E7002635460E
:105FE000E6E70D46B7E700BF2CCF0020AF06012043
:105FF0000C0000004FF0FF324FF0FF3370B5054644
:106000000B4812F05AFD002318200A4A00FB03F146
:1060100056588C18013605D15550054812F04FFDE1
:10602000204670BD0133082BF0D10024F5E700BFF6
:1060300078CE0020BCF8002038B5094D04464FF05A
:10604000FF3228464FF0FF3312F037FD00234FF0A8
:10605000FF32C4E900232846BDE8384012F02FBDC6
:1060600078CE002010B50446094B0A4A1860036830
:106070000948DA61F9F7F4FC236843B10C33D3E83B
:10608000EF1F41F00801C3E8E21F002AF7D110BD5D
:10609000B8F80020B1610200C0D20300F0B5A1F54C
:1060A0008173046887B0032B58D8DFE803F00241FE
:1060B0007A540127D2E9016113683B4AB3F90430ED
:1060C0000492ADF814308DF816703368994205D1FA
:1060D00016F0DEF90C22354B1A5014E000F10805D9
:1060E000284615F05CFD2B4600223946306815F035
:1060F0002DFD0823204600933C22394604AB08F0CE
:1061000095FA044610B14FF0FF340EE033681433B3
:106110003360CDE90200284602AA03A915F044FD28
:10612000039B002B18BF6FF07704204607B0F0BD2B
:10613000D2E900421368143313600023CDE903331E
:1061400003AA04A9083015F02FFD049B0BB1039B93
:10615000E3800024E9E713684360FAE7032913D0DA
:10616000042919D1126832F4804304D016F090F952
:1061700016210E4B195004212046C2F3803207B07D
:10618000BDE8F04014F068BC2046002214F064FC26
:10619000840304F48044C8E716F07AF91622034B0E
:1061A0009AE76FF05E04C0E7FD5D02000C0000009E
:1061B0002DE9F0410D1E0646174615DA09F0E8FEF6
:1061C000DFF88480012388F800303A46304625F015
:1061D0004041F8F729FA002388F80030044609F016
:1061E000EBFE2046BDE8F08115F0804804D009F0B0
:1061F000CFFEDFF85880E5E7F5F71EFE041E09DB49
:1062000029463A46304613F0B6FF051E05DA204609
:106210000DF0B7F94FF0FF34E3E7FFF7EBFE01466F
:1062200040B916F035F90C22054B1A50284608F0F3
:10623000C9F9ECE743462046024AF5F73DFED0E7B0
:106240000C000000C8D20300300701202F070120F6
:106250002DE9F04389B007460C461546F5F7ECFDED
:106260000646002E38681EDB04B315B32B6801AA5E
:10627000082B18BF16230DF108090193494614F0A5
:10628000E4F8B0F100080BDBFFF7B4FE074698B95D
:1062900016F0FEF80C22274B1A50404608F092F9EF
:1062A00030460DF06EF94FF0FF3619E02246A14658
:1062B000E4E72A46A946E1E764B15DB1B9F80020F8
:1062C000012A11D108232B60BDF80A302280638097
:1062D000039B6360002339463046174AF5F7ECFD0F
:1062E000304609B0BDE8F083022A17D118232B608D
:1062F000BDF80A3003AD638023460DF11C0C23F872
:10630000042B2A4603CA624518605960154603F1FA
:106310000803F6D19DF81C302375DBE716F0B8F8BA
:106320008622044B1A50404608F04CF93846FFF7D5
:1063300083FEB5E70C000000C8D20300F0B50A8860
:106340000B46012A066887B00DD1ADF8002008225F
:1063500049885B68ADF8021001936946304614F035
:1063600002F807B0F0BD022A15D14988ADF8002027
:10637000ADF802101A1D01AD03F114072C46106888
:106380005168083203C4BA422546F7D11B7D162254
:106390008DF81430E1E716F07BF86A22024B1A50B0
:1063A0004FF0FF30DDE700BF0C00000007B5D0E97B
:1063B0000032012100920448044A0DF065FD03B04B
:1063C0005DF804EBF3F736BEDCCA0300CEFC030035
:1063D00008B5064807F0F2FA034620B10121044A45
:1063E00004480DF047FD002008BD00BFF96302001E
:1063F000F7FC0300D4C903002DE9F8430446002646
:10640000244DDFF8AC9000AF4D4521D3EEB12046CE
:10641000F2F760FC0022411D00231F4814F095FE96
:10642000054650BB6E4688B06A461C4BC2E905342F
:106430004FF4007393831A4B42F8103F4FF4E4512A
:1064400003461848F6F7B4FAB546BD46BDE8F883EA
:1064500095F8088018F0010F0BD1296819B1204672
:1064600015F0A3FC28B118F0020F04D020466B6889
:1064700098470C35C8E70126FBE721460430F2F7C0
:1064800021FC2946084814F0B5FF084809F0B0FA85
:10649000DBE700BFD8CC002028CE002024FD03007D
:1064A00003000001D4C903002CD000205CCB0020E5
:1064B0002CCD00202DE9F843134E144FDFF8548003
:1064C00000220023304609F0D1F80546B8B9BDE8EE
:1064D000F883237ADA070AD49B0708D4216819B114
:1064E000484615F062FC10B14846636898470C3482
:1064F000BC42EED32946404614F031FEE0E7044C9E
:1065000005F10409F4E700BF2CD000202CCD0020B9
:10651000D8CC002028CE002050B103685BB143687E
:106520004BB10069054BC01A18BF4FF0FF307047E0
:106530006FF0150070474FF0FF307047EEFFC0005E
:1065400000232DE9F04F0C46017B89B005464268D7
:10655000079369B1C4E900230822228142680373CA
:106560000792AB6800200133AB60079B6B6079E05A
:10657000D0F80880B8F1000F05D1104612F0E6FB04
:1065800008B102326A606F683E78002E71D00D2E1D
:1065900051D00A2E02D17B78002B6AD03A4613786C
:1065A00092460D2B02F10102F9D00A2BF7D04FF0E1
:1065B0000009DFF8D0B05BF8041B08460191F2F740
:1065C00089FB01990246504615F08CFB002850D0FB
:1065D00009F10109B9F1040FEDD10D2E01D00A2EF8
:1065E00002D17B78002B47D1384612F0AFFB002850
:1065F00042D102AE3946304607AAB8F1000F20D189
:1066000012F032FC96E8070084E80700237ADBB139
:10661000237A0798053B032BA3D80178627A0D29CA
:1066200003D8174B0B41DB071FD512F08FFBE0B9E6
:10663000002A96D114E07B78DBB10A2BAED1BB786F
:10664000AAE712F0A4FCDDE73046696807AA00F06B
:10665000A5F896E8070084E80700237A002BD7D135
:106660006FF04C0009B0BDE8F08F012A08BF2A7313
:1066700077E76FF00400F5E76FF00A00F2E700BF7C
:10668000FEDBFFFF0CD303002DE9FF411F46002373
:10669000054688461646CDE901330393002A64D0A7
:1066A000FFF73AFF044688B9AB68013B99429CBFAB
:1066B0002B68C5E90130284601A9FFF741FFAB6807
:1066C0000446013B984505D90028F4D0204604B083
:1066D000BDE8F0810028F9D19DF80C30052B47D199
:1066E00015F0D6FEDFF89080052F054640F80840EB
:1066F000019810D103782D2B02D16FF02104E5E72A
:106700000A2221460AF07CFC55F80830222BF4D0EE
:1067100030607160DAE70A2221460AF07BFB013F14
:106720000546032F03D8DFE807F00D10141810F505
:10673000004341F10001B3F5803F71F10001DCD26B
:106740003580C3E7B0F5803FF7E710F1004341F132
:1067500000010029D1D13560B8E715F099FE58F84D
:106760000030222BC9D03560D3E76FF01504ADE7B8
:106770006FF05E04AAE700BF0C00000048B141B111
:106780000023054AC0E900118360C3600261184616
:1067900070476FF015007047EEFFC0000B7830B502
:1067A000392B08D82F2B0AD8202B23D00023C0E95F
:1067B0000033836030BD5A2B18D8402BF6D90C46D5
:1067C000164D14F8013F5A2B21D8402BF9D8203B05
:1067D000DBB2192B03D825FA03F3DB07F1D402B19E
:1067E0001460641A092301604460E2E7613B192BDD
:1067F000E5D9DBE74B785A2B06D8402B02D8303B43
:10680000092BD3D80131DAE7613B192BF9E75F2B6C
:10681000D7D0613B192BE2D8D3E700BF0160FF035B
:1068200020B90321024A03480DF01BBB00F070B8E9
:1068300080FD030094CA030070B5064C064EC5B235
:10684000B44200D370BDD4E90031284698470834DB
:10685000F6E700BF842604008426040010B5114921
:10686000114812F049FC034630B1104A0121BDE83D
:1068700010400F480DF0FEBA12F040FC044610B173
:106880000C4A0346F2E712F03BFC01210A4807F0EC
:10689000A1F8204612F038FC034608B1074AE5E7A4
:1068A00010BD00BFF9FD030002FE03000BFE030054
:1068B00094CA03002CFE03004CFE03005FFE03009D
:1068C000034610B530B10A4A0121BDE8104009481D
:1068D0000DF0D0BA084B1978084B187812F016FC56
:1068E000034608B1064AEFE7BDE81040FFF7B6BF20
:1068F00080FE030094CA030074CC002075CC0020F5
:10690000B5FE0300014808F061BE00BFB4CE002010
:1069100070B50646124D4FF0FF324FF0FF3311486D
:1069200008F0DCFD2C6844B9082015F05CF948B982
:10693000FFF7E8FF6FF068000DE063689E4207D044
:106940002468F0E7046046606B682BB9C5E9000075
:10695000FFF7D8FF002070BD18606860F8E700BF3F
:106960007CF90020B4CE002038B50F4C05462368D2
:10697000C3B14FF0FF334FF0FF320C4808F0AEFDCB
:1069800023680BB11C681BB9BDE83840FFF7BABFDC
:1069900028465B6898471CB1226823461446F2E7F4
:1069A0002246FAE738BD00BF7CF90020B4CE0020B3
:1069B000024B1868B0FA80F0400970477CF900205B
:1069C0001FB500230393074B4FF48062029302AB81
:1069D000009305490E23054809F010F805B05DF84D
:1069E00004FB00BFEBFE0300C035012088DD002062
:1069F0000048704788DD00202DE9F043B1B000AFBA
:106A000005463822002107F1880015F025F90A23F0
:106A10000021302207F15800C7E9013115F01CF9B7
:106A20004FF0FF33294607F14400C7E91833C7E99F
:106A30000633FFF7A3FE3A46012107F1440012F0A6
:106A400009FA0446E8B10346A44A0121A4480DF01E
:106A500011FA6E468AB06A46A24BD561C2E9053486
:106A600040F201331384A04B42F8103F00234FF44F
:106A700011519B48F5F79CFFB546C437BD46BDE8AC
:106A8000F08307F1080107F1440097F8008012F045
:106A9000BEF9044610B1954A0346D6E7B8F15A0F3D
:106AA00024D0BB68032B21D902213B1D07F13802FA
:106AB00007F1440012F0D1F9014628B9102207F17C
:106AC00038000AF037FA78660A2303217B6007F161
:106AD00038023B1D07F1440012F0BFF9014628B906
:106AE000102207F138000AF025FA38663A460421E8
:106AF00007F1440012F0AEF900287BD197F800901E
:106B0000052107F10C0207F1440012F0A3F9062158
:106B1000044607F1100207F1440012F09BF9FB68EC
:106B20002043034315D1D7E918016C468AB03D696B
:106B30006A46C2E9070106216D4EC2F82490C2E9F7
:106B4000056542F8101F4FF442516548F5F730FFD4
:106B5000A54608F0FB05012D4FD0B8F1050F00F256
:106B60008B80FFF725FF002887D1624B1A784245BA
:106B700009D087F8880007F1880083F8008087F83B
:106B80009080FFF7F1FE5C4B396E9A68914203D119
:106B9000DB687A6E9A421DD00423574D07F15804E2
:106BA00087F888300FCC0FC50FCC0FC594E80F00C5
:106BB00007F1580685E80F000FCE07F190050FC5C5
:106BC0000FCE0FC594E80F0085E80F0007F188008D
:106BD000FFF7CAFE494A13784B4566D0B9F1090F51
:106BE00005D840F2812323FA09F3DB0752D4444A43
:106BF0004B4647E04FF0000982E7002309260721B2
:106C0000C7E90833C7E90B3387F8283087F83430F1
:106C100007F1200207F1140307F144007E6112F02E
:106C20001CF907F12C020446082107F1140307F1AF
:106C300044007E6112F011F954EA00020ED107F10E
:106C4000180307F12C0107F1200000F085FB034633
:106C500020B12C4A294622480DF00CF9B8F1010F59
:106C600003D0B8F1050F7FF47CAF3B6E01330ED03B
:106C7000254808F02DFD74E7B8F15A0F3FF471AFC5
:106C80004346224A012116480DF0F4F8F5E64FF08C
:106C9000040866E7052307F1880082F8009087F86A
:106CA000883087F89090FFF75FFE08F0FB08B8F196
:106CB000010F7FF4E2AEBB69013309D1FFF798FE03
:106CC000044600F065FC0146204614F045FCD4E67D
:106CD00007F1180000F09CFACFE600BFF2FE0300B7
:106CE00094CA0300EEFF0300040000011FFF03002D
:106CF0006EFF03003107012070DE00203207012003
:106D000042000400C1FF0300B4CF00201A000400B9
:106D100008B5064806F05EFE38B101210346044A74
:106D200004480DF0A7F86FF00D0008BD57000400EF
:106D30006200040094CA0300042810B504461DD85C
:106D4000042820D8DFE800F0280A281F28000122A4
:106D500017499A400A421FD1012B14D1FFF7D8FFDF
:106D6000034618B900F06EF80346A8B10121114A94
:106D700011480DF07FF86FF00D0010BDA0F1140365
:106D8000DBB2182BE3D90C48234601210B4A0DF046
:106D900071F86FF01500F0E72146094806F01AFE79
:106DA0000028EAD00121074A03480DF05AF8E2E72B
:106DB000010C30019F00040094CA0300C9000400C4
:106DC000E5000400F000040010B5044694B0382239
:106DD000002106A814F040FF214601A8FFF7CEFCD1
:106DE0006A46012101A812F035F8044668B1012174
:106DF0000346104A10480DF03DF8012123460F4A82
:106E00000D480DF037F814B010BD009B4BB1012BAD
:106E100007D001210A4A08480DF02CF86FF015043C
:106E2000EBE78DF82030032306A88DF81830FFF724
:106E30009BFDE8E72901040094CA03006E010400E9
:106E40005201040008B5064806F0C4FD38B102211D
:106E50000346044A04480DF00DF86FF00D0008BD1C
:106E6000D20104009501040094CA030070B58EB0ED
:106E7000044638220021684614F0EEFE00250E4E2E
:106E80000834214656F8040BF1F712FF48B90B23DA
:106E900068468DF808508DF80030FFF765FD0EB09C
:106EA00070BD01350A2DECD16FF03C030121034A7E
:106EB00003480CF0DFFFF2E71CD30300DD01040000
:106EC00094CA030008B5064806F084FD18B10548C9
:106ED00006F080FD08B9002008BD6FF00D00FBE74B
:106EE0000D0204001902040038B5431E062B0546A6
:106EF0000C4608D90346124A124801210CF0BAFF89
:106F00006FF0150038BD042902D90F4A0B46F3E78C
:106F10000E4B5A5C0E4B53F820100E4806F05AFDEB
:106F200040B1012103460C4A06480CF0A3FF6FF064
:106F30000D00E7E7094B1D70094B1C70E2E700BF2D
:106F4000D402040094CA0300F602040056030400AD
:106F500044D303001B0304003103040075CC00205C
:106F600074CC00200023064A13601371054A136095
:106F70001371054A13601371044A1360137170474B
:106F800042070120380701203D0701203307012077
:106F9000072810B5144605D009280CD0BDE81040CC
:106FA000FFF7E0BF0748F1F78DFE21460648BDE830
:106FB0001040F1F787BE0548F1F784FE21460448EA
:106FC000F5E700BF42070120380701203D070120F7
:106FD000330701202DE9F74F052304226E460025D3
:106FE000CDE90023154FDFF86880DFF8689056F888
:106FF00004BB134BBBF1040F14BF3C464446204670
:1070000014BFCA469A46F1F765FE042810D12146FE
:107010005046F1F74DFE58B122465946094806F050
:10702000D9FC034620B10121074A08480CF022FF91
:1070300015B103B0BDE8F08F0125D8E7470701205F
:1070400038070120850304009603040094CA030056
:107050004C0701203307012010B592B004463822B6
:10706000002104A814F0F8FD00236A4600938DF86F
:10707000043002938DF80C30204602AB06A9F2F7DB
:107080009FFA034630B101210D4A0E480CF0F2FE82
:1070900012B010BD69469DF8180002AAFFF778FFEC
:1070A0009DF8183023B1FFF7A3FC074914F054FAF8
:1070B000022304A88DF81030FFF756FCE8E700BF64
:1070C0003904040094CA03006CCB00202DE9F74F6B
:1070D00005230422CDE90023224B187090B92248E1
:1070E00006F078FC034648B1204A214801210CF003
:1070F000C1FE6FF00D0003B0BDE8F08FFFF732FF67
:107100000020F8E76D4600241A4E1B4FDFF87C8004
:1071100055F8049B194BB9F1040F14BFB246BA4697
:10712000504614BFC3469B46F1F7D4FD042813D143
:1071300051465846F1F7BCFD40B152464946104809
:1071400006F048FC034618B10E4ACEE7FFF742FFAF
:10715000002CD5D10124DBE749460B4806F03AFC68
:10716000F0E700BF51070120760404008204040008
:1071700094CA030076CC00207BCC0020420701207B
:10718000AD040400D0040400C10404003D07012044
:1071900008B548B9054B1B7833B1FFF7E3FEBDE8EE
:1071A00008400120FFF792BF08BD00BF5107012032
:1071B000072810B50C4609D0092813D00121104A20
:1071C00010480CF04EFE6FF015000AE091B1084631
:1071D000F1F780FD0428F6D10B482146F1F772FD46
:1071E000002010BD51B10846F1F774FD0428EAD122
:1071F0000648F2E7044B00221A70F1E7034BFAE766
:107200005504040094CA03007BCC002076CC0020F7
:1072100010B504468EB038220021684614F01CFDDB
:107220000C4B21681A68914203D162685B689A42EC
:107230000DD00123206861688DF80030054B03C331
:107240002068616802AB03C36846FFF78DFB0EB090
:1072500010BD00BF84F9002038B50C46054640B982
:1072600031B30846F1F736FD082816D06FF0150047
:1072700012E0F1F72FFD0828F8D18CB12046F1F784
:1072800029FD0828F2D129460B48F1F71BFD2146BC
:107290000A48F1F717FD002038BD074B1D70F6E7CF
:1072A00029460548F1F70EFD0022044B1A70F2E75B
:1072B000014B1970F8E700BF80CC002089CC00207A
:1072C00010B538B31448F1F705FD04461348F1F73B
:1072D00001FD082C15D108280ED1104A0E4910487E
:1072E00006F078FB38B1012103460E4A0E480CF037
:1072F000C1FD6FF00D0010BD07490C4806F06AFB98
:10730000F0E7082802D105490948F7E7094806F0DF
:1073100061FBE7E70848FAE780CC002089CC002031
:10732000020504004905040094CA0300190504007D
:107330002B0504003E05040056060400002208B593
:1073400011460346034806F045FB002818BF6FF0BE
:107350000D0008BD780504002DE9F3411D4600230A
:1073600007460E4614460193F1F7B4FC082838D1BD
:107370003046F1F7AFFC082833D124B12046F1F7AD
:10738000A9FC08282DD13288B3780021ADF804205B
:1073900001A802228DF8063009F0CCFD274B02220D
:1073A00053F820800021F01C09F0C4FDB8F1000F53
:1073B0001CD14FF0FF332B60ECB12288A378ADF8DD
:1073C00004200021022201A88DF8063009F0B2FD48
:1073D0001B4B53F8206036BB01211A4A1A480CF0A7
:1073E00040FD6FF0150002B0BDE8F08100FB08F031
:1073F00028600130E0D03A88BB780021ADF8042045
:1074000001A802228DF8063009F094FD0F4B0222EC
:1074100053F820400021F81C09F08CFD5CB1444376
:1074200000206C60DFE702220021E01C09F082FDF1
:1074300070432860DFE74FF0FF34F1E7A4D3030087
:1074400084D303008D05040094CA030064D30300B1
:107450000023F0B593B00D460646CDE90433CDE9DF
:107460000733CDE90A338DF818308DF824308DF8C4
:107470003030019300285ED000295CD02F4CA02131
:1074800020462F4A237006F009FB034640B12D48E1
:1074900001212D4A0CF0EEFC6FF00D0013B0F0BD91
:1074A00021460DA8FFF76AF9012101AA0DA811F0E4
:1074B000D1FC034638B10121244A22480CF0DAFC01
:1074C0006FF04C00EAE7019B23F00404012C02D08A
:1074D00002211F4AF1E709276B460E2104AA0DA8D5
:1074E000009711F0BAFC034610B1184A2146E4E7B0
:1074F0006B460F2107AA0DA8009711F0AEFC0346BA
:107500000028F2D16B4610210AAA0DA8009711F0AD
:10751000A4FC03460028E8D102AB0AAA07A904A8E4
:10752000FFF71AFF10B10B4A0346DFE7029B3360F7
:10753000039B2B60B2E76FF01500AFE75207012005
:10754000AD05040094CA0300BA050400D705040081
:10755000FC050400C1FF03004FF0FF3307B5684688
:1075600001A9CDE90033FFF773FF48B14D3004D0D6
:107570000121054A05480CF074FC03B05DF804FBDA
:107580006846FFF745FEF8E73806040094CA030092
:10759000004870477CCB00207FB5014601A8FFF76B
:1075A000EDF80DF10202012101A811F050FC024694
:1075B00030B10649064811F0AFFD07B05DF804FB95
:1075C000044B9DF802001B689847F6E7600604002C
:1075D000B4CA03008CF9002037B50A2201A90B3088
:1075E00009F0A8FC05460198D0B103782C2B17D1DF
:1075F0000A220021013009F09DFC04460C4B1B6857
:1076000073B193F908209442F9D15B6853B9094BDF
:1076100093F90020A24203D15D70074808F058F8A2
:1076200003B030BD2A460021E0B29847EFE700BF23
:1076300090F9002092CC0020FCCF002010B5044629
:1076400068B14FF0FF324FF0FF33144811F09BFD4B
:107650000021134B1A6822B9104811F096FD002042
:1076600011E0944216D1226871B959681A608C42AF
:1076700000D15A6000230948236011F086FD20469E
:1076800014F0AAFA012010BD0A605A68944208BF9B
:107690005960EFE711461268DDE700BFC8CE002051
:1076A00090F9002038B50C2014F09DFA044698B1EA
:1076B0007F23002503724FF0FF324FF0FF33456008
:1076C000084811F060FD084B25605A6832B9C3E9DB
:1076D0000044044811F059FD204638BD14605C6038
:1076E000F7E700BFC8CE002090F900202DE9F7434E
:1076F000064600253B4F57F835903046494614F072
:1077000054FB4FEAC5080446019008BB0135072D1C
:10771000F1D13046344914F048FBB0B10A221030A0
:1077200001A9019009F006FC45B201980A22002146
:10773000013009F0F9FAC0B2002814BF0626072666
:107740002A4BEFB21C68002C3FD103B0BDE8F08398
:107750004846F1F7BFFA0346E35C2018202B01905E
:107760002DD10A2201A909F0E5FB44B247443F7933
:10777000012F12D11E4D95F90030A3420DD1019871
:1077800003782C2B1ED10A220021013009F0CCFAFB
:1077900040B2A870174807F09BFF144B1D68002DDE
:1077A000B7D06B684BB195F90800844201D0621CD8
:1077B00003D100223946C0B298472D68EFE74FF059
:1077C000FF34D3E74FF0FF30E3E763683BB194F950
:1077D0000820954203D10022314638469847246854
:1077E000B1E700BFC4D30300D507040090F900201F
:1077F00092CC0020E4CF002003460121014A024838
:107800000CF038BB9CFC0300F4CA030010B518B19F
:10781000BDE81040FFF7F0BF064806F0DBF803466E
:1078200030B1BDE810400121034A04480CF022BBEE
:1078300010BD00BFE6070400F2070400F4CA03000D
:10784000012838B5044601D0152813D11C4806F08C
:10785000C1F8034620B101211A4A1B480CF00AFB6B
:107860001A4806F0B7F8034620B10121184A164815
:107870000CF000FB1CBB4FF0FF334FF0FF321548FC
:1078800011F081FC144B1C680CB1256824B9114817
:10789000BDE8384011F079BC94F9080040B1636844
:1078A0001BB100220821C0B298472046FFF7C6FE50
:1078B0001DB12B682C461D46E8E72B46FAE738BD7C
:1078C000120804001D080400F4CA0300450804005F
:1078D00051080400C8CE002090F9002010B50446DD
:1078E00018B34FF0FF334FF0FF32134811F04BFC49
:1078F000124B1B680BB11A6853B90F4811F045FCC5
:10790000FFF7D0FEA0B1002344600372002010BD39
:1079100093F9081011B95B68A342F7D01AB1116846
:1079200013460A46E8E71146FAE76FF00D00EEE766
:107930006FF00B00EBE700BFC8CE002090F90020ED
:10794000F0B50027A1B004460D460297002942D0A9
:1079500030223946284614F07FF92E22394614A8E1
:1079600014F07AF902AE234611211C4A03A808F04C
:10797000CDFF1B49009614AB08AA03A806F076F9C0
:10798000041E0BDC14F14D0F05D001212346154ACE
:1079900015480CF06FFA204621B0F0BD14AB284614
:1079A000029908AA11F0BFFB2E22394614A814F040
:1079B00053F90E49009614AB08AA03A8029706F0E3
:1079C00055F9002805DD2846029914AB08AA11F0E4
:1079D000AAFB0024DFE76FF01504DCE709090400C7
:1079E0001909040058090400F4CA03007B090400C3
:1079F00070B50E46054686B098B10F2911D91621EB
:107A000068460B4A06F04AF8044668B98DF80F003C
:107A10006B4631462846074A08F078FF204606B0F4
:107A200070BD6FF01504F9E76FF00404F6E700BFCE
:107A3000A806040059DC0300014610B5064805F00D
:107A4000C9FF034630B1BDE810400121034A044894
:107A50000CF010BA10BD00BF59DC0300240A04006A
:107A6000ACCA030003460121014A02480CF002BAE5
:107A70009CFC0300ACCA030008B518B1BDE808407F
:107A8000FFF7F0BF0B4811F082FB0B4811F07FFBB2
:107A9000084811F07CFB074811F079FB054811F00C
:107AA00076FB044811F073FBBDE80840014811F073
:107AB0006EBB00BFCF1804004A0A04002DE9F04154
:107AC00084B004AF1E4615460346D7F81880002838
:107AD0005DD000295BD05468002C58D090680028F5
:107AE00055D0002E53D097F81CC02A4A91F800E0D8
:107AF000BCF1000F18BF1046DFF8B4C0CDE902405A
:107B0000BEF1000F18BF62463046CDE90012952144
:107B1000214A08F0FBFE9428044619DD6C4688B023
:107B20006B6804AA1D49C2E905134FF400739383DF
:107B30001B4B42F8103F00234FF4E2511948F4F771
:107B400037FFA5466FF00B042046BD46BDE8F08127
:107B5000002815DA6B686D468AB004AA1249D06114
:107B6000C2E905134FF400731384104B42F8103F21
:107B700000234FF411510B48F4F71AFFAD46E3E729
:107B800001230024C8E9006088F80830DCE76FF0C2
:107B90001504D9E7CF180400700A04008D0A040008
:107BA00003000001ECC90300CA0A0400040000013C
:107BB00046160400012307B5034A0093034B11F056
:107BC000FAFA03B05DF804FB14D40300CF180400E4
:107BD00007B50B46114601220092034A11F0EBFA59
:107BE00003B05DF804FB00BF08D4030070B5ADF529
:107BF000AB6D0E46DDF86C150546002936D01D48E4
:107C00000291002B08BF0346DDF8681504A8CDE9F2
:107C10000031194B40F2465153F82230174A08F010
:107C200075FE40F24553984204460ADD0121144A8C
:107C300014480CF016F96FF00B0420460DF5AB6DEF
:107C400070BD002806DA012103460F4A0D480CF0EA
:107C500011F9F2E7DDF870353146CDE900030B4A42
:107C6000284604AB11F0D1FA0446E6E76FF015049C
:107C7000E3E700BF030B040020D40300080B04005B
:107C8000580B0400ECC903008A0B0400FCD303006A
:107C9000132307B501920093034A044B11F0B5FA80
:107CA00003B05DF804FB00BF08D40300A90B040077
:107CB000024B1A78824218BF1870704701110120D8
:107CC00038B504460A480D46F1F704F8A84206D92B
:107CD00008480221084A11F0FEFA002038BD20466B
:107CE000034914F062F8003818BF0120F6E700BF1E
:107CF00095CC0020DCC90300240C040030B50446F8
:107D00000D4685B011491248F0F7D2FFD8B1114B9A
:107D100020460293104B2A460193104B0C491B68D6
:107D200000930023FFF762FF041E08DA23460121B7
:107D30000B4A0C4811F0D1FA204605B030BD0A4B71
:107D400000241D70F8E76FF08B04F5E7500C040079
:107D500095CC0020D50F0120CF1804009CF90020FD
:107D60005F0C0400DCC9030000110120002313B5DF
:107D7000CDE90033022304468DF80030064B6846F7
:107D80001B6898470420FFF793FF03212046FFF765
:107D9000B5FF02B010BD00BF98F9002040F2465375
:107DA00070B50D4C9942054601EB04060DD8A6426C
:107DB00001D8002070BD21462846321B10F0CBF9B7
:107DC0000028F7DB04D00444F1E76FF07900F1E715
:107DD0006FF00400EEE700BFFA09012010B500249F
:107DE0000120FFF765FF054B40221C70044B05493D
:107DF000184613F089FF80F8404010BD00110120A3
:107E000095CC0020500C040013B50378052B44D802
:107E1000DFE803F03D03231D2B2D05238DF80030F3
:107E20006423224C6846019323689847204B022123
:107E30001868FFF763FF60B11E4B1B784BB102233C
:107E400068468DF8003023689847FFF7C7FF02B0F7
:107E500010BD0320FFF72CFFF9E703238DF8003056
:107E6000124B68461B689847F1E70423F6E70121A7
:107E7000114A124811F02FFA0D4B1868FFF776FFE0
:107E80000028E4DA02B0BDE81040FFF7A7BF0522E2
:107E900043688DF800200193E2E70221084A074871
:107EA00002B0BDE8104011F018BA00BF98F90020E8
:107EB000A0F90020FF100120880C0400DCC9030099
:107EC000A00C04002DE9F04F9BB0DFF808A3044696
:107ED0009AF800600D4606AF5EB90221A14AA24899
:107EE00011F0F9F96FF0010B58465437BD46BDE863
:107EF000F08FDFF8E4920B78C9F80000072B0BD85D
:107F0000DFE813F0080047004B00F8010A000A0000
:107F10000A000202CB6913B14FF0010BE4E7012222
:107F2000924B032E1A701DD0042E30D09642F3D1FE
:107F30008F49FFF73FFE834658B18E4A31468A4843
:107F400011F0C9F95B468C4A0221874811F0C5F946
:107F5000A7E02046894A8A49FFF73AFE834610B1D6
:107F6000884AEBE7022688498848F0F7A1FE0028F6
:107F7000D2D031462046FFF7C1FE83460028CBD041
:107F800003460121824A784811F0A7F9DAE703266F
:107F9000E9E70022754B1A70BEE7D1E9018B4E6903
:107FA0005A4641467B4B754811F060F900283DD197
:107FB0005A464146784B714811F058F9002835D19E
:107FC0005A464146734B6A4811F050F970BB5A4605
:107FD0004146714B714811F049F9A8B95A464146DA
:107FE0006F4B6E4811F042F9002895D09AF8003096
:107FF000012B40F0478159464046FFF761FE0028BB
:1080000040F04581674A0CE09AF80030012B40F0BF
:108010009C8059464046FFF753FE002840F0DE8022
:10802000614A0221504811F056F992E09AF800A0F6
:10803000BAF1010F40F08D80DFF894813146D8F815
:10804000003020467B60FFF7A9FE834610B15B46F7
:10805000564A75E009230493554B31460393FF2399
:108060000293544B544801934FF48073CDF814801D
:10807000009307F10C02514B00F0C8F901280646A5
:1080800023D0002810DA031D012B0DD96FF03C0B13
:10809000034651464A4A344811F01FF97B68C8F834
:1080A0000030FFF79BFE1FE7DFF8E0A041225146BA
:1080B00007F10C0013F016FEC0B90221414A2A480C
:1080C00011F009F97B68C8F800302B7B012B0AD12D
:1080D0002B8BD9F80000BB8107F10C010FF0FDFEDE
:1080E00083460028DDD14FF0000BFDE640225046CC
:1080F00007F10C0113F008FE0023F01C8AF8403051
:1081000010D13346304A0121174811F0E6F82046D5
:10811000FFF72CFE8346BBF1000FC2DBBBF1010F62
:10812000D3D1F9E6311D02D13346284AEBE70121CC
:108130002046FFF7E3FD83460028C6D00346144AD5
:108140000121094811F0C9F8E5E7033B012B7FF64F
:1081500060AF31462046FFF721FE83460028B4D0A9
:1081600075E700BFBC0C0400DCC90300FF10012050
:108170006A100120DD0C0400590D0400400F01209D
:10818000060D04000C0D0400500C040095CC0020DA
:10819000320D0400CF1804001FE20300D50F0120A8
:1081A000140F0400BD0E04002D0E04007A0D04000F
:1081B000F1090120F2070120FA090120F10801204C
:1081C0009D0D0400BD0D0400E70D0400080E040021
:1081D0009CF9002001110120A0F900203146204621
:1081E000FFF7DCFD834600287FF431AF5B490A6866
:1081F00001320A605A4A1678022E23D0032E30D05C
:10820000012E37D10522C7E903005649564813F01D
:1082100069FD00285B460CBF1E224FF0FF32534918
:108220005348CDF800B011F0ACF9034608B1514AFB
:1082300069E70220FFF73CFD4F4B07F10C001B687C
:10824000984742E70123C7E903003B7302F06EFA47
:10825000494B38741B6807F10C009847FFF7BEFDC7
:1082600033E7FFF7BBFD454A4549D9F80000FFF762
:108270000FFD2AE70121434A434811F02CF86FF023
:10828000150B0EE7033B012B3FF663AFB3E600236C
:10829000C7E90333022301213C4A3B483B7311F0F9
:1082A0001AF82E4A314613682046013B1360FFF747
:1082B00075FD834610B10346354A41E76C4688B0E8
:1082C00006AA34495161344991614FF40071918398
:1082D000324942F8101F4FF4E25103462A48F4F79E
:1082E00067FB254BA5461B6807F10C0098476FF00C
:1082F0000D0BD6E6CB69002B3FF40EAE0121284AC8
:10830000214810F0EAFFEEE6D1F81CB0BBF1000FF7
:108310007FF4EAAD8B88B3F5046F06D06FF4046286
:108320001344022B7FF6DFAEF6E5144A1449FFF73B
:10833000AFFC834658B1034601211A4A124810F097
:10834000CCFFBBF1000F02DA5B46174AFCE50BF1EC
:10835000FF33D3F1000B4BEB030BC5E59CF9002079
:10836000001101206C0E0400F1090120F207012028
:10837000F1080120720E040098F90020400F01203E
:10838000060D0400A40E0400DCC90300FC0E04006A
:108390001D0F040059DC0300FA090120030000014D
:1083A0003F0F0400540F0400810F040010B5E8B122
:1083B000104B1B7843B102210F4A104810F08BFF7D
:1083C0004FF0FF34204610BD0D4B18600D4802F0F1
:1083D0006BF9044630B1034601210B4A074810F0FF
:1083E0007CFFEFE70120FFF763FCEBE76FF015047C
:1083F000E8E700BF011101209A0F0400DCC9030067
:1084000098F90020097E0200C80F04002DE9F04F02
:1084100089B015461E46DDF848B0DDF850A0179F1C
:10842000002800F0DA80002A00F0D780002B00F04E
:10843000D480139B002B00F0D080159B002B00F004
:10844000CC80002F00F0C98011F05AFA804640B964
:108450006FF00104404603F029FB204609B0BDE857
:10846000F08F5F4911F057FA0446002800F0B380FE
:108470005C4911F050FA814611F06BFA0028E7D000
:1084800028464122D9F8101010F029FF20465649FD
:1084900011F041FA054611F04EFA0028D8D06B6968
:1084A000204652493B6011F036FA044611F058FA62
:1084B00010B96FF00204CDE720464D4911F02BFAB8
:1084C000044611F04DFA0028F3D02046494911F036
:1084D00022FA49490746204611F01DFA4749054648
:1084E000204611F018FA46498146204611F013FA49
:1084F000044611F02EFA00283CD068460FF043FEE7
:1085000025692846F0F7E6FB6B460146002228461F
:10851000FAF7B8FEBDF806201699013292B28A42E7
:10852000BDF80A70BDF81250BDF8163050D80137AA
:10853000BFB25F454CD81D440135ADB2554547D853
:108540002369BDF804101598194410F0C8FEBDF851
:10855000083021693A461944304610F0C0FE2A46D8
:10856000BDF81030216901331944139810F0B7FE9B
:1085700000246FE7384611F0ECF9002899D028461E
:1085800011F0E7F9002894D0484611F0E2F90028EC
:108590008FD0D9F810402046F0F79CFB169B9842EC
:1085A00016D23869F0F796FB584511D22869F0F7D2
:1085B00091FB50450CD22146169A159810F08FFE6B
:1085C0005A463969304610F08AFE52462969CCE78E
:1085D0006FF003043EE701243CE74FF0FF343CE733
:1085E000ED0F0400F70F0400FD0F04000B10040052
:1085F0001710040020100400251004002A100400A5
:10860000AB17040000B589B020220021684613F0A2
:1086100023FB03238DF80030034B68461B68984703
:1086200009B05DF804FB00BFA4F9002010B588B0C4
:10863000044620220021684613F00EFB05238DF826
:108640000030044B68461B68ADF80440984708B0FA
:1086500010BD00BFA4F9002000B589B02022002180
:10866000684613F0F9FA06238DF80030034B68468C
:108670001B68984709B05DF804FB00BFA4F900200F
:1086800070B58CB002AC84E803006946042481E82C
:108690000C0004A82022002113F0DEFA009B029DAA
:1086A000039E0893019B3246284622498DF81040CC
:1086B00006950796099313F043FB70BB3246284694
:1086C0001D4913F03DFB50BB324628461B4913F0B1
:1086D00037FB30BB32462846194913F031FB10BB3B
:1086E00032462846174913F02BFBF0B9324628468C
:1086F000154913F025FBD0B932462846134913F02B
:108700001FFB00280CBF002307238DF81430104BEB
:1087100004A81B6898470CB070BD0123F5E702233D
:10872000F3E70323F1E72346EFE70523EDE706230D
:10873000EBE700BF751204009812040070DF03001D
:1087400018E2030057E20300331004004310040052
:10875000A4F9002013B500906846ADF80410ADF8F8
:10876000062002F0C9F9044620B102460349044834
:1087700010F0CCFD204602B010BD00BF5310040025
:10878000E4C9030010B5044688B0202200216846E1
:1087900013F062FA2378052B24D8DFE803F00307EF
:1087A0001612141D07238DF8003005E008238DF8FC
:1087B000003023798DF804300E4B68461B689847CB
:1087C00015E00923EFE70A23EDE701210A4A0B48E8
:1087D0000BF047FB0C23E6E70B238DF800306368B2
:1087E0000193E9E70121064A04480BF03AFB08B07F
:1087F00010BD00BFA4F900206F100400E4C90300FD
:108800008210040010B5044686B040B92348012107
:10881000234A0BF026FB6FF0150006B010BD1022A6
:10882000002102A813F018FA237D227E8DF808306B
:10883000E36802F001020393236960680493637E96
:10884000A1685B0003F0020313438DF81630237810
:108850000090022B019112D0032B12D0012B12D1C8
:1088600010480090F0F736FA0190E08A08B902F05B
:108870006BF9ADF81400684602F052F9CDE70A48EA
:10888000EFE70A48EDE708B10029EED103480121DE
:10889000074A0BF0E6FA6FF03C00BEE7E4C90300BC
:1088A000951004008A1101204611012002110120B7
:1088B000AE10040010B502F0FDF8044620B10246E7
:1088C0000249034810F022FD204610BDD6100400D6
:1088D000E4C9030010B588B0202200210446684690
:1088E00013F0BAF90D2301948DF80030FFF7E2FF81
:1088F000024B68461B68984708B010BDA4F90020D9
:1089000010B5FFF7DFFA041E09DA224606490748C8
:1089100010F0FCFC2046FFF7DDFF002010BD14BF67
:1089200001200020FAE700BFF8100400E4C90300AA
:1089300010B5044602460449044810F0E7FC2046FE
:10894000BDE81040FFF7C6BF1D110400E4C90300D5
:10895000202210B590B0044600210DEB020013F068
:108960007BF902231C22002104F0010401A88DF8E8
:1089700020308DF8244013F06FF901238DF8043076
:108980000B4B01A80493FFF73DFF044638B10246A4
:108990000849094810F0BAFC2046FFF79BFF07483A
:1089A00006F096FE064B08A81B68984710B010BD4D
:1089B000CF18040035110400E4C9030014D00020CE
:1089C000A4F9002010B502460C4649B10A461448E5
:1089D000144910F09BFC2046BDE81040FFF77ABF19
:1089E000114B1988814209D1197939B11C715B7910
:1089F000A3B9BDE810400020FFF7AABF59889142F3
:108A000005D1597919B100225A711B79F0E7044850
:108A1000064910F07BFC6FF00100DDE710BD00BFE0
:108A2000E4C9030065110400300201208A1104002A
:108A300038B5174B174C1968A1B1012340F6A512A0
:108A40002371154B22801868FFF784FE054648B154
:108A50002A461248124910F059FC2846BDE8384011
:108A6000FFF738BF4FF4F862012303210D486280FD
:108A70006371FFF76FFE05460028E9D123792BB912
:108A800063791BB9BDE83840FFF762BF38BD00BF4E
:108A9000CCF9002030020120D0F90020E4C9030005
:108AA0005A100400A8F9002010B5044648B1024647
:108AB00009490A4810F02AFC2046BDE81040FFF79B
:108AC00009BF21B1BDE810400120FFF741BFBDE85B
:108AD0001040FFF7ADBF00BFB1110400E4C90300AF
:108AE000F0B5044689B01C22002101A813F0B4F8A7
:108AF00034B160682468009058B9CDE901048CB99C
:108B00004B4B00932E2301934A4B0293082303936C
:108B100019E0F0F7DFF80546CDE901045CB900285B
:108B2000F2D1EDE72046F0F7D5F80390404B0093E3
:108B30002E23019305E02046F0F7CCF80390002D9A
:108B4000F4D00028E0D0029D41212B463A4A3B4810
:108B500007F0DCFE00284ADB2B464421384A39481E
:108B600007F0D4FE002842DB2B464421364A374822
:108B700007F0CCFE00283ADB354E2B464A21304622
:108B8000344A07F0C3FE002831DB334C3046266000
:108B9000F0F7A0F80126314F60602B464A21384695
:108BA0002F4A267207F0B2FE002820DB3846E76025
:108BB000F0F790F82B4F20612B464A2138462A4A7D
:108BC000267507F0A3FE002811DB3846A761F0F7F1
:108BD00081F8E061684684F8206001F09DFE04465B
:108BE00080B102462149224810F090FB07E06FF067
:108BF0000B0220491E4810F089FB6FF00B04204641
:108C000009B0F0BD1C4B186098804FF4702200230F
:108C10001A4806F091FD10F10B0F0446EFD1184AE7
:108C2000314613480BF01DF9FFF744FEE7E700BF9C
:108C3000D3110400021204000B1204008A11012057
:108C400025120400461101204212040002110120E5
:108C5000151201205F120400A8F90020CB11012099
:108C6000821204005F1201205ADF0300C8120400C0
:108C7000E4C90300A51204003002012014D0002032
:108C8000E712040008B510B14B1E072B07D907489F
:108C90000121074A0BF0E5F86FF0150008BD054B00
:108CA0001860054B00201960F8E700BFE4C9030015
:108CB0001A130400D0F90020CCF90020002330B5AD
:108CC00089B00093184B05460193184B0293184B3B
:108CD0000393184B0493184B0593184B0693184BAA
:108CE000079348B90121174A17480BF0BAF86FF0FB
:108CF0001504204609B030BD1448FFF757FB044661
:108D000028B102461249104810F000FBF1E7114B60
:108D10006846009301F0E6FD044610B102460E4994
:108D2000F1E70E4B1D60E4E7A98A02000586020008
:108D3000818602002D860200C58902005986020044
:108D4000318902002B130400E4C903008587020067
:108D500041130400018902005A130400A4F9002001
:108D6000F7B5044601900E4601A81949174610F0C0
:108D7000D2FA019D2B785B2B12D15D21284612F08F
:108D800087FFF8B10130441B631CBB421DD822464B
:108D90002946304612F039FF0020305503B0F0BDAF
:108DA0003A21284612F074FF0028ECD12F212846E2
:108DB00012F06EFF0028E6D12046EFF78BFF431C30
:108DC000E018E0E76FF01500E8E76FF00600E5E770
:108DD00044160400F0B585B001900E4601A81B4969
:108DE00010F099FA019B1B785B2B03D1184901A85D
:108DF00010F091FA174901A810F08DFA054608BB4A
:108E0000019F2F21384612F043FFC8B93846EFF7CB
:108E100061FF0446072C28BF07243946224602A8D2
:108E200012F0F3FE04F110030DEB0304002302A87B
:108E300004F8083C12F018FF3080284605B0F0BD59
:108E4000C41BE7E76FF01505F7E700BF4416040001
:108E500026E1030019E103002DE9F3410E4616490E
:108E60001746019012F0A1FF58B9144901A810F05B
:108E700052FA044660B16FF01504204602B0BDE816
:108E8000F0810F4901A810F046FA0028EDD0F2E772
:108E9000DDF804804046EFF71DFF431CBB4205464A
:108EA00006D802464146304612F0AFFE7455E4E75C
:108EB0006FF00604E1E700BF451604004616040003
:108EC000441604002DE9F04198460C4698B000AFD6
:108ED000054616460021542207F10C0012F0BCFE94
:108EE000C7F81480002C35D004214FF48053781833
:108EF0003B611E4A234607F009FD391D284607F14C
:108F0000080307F10C020BF04EFA044620B37B690C
:108F10006E46022B98BF164A8AB094BF52F823308F
:108F2000144B6A46C2E90730134B14495362144B81
:108F3000C2E9051542F8103F00234FF44351114890
:108F4000F3F736FD6FF07504B54620466037BD4631
:108F5000BDE8F0812146D1E7BD683046D5E906215C
:108F600012F053FE28460BF020FAEEE77D060400CF
:108F700040D403007E1304000002010386130400A2
:108F8000050000022CCA030038B505460068002819
:108F900014DB0BF010FA044658B113F079FA084BC1
:108FA0001B58092B05D00121064A07485C4210F0E6
:108FB000C4F94FF0FF332B60204638BD0024FBE797
:108FC0000C000000B21304002CCA03002DE9F04F7E
:108FD00091B002AFD7E91854B5F800A006468B4609
:108FE000C7E90023D7F86880BAF1000F47D1D8F855
:108FF00010302A46002B08BF0223204698F805109F
:10900000FFF760FF8146002839D0D8F81030CBB187
:109010006D468AB002AABE4BC2F81C90C2E9053464
:109020004FF400731384BB4B42F8103F00234FF4FE
:109030001151B948F3F7BCFCAD4648463C37BD4634
:10904000BDE8F08FEA468AB002AAB449D061C2E90D
:1090500005144FF400711184AE4942F8101F4FF40B
:109060001351AD48F3F7A4FCD54601232A46204608
:1090700098F80510FFF726FF81460028C8D12888F8
:1090800001281FD0022840F03D817B685BBA6B80CD
:109090001823BB605A463968F5F7C6FA002881469E
:1090A000306014DA13F0F4F99D4B01211B589D4AEE
:1090B0009948C3F1000910F040F9B9F1000F00F030
:1090C000158125E07B685BBA6B800823E1E798F89F
:1090D00005305BB30321944A8F483B6110F02DF9B2
:1090E00004234FF4826200930121484607F11003E4
:1090F000F5F790FBD0B113F0CBF9894A3B691258D0
:10910000012100928448894A0AF0BEFE6FF072097C
:109110003046FFF739FF2B88022B4B4640F0188171
:109120000321834A7C4810F008F99EE7BBF5817F54
:1091300004D040F211139B4540F0B580D8F80030C0
:10914000FB60002B00F0AF8098F80490B9F1000F9D
:1091500000F0A9800223D6F800A03B610423052279
:1091600000934FF48D71504607F11003F5F752FB51
:10917000002858D013F08CF98146DFF8A4A16D4A7D
:1091800050F80A300121644810F0D7F859F80A3035
:10919000C3F10009B9F1000FBAD1BBF5817F5DD1F0
:1091A0000120214607F112020BF007F901287AD0BD
:1091B0000220214607F112020BF0FFF8012872D0BD
:1091C0002046EFF787FDD6F8009002220090234654
:1091D0004FF48D714846F5F71DFB002863D013F05E
:1091E00057F9DFF83CA1C7F80CD08AB0814650F897
:1091F0000A3002AAD3614FF400734F491384454BE0
:10920000C2E9051442F8103F00234FF411514248BF
:10921000F3F7CEFB59F80A30D7F80CD0002B42D028
:10922000C3F1000974E74B460321444A3A4810F061
:1092300084F84FEA8903009301224FF48D71504660
:10924000FB68F5F7E7FA0028A7D013F021F9DFF85B
:10925000D0A0814650F80A30394A93E740F2111302
:109260009B4520D198F80E30EBB1022330683B616A
:1092700004230E2200934FF48D7107F11003F5F7CC
:10928000C9FA80B113F004F9254B012153F800A06D
:109290002C4ACAF100094B461F4810F04EF8BAF1AB
:1092A000000F7FF435AF294631F8040B282307F16E
:1092B0001002F7F737FEE94688B002AA224B536145
:1092C00007F1100393614FF4007393831F4B42F82F
:1092D000103F00234FF4E6510F48F3F769FBCD46EA
:1092E00030682946BA68F5F7D1F910B94FF000098E
:1092F000A3E613F0CDF80A4B1B58682B05D0C3F139
:109300000009DAE66FF0690902E76FF06E09FFE61F
:10931000D3130400040000012CCA0300FE13040050
:109320000C00000043140400651404007B140400C6
:1093300091150400A614040032150400D214040090
:10934000FF1404005E1504008015040003000001F2
:109350000121024A02480FF0F0FF6EE6C515040035
:109360002CCA03002DE9F341002506460F4614469A
:10937000A8460CB920460EE0002322463046CDE92F
:1093800000887919F5F7AEF9031E07DA13F080F8B3
:10939000044B1858404202B0BDE8F0811D44E41A65
:1093A000E7E700BF0C0000004FF47A73B1FBF3F263
:1093B00030B5002403FB1211594387B0431C0292BD
:1093C0000394049115D0102314220093012102ABC1
:1093D000F5F720FA58B113F05BF80446064D022168
:1093E0004359064A06480FF0A8FF6059404207B0AB
:1093F00030BD6FF01500FAE70C000000DF15040027
:109400002CCA0300431C07B50ED00023CDE900335E
:10941000F5F7CAF9002804DA13F03AF8044B1858A3
:10942000404203B05DF804FB6FF01500F9E700BFA0
:109430000C0000007FB5044600F55076012120465F
:109440000FF0BCFF30B14FF0FF324FF0FF3330462A
:1094500006F072F9022120460FF0B0FFC8B1D4F82F
:109460003C322046DB689847014668B120680FF01F
:1094700068FF0028E2D020680FF071FF012202216E
:1094800020460FF080FFD9E70422022120460FF08A
:109490007AFF032120460FF091FF30B14FF0FF32E9
:1094A0004FF0FF33304606F047F9042120460FF015
:1094B00085FF00284ED0D4F83C3220465B6998479F
:1094C000054698B310F1680F09D0014620680FF0E7
:1094D00038FF054618B120460FF086FFAEE720465C
:1094E0000FF04BFFD4F83C322046DB689847034628
:1094F0000028A3D00121354A35480AF0BBFC15F1FC
:10950000680F0AD1294620680FF01BFF28B90421F3
:1095100020460FF053FF0028E1D120460FF02DFF29
:1095200020680FF01CFF01220421A9E794F83832CB
:1095300083B1284A032126480AF093FC20460FF005
:1095400053FF0222CDE90155236803958DF80420CD
:1095500001A89847052120460FF030FF60B1637ED7
:109560008BBB20460FF009FF0122204605210FF09A
:109570000AFF20680FF0F3FE062120460FF01EFFC1
:1095800000283FF45BAFD4F83C3253B120460FF0D3
:10959000F4FED4F83C3220469B6898470023C4F878
:1095A0003C320621204600220FF0EDFE0023CDE9DB
:1095B00001330393042322688DF804300DEB03007C
:1095C000904704B070BD0322CFE700BF121604001D
:1095D0002CCA03002E1604002DE9F04FC5B0044636
:1095E0009946D0F83C3200AF00F556784046BB6053
:1095F00016464FF0FF334FF0FF328A460FF09FFEC2
:10960000012120460FF0DAFEB0B9032120460FF009
:10961000D5FE88B994F86C330121994A99480AF02B
:1096200029FC40460FF0ADFE4FF0FF35284607F508
:109630008A77BD46BDE8F08F032120460FF0BEFEBD
:10964000F860F0B14FF48072304607F11001FFF777
:1096500087FB50B101218C4A8A480AF002FC40463F
:109660000FF08FFE6FF01505E0E74FF4807204F104
:109670002C0107F1100012F035FBB0FA80F35B0902
:10968000FB604FF48072304604F12C01FFF768FB59
:10969000834630B1012103467C4A7A480AF0EAFB4E
:1096A000DDE7FF22304604F59671FFF7D5FB05464E
:1096B000B8B16C468AB06A46754BD661C2E90530CE
:1096C00040F201331384734B42F8103F4FF41151B1
:1096D0005B466C48F3F76CF94046A5460FF051FE27
:1096E000A4E7D64604F10C0CBEE80F00ACE80F006E
:1096F0009EE80F008CE80F0094F8283004F10C026B
:10970000C4E98B59C4F8345284F838527A6013B9DA
:109710000A2384F82830DFF8A8910023CB46C4F848
:109720003C325D4A5B4693450DD21A68314620466D
:1097300012683B6090470BF1040B3B680028F0D0A7
:109740001B68C4F83C32D4F83C32002B54D130466C
:10975000524912F02AFBC0B16C4688B06A46504BA1
:10976000C2E905364FF4007393834E4B42F8103F25
:1097700000234FF4E2514348F3F71AF94046A54657
:109780000FF0FFFD6FF07A0550E7DAF80030002B9C
:1097900046D09AF80410444A444B00290CBF924624
:1097A0009A46EB468AB06A46414BC2F81CA0C2E911
:1097B0000536404B1362404B42F8103F00234FF4F4
:1097C00022513048F3F7F4F8DD46334A9145CB4651
:1097D0000ED2DBF80030514620461B68984709F14D
:1097E00004092D4A0028F1D0DBF80030C4F83C32DF
:1097F000D4F83C32002BAFD0032120460FF0DEFD21
:10980000F8B1FB687BB10422032120460FF0BBFDB9
:1098100040460FF0B6FD04F5507005F059FF05E71E
:10982000DFF884A0BDE7BB685BB11B6920469847A1
:10983000BB6820469B6898470122032120460FF011
:10984000A2FD0222012120460FF09DFDD4F83C32FA
:10985000324620465B687968984706460028D7D08C
:109860000122022120460FF08EFD40460FF089FDB7
:1098700001213346114A03480AF0FCFA3546D5E681
:10988000511604002CCA0300691604008216040055
:10989000A316040004000001CC26040044160400B2
:1098A000CC16040003000001401604004816040012
:1098B000E61604000002010304000002131704006E
:1098C000C82604002DE9F04184B00E46D0E98B1380
:1098D0000446154600AF29B3E8468AB06A461448E4
:1098E000D161C2E9050364204343B3FBF1F3136282
:1098F000052342F8103F00234FF423510D48F3F79E
:1099000057F8C5460022C7E9026523683A71381D39
:10991000984710B120460FF067FD00201037BD4674
:10992000BDE8F0810321044A02480AF0A3FAE9E7FE
:109930003A1704002CCA03005817040070B50D46EE
:10994000044688B0002847D0002945D00B68002B7A
:1099500042D04B68002B3FD08B68002B3CD04FF49B
:109960001462002112F078F995E8070084E80700F6
:109970000122002104F5507011F059FD04F55676CE
:10998000304611F079FC4FF0FF324FF0FF33304694
:109990000FF0D5FC002200230025CDE906230E237D
:1099A0004FF4A062CDE90335CDE901550C4B00948D
:1099B00004F5886104F55C7006F04CF9C4F83804CD
:1099C000084911F015FE0123304684F86C330FF07E
:1099D000D8FC284608B070BD6FF01500FAE700BF4C
:1099E000359402006C1704002DE9F74389461646AA
:1099F0001F460446C8B3C1B3BAB3B3B300F5567833
:109A000040464FF0FF324FF0FF330FF098FC01213A
:109A100020460FF0D3FCA0B9032120460FF0CEFC66
:109A200078B994F86C3301211A4A1B480AF022FADB
:109A300040460FF0A6FC4FF0FF34204603B0BDE8CF
:109A4000F0833046EFF746F905463846EFF742F91E
:109A5000A168054402358D420AD90F4801210F4AF9
:109A60000AF0FFF940460FF08CFC6FF01504E4E7B4
:109A7000009733460A4A606806F048FF6268494624
:109A800020460A9BFFF7A8FD044640460FF079FCEC
:109A9000D3E700BF511604002CCA03007717040057
:109AA000AF17040038B506220D4601230446C0E96D
:109AB00097231F490822284612F014F948B10722BB
:109AC00028461C4912F00EF998B1237C8BB1E3684B
:109AD0007BB14FF48173C4F85C32E3680BB1237C33
:109AE0003BB915480221154A0AF0BBF96FF0150081
:109AF00038BD284604F51971FFF76CF950B1D4F858
:109B00005C32062B0AD0B3F5817F03D140F2BB1340
:109B1000A4F86432237E1BB90020E9E75023F7E75D
:109B2000D4F8603243F08043C4F86032F4E700BFF9
:109B300048160400401604002CCA0300B5170400A0
:109B400010B50C4608222046074912F0CBF840B168
:109B500007222046054912F0C5F8B0FA80F0400906
:109B600010BD0120FCE700BF4816040040160400A9
:109B70007FB500F10C03029300F12C03019300F276
:109B80006623009300F51676B0F86432D0E9971298
:109B900004463046FFF71AFA054680B9D4F8401259
:109BA000D4F85802FFF700FC054658B101210346DE
:109BB000074A08480AF05EF93046FFF7E5F92846FB
:109BC00004B070BD012384F8440284F88032F6E7C3
:109BD000DB1704002CCA03002DE9F04387B090F88E
:109BE0008032044604AF002B6FD00023C0F834321B
:109BF00080F85432D0F85C32B3F5817F10D1037E07
:109C000073B94369B3F5006F08D90221B34AB44868
:109C10000AF027F94FF40063636101E0002BF9D0EB
:109C2000D4E901016569D4F8306204F5967304F152
:109C30002C0C35B3D4F82C223544013D1AB1013A2D
:109C4000954228BF1546CDE90165A64ACDF800C06A
:109C500006F05CFE012384F845320023C4F8483244
:109C6000002802DBA36883421CD201219E4A9C4843
:109C70000AF0F7F86FF0670528460C37BD46BDE8D7
:109C8000F0833EB1CDE900C6984A06F03FFE84F865
:109C90004552E5E7964ACDF800C006F037FE84F855
:109CA0004562DDE702466168D4F85802FFF75AFBC7
:109CB00048B112F0EDFB8F4B1B5801218E4A8848AA
:109CC0000AF0D8F8D6E784F88002D4F83432D4E920
:109CD0000112D4F85802D21A1944FFF793FB051E5B
:109CE00014DA15F17A0F0CD1636953B1B3F5807FA3
:109CF00002D9803B6361BDE7083B082B6361BBD998
:109D0000B8E794F84432002BB6D0B3E7B2D0D4F819
:109D1000346294F854322E44002B40F0B181324624
:109D20007649606812F00CF8002876D0012384F898
:109D300054326368011DCD1A00210A46AA426068A8
:109D40006DD12A466E4911F0FBFF804678B16268FA
:109D50006C49821AAA1A11F0F3FF786038B10A220E
:109D6000391D08F1090007F0E5F8C4F850026FF456
:109D70009671D4F850325A18022A05D96FF49972A4
:109D80001344012B00F2D0802A465F49606811F02D
:109D9000D7FF8046002800F0C78062680130821A31
:109DA0005849AA1A11F0CCFF7860002800F0BC8056
:109DB00008F10C054FF000086E4688B080F800806E
:109DC00004AA524BC2E905354FF400739383504BFC
:109DD00042F8103F4FF4E65143464148F2F7E8FDA0
:109DE0002946B5462046FFF75DFE814668B38AB036
:109DF00004AA484BD561C2E9053040F2013313840F
:109E0000454B42F8103F43464FF411513448F2F7A6
:109E1000CFFDB5466FF04C052EE735468CE7835CE9
:109E200000EB020C0D2B09D00A2B07D049B93A2BB5
:109E300009D0A3F14101192998BF203300218CF8E2
:109E4000003001327AE70121FBE74FF480722846A7
:109E500004F12C01FEF784FF804668B18AB004AAA1
:109E60002E4BD561C2E9053040F2013313842A4BF1
:109E700042F8103F4B46C7E7FF22284604F596718B
:109E8000FEF7EAFFB8B18AB004AA254BD561C2E952
:109E9000053040F2013313841F4B42F8103F4FF45A
:109EA000115143460E48F2F783FDB54604F556704E
:109EB00005F08CFBAEE794F8813294F8282001334A
:109EC000DBB29A4284F88132BFF4D4AE0121154A44
:109ED000034809F0C6FF6FF01E05CDE60318040025
:109EE0002CCA03003C18040007190400871804005A
:109EF000D01804000C00000033190400CB18040033
:109F000059190400CD180400631904006F190400E6
:109F1000030000018419040004000001AD190400CD
:109F2000A3160400D6190400D4F82C326068C3B913
:109F300094F845322A467BB3684911F001FF80B19D
:109F400063686749C21AAA1A11F0FAFE804640B146
:109F500062686449821AAA1A11F0F2FE7860002839
:109F600032D12A466049606811F0EAFE38B1022118
:109F70005E4A5F4809F075FF012384F8443294F883
:109F80005432002B42D0D4F850323BBB594A012105
:109F9000574809F066FF3DE7574911F0D1FE002808
:109FA000DFD03A2111F074FE626880460028D8D0D4
:109FB000821A4C49AA1A11F0C3FE78600028D0D04A
:109FC000D4F83032C4F82C3208F1010011F04CFE04
:109FD000D4F82C320344C4F82C32C2E794F845225A
:109FE0006AB9D4F83022002A0CBFC822CE2293428C
:109FF00007D00121414A3E4809F03CFF0AE7CE2242
:10A00000F5E7D4F82C329BB93D4AC0E76568AB1937
:10A010009D427B6004D219780D2901D00A2911D103
:10A02000796811F8013C0D2B0ED00A2B0CD04D1B7A
:10A03000002DFFF621AEAE4209D10023C4F8343220
:10A04000002519E6013BE3E701397960E8E73DB116
:10A050006068761B3246411911F0E4FDC4F83462A1
:10A0600094F8543263B9A368D4F834229342E7D108
:10A070000121244A1E4809F0FDFE6FF00605FBE5AC
:10A08000D4F83032D4F82C2233449342354603D1ED
:10A09000012284F880220AE094F845223AB1D4F8EB
:10A0A0004822606932448242C4F84822F0D2002E2D
:10A0B0007FF7E2AD94F85422002AC1D03246C4F8AA
:10A0C000303220466168FFF7FDFBD4E98B329A42BB
:10A0D000B3D1012384F83832AFE700BFFD19040083
:10A0E00046160400CD1804001E1A0400321A04009B
:10A0F0002CCA03005A1A04000D1A04008B1A04001B
:10A10000AD1A0400BF1A0400002307B5CDE90033DF
:10A11000044B8DF800001B686846984703B05DF853
:10A1200004FB00BF24FC002008B50649064811F0D6
:10A1300029FA06490648FFF701FC10B90122054B30
:10A140001A7008BDB1A10200A0DE00208CCB002057
:10A15000D0DE0020A912012007B56FF001011148DF
:10A160000FF0EBF9104B1B7873B10022CDE9002200
:10A1700005228DF804300D4B68461B688DF80020D1
:10A18000984703B05DF804FB6FF0200105480FF01D
:10A19000D4F983064CBF0620012003B05DF804EB20
:10A1A000FFF7B2BFECF90020AA12012024FC002026
:10A1B000B0B584B02D4802AFD0E8AF3FDB0608D47D
:10A1C0004FF4004200232A4805F080FC0837BD46C2
:10A1D000B0BD6FF004010FF0B0F9381D00F018FDAC
:10A1E0000446D0B16D468AB002AA224B5361224B7D
:10A1F000C2E906304FF400731384204B42F8103F3D
:10A2000000234FF411511E48F2F7D2FB0523AD464F
:10A210001C4A1370FFF7A0FFD8E77D681A4B1B4A52
:10A2200000951B6812681A491A48FFF7DDFBB0B1A8
:10A230006D468AB002AA184B5361184BC2E906302A
:10A240004FF4007313840D4B42F8103F4FF411513B
:10A2500023460B48F2F7ACFB0223AD46D8E70321B7
:10A260002B460F4A064809F005FEAFE7ECF900203F
:10A27000A0DE0020F41A0400471D040004000001C1
:10A2800044CA0300AA1201201CFC002020FC00206C
:10A29000F4FB0020D0DE00201A1B0400371D040050
:10A2A000441B04007FB50446002800F02481037895
:10A2B000032B00F29F80DFE813F00400BA00A20035
:10A2C00012016FF002018D480FF037F9820740F15B
:10A2D00085808B498B480FF0D2F858B105228A4B04
:10A2E0001A706FF0040185480FF027F9002000F084
:10A2F000A5FC6BE0854BD4E901011B7863B100F04C
:10A3000049FC834D287050B9824A0121824809F0E6
:10A31000A8FD03227C4BE3E700F022FCF1E77F4B32
:10A320001B7830EA030209D07D4A009301210346DD
:10A33000794809F0A9FD0422734BD1E7704E794B9F
:10A340000021326800F032FC10F11B0F034601D1EE
:10A35000754ADAE7002807DA744A01216E4809F0E5
:10A3600089FD0622684BBBE7BBD103A800F050FC77
:10A370000028F6D1039B63B36048D0E8AF3F1B07CA
:10A3800013D56FF004010FF0D8F800F06FFC014610
:10A3900010B1674A0346E0E7624B3268287800F064
:10A3A00005FC0346D0B1634AD7E704210FF0BAF8A1
:10A3B00054480FF03AF84FF4004200235E4805F08D
:10A3C00085FB03215D4A544809F04BFD4FF0FF30F7
:10A3D00011E06FF0040149480FF0AFF8D4E9010132
:10A3E00000F020FC10F1160F034602D10321544A5D
:10A3F0008CE710B9002004B070BD524AADE70120CF
:10A4000000F01CFC034618B900F04AFC034608B1F2
:10A410004D4AA2E76FF0010138480FF08EF8102185
:10A4200036480FF07FF80120FFF76EFEE2E7474D58
:10A4300043682A687AB113F1680F02D013F10B0F49
:10A4400009D1022113463448414A09F013FD2B6813
:10A45000013B2B60CEE701213E4A2F4809F00AFD5F
:10A46000002000F0EBFB10F10D0F05D020B1012111
:10A47000394A294809F0F5FC6368234A13F16E0F45
:10A4800010DA13F17B0F1CDB01217B3301FA03F39C
:10A4900013F4A95F1CD113F0C00F1BD1D90710D53D
:10A4A000072318E013F1220F14D013F1210F0ADA59
:10A4B00013F16A0F11D004DB13F1680F0AD04D338A
:10A4C00008D0052307E013F1160F06D00733F7E78E
:10A4D000117006E70223137003E70823FBE7074C1C
:10A4E000102120460FF01EF8D4E8AF3F5B0781D45F
:10A4F000FFF732FE7EE76FF015007CE7ECF90020F5
:10A50000D4F90020D0DE0020AA120120AC120120D4
:10A51000AB120120621B040044CA0300D6CC002009
:10A52000751B040051950300A81B0400B61B040012
:10A53000CF1B0400F31B0400A0DE00201B1C040042
:10A54000401C04004E1C0400681C0400F0FB0020AA
:10A55000821C0400AC1C0400C61C04002DE9F04F52
:10A5600085B00D461E460446039200287AD0002985
:10A5700078D0414B1B68002B74D001213F480EF06E
:10A58000D1FF10EA010970D13D4F9DF83830052EFA
:10A590007B710F9BBB606BD86FF0100137480EF0DA
:10A5A000CCFF6FF0040135480EF0C7FF354B204655
:10A5B00083F80090EEF78EFB01462046F0F7D0FFBF
:10A5C00082462846EEF786FB01462846F0F7C8FF8C
:10A5D000DFF8CC808146D8F80020DFF8C8B092457B
:10A5E00003D1DBF80020904236D0082123480EF03A
:10A5F00099FF254BC8F800A01C60244BCBF80090B5
:10A600001D60039B43B13EB1214B03991846B20034
:10A6100011F0FBFA3E71386002211E4B9DF840207C
:10A6200019601D4B15481A700EF07CFF002322465E
:10A63000009313492B461948FFF7D6F9044638B161
:10A640006FF001010D480EF078FF14480EF0EDFE9A
:10A65000204605B0BDE8F08F6FF0080107480EF006
:10A660006CFFC6E76FF01504F2E76FF07704EFE7D1
:10A670006FF00604ECE700BF24FC0020ECF900209A
:10A68000F4FB0020AA12012020FC00201CFC00206A
:10A69000D8F90020F0FB0020D6CC0020D0DE00202E
:10A6A00018FC002014FC0020B0B500AF50B3174BCD
:10A6B0004FF400711860164800F01CFD0446B8B154
:10A6C0006D468AB06A46134B5361134BC2E906309C
:10A6D0004FF400731384114B42F8103F00234FF4E2
:10A6E00011510F48F2F764F9AD462046BD46B0BDA2
:10A6F0000C4B18700C4B1B78002BF6D1FFF714FD98
:10A700000446F2E76FF01504EFE700BF24FC0020D9
:10A71000F0F90020FB1C0400241D040004000001CB
:10A7200044CA0300AC120120A9120120014B187881
:10A73000704700BFAB120120014B1860704700BF8B
:10A7400098CB0020024B1A78824218BF18707047CD
:10A75000AD1A012030B53A4D0C462B6887B04BB985
:10A760002378092B09D8DFE803F00A1D28580808C8
:10A770000861086398470028F2D107B030BD6379BB
:10A7800073B90520FFF7DEFF6B68002BF5D0217948
:10A790006079003918BF012107B0BDE83040184783
:10A7A0000120EFE70120FFF7CDFFAB68002BE4D0DD
:10A7B000E06907B0BDE83040184763686269214925
:10A7C0000293A368B2F5006F0393049107D9EB6974
:10A7D000002BD2D0002007B0BDE8304018471A48FF
:10A7E0000DF0BCFC0028F2D1237B012B06D1238B7A
:10A7F000154801A9ADF804300DF06FFB6369EC68F2
:10A800000593002CB9D0DDE90201A44606AB13E99B
:10A810000C0007B0BDE8304060472B69002BACD07E
:10A82000E169A08807B0BDE8304018476B69F5E7DB
:10A83000AB69002BA1D007B0BDE83040184700BF7E
:10A8400028FC0020AE1A012048FC002007B5224C4D
:10A85000224D0023CDE900334FF0FF334FF0FF329C
:10A860001F4804F069FF0123ADF80430A36A009388
:10A870002B78032B08D0052B06D02B78062BE8D09D
:10A8800020460DF0F5FBE4E720460DF02BFC0246D8
:10A890000121684609F032FD0028EEDB07D1204691
:10A8A0000DF0FBFB0028E3D00B30E6D1E0E7BDF86C
:10A8B0000630DB0706D4BDF8063003F03803002B62
:10A8C000D6D0DAE720460DF024FC0028D5D12B782D
:10A8D000012BF0D8D1E700BF48FC0020AD1A0120C1
:10A8E0009CCF002038B50A4B04461B78012B0BD8AF
:10A8F0000FCC084D0FC594E80F0085E80F0001202C
:10A90000FFF720FF002038BD6FF05E00FBE700BFBF
:10A91000AD1A012028FC0020F0B55C4B05461C78E0
:10A92000ADB0012C40F0AE800369049343690593F8
:10A9300083690693C369564807930DF02EFA2E6873
:10A940005422002116A811F087F90021304603ABEC
:10A9500016AA199409F027FD20B145420120FFF7FE
:10A96000F1FE7CE0039B2BB39A68022A7AD108AFF0
:10A970003E46DC69221D1434BC461068516808321A
:10A98000ACE80300A2426746F6D1424F0CAA344617
:10A9900003CC944238607960264607F10807F6D167
:10A9A00018894BF222333C4908804B80282304311C
:10A9B000F6F7B8FA039809F0F8FC354C364B374AED
:10A9C000A365374BE366AB682365EB6863650423D7
:10A9D00084F88230334B23674FF48073C4E91E231D
:10A9E0006367314B6366314BA366012384F82430DF
:10A9F0006B6903B104ABE365EB6903B106AB236696
:10AA00001E2302200C93002301260CAAC4E90B0389
:10AA1000C4E90F236363A6632A6884F84C30626438
:10AA2000FFF790FE1A480DF0D0F90546002895D1A1
:10AA30000420FFF787FE0320FFF784FE3C2200235B
:10AA4000CDE91855CDE91623A06A102315220093ED
:10AA5000314616ABF3F7DEFE154804F039FE284602
:10AA60002DB0F0BD012A0BD1DA690B4952684A605A
:10AA700018894BF2223308804B8028230CAA96E7D2
:10AA80001B6870E76FF05E05E9E700BFAD1A0120B3
:10AA900048FC00203C02012038020120AE220120A7
:10AAA00055A70200AE230120A4CB00209CCB0020A0
:10AAB0009CCF002010B50D4B1B78052B12D1062022
:10AAC000FFF740FE00210A480DF02EFA044638B187
:10AAD0000120FFF737FE074B9B680BB120469847D4
:10AAE000204610BD6FF05E04FAE700BFAD1A0120EA
:10AAF00048FC002028FC0020C388014633B1064BE7
:10AB00001B78052B05D105480DF03ABA6FF01500FA
:10AB100070476FF05E007047AD1A012048FC0020BE
:10AB2000838A014633B1064B1B78052B05D10548B6
:10AB30000DF08DB96FF0150070476FF05E00704733
:10AB4000AD1A012048FC0020044B1888013080B267
:10AB5000012838BF01201880704700BF360201204D
:10AB60001F2910B504460BD900F0BCFA50B9204695
:10AB700000F074F940B90121044A054809F071F95F
:10AB8000002010BD0120FCE70220FAE7D01D0400E0
:10AB90000CCA030008B50121024A034809F061F913
:10ABA000002008BDD01D04000CCA030010B50446E7
:10ABB000012C10461A4603D0022C0FD10E4C05E092
:10ABC0000E4B1C680E4B9C4210D01C460B4B1C605D
:10ABD0000C4B19602368BDE8104018470A48012152
:10ABE0000A4A09F03EF96FF0850010BD054B1B685D
:10ABF0008B42EBD10020F8E77CD40300D4FC00208A
:10AC000064D40300B0CB00200CCA0300621B040014
:10AC1000034B1B680BB15B6818476FF00C00704763
:10AC2000D4FC0020044A126812B108B19368184796
:10AC30006FF00C00704700BFD4FC002010B5084B2B
:10AC40001B6853B1DB689847044620B10121054ACF
:10AC5000054809F006F9204610BD6FF00C04FAE72C
:10AC6000D4FC0020EE1D04000CCA030038B5094DC9
:10AC70002B6863B15B699847044630B10121064AED
:10AC8000064809F0EEF8204638BD2860FBE76FF073
:10AC90000C04F8E7D4FC0020EE1D04000CCA0300ED
:10ACA000034B1B680BB11B6918476FF00C00704712
:10ACB000D4FC002000487047DCFC002030B5134C69
:10ACC00085B02368DBB9E8B10568DDB14168C9B179
:10ACD0008268BAB1256002934369019303690093C6
:10ACE000C3680B48F2F78EFA044628B101210346E7
:10ACF000084A094809F0BEF8204605B030BD6FF09B
:10AD00000D04F9E76FF01504F6E700BFD8FC00204A
:10AD1000DCFC00200C1E040024CA030010B504460D
:10AD2000024809F002FA2060002010BDDCFC00207F
:10AD30000A4610B501460023064809F0B2F9044658
:10AD400028B101210346044A044809F093F820463B
:10AD500010BD00BFDCFC00202E1E040024CA03002E
:10AD600010B5044668B1002201231146074809F0D6
:10AD700098F9044628B101210346054A054809F01F
:10AD800079F80022044B20461A6010BDDCFC00203C
:10AD90002E1E040024CA0300D8FC002008B500239E
:10ADA000064883600361C36833B1416900F07EFAED
:10ADB0000022034B1A6008BD1846F9E7DCFC0020AE
:10ADC000D8FC002073B51F4A03211F4809F049F839
:10ADD00010F0F5F8024650B1112808D01B491A4866
:10ADE0000EF0DBFB6FF00D04204602B070BD184E74
:10ADF0000020336898473C2501A810F04BF8044622
:10AE0000B0B16B1C03D10120336898473C25112C4D
:10AE100007D0052C05D022460E490B480EF0BDFB8D
:10AE2000E2E74FF40040002110F093FC013DE3E71E
:10AE30000220336898470321074A034809F011F8B4
:10AE4000D2E700BF651E04001CCA03009C1E04005C
:10AE500008FD0020BE1E0400DB1E04004068024BFB
:10AE6000C31A5842584170476D6544752DE9F04149
:10AE700098B002AF2B4B07F10C08054640461A600C
:10AE800010F044F8044650B10246274927480EF016
:10AE900084FB6FF00D005837BD46BDE8F08107F127
:10AEA0003006CDF80080242325213046204A05F0C5
:10AEB0002DFDE84688B002AA1E4BC2E905364FF4C4
:10AEC000007393831C4B42F8103F4FF4E651234626
:10AED0001648F1F76DFD07F10800C5460FF0F8FFC1
:10AEE000024608B11549D1E7BB68AB4209D20F4809
:10AEF000009301212B46124A08F0C6FF6FF01A009A
:10AF0000C9E7381D0FF0C6FF20B1112806D0024650
:10AF10000C49BBE77B68B3F5201FBCD1FFF752FF9C
:10AF2000B9E700BF08FD0020F41E04001CCA03009E
:10AF30001E1F0400231F0400030000013E1F040025
:10AF4000721F0400A11F040008B50FF0A3FF30B169
:10AF50000246034903480EF020FB6FF00D0008BDC8
:10AF6000A11F04001CCA0300F8B506460F4603F0F3
:10AF7000FBFE024648B110F1780F06D01C491D486F
:10AF80000EF00BFB6FF00D00F8BD01251A4B394692
:10AF900030461D700FF0D6FF041E02DA2246174914
:10AFA000EDE71FD02246164912480EF0F6FA012CA2
:10AFB0001AD0A31E0C2BE5D8A54015F40A7F0ED19C
:10AFC00015F4904F04D1022CDCD16FF00600DBE7C2
:10AFD000FFF7F8FE39463046FFF7C6FF10B16FF0B5
:10AFE0001500D1E70020CFE76FF00B00CCE700BFE2
:10AFF000D51F04001CCA0300AE2401201220040047
:10B000003720040008B503F0DFFE38B102460549D9
:10B0100005480EF0C2FA6FF00D0008BD034B187022
:10B02000FBE700BF542004001CCA0300AE2401202B
:10B0300010B50FF0ADFF1328044608D101210B4ACB
:10B040000B4808F00EFF6FF01504204610BD38B114
:10B050000246084906480EF0A0FA6FF00D04F4E726
:10B060000321054A024808F0FCFEEEE787200400B1
:10B070001CCA0300C1200400F420040008B5074BDB
:10B080001B781BB9BDE808400FF099BF0020FFF7FF
:10B09000B9FF0028F6D06FF00D0008BDAE240120E6
:10B0A00000230321014A024808F0E4BE3A210400CB
:10B0B00014CA030013B50021084609F057F90446E5
:10B0C00048B1002300900121044A054808F0DCFE45
:10B0D000204602B010BDFFF7E3FFF9E7742104003A
:10B0E00014CA03000068024BC31A58425841704703
:10B0F0003DB8F39640B110F0030305D1044A106047
:10B10000044A1846116070476FF01500704700BF81
:10B1100014FD002010FD0020F0B58BB000252C4A56
:10B120002C4C15602268034602AF52B901212A4A0D
:10B130002A4808F096FE6FF0120420462437BD46D8
:10B14000F0BDB0F5F02F0AD94FF4F02201210092A2
:10B150002248234A08F098FE6FF01A04EDE7214ECA
:10B1600030460FF078FF0346A8B96C4688B002AAB3
:10B170001D4951611D4991614FF4007191831C4932
:10B1800042F8101F4FF4E2511448F1F711FCA546A4
:10B190006FF00D04D1E7174B4FF40822C7E90136D1
:10B1A0002368381DFB60144BFD611B683B614FF445
:10B1B000F023C7E90523FFF781FD041E06DA01210C
:10B1C00023460E4A054808F055FEB6E72C46B4E77C
:10B1D0000CFD002014FD00209F21040014CA030070
:10B1E000D3210400FCC5030005220400282204002A
:10B1F000030000013C22040010FD00204522040051
:10B2000010B50446FFF78AFD20B9034A2368126887
:10B210001344236010BD00BF0CFD002030B4064A6B
:10B22000064C136824680B44B3FBF4F504FB153398
:10B23000136030BCFFF77CBD0CFD002010FD00202A
:10B2400038B50546FFF78CFD044638B103460D4A74
:10B2500001210D4808F00EFE204638BD65B10B4BAC
:10B260001860FFF727FD0A4900F020F8044600287F
:10B27000F2D0084A0346EBE70321074A024808F0E8
:10B28000F0FDE9E76622040014CA03000CFD00206B
:10B29000FFFF0F0086220400A52204000022024BBB
:10B2A0001A60FFF77BBD00BF0CFD00207FB505468F
:10B2B000C06801AA0DF01BF9044640B10121034604
:10B2C0000D4A0E4808F0D6FD204604B070BD019925
:10B2D0002B6A8B42F8D0E868029A08F028FF0646ED
:10B2E00038B101210346064A044808F0C3FD34463C
:10B2F000EAE7019B2B62E7E7BCE8030004CA03000E
:10B30000D72204002DE9F043224885B00EF052F90F
:10B31000002604461F4B204FD3F83880DFF880907A
:10B32000B04503D8002005B0BDE8F083636A97E814
:10B3300007001D6801AB83E807000C221946284668
:10B3400010F096FC78B975B122692B699A420AD13E
:10B35000AB69A2699A4206D8E2699A4203D9636945
:10B360006A6993430CD0256A75B10C4808F0E9F876
:10B37000002383F31188BFF36F8F0423184602DF85
:10B38000E36801361C44CBE7484608F0DAF8636A04
:10B390001D60F5E7008201003CCB03000923040097
:10B3A0003223040010B5074907480EF012F904468D
:10B3B00028B101210346054A054808F05BFD2046F7
:10B3C00010BD00BF21B6020018FD00206523040057
:10B3D000ECCA03002DE9F041DFF840820D46D8F8B1
:10B3E000704000AF072C00F008065BD0132C00F073
:10B3F000A080052C40F0B980D8F854806C496D4885
:10B400000EF0E3F818F4805F41D06B4969480EF004
:10B41000DCF8172418F4006F04D0684965480EF072
:10B42000D4F8182418F4007F0ED0654961480EF056
:10B43000CCF8644B18F4004F9B6B04D00121624A96
:10B440005C4808F017FD192418F4806F04D05F4998
:10B4500058480EF0BAF81A2418F4807F19D05C49C5
:10B4600054480EF0B2F81B24EB69002E40F09B808C
:10B47000C3F3080222B96FEA53236FEA4323EB6157
:10B4800029462046F1F730FFBD46BDE8F08116247D
:10B49000C0E718F4005FE7D04E4946480EF095F833
:10B4A0001C24E1E7D8F85C4042484B490EF08DF887
:10B4B000600606D5D8F868300121484A3D4808F0B2
:10B4C000D9FCE10705D546493A480EF07EF8262416
:10B4D000CAE7A20705D5434936480EF076F8272477
:10B4E000C2E7630705D5404932480EF06EF82824BC
:10B4F000BAE7200705D53D492E480EF066F8292405
:10B50000B2E7E10605D53A492A480EF05EF82A244A
:10B51000AAE7A20605D5374926480EF056F82B248F
:10B52000A2E723063DD5344922480EF04EF82C24DC
:10B530009AE7D8F86C8031491E480EF046F818F0AA
:10B54000020F03D02E491B480EF03FF818F0010FF0
:10B5500003D02C4917480EF038F818F0040F83D0A8
:10B56000294914480EF031F87EE7284A284BE8466E
:10B570008AB00F2CC8BF13466A462649103CC2E960
:10B5800005134FF400731384234BD46142F8103F2A
:10B5900000234FF411510748F1F70AFA0024C54679
:10B5A00062E7252460E723F4FF7323F0010366E7D5
:10B5B00059ED0300ECCA03006FED0300D3EB030069
:10B5C00080ED030000ED00E099ED0300AEED030017
:10B5D000C9ED030033EC03009F230400B8230400EB
:10B5E000C8230400DE230400FC2304001724040005
:10B5F0003424040049240400632404007624040055
:10B6000090240400C0240400EE240400F6ED03009E
:10B61000E1ED0300D7EE03000400000118FD002057
:10B6200000B5104B9BB05A6AD86C00929A6A20F011
:10B6300005000192DA6A694602921A6B03925A6B0C
:10B6400004929A6B0592DA6B06921A6C1B6D079244
:10B650009B0748BF40F00400FFF7BCFE1BB05DF83D
:10B6600004FB00BF18FD0020F0B585B06E46816870
:10B670000546103921F0070408F000FD32460A4B58
:10B6800003F1100C374618685968083303C763453F
:10B690003E46F7D110232146284608F0B9FC003871
:10B6A00018BF012005B0F0BD4ED7030030B50D46E0
:10B6B000816887B0102302AA1039044608F093FC71
:10B6C000002802DA012007B030BD1022204602A96E
:10B6D0000DF0ACFF00283AD110221E4902A810F04C
:10B6E000C7FA00280CBF012302232B7020460DF05F
:10B6F00097FF012301460DF10702204608F073FC75
:10B700000028DFDB9DF80730204603F00F021B09FD
:10B710006A702B7101220DF107010DF087FF10B93E
:10B720006B78042B03D901236B7000232B71A26863
:10B730002046183A22F00702083AA91C0DF089FFAA
:10B740000028BFD12046E91C0DF0DCFFBBE7032336
:10B75000CBE700BF4ED7030013B50C4B0C4603EBF1
:10B76000C00001A90079F1F76DFC014660B9221E05
:10B7700018BF012201980DF0E2FF0446019808F07D
:10B7800031FC204602B010BD0124FAE794D4030036
:10B790002DE9F041A2B005460E46174698460FF037
:10B7A00021FF70B9114B1B785BB14FF0FF324FF0A6
:10B7B000FF330F4803F092FE044618B16FF0830583
:10B7C00010E00124684608F0D5FC42463946304670
:10B7D000289BA8470546684608F0E4FC14B90448CD
:10B7E00003F0F4FE284622B0BDE8F081BD2401201C
:10B7F00040CF0020002300B589B0CDE9063303AB6C
:10B800000493042303900593A9B10B6806934B6836
:10B8100007930223111E18BF01210848CDE900211A
:10B8200040F2F53104AA00F02FF80028B8BF01203B
:10B8300009B05DF804FB0123ECE700BF05010040FF
:10B8400070B5402696B006AB05460C463246002140
:10B85000184610F001FA4FF48072CDE90206CDE9E6
:10B860000454ADF8402054B1012304AA00920021F1
:10B870000448019302AA00F007F816B070BD2046F4
:10B88000FBE700BF0001004010B4B1F5004F029C7F
:10B890000FD2042B0DD8042C0BD8240444EA0364E3
:10B8A000134644EA010201465DF8044B0348FFF7E2
:10B8B0006FBF6FF080005DF8044B7047217C010082
:10B8C0002DE9F0470A688B6806465C1CD018D35CEB
:10B8D0000F46222B144440F0E18025460023D1F886
:10B8E00004C0A91A614580F0D9802978222919D18C
:10B8F000C3F10103281A3A69184490478146002889
:10B9000000F0CC808046AC4216D3002388F800308B
:10B9100010230120C6E903393B68ED1A0135BD60EB
:10B92000BDE8F0875C2905D10135A91A614580F091
:10B93000B58001330135D4E723785C2B06D0013480
:10B9400008F1010288F800309046DCE76378752B37
:10B950000AD86D2B0FD8622B2AD023D82F2B39D0A1
:10B960005C2B37D0222B35D048467B6998473B6803
:10B97000E41ABC6095E06E3B072BF5D801A252F8A3
:10B9800023F000BFBDB9020069B9020069B9020025
:10B9900069B90200C5B9020069B90200CDB9020057
:10B9A000DBB90200662BDFD10C2308F1010202E0B3
:10B9B000082308F1010202210C44C3E70A2308F11D
:10B9C0000102F8E70D2308F10102F4E7092308F169
:10B9D0000102F0E708F10102EDE72B1B052BC3DDA7
:10B9E000A01C0DF005FFA0F55C43B3F5806F824607
:10B9F000BAD3A0F55843B3F5806F2CD2A31DEB1A30
:10BA0000052BB1DDA3795C2BAED1E379752BABD1DE
:10BA100004F108000DF0ECFEA0F55C43B3F5806F77
:10BA2000A2D20C21204BC0F3090003EA8A2303436E
:10BA300003F5803AF020042202F1FF3C58FA8CFC16
:10BA4000E0455FFA8AF320D1012A14BF034303F0D3
:10BA50007F034244B0E77F280BD9B0F5006F0CD3C9
:10BA6000B0F5803F0DD3B0F5881FBFF47DAF062140
:10BA7000E0E7062100200122DEE70621C0200222A5
:10BA8000DAE70621E0200322D6E703F03F0363F064
:10BA90007F030CF801394FEA9A1AD1E7002C7FF4A2
:10BAA00066AF00203CE700BF00FC0F0070B5044605
:10BAB0000F4D04B970BDE3682668D90504D4A068A9
:10BAC00070B920696B6888B9E3689B0503D4206A64
:10BAD00008B16B68984720466B6898473446E8E79A
:10BAE000FFF7E4FFE368DA05EBD5EDE79847EBE70E
:10BAF000B4CB00202DE9F04305464FF0000989B092
:10BB00002F4F0C46164600211C2201A8984610F023
:10BB1000A3F8C7E9009925B90024204609B0BDE87B
:10BB2000F083002C3DD0274BCDE9015493E807006A
:10BB300008AB03E907000DF0C7FE0446002830D02B
:10BB4000019850B1039BE3B9029B042B04D9032253
:10BB50001D4910F0C7F888B101A80DF068FE014634
:10BB60002046EDF7D9FDC8B1B8F1000F0BD1002E7A
:10BB7000D3D0019B039A13443360CEE7032303938E
:10BB8000EAE74846E9E701A80DF051FEDDE90223A6
:10BB9000934203D2019AD35C002BE8D02046FFF7F2
:10BBA00085FFDDE90223934201D332B1531E0EB16A
:10BBB000EA183260C7E90053AEE71346F7E700BF63
:10BBC0008CFD0020B4CB002041250400054AD2F8AA
:10BBD000883043F47003C2F88830BFF34F8FBFF34F
:10BBE0006F8F704700ED00E030B50468ACB1B4FA77
:10BBF00084F30122C3F11F03DBB29A4024EA02025C
:10BC0000D0E8EF5FA54204D1C0E8EC2FBCF1000FF3
:10BC1000F6D1EAD102480B7030BD0248FCE700BF04
:10BC20000000AD0B0200AD0B10B50368CB40DB0785
:10BC300010D401238B40026843EA0201D0E8EF4FA1
:10BC4000944204D1C0E8EC1FBCF1000FF6D1F2D150
:10BC5000014810BD0148FCE70000AD0B0400AD0B2E
:10BC6000014BC3F8040570470070014001460148CC
:10BC700000F01AB9C0CB0020F7B5064618B301286A
:10BC80001FD104224FF48073014629480025C0F8D3
:10BC90000813012142F2107402F1804203F1804343
:10BCA00003F5A04302F5A04211601D608E421B689F
:10BCB0001F4F8DF8071008BF0DF1070546B1012E83
:10BCC00023D003B0F0BD0C224FF482730221DCE7D5
:10BCD000D7F8183403F480333DB9002BF1D001209C
:10BCE0000DF046FE013CF3D1EBE7D7F8182402F043
:10BCF00003022A70002BE4D09DF807000128E0D150
:10BD00000DF036FE013CD9D1DBE7D7F80C3403F453
:10BD100080333DB9002BD4D001200DF029FE013C29
:10BD2000F3D1CEE7D7F80C2402F00102E1E700BF1F
:10BD300000500040044B1A7922B9012218601A7190
:10BD4000024870470248704794FD00200000AD0B88
:10BD50000C00AD0B08B5074B1B6833B10520F1F79C
:10BD6000D3FE10B90520F1F7ADFE0122024BC3F856
:10BD7000182508BD94FD00200050004010B510B1FA
:10BD8000012848D010BD294BD3F81814D3F8182433
:10BD9000C90324D502F00303022B05D0012B02D0E6
:10BDA0000020FFF769FF0123204A0220C2F818355E
:10BDB00008224FF48273002103F1804303F5A0436E
:10BDC00019601C68012402F1804202F5A04214604F
:10BDD000174A12681AB3154BC3F80403D2E7D3F815
:10BDE0001424D207DFD5D3F81C2402F00302013A51
:10BDF000012AD5D80E4A12681AB10222C3F80423C8
:10BE0000C0E7D3F80421002AFBD00022C3F80421A4
:10BE1000D3F80431B6E700224FF48073CBE71A68F9
:10BE2000002AFCD019601B68ACE700BF005000403E
:10BE300094FD0020F8B50126194C1A4FD4F804538C
:10BE400005B9F8BDB5FA85F0C0F11F00830003F510
:10BE500080739BB203F1804303F5A04306FA00F21E
:10BE60001968D2B225EA02050029E9D00021022A88
:10BE700019601B68C4F808230DD1D4F81834D4F81D
:10BE8000183403F00303012B05D1C4F81825C4F8B6
:10BE90000423A360D4E73B68C0B29847D0E700BF53
:10BEA0000050004094FD00200079024B03EB00108D
:10BEB000FFF79ABEC8CB0020036803F01F025B099E
:10BEC0000260024818BF0020704700BF0025844070
:10BED00070B50D4C00F1080334F813300546DA054F
:10BEE0000E4607D5C3F3432304EBC302526854F84C
:10BEF00033309847A3682BB131462846E268BDE845
:10BF00007040184770BD00BFD8CB0020024611F02A
:10BF1000010004D003490B6A13600B6203B90020CF
:10BF2000704700BF0025844010B4134AC0B20830E7
:10BF300032F81030D9051CD5C3F3432123F4F8534C
:10BF400022F81030002002F10E0434F8023F13F4FE
:10BF5000807F03D0C3F3432399420AD001302028C5
:10BF6000F3D1002342F8313004485DF8044BFFF769
:10BF70005BBE5DF8044B7047D8CB002030CC00206E
:10BF8000F0B5054600200126044607468C420BD139
:10BF9000114BD3F87C2132B10022C3F87C21D3F8B5
:10BFA0007C3140F00040F0BDE3B29B0003F58072AD
:10BFB0009B0806FA03F31D420BD002F1804202F502
:10BFC0004432D2F800C0BCF1000F02D017601268F2
:10BFD00018430134DAE700BF00100340CBB2024639
:10BFE00008460D49083331F81330990611D59907E1
:10BFF0000FD4012110685B0B9940C0F80813126838
:10C0000002EB8303D3F8102522F00302C3F81025B6
:10C01000704700210DF000BDD8CB0020F7B5194EB8
:10C02000CDB2083536F815300746DB070C4626D565
:10C03000FFF7D4FF36F815309A0608D55A0B3B683F
:10C0400003EB82030022C3F81025C3F81025204615
:10C05000FFF76AFF002301A826F815300194FFF7C7
:10C060002BFF019B00EB8300D0F80022064B13400E
:10C0700043F00203C0F80032044803B0F0BD0448A6
:10C08000FBE700BFD8CB0020F0F8FCFF0000AD0BB1
:10C090000400AD0B2DE9FF41136807460C46164618
:10C0A000FBB1DFF84481CDB2083538F8152002F035
:10C0B0002202222A22D000222046CDE900228DF839
:10C0C0000E208DF80F200DF10E010DF10F020DF075
:10C0D0005AFC38F8153023F0020343F0010328F826
:10C0E000153073684BB31A785868DFF8FCC0E3B2B8
:10C0F00008333CF813108D0702D5B0B138481FE063
:10C1000021F02001C904C90C2CF8131068B1032ACE
:10C11000F4D870683D68406890F800E005EB8E0543
:10C120008AB9C5F81025C5F810253CF8131021F080
:10C130001C0141EA82022CF81320B3682BBB29486A
:10C1400004B0BDE8F081D5F8108541EA4E3128F001
:10C150000308C5F810853D6841F0200105EB8E0508
:10C16000D5F810052CF8131020F4473020F4407057
:10C17000C5F810052002D5F8107500F4F85040EA13
:10C1800002403843C5F81005CFE72046D3E90067E1
:10C19000FFF7CAFE002ED2D0134DD5E900239642F8
:10C1A00003D19F4201D1002209E010480DF10F0197
:10C1B000FFF71AFD0B4B9842C2D19DF80F20E4B255
:10C1C00005EBC20308345F6035F8143045F832607F
:10C1D00043EA422343F4807325F81430AFE700BFED
:10C1E0000400AD0B0000AD0BD8CB002030CC0020FC
:10C1F0002DE9FF4107460C461E4612B3DFF8D480F6
:10C20000CDB2083538F81530980701D4990621D4F5
:10C2100013F01C0F02D05378012B1BD001238DF893
:10C220000F3000232046CDE900230DF10F01931CB0
:10C2300001320DF0A8FB38F8153043F0030328F85D
:10C240001530002E44D0234DE1B2083135F81120CD
:10C25000930703D4204804B0BDE8F081002096F88D
:10C2600000E03B6822F02002D20403EB8E03D20CE4
:10C27000C3F8100525F81120C3F8100596F801C081
:10C280004FEA8E08BCF1000F22D03868B6784044DF
:10C29000D0F810354FEA0C4C23F4981323F4F853DC
:10C2A000C0F81035230203F4F8530CF4403C360573
:10C2B000D0F8107543EA0C0306F48016334342EAC3
:10C2C0004E323B4342F02002C0F8103525F81120D1
:10C2D0000248C0E7D8CB00200400AD0B0000AD0B36
:10C2E000014BC3E902127047D8CB0020054BC9B2FD
:10C2F000083133F81130990643BF5B0B02481370C5
:10C3000002487047D8CB00200000AD0B0400AD0BF5
:10C3100070B5154D064695F860401CBB214640227D
:10C3200005F110000FF098FC214630682E6D8E420A
:10C330000ED10023C0F87C31D0F87C3140F30730B7
:10C34000F1F7C0FB0123094885F86030AB6570BD8B
:10C35000CBB29B0003F580727C2B04BF84508358C2
:10C360000131E4E70248F2E7D8CB00200000AD0B32
:10C370000C00AD0B034B93F86000003818BF012090
:10C38000704700BFD8CB00200148FFF74DBC00BF6D
:10C390002CCC00200148FFF727BC00BF2CCC00208C
:10C3A00073B503680C46D3F804130029A4BF4FF0FB
:10C3B0000041C3F804131E49E3B2083331F81330C7
:10C3C00099061AD513F0020617D15B0B05689C007D
:10C3D00004F580716E50695801682144D1F8104508
:10C3E00044F00104C1F810452AB10122016802FAA3
:10C3F00003F3C1F8043302B070BDC3F38203042B0E
:10C4000011D0052B11D001A80194FFF755FD019A19
:10C410000369D34003F00103991C204602B0BDE834
:10C4200070400DF0F9BA0321F7E70221F5E700BFEC
:10C43000D8CB00202DE9F347534B544FD3F80403D6
:10C44000396DC0B240F00040FFF79AFD051E18DAC2
:10C4500000236846F96D00934FF00108FFF756FD81
:10C4600097F85C30DA0757D4396D4FF00040FFF78A
:10C4700087FD6846F96DFFF749FD0028F0D125F0EA
:10C4800000450124002D66D102B0BDE8F08794FA82
:10C49000A4F4B4FA84F4E00804F1080337F8139024
:10C4A00004F007021DF8003008FA02F223EA020342
:10C4B0000DF8003001A80194FFF7FEFC019B4FEA44
:10C4C0009901803350F82360C9F3820A4B07D146A3
:10C4D000C6F3014624D520465146FFF7F9FC01A8D2
:10C4E0000194FFF7E9FC019BF6B2803350F823304A
:10C4F000C3F301439E4207D1002120460DF08CFA80
:10C50000314620460DF088FA01A80194FFF7D4FCCB
:10C51000019B08FA03F30362009C002CB7D1A3E748
:10C52000022E0CD1032120460DF076FA0AF0050305
:10C53000012BE9D149462046FFF7CAFCE4E7022176
:10C5400020460DF069FABAF1030FF3D0032EDBD1C8
:10C55000BAF1020FEDE795FAA5F3B3FA83F304FA03
:10C5600003F29B0003F1804303F54433D3F8100535
:10C57000D3F81015C0F30420C1F3014125EA0205E8
:10C58000FFF7A6FC7EE700BF00100340D8CB0020D9
:10C5900070B5084C0E462379154643B92A20F1F7A9
:10C5A00091FA0123044823712660A56070BD0348F9
:10C5B000FCE700BF9CFD00200000AD0B0C00AD0BA4
:10C5C000002330B50D4A50F8234003F5A271013322
:10C5D000082B42F82140F6D10023084A00F11C0143
:10C5E00003F5B27451F8045F0133082B42F824506C
:10C5F000F6D1036CC2F8043330BD00BF00A0024086
:10C6000038B50024154D2A20C5F81045C5F8144545
:10C61000C5F81845C5F81C45C5F82045C5F824459A
:10C62000C5F82845C5F82C45C5F89045C5F894458A
:10C63000C5F89845C5F89C45C5F8A045C5F8A4457A
:10C64000C5F8A845C5F8AC45F1F74AFA4FF0FF33F5
:10C65000C5F80833024B1C7138BD00BF00A0024072
:10C660009CFD00200123024A8340C2F80433704736
:10C6700000A002400123024A8340C2F808337047F9
:10C6800000A00240F8B5012600270B4B0B4DD3F854
:10C690000C4304B9F8BD94FAA4F0B0FA80F006FA9D
:10C6A00000F324EA0304064B82009F502B68002B02
:10C6B000EFD0A9689847ECE700A002409CFD00205D
:10C6C00000A10240044AD2F80834DB07FBD5016020
:10C6D000BFF35F8F704700BF00900340C0F30B03B0
:10C6E0007BB90222084BC3F884254FF0FF32026069
:10C6F000D3F80024D207FBD500220448C3F88425D0
:10C7000070470348704700BF009003400000AD0B26
:10C710000A00AD0B012310B5044CC4F88435FFF7B3
:10C72000D1FF0023C4F8843510BD00BF0090034042
:10C7300010B4CC7B8A6803682CB9D1E90041C3F8F6
:10C740000845C3F80C15C3F8242528220379534360
:10C75000064AD35833B100685DF8044B40F3073004
:10C76000F1F7B0B95DF8044B704700BFA8FD002099
:10C7700070B5817BE9B9046804F01F0364091AD11C
:10C7800040F20C65104A114E02EB8303D3F80012FD
:10C7900031402943C3F80012416801F01F034909E1
:10C7A0000DD102EB8303D3F8002232402A43C3F8B1
:10C7B0000022012070BD803351F82330FFDE80332A
:10C7C00054F82330FAE700BF00258440F0F8FCFF5E
:10C7D00070B50C4686B0022105460DF07BF94FF48A
:10C7E0000071064628460DF075F9D0B1D6B9A36898
:10C7F0004FF08071C5F808330223A360A368284670
:10C80000C5F804330DF066F918B1D5F800329B0570
:10C8100002D401232B626B61012384F8233006B01C
:10C8200070BDAEB3E3695E060AD494F823303BB919
:10C83000214628460DF00CF980F0010084F8230011
:10C84000E36913F004033BD1C5F86031D5F86021EA
:10C85000C5F85C31D5F85C3194F8253013B194F803
:10C86000233013B30023C5F80032A360314BC5F861
:10C87000083345F30733002B17DB01215A0903F076
:10C880001F03994002F160032B4A42F823100CE089
:10C890004FF4802128460DF01DF994F82030002B2C
:10C8A0002FD194F82530002BDDD0238CADF8043047
:10C8B000E36804932369029363690593A36903936F
:10C8C000D5F8C4349807C5F8C4342CD459072CD4EF
:10C8D000DA072CD494F823309B00DBB28DF80030BB
:10C8E00094F825300BB984F82430E3695B0703D54D
:10C8F00094F82330002B92D0D4E900316846984751
:10C900008DE74FF40073C5F8003240F20223A360B4
:10C9100003F1CE73C5F80833A368C5F804330123C7
:10C92000AB602B627BE70123D8E70223D6E7032322
:10C93000D4E700BF02029C0100E100E02DE9F041D4
:10C94000074690F80480282000FB08F0144E0C469F
:10C95000351895F82210F1B9A96032506B6085F84E
:10C96000251085F824106CB1A37B204685F827306C
:10C97000FFF7FEFE88B1637B2146384685F82630F6
:10C98000FFF7D6FE282303FB08660123054886F837
:10C990002230BDE8F0810448FBE70448F9E700BF16
:10C9A000A8FD00200000AD0B0C00AD0B0400AD0B8A
:10C9B000062103680279C3F800152821034B01FB07
:10C9C0000233022283F82220704700BFA8FD002016
:10C9D000282102790B4B01FB023300219960026888
:10C9E0000948C2F80803D2F8000220F4BC50C2F88B
:10C9F0000002C2F80015012283F8241083F82220D7
:10CA0000704700BFA8FD002002029C012DE9F84FED
:10CA100028239046002290F80490AE4D046803FB52
:10CA2000095383F823204B680E4633B1CB6803F0DB
:10CA30006043B3F1005F40F085813378023B012B06
:10CA400006D8336903F06043B3F1005F40F07A81A8
:10CA5000A14BC4F80833282303FB095393F824108F
:10CA600001F0FF0239B19B68DFF878B2C4F80433F3
:10CA70005846BDE8F88F18F0140F0CBF01210021B3
:10CA800083F82410317809EB890783F82010717836
:10CA900005EBC70783F82110F168D9607168196147
:10CAA00031695961B168C3F81C809961C8F30011FC
:10CAB00083F825107378C4F88835C4F86021D4F859
:10CAC0006031C4F84821D4F84831C4F82421D4F89E
:10CAD0002431C4F80421D4F8043118F0010318BF3C
:10CAE0000123C4F8503518F0020318BF0123C4F81D
:10CAF00040353378032B00F2A480DFE803F0799906
:10CB000062024FF48073C4F80032D7E90323C4F8FB
:10CB10004425C4F848350123A3604FF48011204612
:10CB20000CF0D8FF0028F8D1D7E90523C4F8442534
:10CB3000C4F8483528234FF4802203FB09539A6038
:10CB4000DFF8A4B1282202FB09F218F0080AAB585A
:10CB500005EB020013D13178032910D0012940F0F0
:10CB600086802160002B6FD0282202FB09F27168B9
:10CB7000AA5821B9002A00F0BB8001226261282254
:10CB800002FB09F2A918AA58002A00F0B18018F097
:10CB9000040F1CBF00228A6018F0400F06D1282223
:10CBA00002FB0952916841F002019160282202FBC8
:10CBB0000952916841F4007191609268C4F80423AD
:10CBC00056E7D7E90323C4F84425C4F84835D7E924
:10CBD0000523C4F83425C4F838354FF48453C4F819
:10CBE0000032012323622823022203FB0953A6E714
:10CBF00018F0200FD7E90323C4F8442514BF4FF4DD
:10CC000080724FF40072C4F848354FF0280315BF06
:10CC1000C4F80022C4F800224FF48022022214BF7C
:10CC200003FB095303FB09539A600123236287E73F
:10CC3000D7E90323C4F83425C4F838354FF48053BA
:10CC4000CDE7DFF8A8B07DE7026902B96161234949
:10CC5000DFF88CA020460CF03DFF012210F4007F8D
:10CC600018BF626110EA0A0F1C49F3D07CE701216A
:10CC7000A160002B7FF478AF006918B3184B1AEA53
:10CC8000030F7FF471AF204614490CF023FF10F41A
:10CC9000007F8246F2D04FF0807120460CF01AFFE0
:10CCA000D4F8001280B111F4007003D10122824641
:10CCB00022626261CB05E1D54FF4802120460CF061
:10CCC00009FF04E06161D9E70122226262614FF04D
:10CCD000000AD3E7A8FD002002029C010202040022
:10CCE000020004000B00AD0B0000AD0B0400AD0B07
:10CCF000282101FB09550021D4F8C424C4F8C42418
:10CD000085F824108AB11149114B12F0010F14BF9C
:10CD10008B469B46013112F0020F18BF8B4612F072
:10CD2000040F0C4A18BF9346A2E618F0400F7FF498
:10CD30009FAE394620460CF08BFE054A002808BFFE
:10CD4000934695E6DFF810B092E600BF0000AE0B08
:10CD50000100AD0B0200AE0B0A00AD0B0149024809
:10CD6000FFF736BDA8FD00200090004001490248B1
:10CD7000FFF72EBDD0FD002000A00040036803F0A7
:10CD80001F025B090260024818BF0020704700BF05
:10CD900000258440F7B506460CF0C6FE08460CF0A8
:10CDA000C3FE01A80196FFF7E9FF0C4640F20D61B2
:10CDB000019B2B4D00EB8300D0F8003201942B40F7
:10CDC0000B43C0F8003201A8FFF7D8FF019B0127F1
:10CDD00000EB8300D0F800322B400B43C0F8003248
:10CDE00004200CF0C5FD092501A80194FFF7C6FF3A
:10CDF000019A0369D340DB0714D401A80196FFF719
:10CE0000BDFF019B013D07FA03F3C36004200CF052
:10CE1000AFFD30460CF088FE04200CF0A9FD15F0A3
:10CE2000FF05E1D101A80194FFF7A8FF0123019AB2
:10CE30009340C36004200CF09BFD20460CF074FE70
:10CE400004200CF095FD01A80194FFF797FF019ACB
:10CE500003690448D34003F00103C01A03B0F0BDD6
:10CE6000F0F8FCFF0100AD0B08B5124BA822002121
:10CE700018460EF0F1FE03220F49026142610F4A8B
:10CE80008161C2614FF4806202620022826242626A
:10CE9000C26201660A49034641661021816609495A
:10CEA0000267C266426711F8010D98540132102AD8
:10CEB000F9D108BD78C900204525040078C50020B7
:10CEC00068C500205E2504002DE9F84F1826DFF81C
:10CED0007C80074606FB008E00FB0666DEF82440D9
:10CEE000DEF828C046447368A4458946154603EB1E
:10CEF000040022D8DEF820B0ABEB040A0AF1FF33BD
:10CF00009A4203D80EF081FE2C440FE063449A420B
:10CF100019D852462C440EF078FEB4EB0B0405D021
:10CF20002246706809EB0A010EF06FFE18230120FB
:10CF300003FB07835C62BDE8F88F0CF1FF3CACEBB0
:10CF4000040C9445DED20020F5E700BF78C900202C
:10CF5000F8B5182700FB0775124B0E461D4407FB5A
:10CF60000033DB6A1446012B0AD0022B14D023B9FC
:10CF700028460CF0E5FD844208D900242046F8BD7F
:10CF800028460CF0DDFD844228BF04462246314687
:10CF900028460CF0DEFDF1E72846BDE8F8400CF02D
:10CFA000F3BD00BF78C90020F8B50B4B04461B78D1
:10CFB0000E46532B174601D0FFF756FF0CF012FE1A
:10CFC0003A46054631462046FFF7C2FF044628464A
:10CFD0000CF010FE2046F8BD78C900201822034B43
:10CFE00002FB00339A6A586A801A704778C9002099
:10CFF000002310B4084A0949C85C12F8014D844264
:10D0000005D10133102BF7D15DF8044B70475DF863
:10D01000044BFFF729BF00BF5E25040078C900203C
:10D0200037B50125074C4FF4FA7065610BF0D0FC61
:10D03000002363610193256123690193019B03B080
:10D0400030BD00BF0056004030B50D4D89B0036AB9
:10D0500003AC01908DF808300FCD0FC42B6801A8E8
:10D0600023600CF0E6FD40B9044603AD55F8043BDF
:10D07000984710B90134052CF8D109B030BD00BF74
:10D0800054CB0300034BD3E8EF2FC3E8E10F002993
:10D09000F9D17047F8FD002038B50546002850D07A
:10D0A000436A002B50D0836A002B4DD00124294BBA
:10D0B000D3E8EF2F002A03D1C3E8E14F0029F7D1CD
:10D0C00045D1686A00F0B2F8F8F7E6FC224BC820B8
:10D0D0009C660BF07DFC2846FFF7B6FF044640B97E
:10D0E00001221D4B0220DA66FFF7CCFF0024204608
:10D0F00038BDFFF795FF002C11DBAB6A204698473F
:10D10000164B9C421AD013DCA4F18864033C012C1A
:10D1100011D82846FFF798FF04460028E0D00122E6
:10D120000D4BDA66F8F7D0FC0020FFF7ABFFDEE727
:10D130000B4B9C42EDD06FF00404F0E76FF00A0453
:10D14000EDE76FF00D04D2E76FF01504CFE74FF075
:10D15000FF34CCE7F8FD00200050004005004004FB
:10D160000100500530B52D4B87B01A68022A05D052
:10D17000032A43D04FF0FF3007B030BD0422D3E87C
:10D18000EF1F022903D1C3E8E02F0028F7D1F1D126
:10D19000234D0DEB02040FCD0FC42B6801AD2360AE
:10D1A000002455F8043B01349847052CF9D10CF0C4
:10D1B00042FD00F05BF850B1002000F049F8FFF7A5
:10D1C0002FFFF8F781FC0020FFF75CFFD4E7154B39
:10D1D000D3F8F030DB070DD50A200BF0FBFBEEE7B0
:10D1E0000A200BF0F7FBD5F84034012BE7D1013CC6
:10D1F000F6D1E4E741F2C1240B4DF4E70422D3E871
:10D20000EF1F032903D1C3E8E02F0028F7D1B1D1E4
:10D21000002000F01DF80CF0FEFCD0E7F8FD002027
:10D2200068CB030000ED00E000500040014B1860A7
:10D23000704700BFFCFD002007B5044BCDE900019D
:10D240001B686846984703B05DF804FBFCFD0020AE
:10D25000014B1870704700BFAF240120024B1878B3
:10D26000431E584258417047AF240120024B1878A2
:10D27000C31E584258417047AF24012070B503685F
:10D280000446033BDBB2052B03D8094A52F823506E
:10D290002DB9A06858B1BDE8704000F01DB80CF081
:10D2A00016FD21682B46BDE87040090C184770BD7B
:10D2B0009CD40300014B5B69184700BF3CCC0020A5
:10D2C000014B1B68184700BF3CCC0020014B5B683A
:10D2D000184700BF3CCC0020014B1B69184700BF1A
:10D2E0003CCC0020014B9B68184700BF3CCC002081
:10D2F000014B9B69184700BF3CCC0020014BDB6908
:10D30000184700BF3CCC0020014B1B6A184700BFE8
:10D310003CCC0020014B5B6A184700BF3CCC00208E
:10D32000014B1868704700BF00FE0020002230B596
:10D330000B4B19680C6894420FD001EBC2039D6837
:10D34000A8420BD14FF003020433D3E8CF1F0029CA
:10D3500003D1C3E8C02F0028F7D130BD0132EAE77E
:10D3600020FE00202DE9F041002406460F4620460D
:10D37000DFF854803368A34201D8BDE8F08106EBA2
:10D38000C4056B68DBB2012B16D16A68B8F80030AF
:10D39000B3EB124F10D1022FA8680FD1FFF76EFF29
:10D3A00001206B6823F0FF0343F003036B60B8F8C0
:10D3B00000300133A8F800300134DBE70168090CC4
:10D3C0000CF02BFCECE700BF5002012010B5074C1D
:10D3D00002216068FFF7C6FF0028F9D1012120680B
:10D3E000FFF7C0FF0028F3D110BD00BF28FE0020CA
:10D3F00070B5072860D8DFE800F00B5F475F435F38
:10D400003C0401F053FD0320BDE87040F8F70CBB6D
:10D4100003202A4BD3F81446D3F81866284B1D78FE
:10D420001870EDB2FFF714FF012D10D1254B264ADD
:10D430009C4212D0230C1B04B3F1886F0DD0A4F5CD
:10D440008033203B022B0FD96FF004031360314669
:10D45000C4F30B00FFF7F0FE00E014601B4B1868EC
:10D460000BF0D2FA0020CFE7194931F913301360DD
:10D47000F4E70024124B20461C70FFF7E9FEEDE7AD
:10D48000FFF7A4FF0220BFE70D4B1A78012AD0B2A4
:10D490000ED1104A1168104A8C68546049681160B6
:10D4A00002221A70FFF7D4FE084B18680BF0ACFA92
:10D4B000FFF78CFF0120A7E770BD00BF00A002406E
:10D4C000B12401200100500524FE002010FE0020A0
:10D4D0005ED703000CFE002028FE00200A23F7B5CB
:10D4E0004FF47A750C4E0D4F0193316838680CF08B
:10D4F000C9FB044640B90BF085FA40B9012001A9E7
:10D50000F8F784F96E30F0D1204603B0F0BD0198F1
:10D5100068430BF05DFAE8E714FE00201CFE0020D3
:10D52000054B1B782BB9054B1968054B18680CF097
:10D53000A9BB0020704700BFB024012018FE0020C6
:10D5400020FE002070B5164B42681B6822F0FF02D7
:10D5500042F00202C31A42601248134A0168C3F340
:10D560008913D2E8DF4F651CC2E8D65F002EF8D1E0
:10D5700001EBC3014A6892B242EA04424A6002687F
:10D58000032002EBC302536823F0FF0343F00103BF
:10D5900053600BF01DFA0122044BDA6070BD00BF2E
:10D5A00018FE002020FE00205202012000A00240B0
:10D5B0002DE9F04F95B038220021064603A80EF061
:10D5C0004BFB022304930823069320230893042390
:10D5D0000D93102340250F9380230122CDE9115391
:10D5E000D52300215A480B921393F8F7E1F9054629
:10D5F000002840F0A980024656493079FEF7C8FF5E
:10D6000003A8FEF7DDFF34686268B2F59D6F40F055
:10D6100098806169E3680B44E16903F59D630B44FD
:10D62000B3F5003F00F28D80206829460EF014FB10
:10D6300033681C68D3F81C9004F1E802009204F5EA
:10D640003A72019204F16007434A04F1A40804F11C
:10D65000200BB9F1000F5ED1C2F800B000254FF0E9
:10D66000010A2570657084F802A0E57033684046B1
:10D670001B69636033685B69C4F814B0A360374BFF
:10D68000C4F81890C3F80080354BE7601F6008238A
:10D69000C4F8108084F8A43088F8015088F802504B
:10D6A00088F8035084F860307D70BD70FD700CF018
:10D6B000CCFA38460CF0C9FA019A2A4B31681A6044
:10D6C000009A294BC8681A60284B294E18600869CF
:10D6D000496958609960274B2749C3F81046C3F839
:10D6E0001456264B264C1D80264B86F800A01D8024
:10D6F000254B029525601D611B690293029B144B0B
:10D7000018680BF083F998B103236FF0730433703A
:10D71000FEF776FF11E09B6904F14009636433680A
:10D720004846DB69C2F800B0236401F097FB95E737
:10D730002468002CECD1154B1C70204615B0BDE8B8
:10D74000F08F6FF01504E3E76FF02D04F5E700BFED
:10D7500010FE0020F1D302000CFE002020FE00206D
:10D760001CFE002018FE002014FE002000FE0020F9
:10D77000B124012000A00240F04902005202012021
:10D7800024FE00205002012000560040B024012059
:10D7900070B5164B42681B6822F0FF0242F001028E
:10D7A000C31A42601248134A0168C3F38913D2E8CE
:10D7B000DF4F651CC2E8D65F002EF8D101EBC30134
:10D7C0004A6892B242EA04424A600268032002EBCD
:10D7D000C302536823F0FF0343F0010353600BF0CF
:10D7E000F7F80122044B5A6070BD00BF14FE002000
:10D7F0001CFE00205202012000A0024010B5FFF7DD
:10D800006DFE012400220321047081704270C270F9
:10D81000FFF7BEFF054B1C700CF02AFABDE8104064
:10D82000034B47F2305118680BF0F0B8B0240120D8
:10D8300010FE002038B50A4B04461B78022BDDB2DF
:10D840000DD1FFF74BFE50B1002201218460017021
:10D8500042708570C270BDE83840FFF799BF38BD8F
:10D86000B1240120034A126812B1002800DB1047DE
:10D87000704700BF3CFE00202DE9F743002581469C
:10D880000F461048294690461E46019304F010FEAC
:10D89000041E11DB013420460CF046FAC9F80000E2
:10D8A00068B1334642462146019604F001FE2846FF
:10D8B0003C6003B0BDE8F0836FF01500F9E76FF04E
:10D8C0000B00F6E784CB030010B50E4B04461B6833
:10D8D000A3B1EBF7FFF9082810D9237A3F2B0DD01D
:10D8E0000949082220460EF0E0F9014630B904F15A
:10D8F00008000A22BDE8104003F01CBB4FF0FF30C7
:10D9000010BD00BF3CFE00205F250400F7B50446B3
:10D910000F460420002116461D460CF0DAF9024697
:10D9200038B914B120460CF001FA6FF00B0003B0C7
:10D93000F0BD00206FF0580314600D4C137350734A
:10D940009073D07320703146032057600CF0E1F9DA
:10D950004FF0FF3301932378AB4201D10020E6E77B
:10D96000022001A9F7F752FF0028F4D0DFE700BF3B
:10D97000B2240120F8B5054600240F4F57F8046B78
:10D98000284631460EF011FA28B90134042CF5D19D
:10D990004FF480300DE06CB1A31E012BF8D8304657
:10D9A000EBF798F90A220021284403F0BDF940EA78
:10D9B0000440F8BD2046FCE7B4D40300014B1860D6
:10D9C0000020704740FE0020014B1860704700BFE8
:10D9D0003CFE00200FB42DE9FF410A9CFFF73EFCFE
:10D9E00000284AD0002C4BD0284E294F3168386887
:10D9F0000BF02EF8002846D1264D316828680BF030
:10DA000005F8002836D122460BAB03A902A80193E2
:10DA1000FFF732FF044658B128680AF0F5FF38686E
:10DA20000BF014F8204604B0BDE8F04104B0704794
:10DA3000029C2046FFF748FF0223064601222046AB
:10DA40000399FFF763FF04460028E5D1DFF848801B
:10DA5000D8F80000FFF78EFF0446D8F800000CF05D
:10DA60005FF928680AF0D0FF002CD8D13046FFF7C4
:10DA7000F9FED4E76FF00A04D1E74FF0FF34D1E7A5
:10DA80006FF00D04CEE76FF00A04CBE754FE0020E0
:10DA90004CFE002050FE002044FE00200CB42DE976
:10DAA000F04F8BB007460E46149CFFF7D7FB0028BB
:10DAB00000F0C380002F00F0C380002C00F0C08075
:10DAC000002E00F0C080DFF89C81624BD8F8001077
:10DAD00018680AF0BDFF002840F0B8805E4DD8F805
:10DAE000001028680AF092FF002840F0A380224628
:10DAF00015AB09A908A80793FFF7BEFE044618B1A5
:10DB000028680AF081FF3CE0DDE908830393534B6A
:10DB10001C68002C5AD0C246DDF80C90CDF8048069
:10DB20009AF80030202B36D0093B042B33D90C2235
:10DB30004FF0000B4A4BCDF808B01B6802FB0343C3
:10DB40000493049B9C422ED1029B002B3ED028685C
:10DB50000AF05AFF019A114611F8013B202B01915E
:10DB6000F8D0093B042BF5D931463846029B98473B
:10DB7000044618B93846FFF7FDFE044640460CF04F
:10DB8000D5F8344B18680AF061FF20460BB0BDE8A9
:10DB9000F04F02B07047B9F1000FC8D00AF1010A86
:10DBA00009F1FF39BCE7A3685B450DD94B451A461F
:10DBB000504628BF4A46216805930EF076F818B9FA
:10DBC00063680293059B9B460C34BAE74046FFF717
:10DBD0007BFE02238146012240460399FFF796FE11
:10DBE000044600288CD1DFF880803846D8E9004A06
:10DBF000B2455246214628BF32460EF006F8B245DD
:10DC0000204607D90CF08CF828680AF0FDFE6FF06A
:10DC10000604B6E7FFF7AEFE0446D8F800000CF0A5
:10DC20007FF828680AF0F0FE002CAAD14846FFF7DA
:10DC300019FEA6E76FF00A04A3E74FF0FF34A4E74C
:10DC40006FF00D04A1E76FF015049EE76FF00A0472
:10DC50009BE700BF4CFE002050FE002034FE002059
:10DC600030FE002054FE002044FE00200EB42DE9BA
:10DC7000F343DDF824808146FFF7F0FA00285FD0F7
:10DC8000B9F1000F5FD0B8F1000F5CD0314C324FCA
:10DC9000216838680AF0DCFE002857D12F4E216831
:10DCA00030680AF0B3FE002847D14846EBF712F877
:10DCB000451C28460CF038F8044668B930680AF06C
:10DCC000A3FE6FF00B0438680AF0C0FE204602B0D5
:10DCD000BDE8F04303B0704749462A460EF014F8F9
:10DCE0002046FFF7F1FD0223814601222046294606
:10DCF000FFF70CFE044618B130680AF085FEE2E733
:10DD0000174B30681D680AF07FFEB9F1000F06DB83
:10DD10002846FFF72FFE10B94846FFF7A3FD0AAAD1
:10DD200041462846019204F0EBFB041E284608BF3A
:10DD30006FF04C040BF0F4FFC5E76FF00A04C2E784
:10DD40004FF0FF34C2E76FF00D04BFE76FF00A0435
:10DD5000BCE700BF54FE00204CFE002050FE002017
:10DD600044FE002038B5C3680446A72B01D02068C4
:10DD700010E0032907D0042926D0022902D101226C
:10DD8000154B1A7038BD144B00681A78022A05D159
:10DD90000028F7D0BDE838400BF0C2BF0F4D2A680D
:10DDA00062B12B689847002320682B600BF0B8FF06
:10DDB0000B4B1868BDE838400AF026BE094A1060CF
:10DDC000616851600222DCE7074B1B68002BCED054
:10DDD00000689847CBE700BFB224012038FE00203E
:10DDE00050FE002044FE002040FE0020012210B51D
:10DDF00011460B48F7F7DCFD70B90A48F7F7FAFD52
:10DE0000014648B94FF0FF32074B1A60BDE8104099
:10DE100001230522FFF77ABD6FF02D0010BD00BF72
:10DE200050FE00204CFE002054FE002010B400F1F3
:10DE30001C03D3E8EF2F511EC3E8E41F002CF8D1D8
:10DE4000012A0DDC084BD0E8EF2FC0E8E13F0029A4
:10DE5000F9D1642200215DF8044B04300DF0FCBEC2
:10DE60005DF8044B704700BF1EF1010010B500249F
:10DE70000A4B4FF45072214609481C700DF0ECFE1D
:10DE800021462246064B074801310829C3E9000212
:10DE90009A6003F16803F7D110BD00BFB3240120DD
:10DEA00058FE00201EF10100164830B5002203463E
:10DEB0004FF0FF34144DD0E8EF1FA94204D1C0E861
:10DEC000EC4FBCF1000FF6D10CBF0121002112D1A3
:10DED000682101FB023301220C49DA61097893F8C9
:10DEE000202061F3451283F820200222A3F8482065
:10DEF00083F84A2030BD0132082A00F16800DAD1E7
:10DF00000846F7E758FE00201EF10100B324012067
:10DF100030B5024600236825054905FB03F4601867
:10DF20000C59944203D00133082BF6D1002030BDA8
:10DF300058FE002010B5044604300CF0EEF8606C7A
:10DF400008B1F7F795FD064BD4E8EF2FC4E8E13FA1
:10DF50000029F9D12046BDE81040FFF767BF00BF98
:10DF60001EF1ADDE70B50825064C074E2368B3429E
:10DF700002D02046FFF7DEFF013D04F16804F5D131
:10DF800070BD00BF58FE00201EF101002DE9F843CE
:10DF90000F4C06460025A0464FF068090D4B0E4F6A
:10DFA00018702368BB420CD009FB058393F820202E
:10DFB00066F3451283F82020A36B13B120460BF0C3
:10DFC00017FF0135082D04F16804EAD1BDE8F88394
:10DFD00058FE0020B32401201EF10100112807DCA7
:10DFE000002801DA00207047064B23FA00F005E014
:10DFF000A0F1FF03122BF5D80348D84000F0010030
:10E00000704700BF410002000900040010B54369D9
:10E0100004461BB90CF0CFFD23684360044B18681D
:10E020000AF0F2FC2046BDE810400CF0C6BD00BF6F
:10E0300098010120032208B511460448F7F7B8FCFF
:10E04000002818BF6FF02D0008BD00BF9801012007
:10E050002DE9F04F9A46002387B081460E461446BC
:10E06000CDE903330593FFF7F9F828B90120F7F755
:10E0700095FC6FF00A0475E0B9F1000F4ED1002E47
:10E0800000F0BA80002C55D1254606274FF0010834
:10E0900001940A220021304602F04CFF4FF6FE7335
:10E0A000421E9A4200F21A814FEA002B4BEA102BD3
:10E0B0001FFA8BFB002C3AD02368DB0437D53A21BA
:10E0C00030460DF0E5FD00B1461C304685490DF0A7
:10E0D0006CFE0A2200286DD00021033002F024FEDD
:10E0E0000446814B4FF47A6118680AF08FFC0028CF
:10E0F00040F08980B9F1000F61D04846EAF7EAFDA7
:10E10000014618200BF0E5FD0646002859D1764B54
:10E110006FF0090418680AF077FC23E054B9002E68
:10E12000B2D1354606274FF00108B34601964FF0AD
:10E13000FF34D6E7236823F4A05323F00203002B17
:10E1400040F0C980606838B9A06878B10BF085FFED
:10E1500060B96FF0060405E00BF079FF0028F3D1F9
:10E160006FF00504204607B0BDE8F08FE068D0B935
:10E17000606800F0DDFCC3B20193A368E768002B80
:10E1800008BF0123002F08BF062725685FFA83F820
:10E19000BFB296B105F4A053B3F5805F7FF479AFB9
:10E1A0004FF0000B88E7A1680BF06BFF0028DFD170
:10E1B0006B205CE70146304690E7B346B7E7494637
:10E1C0009FE70461B9F1000F07D04846EAF782FDE6
:10E1D0004946024630680DF018FD019B314647F272
:10E1E0000D00B361C6F81C803762756103AA00F0A8
:10E1F000BFFC1628044602D16FF00104B2E705DC2B
:10E2000050B10B2806D16FF00204ABE7722801D1A0
:10E2100073202CE720462AE72020DDF81090F7F73E
:10E220001FFC0646CAF8000068B3D9F808000CF0D5
:10E230002CFC7060DAF800607368012B0CD0022BA4
:10E2400024D03046F7F714FC6FF00504049800283A
:10E2500088D00BF065FD85E70823C6E90287002713
:10E2600033613560F76109F118085A464046B9F83C
:10E2700014100BF063FD7061DAF8006073693BB94C
:10E280003046F7F7F5FB6FF00904DFE71623E4E704
:10E2900015F002051DD0B9F816000130F7F7E0FBC4
:10E2A000DAF80030B061986928B95869F7F7E0FBEF
:10E2B000DAF80000E5E7B9F81410B9F8162041447F
:10E2C0000DF0A3FCDAF80020B9F816309269D754A3
:10E2D000BCE7B561BAE74FF0FF3443E76FF00704DE
:10E2E00040E700BF200A040098010120F8B548F279
:10E2F0000F03994205460E4640D022D848F20D033E
:10E30000994233D048F20E03994233D00069FFF7A7
:10E31000FFFD044610B3B6F5004F1FD9A6F5004621
:10E32000013E0B2E1AD8DFE816F0AE00E800B6006A
:10E33000B600B6003A013A01B600C400190019004F
:10E340000B0149F2040399421CD0B1F5104F3FD99B
:10E35000C068FFF7DDFD0446002848D12868002882
:10E3600000F02D81BDE8F8400BF0DABCBDE8F840C4
:10E37000FFF74CBEBDE8F8400BF0F0BEBDE8F8403A
:10E380000BF0D9BE0369082B00F21981DFE813F006
:10E390001000160009000E001600170117011800E2
:10E3A0001E000020BDE8F840FFF7F0BD0120F9E7AE
:10E3B0000021E868BDE8F8400BF00DBE0121F8E748
:10E3C0000021E868BDE8F8400BF011BE0121F8E734
:10E3D0000069FFF79DFD04460028BFD048F2810385
:10E3E0009E42BBD10146284600F0E8FA56E049F2C9
:10E3F00002039E4200F0CD8037D80BF074FD074633
:10E40000E0B91020F7F72CFB0646B8B139461022C8
:10E410000DF022FC2B6873606B683381698A0029D8
:10E4200000F0C8802A8A05F114000BF087FCF06028
:10E43000002840F0BF803046F7F71AFB28680BF041
:10E440006FFC20460BF011FD58B120460BF04BFD40
:10E4500038B994F8203043F0800384F820300C233E
:10E46000A36120460BF006FD18E049F203039E422B
:10E470003DD049F282039E427FF470AF01462846A8
:10E4800000F0B4FA0AE06B692BB928460CF093FB54
:10E49000AA6943681A6028460CF08FFB20460BF0EF
:10E4A00032FD002800F08B802046BDE8F8400BF0DC
:10E4B0009FBC90F8203043F0010380F820300BF02F
:10E4C000F9FC18B13E4B18680AF09EFA94F8203017
:10E4D000204623F00A0384F820300BF014FD10B11D
:10E4E00020460BF085FC2046FFF724FDD3E7286982
:10E4F00069280BD16823A361D0E790F82030EE683B
:10E500006FF3410380F82030686918B10CF002FB0A
:10E51000A061C3E720460BF0B7FC28B994F820307F
:10E5200043F0040384F8203020460BF0ADFC0028B3
:10E53000B4D0002EB2D00021204600F075FAADE72D
:10E540006B69F3B928460CF036FBAA6943681A6078
:10E55000426892F8203043F0040382F82030436888
:10E5600022691A61436862695A6183684BB105F197
:10E570000C0205F1300152F8040B8A4243F8040BF7
:10E58000F9D194F82230002B85D0013B84F8223059
:10E5900081E790F82230013380F822307EE7284668
:10E5A0000CF009FB6B6913B9AB69436073E74FF07B
:10E5B000FF33FAE7314620460BF037FC6EE7F8BD33
:10E5C0009C01012030B585B00546FFF7A1FC04464B
:10E5D00028B90920F7F7E2F94FF0FF300EE0FEF717
:10E5E0003DFE68B920460BF065FC18B10E4B18686B
:10E5F0000AF00AFA2046FFF79DFC002005B030BD66
:10E60000002108200BF065FB014608B96920E1E70D
:10E61000056101AA47F2090000F0AAFA0028ECD02F
:10E620001628EAD0D6E700BF9C0101202DE9F0436F
:10E6300085B08146884614461D460C9EFFF768FC4F
:10E6400040B90920F7F7AAF94FF0FF33184605B093
:10E65000BDE8F08315B90EB11620F3E7B8F1290F24
:10E6600000F09D800CDCB8F1010F11D0B8F1060F5D
:10E6700000F09180B8F1000F00F08F806D20E1E78D
:10E68000B8F58D7F39D0B8F5007FF7D11E2C08E0A2
:10E69000222C10DC202C05DC142C12D0152C17D0C9
:10E6A000022CEBD1314610200BF013FB074600285B
:10E6B00079D16920C6E73C2C11D03D2C16D0282CEE
:10E6C000EFE73246294605B0BDE8F0430CF079BAD1
:10E6D0003246294605B0BDE8F0430CF080BA324618
:10E6E000294605B0BDE8F0430CF087BA324629460A
:10E6F00005B0BDE8F0430CF0A0BA631E112BBDD8E5
:10E7000001A252F823F000BF5FE7020089E7020090
:10E71000A5E602007DE602007BE7020051E7020069
:10E720007DE602007DE602007DE602007DE6020055
:10E730007DE602006DE70200A5E60200A5E6020004
:10E74000A5E602007DE60200A5E60200A5E60200BD
:10E750003246294605B0BDE8F0430CF091BA324686
:10E76000294605B0BDE8F0430CF09EBA3246294672
:10E7700005B0BDE8F0430CF0ACBA3246294605B00E
:10E78000BDE8F0430CF0B7BA3246294605B0BDE803
:10E79000F0430CF0BFBA372C83E71F2C81E7202C05
:10E7A00080D03E2C7DE7C0F8109040460CF095F9E3
:10E7B0007861204600F0C4F9B86125B13246294697
:10E7C00038680DF022FA394647F203007E6001AA4C
:10E7D00000F0CEF9034600283FF438AF32E700BF1F
:10E7E0002DE9F04385B08146884614461D460C9EAF
:10E7F000FFF78EFB40B90920F7F7D0F84FF0FF3450
:10E80000204605B0BDE8F08305B10EB90E20F3E750
:10E81000B8F1290F00F094800CDCB8F1010F11D091
:10E82000B8F1060F00F08780B8F1000F00F0868085
:10E830006D20E1E7B8F58D7F2DD0B8F5007FF7D1D9
:10E840001E2C79E0152C1FD00ADC042C15D0142CBA
:10E85000EED13246294605B0BDE8F0430CF094BA3B
:10E86000A4F12103012BE3D8102031680BF031FA19
:10E870000746002868D16920BEE73246294605B020
:10E88000BDE8F0430CF070BA3246294605B0BDE849
:10E89000F0430CF088BA621E122AC9D801A151F8BF
:10E8A00022F000BF1BE9020029E9020069E802002A
:10E8B00069E802000DE90200F1E8020031E8020017
:10E8C00031E8020031E8020031E8020031E80200DC
:10E8D000FFE8020031E8020069E8020069E802008E
:10E8E00069E8020031E8020031E8020069E802004C
:10E8F0003246294605B0BDE8F0430CF063BA324613
:10E90000294605B0BDE8F0430CF072BA32462946FC
:10E9100005B0BDE8F0430CF07DBA3246294605B09B
:10E92000BDE8F0430CF088BA3246294605B0BDE890
:10E93000F0430CF093BA372C96D079E71F2CFBE705
:10E94000202C91D03E2CF7E7C0F8109040460CF0F8
:10E95000C4F87861204600F0F3F83946B86101AA9E
:10E9600047F20400D7F8008000F002F9044620B115
:10E9700040460BF0DBF920463EE77A6833684146B3
:10E980009A4228BF1A46284632600DF03EF94046AA
:10E990000BF0CCF934E700BF08B5FFF767FAFFF7D3
:10E9A00049FB40B9012204481146F7F701F8002855
:10E9B00018BF6FF02D0008BD9C01012010B5436900
:10E9C0000C467BB191F820306FF3C30381F82030FF
:10E9D00040690CF09FF8044BA061BDE81040186836
:10E9E0000AF012B810BD00BF9C01012010B591F8CB
:10E9F00020300C466FF3C30381F82030006960B902
:10EA0000DBB223F0140343F0140381F82030054BEC
:10EA1000BDE81040186809F0F7BF0CF07BF8A06162
:10EA2000F5E700BF9C0101202DE9F743DFF8FC90DA
:10EA30000446D9F80000019109F0E8FF074650B1FB
:10EA4000019B002B70D11023A3614FF0FF37384694
:10EA500003B0BDE8F083606CD8B1EAF73BF9461C1F
:10EA600094F84B8031464FEA880808F10C000BF00F
:10EA700030F9054678B920460BF021FA08B1692330
:10EA8000A361D9F8000009F0BFFF6920F6F786FFFF
:10EA9000DBE73E46E4E723684246036194F84830EA
:10EAA00004F14C01037594F84A30183000F8023C28
:10EAB00094F8493000F8033C94F84B3000F8013CDE
:10EAC0000DF0A3F8F6B13246616C28680DF01CF920
:10EAD0006E6094F82030042043F008032A4647F281
:10EAE000810184F820300BF014F920460BF0E7F98F
:10EAF0000028ACD120460BF0DDF940B9A069002810
:10EB0000A5D0C3E72E706E70AE70EE70E0E7022005
:10EB100001A9F6F77BFE10F10B0F05D00028E9D014
:10EB20000028B8BF4042B1E77420AFE79C01012044
:10EB300003289CBF014B1856704700BF682504008E
:10EB400002383C289ABF034B53F820004FF0FF30A7
:10EB5000704700BFD8D40300013804289ABF034B84
:10EB600053F820004FF0FF30704700BFC4D40300BB
:10EB70004FF0FF3337B50D4DCA60144615600A4695
:10EB80000146042001930BF0C4F82068A84202D08B
:10EB90000BF0C0FF08E0022001A9F6F737FE0028BD
:10EBA000F3D00028B8BF404203B030BDEEC100BC76
:10EBB0002DE9F041056807460C463DB101F470436C
:10EBC000B3F5005F04D1404BC3E90015BDE8F08107
:10EBD0003E4E336863B144F20402914264D00CD8D3
:10EBE00044F2020399424ED044F20303994253D0B7
:10EBF0003868BDE8F0410BF093B844F2012221F4EB
:10EC0000807393420FD044F203139942F0D1304CF9
:10EC1000206808B10BF084F801222E4B1A70256091
:10EC20000420336826E0DFF8BC80D8F8000008B183
:10EC30000BF076F844F201339C420CBF032202220F
:10EC400095F85170244B254C1A70C8F8005017F0F5
:10EC500008053368227810D01AB905209847012397
:10EC6000237007F04107012F02D102203368984733
:10EC700001203368BDE8F0411847002AF1D0062092
:10EC800098472570EDE7164C206808B10BF048F85E
:10EC9000032033682560EDE70D4C206808B10BF0C8
:10ECA0003FF800220B4BB9E72A78032AA0D8DFE807
:10ECB00002F0020507090720984799E70820FBE7BB
:10ECC0000920F9E70A20F7E7B0010120A00101209F
:10ECD000A4010120B4240120B5240120B624012080
:10ECE000A8010120AC01012008B50023094A0A4807
:10ECF00013700A4A13700A4A13700A4A13700A4AB8
:10ED0000136001221146F6F753FE002818BF6FF07A
:10ED10002D0008BDB6240120B8010120B82401202F
:10ED2000B7240120B5240120A001012010B50B4C0F
:10ED3000206818B10AF0F4FF00232360084C206813
:10ED400018B10AF0EDFF00232360064C206818B1CB
:10ED50000AF0E6FF00232360002010BDAC01012073
:10ED6000A8010120A40101201FB5FEF777FA00B326
:10ED7000144C237803BB01A80CF08CF8B8B90146F9
:10ED800008200AF0A6FF0146C8B1019B02AA036150
:10ED9000032000F035F850B9C8230293002002A9DF
:10EDA000F6F734FD02980028F8D10123237004B04F
:10EDB00010BD4FF0FF30FAE76FF07700F7E76FF024
:10EDC0000B00F4E7B924012007B5FEF747FA78B144
:10EDD000002104200AF07DFF014660B16A4606204A
:10EDE00000F00EF808B9054B187003B05DF804FB8D
:10EDF0004FF0FF30F9E76FF00B00F6E7B924012080
:10EE00004FF0FF3337B50B4DCA60144615600A4604
:10EE10000146062001930AF07CFF2068A84201D039
:10EE2000404205E0022001A9F6F7F0FC0028F4D0EA
:10EE300003B030BDEEC100BC30B4074B1C6844B118
:10EE400043688589A4460268C1899BB2E8B230BC98
:10EE5000604730BC704700BFBC0101200021012287
:10EE6000074B1970074B1A70074B1970074B196045
:10EE7000074B1960074B18600748F6F799BD00BFAC
:10EE8000BA240120BC240120BB240120C40101209C
:10EE9000C8010120D8010120C0010120024B1868DF
:10EEA00008B109F0B1BD7047C001012070B4284B12
:10EEB0001B68196958691A7C00221A745C7C5A74A0
:10EEC0009C7C9A74DC7CDA741C7D1A755C7D5A75A6
:10EED0009C7D03299A75DC7DDA7529D0042929D017
:10EEE00001290FD185681B4E954210D11A7A012154
:10EEF00000221972597A5A72997A9A72DA7A6FF0F4
:10EF00005F02DA72144B70BC186809F07DBD911C69
:10EF100000EB81014C682178622907D0633918BF62
:10EF20000121490046F821400132DDE70121F9E7DE
:10EF3000187ADEE7187A1972597A5A72997A9A729F
:10EF4000DA7A6FF05F02DA720122044B1A70D9E7A5
:10EF5000D8010120CC010120C0010120BB240120E7
:10EF600010B50446EDF740FC03480121034A04F0C4
:10EF700078FF20460CF07AF8ECCA03006C250400F8
:10EF80002DE9F84304460D4600AFEFF31188202326
:10EF900083F31288BFF36F8F0428294A98BF294B47
:10EFA000E9468AB09668117C98BF53F820306A46CB
:10EFB00088BF254BC2E9073140F2013323489384CF
:10EFC000234BC2E9050442F8103F00234FF43151AE
:10EFD0002048EDF7EDFCCD4645B1EB69C3F30803DE
:10EFE00023B101211C4A1B4804F03BFF2EB13046DF
:10EFF0000CF001FB08B1037803B91848E9468AB060
:10F000006A46174BD061C2E9053640F201331384DA
:10F01000144B42F8103F00234FF411510D48EDF707
:10F02000C7FC2946CD462046FFF79AFF88F3118892
:10F03000BFF36F8F3046EEF7CBFCBD46BDE8F883DB
:10F04000DC010120CCD503007B25040091250400C0
:10F0500005000001ECCA0300B9250400892504005D
:10F06000DA2504000400000138B5094B53F82040AC
:10F07000013053F82050A54200D838BD636823B151
:10F0800020460BF0FBFF0834F5E723689847FAE7C2
:10F09000E0D50300012270B52A4B032086B01A7018
:10F0A000FFF7E2FFEEF712F90CF004F80420FFF787
:10F0B000DBFF254C254D2646AE4204F1300410D32B
:10F0C00000F066FF204C224EAC4226D300F074FFC5
:10F0D000EBF7D6F81F4A137B23F00103137306B036
:10F0E00070BD54F80C3C059354F8103C049354F84C
:10F0F000143C039354F8183C029354F81C3C0193BD
:10F1000054F8203C009354E90A2354E90C0100F020
:10F1100063FD54F8303C5E65CDE7D4E90A23B3F1D2
:10F12000FF3F08BFB2F1FF3F05D052EA030120685C
:10F1300003D101F001F83034C6E73146183001F050
:10F1400095F9F8E7BD24012080C80300B0C803008A
:10F15000E9B60300A0E9002008B50348034A0021EE
:10F16000121A0BF0A3FF08BD30D10020C0240120EB
:10F17000C82370B5134E012203FB0066002386B03E
:10F18000CDE904230F220193CDE9023218234FF475
:10F19000A0720D4D0D4903FB0055044602FB001102
:10F1A0000B4B3046009500F017FD737B2C7423F059
:10F1B00004037373074B013403EBC423EE606B60ED
:10F1C00006B070BDD8E80020DC010120C05101204C
:10F1D00039B20300C0490120BFB50020FFF744FF4A
:10F1E0002E4B03F5006282F3088883F30A8800241B
:10F1F000E0232B4D2B4E85F82230EC772C766C7665
:10F20000AC7685F820406B6A274F43F4E0236B62AD
:10F2100085F82340EEF748FBEEF738FD4FF0FF335B
:10F22000AB62EB62EEF7D6FEEEF754FDEDF74CFA6B
:10F2300040F201131D4D2846AB81C5E9194401F088
:10F240002DFBB5600BF006FF0120FFF70DFF02203C
:10F25000174DFFF709FF00F0E3FE164BB56105936C
:10F26000012315494FF40052CDE9034328463B469C
:10F27000CDE90144009400F0AFFC06466A7B2846C5
:10F2800022F004026A730CF0F2F92046FFF770FFD7
:10F290003A4631462846EEF7CDFC00BFC049012072
:10F2A00000ED00E0DC01012095F0020068EA00209A
:10F2B000A0E900203C2604000053012038B5064C8C
:10F2C000064DAC4201D3002038BD2046D4E90112DE
:10F2D0000BF0F1FE1434F4E714CE00203CCE0020F5
:10F2E000002038B5054C064DAC4200D338BD204651
:10F2F0000BF051FF0028F9DB1C34F5E7F8CD0020B6
:10F3000014CE002073B50C46EFF31181202585F350
:10F310001288BFF36F8FC5685DB125602B68C3602D
:10F32000836901338361002081F31188BFF36F8FFC
:10F3300011E052EA030603D16FF00B002560F3E7FA
:10F34000CDE900230246083000F082FD18B9034BD6
:10F350009B685B69236002B070BD00BFDC010120C7
:10F360002DE9F34104460E4600F10807EFF311883A
:10F37000202181F31288BFF36F8F006AE168884211
:10F3800033D22568AC4216D0ADB128460BF05FFFF2
:10F3900005F118000CF031FAA268002431466869C2
:10F3A0000CF033FC2846EC670CF061F94146384616
:10F3B00000F0C8FD27E0A2683146E0690CF025FCAA
:10F3C000E369A26804F1240013446269E361934293
:10F3D00008BF23694FF0100108BFE361236A0133BE
:10F3E00023620CF0C2FB0024E0E752EA03010ED0D6
:10F3F0000849384689684E61CDE9002341462246D6
:10F4000000F026FD0446204602B0BDE8F0816FF012
:10F410002204CBE7DC010120F7B50446084604F1DD
:10F420000807EFF31186202181F31288BFF36F8F55
:10F43000216A002939D0A268A1690CF0E6FBA36912
:10F44000A268256813446269A361934204BF2369DB
:10F45000A361236AAC4203F1FF33236233D0284611
:10F46000002D31D00BF0F3FE05F118000CF0C5F9BA
:10F47000A2686969E0690CF0C8FBE369A2682846E4
:10F4800013446269E361934204BF2369E361236A21
:10F49000013323620024EC670CF0E9F8384631466A
:10F4A00000F050FD204603B0F0BD52EA030110D039
:10F4B000094989684861CDE900233146224638462A
:10F4C00000F0C6FCEFE7002086F31188BFF36F8FD2
:10F4D000E9E76FF02200F7E7DC0101202DE9F341B5
:10F4E000044617461E46EFF31188202383F3128843
:10F4F000BFF36F8FC368334A7BB1806891688842DD
:10F5000019D057EA060318D188F31188BFF36F8F1B
:10F510006FF00F0002B0BDE8F081916891F90E1014
:10F520000133E36093682161A36088F31188BFF31E
:10F530006F8F0020EEE72169F2E791F90E1090F944
:10F540000E306FF07E029942A8BF19469142B8BFB3
:10F5500011468B422DDD0BF087FE054622464146C3
:10F56000CDE90076184800F073FC0028E1D0EFF3F5
:10F570001186202383F31288BFF36F8FA068D0B168
:10F58000236821699C420AD04BB193F90E3099420D
:10F59000A8BF19466FF07E039942B8BF19460BF019
:10F5A00063FE40B13146084800F0CCFC6FF00A0021
:10F5B000B0E70025D2E7002DF4D186F31188BFF320
:10F5C0006F8FF3E7DC010120BE240120F8B58368CA
:10F5D0000546002B3FD0234A926893423ED1C36830
:10F5E000012B03D9013BC3600020F8BDEFF3118765
:10F5F000202383F31288BFF36F8F016980680BF0BB
:10F6000033FE2C68AC4207D10023C5E9023387F3EF
:10F610001188BFF36F8FE7E7002CF5D0D4E90032F3
:10F62000002613605A60637BC4E9006623F002037E
:10F630006373A66004F118000CF0DFF8AC6094F975
:10F640000E3020462B61E6670CF011F8394606486B
:10F6500000F078FCC8E76FF01500C6E74FF0FF3008
:10F66000C3E700BFDC010120BE24012037B51146ED
:10F67000EFF31185202282F31288BFF36F8F0468A5
:10F680009CB12368426823F003039442036008BFDF
:10F690004360012120460BF06EFE044685F311887D
:10F6A000BFF36F8F204603B030BD51EA0302F5D09F
:10F6B00000F10802CDE900131046294600F0C8FB0E
:10F6C0000028EFD1014B9B685C69EBE7DC0101206E
:10F6D00070B5EFF31186202383F31288BFF36F8F89
:10F6E0000468A0421AD0CCB1D4E9003200251360DE
:10F6F0005A60637BC4E9005523F002036373A5607D
:10F7000004F118000CF079F82046E5670BF0AFFF24
:10F710003146BDE87040074800F014BCD0E9023221
:10F720009A4218BF01330221836010300CF01DFA99
:10F73000EEE700BFBE24012013B5EFF311812024B2
:10F7400084F31288BFF36F8F846844B1013C8460F6
:10F7500081F31188BFF36F8F002002B010BD52EA11
:10F76000030406D181F31188BFF36F8F6FF00F0090
:10F77000F3E7CDE900230246014800F069FBECE71E
:10F78000BE2401202DE9F0410546EFF31187202327
:10F7900083F31288BFF36F8F00266FF00A082C687E
:10F7A000A54215D0A4B1D4E9003213605A60637B3E
:10F7B000C4E9006623F002036373A66004F1180035
:10F7C0000CF01BF82046C4F87C800BF050FFE6E7F5
:10F7D000002305F110000221AB600CF0C6F9394698
:10F7E000BDE8F041014800F0ADBB00BFBE240120E0
:10F7F0002DE9FF41044620274E4EEFF3118887F391
:10F800001288BFF36F8FD4F8C850F5B9022104F104
:10F81000E0000BF01CFE002868D004F1D80500229F
:10F82000012128460BF0AEFF0028F8D100234FF04D
:10F83000FF3202934FF0FF334146CDE900233E48AB
:10F8400004F1D00200F030FDD7E7D4F8CC202B68CB
:10F850009542C4F8C83008BFC4F8CC30D4F8E030C2
:10F8600043F00203C4F8E030EB6823F0040343F0F4
:10F870000103EB606B6888F31188BFF36F8F284634
:10F880009847EFF3118887F31288BFF36F8FEB6807
:10F89000D80623F0010236D4EA60EB689A0716D541
:10F8A000306823F00203EB6088B10021036870B177
:10F8B0004268954235D1036869BB72683360824201
:10F8C00000D17360002340F8083BFFF701FFD4F834
:10F8D000E03023F00203C4F8E03088F31188BFF36E
:10F8E0006F8FDB0589D400F0A3FB86E7D4F8E03006
:10F8F000D9069BD5C4F8E00088F31188BFF36F8F59
:10F9000004B0BDE8F08123F01103EB6005F11000B5
:10F91000FFF7DEFEC1E70B607368834208BF7160CA
:10F92000D0E723B11A68014618461346BFE71A46C6
:10F93000F9E700BF04020120BE240120F8B5C36826
:10F9400004469A070F46C3F340062CD45B071AD42B
:10F950000B680BB983680B60E368DD0742BFA368DF
:10F9600002263B603D6858BF0126002D3AD01F4B50
:10F970009B68AB420AD0D5F8E030D807C3F38002C9
:10F9800014D46FF0120600233B6025E00BF02AFE32
:10F99000D5F8E0300028F0D1D907C3F3C002F0D584
:10F9A00052B15B0708D46FF00F06ECE7002AFAD1DA
:10F9B000C3F3C003002BF6D100232360D5F8CC306D
:10F9C00063B9C5E9324428460BF05BFDE36843F0B8
:10F9D0000403E3603B68A3603046F8BD1C60C5F8D3
:10F9E000CC40F0E76FF01506CDE700BFDC01012049
:10F9F000014601480BF0B0BD50EB0020F0B50446C5
:10FA0000002089B0C4E932000E9D04F1D000C4E9A1
:10FA1000340004F1D800C4E936004DB32879002839
:10FA200040F2011008BF0120C4F8E00000204FF0B0
:10FA3000FF364FF0FF37CDE90330CDE90100CDE9C6
:10FA4000066720460B4B009400F004F955B1296875
:10FA500011B120460BF0CCFD6B791BB1237B43F039
:10FA600001032373204609B0BDE8F04000F064BBF9
:10FA70000120D9E7F1F7020037B501900846EFF30E
:10FA80001184202181F31288BFF36F8FC16811F0B8
:10FA90001E0F16D153EA020508D101A9FFF74EFF48
:10FAA00084F31188BFF36F8F03B030BD41F00801BC
:10FAB000C160019910308161034900F0D7FC012039
:10FAC000EEE70020ECE700BFF7B403000146014871
:10FAD000FFF7D2BF50EB0020F7B50C4616461D4687
:10FAE0000190EFF31187202383F31288BFF36F8F08
:10FAF00008460BF0B7FC55EA060309D1204601A9D8
:10FB0000FFF71CFF87F31188BFF36F8F03B0F0BDC1
:10FB1000E36804F1100043F00803E360019B324600
:10FB2000A36203492B4600F0A1FC0120EAE700BFD5
:10FB3000F7B4030001460148FFF7CEBF50EB0020A9
:10FB400038B5EFF31185202383F31288BFF36F8F4D
:10FB50000468A04212D08CB120460BF032FD04F1B3
:10FB600018000BF04AFE00232046E3670BF07FFDF0
:10FB70002946054800F0E6F9002038BD85F31188D4
:10FB8000BFF36F8FF8E700BFBE2401202DE9F341DA
:10FB900005460C4617461E46EFF31188202383F3D3
:10FBA0001288BFF36F8F0846FFF710FD2A464146C3
:10FBB000CDE90076074800F04BF905464FF0FF32DB
:10FBC0004FF0FF332046FFF789FC284602B0BDE81E
:10FBD000F08100BFBE2401202DE9F043984685B096
:10FBE00000F15803C0E91633109B00260373042369
:10FBF000073222F0070543730F9B01EB05090F46FF
:10FC000083734946C0E906668660C6730446EDF70D
:10FC1000FFFB0E9B073020F00700E066C4E9197572
:10FC200002930D9BA9EB000901930C9B4A4600939C
:10FC3000394643462046EDF7B9FF054B66659B689C
:10FC400003B11B6F4846236705B0BDE8F08300BFD2
:10FC5000DC010120F0B5002587B00595109DDDE998
:10FC6000127604950F9D044603950E9D02950D9DF9
:10FC700001950C9D0095FFF7AFFFB6F1FF3F08BF60
:10FC8000B7F1FF3F05D056EA070305D1204600F043
:10FC900053FA204607B0F0BD3A463346024904F114
:10FCA000180000F0E3FBF4E7E9B603006FF00A0187
:10FCB000084A9368D967084998674B6843F08053AE
:10FCC0004B60002383F31188BFF36F8F9368D86F65
:10FCD000704700BFDC01012000ED00E070B590F935
:10FCE0000D20437B002A39DBD90637D18269002AEF
:10FCF00034D11D4C63F07F032246437352F81C3FFE
:10FD000093422CD1216AC0E900210860206211E0F1
:10FD10009942F8D01B68002BF5D090F90E5093F95A
:10FD20000E60B542F4D0AE42F2DD5968C0E9003150
:10FD300008605860E569954200D005B9E568A36898
:10FD40005A7BD20604D1DA897F2A01D9AA6942B145
:10FD5000AB4202D0284600F0E7FAA56170BD216AE7
:10FD6000D9E7A361FAE700BFDC01012038B590F9BB
:10FD70000D200146002A437B04DA03F07F0343731E
:10FD80000BF03BFC0D4D2A4652F81C4FAB689442D9
:10FD900000D004B9EC688B4207D05A7BD20604D15C
:10FDA000DA897F2A01D9A2692AB1A34202D020466A
:10FDB00000F0BAFA2346AB6138BD00BFDC01012078
:10FDC00070B590F90D200146002A437B04DA03F058
:10FDD0007F0343730BF011FC1C4C4B7B224663F0FA
:10FDE0007F034B7352F81C3F206A934207D1C1E94D
:10FDF00000200160216211E09842F8D01B68002BBE
:10FE0000F5D091F90E5093F90E60B542F4D0AE42A0
:10FE1000F2DD5868C1E9003001605960E569A36806
:10FE2000954200D005B9E5688B4207D05A7BD206CF
:10FE300004D1DA897F2A01D9AA692AB1AB4202D05A
:10FE4000284600F071FA2B46A36170BDDC01012049
:10FE5000F8B5124B0C46DDE9067611469868104A53
:10FE60001060EFF31182202282F31288BFF36F8FAC
:10FE70009D6828460BF0D3FBB6F1FF3F08BFB7F1F2
:10FE8000FF3F06D03A463346064905F1180000F018
:10FE9000EDFA2046BDE8F840FFF708BFDC0101207D
:10FEA0000C020120E9B60300F8B50446EFF3118611
:10FEB000202383F31288BFF36F8F437B49B2DA06A6
:10FEC00017D18269AAB903F07F031D4D43730BF06C
:10FED00094FB2A46437B817363F07F03437352F89C
:10FEE0001C3F93422AD1286AC4E9002004602C6296
:10FEF00016E00020A17386F31188BFF36F8FF8BD61
:10FF00008342F1D01B68002BEED093F90E70B942FA
:10FF1000F6D08F42F4DD5968C4E900310C605C60B2
:10FF2000EC69944200D004B9EC68AB689C4202D002
:10FF3000204600F0F9F90120AC61DCE7286AE2E72D
:10FF4000DC01012049B9EFF3058030B9054B9A690E
:10FF50009B689A4201D0FFF7A9BE81F31188BFF3D5
:10FF60006F8F7047DC010120034648B9EFF305822B
:10FF700032B9064A91699268914201D0FFF796BE64
:10FF800083F31188BFF36F8F704700BFDC0101203E
:10FF9000EFF31181202383F31288BFF36F8F054B9A
:10FFA0009A68D37B013BD37381F31188BFF36F8FC2
:10FFB000704700BFDC01012070B5EFF311862023EC
:10FFC00083F31288BFF36F8F144DAB68DA7B013275
:10FFD000DA732A4652F81C4F944200D004B9EC68F8
:10FFE0005A7BD20604D1DA897F2A01D9A2692AB1C3
:10FFF000A34202D0204600F097F92346AB6186F376
:020000040003F7
:100000001188BFF36F8FEFF31180202383F31288E1
:10001000BFF36F8FBDE87040FFF7A6BFDC01012082
:10002000024B03F11C02C3E907227047DC010120E7
:1000300070B5EFF31186202383F31288BFF36F8F1F
:100040001B4CA168206A0B68814214BF1A4600222B
:1000500049680B605960A368216A2AB9154AC3E947
:1000600000210B6023620CE093F90E0092F90E5010
:10007000A84218D0854216DD5168C3E900210B6003
:100080005360E5690B4B9D4200D005B9E568A36854
:100090009D4202D0284600F047F9A5613046BDE8F0
:1000A0007040FFF703BE8A42D8D01268D5E700BF80
:1000B000DC010120F801012050EA01032DE9F041A3
:1000C00005460E4604D1FFF7B3FF0020BDE8F081DE
:1000D000831C71F1FF3324DB0BF0B0FB2C18EFF322
:1000E0001188202383F31288BFF36F8F0F4F104BBB
:1000F000B8681860FFF73AFEB8680E492A463346DA
:10010000183000F0B3F9BA684046537B43F004035B
:100110005373FFF7CBFD0BF091FB201A20EAE07040
:10012000D4E76FF00104241AD9E700BFDC010120F5
:100130000C020120E9B6030038B5044618300BF074
:100140005CFBEFF31185202383F31288BFF36F8FDD
:10015000637B5A0704D485F31188BFF36F8F38BDD2
:1001600023F0040320466373FFF7B8FDEFF3058324
:10017000002BF0D12946BDE838400148FFF7E2BE28
:10018000BE240120014B9868704700BFDC010120AC
:100190002DE9F8430446EFF31187202383F31288F7
:1001A000BFF36F8F067B16F001060DD087F3118821
:1001B000BFF36F8F002383F31188BFF36F8F042386
:1001C000184602DFBDE8F883437B1A0704D587F39E
:1001D0001188BFF36F8FF5E7D90943F0080255D1B5
:1001E0004273A36813B120460BF00FFA04F1180014
:1001F0000BF003FBA56D04F15808A84511D04FF092
:10020000000975B128460BF000FA05F118000BF053
:10021000F4FA2846C5F87C90FFF760FDA56DA84567
:10022000EFD11E4DAB689C4204D1EFF30586003E32
:1002300018BF0126D5F81C80194A904502D0B8F1A4
:10024000000F01D1D5F80C80434502D0404600F0A4
:100250006BF82046C5F81880EDF7C8FC56B140F29F
:100260000113104EB38100233046C6E9193300F064
:1002700015FBAE60AB689C42A9D1EFF30583002B60
:10028000A5D13846BDE8F843FFF710BD03F07F0362
:1002900043F0080343730BF0B0F9A2E7DC0101203F
:1002A000F801012068EA0020D3B5DDE90667089C63
:1002B000CDE90067FFF7CCFD1CB1034B9B685B6980
:1002C000236002B0D0BD00BFDC0101200122044B3D
:1002D000C01A044BC0105843034B1A54704700BF58
:1002E00030EB0020ABAAAAAABE240120C3897F2B31
:1002F00012D80A4B1B6863B1094B90F90E201B689A
:100300009A4209DB437BDB0606D1064BC31A18BFB2
:10031000012303F0010070470023FAE714020120D3
:1003200010020120D8E8002070B50E4B0E4C1E7C48
:10033000054606EB460304EBC30420460BF05DFACA
:1003400000220A4B28469A55FFF7D0FF48B1084BC8
:100350002046BDE870401A680649013AD31700F0FC
:1003600085B870BDDC01012030EB0020BE240120E7
:1003700014020120CD02030038B5EFF311852023CC
:1003800083F31288BFF36F8F104B114A9C6810687B
:10039000A04206D1FFF7C8FF85F31188BFF36F8F26
:1003A00038BD00211B7C11600A4AD35C002BF3D0BE
:1003B0002046FFF79BFF0028EED0637BDB0602D1CF
:1003C0002046FFF7FDFC2046E4E700BFDC010120EA
:1003D0000C020120BE240120074808B5074A08493D
:1003E000121A0AF065FEBDE808400648064A0749A9
:1003F000121A0AF05DBE00BF20CA002030D10020D2
:10040000CC26040020CA002020CA0020CC260400EC
:10041000024B1868984208BF0020704764CC002047
:10042000034B1B680BB9F5F72DB90020704700BFCF
:100430001802012030B570B10B4B5B6898420AD0AE
:10044000036843B1D3E90421D0E90445121941EB13
:100450000501C3E90421D0E9003213605A6000238A
:10046000C0E9003330BD00BF64CC0020B3F1FF3FD2
:1004700008BFB2F1FF3FF8B504461D4616465AD0F4
:100480008160EFF31187202383F31288BFF36F8F0E
:10049000013275F1FF3321DA6FF001032B49D1E905
:1004A00000209B1A4FF0FF3262EB00009E1B60EBB6
:1004B0000500012E70F1000301DA01260020C4E9D5
:1004C0000460FFF7A5FF224E84467068BCF1000F60
:1004D0000DD1C4E90060046074601CE0FFF7A0FF68
:1004E000013645F10005361845EBE070E7E7DCE939
:1004F0000425D4E90431934271EB050E1CDAD21ABB
:10050000DCF8043065EB0105CCE90425C4E900C33F
:100510001C60CCF80440FFF77BFF844207D10D4BF1
:100520001C6824B90BF050F92146F5F77DF887F3E4
:100530001188BFF36F8FF8BD9B1A61EB05018445ED
:10054000C4E90431C5D0DCF800C0BFE748EB0020A7
:1005500064CC0020180201202DE9F047EFF311854B
:10056000202383F31288BFF36F8F254F4FF00008CD
:1005700038604FF00009FFF74BFF224E3B68D6E989
:10058000001E4FEAE37C50B1D0E90442A3427CEB69
:10059000020A18DAE41A62EB0C02C0E904420024F1
:1005A0005B184EEB0C02C6E900323C600BF00CF914
:1005B0002146F5F739F885F31188BFF36F8FBDE851
:1005C000F047FFF7D9BE61184EEBE473C0E9048928
:1005D000C6E90013FFF72EFF85F31188BFF36F8F75
:1005E00083689847EFF31185202383F31288BFF3C4
:1005F0006F8F3B681B1B3B60FFF70AFFBEE700BF26
:100600001802012048EB002010B5EFF311842023DD
:1006100083F31288BFF36F8FFFF702FF0346054A8B
:10062000D2E90001181841EBE37184F31188BFF39C
:100630006F8F10BD48EB0020F8B50446EFF311872B
:10064000202383F31288BFF36F8F026822B187F3F0
:100650001188BFF36F8FF8BDD0E90A36581C46F1F8
:100660000001022871F1000127D3012B76F100016E
:10067000BCBF012316465D1E46F1FF360BF0E2F8C3
:10068000013041F10001401946EB0101012871F1EF
:10069000000139DB0BF0D6F8013041F100016FF0B9
:1006A0000102401946EB01034FF0FF31121A61EBD2
:1006B000030320461749FFF7D9FE236B0133236359
:1006C000236A6BB187F31188BFF36F8F2046236ACB
:1006D0009847EFF31187202383F31288BFF36F8FBE
:1006E00054F8185FA542B2D0002DB0D028460AF0C9
:1006F000CDFF0023EB6787F31188BFF36F8F284688
:10070000BDE8F8400AF0B3BF6FF001024FF0FF33CD
:10071000CFE700BF390603002DE9F04105461C462E
:1007200090461F46EFF31186202383F31288BFF310
:100730006F8FB4F1FF3F08BFB2F1FF3F05D186F3E1
:100740001188BFF36F8FBDE8F081531C74F1FF3344
:1007500009DB012A74F10003BCBF0122002412F15D
:10076000FF3844F1FF3728460BF047F8DDE9062350
:10077000C5E90A23002342462B6328463B4602492B
:10078000FFF774FEDBE700BF390603002DE9F74FE2
:100790001D46274B16469F68012387F8603087F86F
:1007A000613052EA05030CBF0123002307F1600208
:1007B00080460BF01EF98146EFF3118B4FF0200AB3
:1007C0008AF31288BFF36F8F97F860404CB90146E7
:1007D0005A4640460BF0B5F88BF31188BFF36F8F84
:1007E0000BE0002387F8603056EA050309D18BF34C
:1007F0001188BFF36F8F6FF00A04204603B0BDE885
:10080000F08F5946CDE900650A4A0B48FFF720FBF7
:100810000446EFF311858AF31288BFF36F8F2A46DF
:10082000494640460BF08DF885F31188D6E700BFA6
:10083000DC0101206CCC0020BF24012038B5034628
:10084000EFF31185202282F31288BFF36F8FC1600E
:10085000012181600068834206D185F31188BFF3CE
:100860006F8F0024204638BDD0E9003213605A60F3
:100870000023C0E900330BF023F92946044602485F
:10088000FFF760FBEEE700BFBF2401200A460146E8
:1008900001480BF08EB900BF14CE0020014B036756
:1008A000704700BF14CE002038B504460D460AF04C
:1008B00099FE20B9064B9B681B6F0BB938BD054BE1
:1008C0002A4621461846BDE838400BF072B900BFF1
:1008D000DC01012014CE00201FB5094A02AB92E8CA
:1008E00003004FF4805283E80300009305494FF062
:1008F000FF330548FFF782F8002005B05DF804FBE0
:100900007CCB03000093012050EB00200CB430B5E9
:1009100089B005460C461C22002101A80BF09CF969
:10092000022305958DF806300D4B029323462CB11A
:10093000B4F1004F28BF4FF00043013B1D440DAA06
:100940000C9901A80695009200F07AFC14B1059B61
:1009500000221A7009B0BDE8304002B0704700BFF5
:100960004DC403000EB470B589B004461C220021AA
:100970000DAD01A855F8046B0BF06EF9022301A828
:100980002A4631468DF80630094B0594029304F14E
:1009900000430095013B069300F052FC0028A4BFE1
:1009A0000023235409B0BDE8704003B0704700BF76
:1009B0004DC403002DE9F84F00228046894618F8FF
:1009C0000230511C202B00F09E81A3F10900042865
:1009D00040F299812B2B0D4633D02D2B36D0184663
:1009E000042440F02003692B32D06E2B60D000220B
:1009F0004FF00A0A964694461346114614F40066D0
:100A00006BD040F02007A7F1610BBBF1050F64D854
:100A1000573FFFB2BA4540F3F28044F08006E0054C
:100A2000B6B268D5F40506F4007079D5002F18BF6A
:100A30004CF0010C00B9013218F8050034460135BC
:100A4000DCE7042418F80100951CCAE74424F9E700
:100A5000AE4B0026AE4F13F8011B49B118F8052024
:100A6000681C42F020028A4226D0AA4A934230D122
:100A700032463B4630463946E8F706F848B918F89A
:100A80000530282B05D1013518F805300135292B03
:100A900014D1630602D507F100431F46B9F1000FD8
:100AA00002D04544C9F8005047EC106BBDE8F88F00
:100AB000994B0026994FCEE70546CCE723F020025C
:100AC000413A192AE0D9A3F13002092ADCD95F2B77
:100AD000DAD0002600270025E0E7A0F13007FFB2BA
:100AE00057452DDA44F0800614F48070B6B299D1DF
:100AF000BAF10A0F06D0BEF10F0F93DD44F4C076B1
:100B0000B6B28FE7BEF1100F8CDD44F4C076042F2F
:100B1000B6B287D9052F4FF0020C08BF074681E710
:100B200000B1013AAAFB0334FB180AFB014444F16B
:100B3000000153EA01003FF47FAF0EF1010E7BE7A5
:100B4000FE2F5CD1A70556D52006C2D5002E40F059
:100B5000968053EA010005F1FF3500F0D1802005B1
:100B600040F1B2803632B1F5800FC0F091806C4F09
:100B7000B1F5000F80F09180BA42C0F28E804CEA4D
:100B80000303084603F00306032E04D003F0060611
:100B9000062E40F08B80043341F10000B0F5000FC9
:100BA000C0F084800132B2F5806F80F2A68000230D
:100BB0004FF4801102F2FF3221F480111E4641EA07
:100BC000025747EC106B02F04BF80138022804D8AA
:100BD000544B22220BF05CFC1A5047EC106B02F0D5
:100BE0003FF8013802283FF654AF4E4B22220BF05B
:100BF0004FFC1A504DE744F40076B6B21CE740F0C3
:100C0000200004F08007782809D147B153EA010A8F
:100C100005D144F400664FF0100AB6B20CE7002F7D
:100C20003FF457AF6EB392007026864291D118F808
:100C300005006E1C2B2804D02D2824D144F4806498
:100C4000A4B218F80600A0F13006092E81D8AE1C17
:100C5000354640F2D34A00264FF00A0B5645DCBF1A
:100C600030380BFB060618F805000135A0F13007F7
:100C7000092FF3D9670548BF7642324469E72E2031
:100C8000D1E76526D1E7A0F13007092FE0D960E769
:100C9000DB1802F1FF32494165E75E0803F001030A
:100CA000013246EAC1764908334361E7B2F5806F05
:100CB00023DA9B08B0F5800F4FEA900143EA807376
:100CC000BFF478AF002279E70EEB020010F5A27FA7
:100CD00010DDB0F59B7F10DA03F0010040EA0C0054
:100CE00001308008181841F10001E8F799FE57EC2F
:100CF000106B72E7002600276FE70026044F6CE7B1
:100D000000260027C5E60A4659E600BF5026040023
:100D10000000F07F532604004D2604000000F87FF9
:100D200002FCFFFF0C000000242A2DE9F0410446DC
:100D300001D8012A4CD1364B16220BF0A9FB1A50D0
:100D400001B10C6000273846BDE8F08135462E46DB
:100D500016F8010B2028F9D0A0F109070346042F4B
:100D6000F4D92B2836D02D2837D14FF0010CAE1CEA
:100D70006B78302B38D1307840F0200078282FD194
:100D800032F010002CD173783446102202360CF168
:100D9000004000270138B0FBF2FE02FB1E08392B91
:100DA00082BF03F1FF3343F02003263B303B9A42DE
:100DB0001ED9774502DC03D1984501D24CF0020CD4
:100DC000354607FB0237344615F8013B2E46E6E769
:100DD0000546BCE74FF0000CC9E74FF0000CC8E730
:100DE000002A08BF0822D2E7002A08BF0A22CEE75D
:100DF00001B10C601CF0010F18BF7F421CF0020F04
:100E0000A1D0034B222207460BF042FB1A509AE76F
:100E10000C000000242A2DE9F84F8046894601D8AD
:100E2000012A60D1424B16220BF032FB1A50B9F165
:100E3000000F01D0C9F80080002319461846BDE80C
:100E4000F88F31460E4616F8013B202BF9D0A3F15E
:100E500009001C460428F4D92B2B46D02D2B46D153
:100E600001278E1C4C78302C48D1337843F0200376
:100E7000782B3ED132F010033BD17478B046102568
:100E8000023617F1FF3B6FF000432A4643F1000A98
:100E9000584600235146E7F7F1FE00238C461946D9
:100EA000392C82BF04F1FF3444F02004263C303C4E
:100EB000A54228D998427CEB010E05DB614508BFAD
:100EC000834203D1A24201D247F00207A5FB033EB1
:100ED000B04605FB01EEE3184EF10001B6461EF8E0
:100EE000014B7646DCE70146ACE70027B9E700276F
:100EF000B9E7002A14BF15460825C2E7002A14BF27
:100F000015460A25BDE7B9F1000F01D0C9F80080E8
:100F1000F80702D55B4261EB4101BA078ED5044A5E
:100F200022240BF0B5FA5B465146145086E700BF09
:100F30000C000000242AF0B5044601D8012A40D153
:100F40002E4B16220BF0A4FA1A5001B10C600020AF
:100F5000F0BD2F463D4615F8010B2028F9D0A0F131
:100F600009060346042EF4D92B282CD02D282CD189
:100F70000126BD1C7B78302B2DD1287840F0200035
:100F8000782824D132F0100021D16B782C46102221
:100F900002350020392B82BF03F1FF3343F02003D9
:100FA000263B303B9A421AD9A0FB02040CB9C01868
:100FB00001D346F002062F462C4617F8013B3D466A
:100FC000E8E70746C6E70026D3E70026D3E7002A6E
:100FD00008BF0822DDE7002A08BF0A22D9E701B1CD
:100FE0000C60F20748BF4042B307B1D5034B222241
:100FF0000BF04EFA1A504FF0FF30A9E70C0000003A
:10100000242AF0B505460E4601D8012A0AD13E4BE6
:1010100016220BF03DFA1A5006B135600020014649
:10102000F0BD2046044614F8011B2029F9D0A1F197
:1010300009070B46042FF4D92B2939D02D293AD191
:101040004FF0010C841C4378302B3BD1217841F0C8
:101050002001782932D132F010012FD16378254652
:101060001022023400200146392B82BF03F1FF33E6
:1010700043F02003263B303B9A4232D9002729BB5C
:10108000A0FB02E517F001077046294608D11EEBC8
:10109000030E55F10005704628BF012729460FB100
:1010A0004CF0020C2746254617F8013B3C46DBE78F
:1010B0004FF0000CC6E74FF0000CC5E7002A08BF50
:1010C0000822CFE7002A08BF0A22CBE7A2FB015182
:1010D000A0FB02E02D1841F10001002918BF0127F3
:1010E000D0E706B135601CF0010F02D0404261EB41
:1010F00041011CF0020F93D0034B22220BF0C8F9E0
:101100001A504FF0FF308AE70C0000002DE9F04143
:1011100001260746B24201DCBDE8F0813B461F468E
:1011200013F8014B002CF7D0252CF8D11C7802378E
:10113000252CF3D00023DFF804819C461D461F2D8B
:1011400018D8A4F1200EBEF1100F09D9A4F1300E69
:10115000BEF1090F1ED80A24202504FB03E304E096
:1011600028FA0EFE1EF0010F06D017F8014B002CD6
:10117000E5D128E07F2D1CD8A4F1300EBEF1090F77
:10118000E9D9242C10D1BCF1000F46D0B34246D08F
:101190000023EAE724F0040EBEF12A0FF8D06C2CED
:1011A00009D145F08005E0E724F0040EBEF12A0FD6
:1011B000EED06C2C22D06C2C1BD8682C23D06A2C3F
:1011C00028D04C2C26D0BCF1000FA5D0B445A1D11D
:1011D00044F020070B68A7F1650CBCF1020F01D9A0
:1011E000612F1ED1073323F00703083301360B604C
:1011F0008FE7742CB9D07A2CB7D0E4E72C0648BF1F
:1012000045F40075CDE7EC0548BF45F4007545F49D
:101210008075AAE745F42075A7E79C46B8E76324E4
:10122000D6E7692C02D007D8632C03D02F0601D54E
:10123000AC05D7D40433D9E7732CF6E7892801002D
:101240002DE9F04F436893B0804601938378980767
:10125000CDE9061216D50B4600250B921F789FB1DB
:10126000252F15D00133059341463846019B0135A2
:101270009847002880F22A8498F8023043F004034B
:1012800088F802304FF0FF35284613B0BDE8F08FE4
:101290005F789A1C252F0592E6D000242646A246A8
:1012A000A346BBF11F0F32D8A7F12003102B0AD899
:1012B000DFE803F02409092A0909091B09090922A1
:1012C000092709091900A7F13003092B2DD92A2F65
:1012D00039D154B90B9B1BF0400F53F8042B0B93DF
:1012E00029D0164601E04BF0010B059B13F8017B5A
:1012F0000593002FD5D15BE04BF0020B4BF0040BB4
:10130000F3E74BF0080BF0E74BF0100BEDE7BBF108
:101310007F0F3FD8A7F13003092BD8D81BF0400F1F
:1013200003D00A2202FB0636DFE70A2202FB0A3A52
:101330004BF0200BD9E7B2F1000AF9DACAF1000A42
:101340004BF0280BD1E72E2F05D11BF0400F9BD17E
:101350004BF0400BC9E7242F1CD1002C00F03E813C
:10136000079B1BF0400F0B930AD152460BA906981E
:10137000FFF7CCFE0B9B1A1DD3F800A00B92B4E72D
:1013800032460BA90698FFF7C1FE0B9B1A1D1E687B
:101390000B92AAE76C2F00F00E8100F20581682FF6
:1013A00000F011816A2F00F016814C2F00F013819C
:1013B00034B1079B22460BA906980B93FFF7A6FEB4
:1013C000002E47F02009B8BF2BF0400BA9F16503B0
:1013D000BCBF00261FFA8BFB022B40F20481B9F13F
:1013E000610F40F05882FF431BF0400F0CA84BF4F4
:1013F000C05407F0200308BF4FF0FF360493314676
:101400000B9B073323F0070303F1080293ED000B56
:101410000B92049A0AF054FF0130C3B2B342029314
:1014200001DB029B5E1E01230C9FA3464FF0700957
:10143000039307F10903122B0DD907F16303C62BA0
:1014400040F20A8107F2E73340F2CE72934294BF32
:101450000323042303939DF8342002F00C0312F0BD
:10146000010240F014811BF0020F40F00D811BF0CF
:10147000040400F0F380002B40F00C8120231BF4C7
:10148000405F20D1029A002E02F1480208BF0126D7
:101490006A44133A029921B112F8011D302900F073
:1014A0002E811BF0100F029A18BF3246391DC0F270
:1014B0002B81B74280F22881BA424BF4005B40F3A3
:1014C00025817E1C961B1BF40052089200F020819F
:1014D00027EAE774013403B10134002E00F02081C3
:1014E000721C1444A245CCBFAAEB040400241BF0D8
:1014F000090F04D12C44A54240F0178100243BB1D0
:1015000018464146019B013598470028FFF6B4AEC6
:101510001BF4006F12D041463020019B98470028F1
:10152000FFF6AAAE049B41460235C3F17800019B49
:1015300000F0F80098470028FFF69EAE1BF0080F59
:1015400005D12C44AC4240F0FC8025460024089B89
:10155000002B00F0158127EAE77A7642A7EB0A070D
:10156000029B0AF1FF3A05F101094146BB4289BFDE
:101570000CAB3020FB1858795645019B00F3EA80EC
:101580009847002807F10107FFF676AEBAF1FF3F52
:1015900008D141462E20019B98470028FFF66CAEEB
:1015A00005F102094D46DBE7742F3FF49EAE7A2F1A
:1015B0003FF49BAEFCE61BF0800F18BF4BF4007BA2
:1015C0004BF0800B91E61BF4807F18BF4BF4007B3F
:1015D0004BF4807B89E64BF4207B86E62646544616
:1015E000B346B24681E6FF431BF0400F07F02003ED
:1015F00008BF0626B9F1650F04930B9B03F107039F
:1016000023F0070303F1080293ED000B0B9211D1B5
:10161000711C00224BF4805BC9B2134611290CA83F
:1016200028BF112100F09AFF0C9FC3B2029302233E
:101630000393FEE6B9F1660F05D14BF4005B334628
:1016400001221121EAE7F1B200224FF065090129D8
:10165000134638BF0121E1E70223FBE6002B3FF4EC
:101660000EAFBAF1030F39DC9DF83430A14E13F000
:10167000080FA14B08BF1E463746B94617F8010BA5
:10168000A0BBAE1BB14478E023BB2B23F7E61BBB0A
:101690002D23F4E62022BAF1040F12DD1BF0080F0F
:1016A000AAF104040ED12C4441462020019B0135AF
:1016B000029298470028FFF6DFADA542029AF3D1C7
:1016C00092B1002441461046019B013598470028FD
:1016D000CADAD1E52B22DEE72D22DCE71BF0080F6A
:1016E000AAF10304C0D1DEE71446BDE7049B4146DE
:1016F000C01A019BC0B298470028BEDABCE5029927
:101700000139C9B20291C5E6561EDCE60026DAE6CA
:101710001BF4006F039A0CBF032405241444DAE67B
:101720001BF0100F18BF0134DCE609934146019B02
:1017300020209847002805F10105099BBFF6DBAE84
:101740009AE541463020019B013598470028BFF6B5
:10175000F9AE91E598470028FFF68EAD1BF0100F0B
:101760000BD0BAF1FF3F08D105F1020941462E2006
:10177000019B98470028FFF67FAD4D464C442CE274
:1017800041469DF83500019B98470028FFF674AD4F
:10179000002E65DD41462E20019B98470028FFF66C
:1017A0006BAD4FF0010A029B4146D3469A45B7BF45
:1017B0000CAB302053445879019B98470028FFF622
:1017C0005BAD0AF1010A5645EDDA02355D44049B32
:1017D0004146A9EB0300019BC0B298470028FFF6E1
:1017E0004BAD002F4146019BB6BF2D202B207F42E1
:1017F00098470028FFF640AD039B042B3DD14FF4E2
:101800007A794146019B0335B7FBF9F606F13000C2
:10181000C0B298470028FFF62FAD09FB16774FF0AE
:1018200064094146019B0135B7FBF9F606F130002A
:10183000C0B298470028FFF61FAD09FB16774FF09E
:101840000A094146019B0135B7FBF9F606F1300064
:10185000C0B298470028FFF60FAD09FB167713E0DA
:101860001BF0100F01D10135B1E741462E20019B3D
:10187000023598470028AADAFEE4039B0235032BC1
:10188000CDD0039B012BDAD107F1300005F101091E
:101890004146C0B26CE7A7F16303122B00F2FF8050
:1018A000DFE813F013005700FD00FD00FD00FD0010
:1018B0005700FD00FD00FD00FD00FD001701F800D0
:1018C000FD00FD002C00FD00B9000B9B01240CAFB6
:1018D0001A1D1B680B928DF830301BF0080F2ED0AC
:1018E0003E19B946B1452CD1EF1BB944AAEB04040B
:1018F00043E700BF5826040046E803000B9B1A1D6F
:101900000B921F68AB4B002F08BF1F461BF0400F08
:10191000384614BF31464FF0FF310AF005FA04464D
:10192000DBE741462020019B98470028FFF6A4AC46
:10193000013EB442F5D35544B246AD1BD0E75646FE
:10194000F7E7414619F8010B019B98470028C9DACF
:1019500092E41BF0800F0B9B35D01BF4007F2DD041
:10196000073323F0070303F10802D3E900010B92C8
:101970002BF0100900291FFA89F936DA404249F4A0
:10198000806961EB41010DF1300B0A235A460AF0E0
:1019900022FA19F0400FA0EB0B0B65D029F00102E1
:1019A0005E4592B240F3B280002F00F0A98019F09A
:1019B00010033446914626D002345CE01A1D1868A4
:1019C0000B92C117D4E71A1D1BF4807F19680B9284
:1019D00001D10846F5E71BF4007F19BF48B241F377
:1019E000C01108B241F3C031C2E750EA0103CAD1C5
:1019F0001BF0400FC7D0002EC5D12BF0110B344681
:101A00001FFA8BF9B34640F2064319EA03031CBFE1
:101A1000013400232FE02BF0100B0A231FFA8BFB5D
:101A20001BF080040B9A57D01BF4007115BF0732CE
:101A3000101D22F007020B900FBF106802F1080181
:101A40000B91D2E9000150EA010252D12BF01609A4
:101A50001BF0400F1FFA89F94FD0002E4DD12BF00B
:101A6000170B1FFA8BF9B34619F0100352D0002F51
:101A70004ED10BF1010419F0080F5ED119F0010FDE
:101A800006D0A2456EDDAAEB040404EB0B06544617
:101A900022464DE04BF0100B10237827C0E7B9F138
:101AA000780F04D1C7F1780343F01003B8E741463B
:101AB0002520019B98470028FFF6DEAB41463846BB
:101AC000019B98470028FFF6D7AB0235059BFFF72F
:101AD000C5BB08230027A3E7111D10680B911BF459
:101AE0008071B0D01BF400711ABFC0B2214680B221
:101AF000A9E72BF0060B1FFA8BF90DF1300B45E728
:101B000029F0110934461FFA89F97CE79146ABE7C1
:101B10005C4651E75C4676E7CDE90223414620204A
:101B2000019B98470028FFF6A7AB029A039B01325E
:101B30009245F1DC2C1BA5181446F3B14146302028
:101B4000019B98470028FFF697AB6FB90135A9466E
:101B50002E44A6EB09035B4521DC5D460CAE5DBB64
:101B6000D944C3E65E4693E7023541463846019BB9
:101B700098470028EBDAFFF77FBB40F2064319EAEB
:101B8000030FE4D019F0020F05F10105414614BF1F
:101B90002B20202019F4806F18BF2D20E7E7414645
:101BA0003020019B09F1010998470028D1DAFFF79D
:101BB00063BB00BF5C260400013D4146019B705D94
:101BC00098470028CBDAFFF757BB41462020019BFE
:101BD000013598470028FFF64FAB631B002BF4DC60
:101BE00074E700BF2DE9F04F002391B002900792F7
:101BF0000E920F9306930D4615F8016BAEB1202E91
:101C000017D0A6F10903042B13D9252E17D00FA93D
:101C100002980AF007F9031EC0F2F380DBB2B34268
:101C20000BD00FAA02990AF007F9069811B0BDE887
:101C3000F08F0FA902980AF007F92946DBE74E78E2
:101C40008D1C252EE3D02A2E03BFCD1C8E780124B7
:101C500000240027A6F13003DBB2092B19D9A20713
:101C600023D5242E23D1079B24F0020400220E93B7
:101C7000A4B201239F4215DC42B17B1E002F0E9AB5
:101C80004FEA8303D8BF00231A440E9215F8016B64
:101C9000DFE744F002040A2215F8016BA4B202FB4C
:101CA0000737D7E701330122E4E74FF0FF376C2E07
:101CB00035D007D8682E24D06A2E3FD04C2E37D08E
:101CC00026B9B2E7742E36D07A2E34D03146894800
:101CD00009F0DEFF0028A8D014F001030C9311BF17
:101CE0004FF0000A0E9B1A1D0E9208BFD3F800A0F9
:101CF0006E2E26D10F9A0023504600940AF0B9F8B0
:101D00009BE72E78682E04D044F02004A4B201355D
:101D1000D6E744F030046E78A4B20235D0E72E78CE
:101D20006C2E02D044F00404F0E744F00C04F2E717
:101D300044F00C04A4B215F8016BC1E744F00804A8
:101D4000F8E7632E1FD114F0020F04F0040408BF5B
:101D500001270FA902980AF065F8002851DBBAF1B3
:101D6000000F02D064B14AF8040B013FF1D10C9B83
:101D7000002B7FF462AF069B0133DBB206935CE776
:101D80000AF8010BF1E75B2E5DD12B7800265E2B64
:101D900006BF01354FF001094FF000090FA9029865
:101DA0000AF040F80022A84605F1010E94461146BB
:101DB00018F8013BFBB1F04508D05D2B12D02D2B5C
:101DC00004D132B90B4601221946F1E7002A08BFB7
:101DD000194688424FF00002F6DB9842D8BF4FF018
:101DE000010CF1E7002805DBE14511D10FAA0299AA
:101DF0000AF022F8CEB9029B9B7813F00C0F3FF447
:101E000014AF069B002B14BF18464FF0FF300DE7B0
:101E1000BAF1000F05D063074CBF4AF8040B0AF86B
:101E2000010B013F4FF00106B8D1BAF1000F01D10B
:101E300045469CE714F0040416BF00238AF80040CE
:101E4000CAF80030F4E70FA9029809F0FDFF002856
:101E5000D7DB582E7BD0643EF3B2142B00F2BD804A
:101E6000142E00F2BA80DFE806F00BB8B8B8B8411B
:101E7000B8B8B8B8B86F72B8B852B80BB8B8720082
:101E80004FF00A080FA9029809F0CCFF2B2804D0C4
:101E90002D280AD144F04004A4B2013FABD00FA9D1
:101EA000029809F0BFFF0028A5DB302877D1B7F1F1
:101EB000010918D00FA9029809F0B4FF002812DB1D
:101EC00040F0200344F08004782BA4B242D138F0D3
:101ED000100344D1B7F1020905D00FA9029809F007
:101EE000A1FF002862DA002637464CE04FF00008D8
:101EF000C8E700BF63260400BAF1000F05D06607EB
:101F00004CBF4AF8040B0AF8010B013F0FD00FA990
:101F1000029809F087FF002809DB202803D0A0F1F0
:101F20000903042BE8D80FAA029909F085FFBAF13A
:101F3000000F3FF41CAF14F0040416BF00238AF80E
:101F40000040CAF8003012E74FF008089AE74FF057
:101F5000100897E7B8F1000F08BF4FF008080026F7
:101F600037463928034682BF00F1FF3343F0200390
:101F7000263B303B98451CD80FAA029909F05CFF1C
:101F800020067FF538AF610602D5764267EB47073A
:101F900032463B465046009409F06BFFE7E6B946EF
:101FA000B8F1000FDBD14FF00A08D8E74FF0100866
:101FB000D5E7A8FB066244F080049E1908FB0722BF
:101FC000A4B242F10007B9F10109DCD00FA90298CF
:101FD00009F028FF0028C4DAD5E70FA9029809F014
:101FE00021FF03909DF80C302B2B04D02D2B0DD10D
:101FF00044F04004A4B2013F3FF4FDAE0FA90298A3
:1020000009F010FF031E0393FFF6F5AE039B43F0A8
:102010002003692B69D06E2B00F099804FF00008E7
:102020000A234646C146CDE90488220540F1BE8018
:10203000039A42F02002D2B2A2F16101052900F216
:10204000B580573AD2B2934240F3008144F0800BFE
:10205000E1051FFA8BFB40F1CC801BF4807F0BF471
:10206000007100F0D7800598002A18BF40F00100E9
:10207000059009B908F10108013F0D9300F0FB80BC
:102080000FA9029809F0CEFE031E5C4603930D9B38
:10209000CBDA21067FF5AFAE2205039A4CBF702341
:1020A000652342F0200248BF4FEA88089A4240F078
:1020B0002A81B7F1010B00F028810FA9029809F0DD
:1020C000B1FE0346C2B22B2A05D02D2A40F0F18082
:1020D00044F48064A4B2B7F1020B40F0CE800FAAA2
:1020E0000299184609F0A8FE0FE1734E4FF0000860
:1020F000DFF8D09116F801BBBBF1000F13D0013F00
:102100000DD00FA9029809F08DFE031E07DB43F0E6
:1021100020035B45EED00FAA029909F08DFE674BB4
:102120009E427FF468AE42464B4640464946E6F73B
:10213000ABFC38BB013F25D00FA9029809F072FE15
:10214000282816D00FAA029909F076FE1AE05C4EF4
:102150004FF00008DFF87091CCE720F02003413BFE
:10216000192B06D9A0F13003092B02D95F287FF47F
:1021700042AE013F3FF43FAE0FA9029809F052FE74
:102180002928EAD1630606D509F10043CDF8288055
:102190000B93DDE90A89BAF1000F3FF4E8AD14F0C2
:1021A0000C0F00F07181CAE90089E0E5039A303A2A
:1021B000D2B29A4240DA44F0800BE1051FFA8BFB61
:1021C0003FF54BAF0A2B14D114F00C0F1FD104991B
:1021D00008297FF742AF44F4C07B042A1FFA8BFB27
:1021E0007FF63BAF052A4FF0020108BF00220591A0
:1021F00033E714F00C0F049907D107297FF72DAFAF
:1022000044F4C07B1FFA8BFB27E70F29F6E70499FC
:102210001029DEE709B108F1FF38A3FB0661961922
:1022200003FB091141F1000956EA09023FF424AF0A
:10223000049A013204921FE7FE2A07D1A2053FF556
:1022400028AF44F4007B1FFA8BFB15E7039A04F0D8
:10225000800342F02002782A7FF41BAF002B3FF46A
:1022600018AF56EA09037FF414AF44F4006B10234F
:102270001FFA8BFB00E75C460BE70FA902980D9352
:1022800009F0D0FD0D9B1F460346A3F13002092A39
:102290001CD918460FAA029909F0CEFD7B1C04D068
:1022A0000FAA0299384609F0C7FD0FAADDE902100E
:1022B00018E74FF0FF37E8E77A2604007D26040090
:1022C000772604000000F07F0000F87F00270A2234
:1022D00040F2D3418F42DCBFA3F1300102FB07176C
:1022E000BBF1010B09D00FA9029809F09BFDA0F1E9
:1022F000300103460A220929EAD96005039348BF41
:102300007F42B8445F46002FCFD156EA090300F060
:10231000B680210504F00C0240F18A80002A4FF0BB
:102320000100614912BF352318236FF07D015F1C46
:10233000A3F11F02C7F1200C00FA02F2B84420FA00
:102340000CFCB84042EA0C02864279EB020751D3FA
:102350000127A3F11E02C3F11E0C981C07FA02F21A
:1023600027FA0CFC07FA00F042EA0C02864279EBED
:10237000020745D2884543DB059A324316464A4652
:1023800006F00300032803D006F0060006280BD150
:10239000043649F10002B2F5000F21BF760808F1BA
:1023A000010846EAC2765208B608C3F13500C3F107
:1023B0001507153B46EA8276920806FA07F726FAD1
:1023C00003F3824006FA00F03A431A43364B99422F
:1023D00025D1B8F5806F61DAB2F5801F25D308F2F8
:1023E000FF3822F4801242EA085308900993DDE98D
:1023F0000889C7E6B61908F1FF3849EB0909A3E7D0
:10240000770806F0010608F1010847EAC9774FEAA4
:1024100059093E43AAE7001808F1FF385241B2F5C6
:10242000801F38D218F57F7FF5DA4FF00008DAE721
:10243000059B06F001001843049B013043448008CB
:10244000301849F100015AB113F5A27F17DDB3F539
:102450009B7F23DA4246E7F7E3FA59EC108B91E6CB
:1024600013F12D0F0BDB272B18DC414609F047FD3C
:1024700010EE100AE6F748F88046894682E64FF0EB
:1024800000084FF000097DE640464946E6F756FB56
:10249000CAF800006BE4B8F5806FA0DB4FF00008CD
:1024A000DFF808906EE600BF02FCFFFF0000F07F3F
:1024B000F0B589B005460C46164600211C2201A83D
:1024C0001F4609F0C9FB0223204605958DF806300A
:1024D0000A4B02932CB1B4F1004F28BF4FF00040DB
:1024E000013805443A46314601A80695FEF7A8FE94
:1024F00014B1059B00221A7009B0F0BD4DC4030051
:1025000070B588B006460C46154600211C2201A86D
:1025100009F0A2FB01232A4621468DF8063001A8C6
:10252000034B05960393FFF75DFB08B070BD00BF3A
:1025300039C403001FB502AB074A00934FF0CC33F8
:1025400009F064FEDDE90201C00840EA4170C908F3
:1025500005B05DF804FB00BFCDCCCCCC2DE9F04F2D
:102560009DB055EC104BCDE90C322A46C5F3130350
:102570000B91290DD20FC5F30A5507908DED050A71
:102580000A9275B922461A431BD1302301260560F1
:1025900043710A9B43F00203037130461DB0BDE84E
:1025A000F08F40F2FF7295424DD1059A00261343F9
:1025B0000A9B079A14BF43F0080343F00403137106
:1025C000EBE7059A4FEA83089A46B14D02F0010203
:1025D0000992059A48EA9278970001221646C5F1B9
:1025E000000B0892584600F019FAB5F1FF3FACBF56
:1025F0008146A0F10109ABEB090B09EB0503584635
:10260000069300F01FFA18A9A0F17D05584600F0C6
:1026100039FA14AB089AA9EB0505019312AB0292A3
:102620005146009318AA2B46059809F0F8FCB9F119
:10263000010F04460D4600F2D880099B002B40F0A4
:10264000CB8001276FE0059A43F4801AA5F2354547
:1026500002F001024FEA8A080992059A134348EAF8
:1026600092784FEA82074BD140F2FE7319420CBFB9
:1026700001260026002D3246B1DB284600F0C8F9BD
:102680000346032DC8BF013B1846069300F0DAF954
:10269000069B7C3018A95D1B0544184600F064FABF
:1026A00014AB18AA0598019312AB514602960093F9
:1026B0002B4609F0B4FC069B04460D46152B00F290
:1026C000888016AB734A3846414600934FF0CC33AE
:1026D00009F09CFD169B179A9B0843EA827303EB53
:1026E0008303BB42DDE9129A0CD13846414600F023
:1026F000B1F9069B83428CBF00270127002612E018
:102700000126B7E7099B002B53D1013F48F1FF3168
:10271000B81B61F1000100F09DF9069B099F8342FF
:102720008CBF002601260D9B002B40F09380DDF826
:102730002CB04FF000084FF00A0ACDF82080CDF8F9
:102740001480DDE91201FFF7F5FE149BCDE90E01BF
:10275000184615991093FFF7EDFE0E9B81460F9AD0
:1027600098420B461191934180F08E802046294675
:10277000FFF7E0FE0AFB09F3109AB8F1000F14BF4F
:10278000002707F001070AFB10480D46934214BFCB
:10279000002606F001060E9B5FFA88F804461293A5
:1027A0000F9BCDE91339119B1593089B01330893B7
:1027B000C7E7B81C48F1000100F04CF9069B8342C2
:1027C0008CBF00200120B9EB00006AF10002CDE9C6
:1027D000120200273E46A6E7129B0127139A013BEF
:1027E00042F1FF32CDE9123288E7B9F13E0FF0D85D
:1027F0004FF0FF33A9F12000C9F1200103FA09F2DB
:1028000003FA00F023FA01F103FA09F3024327EA7D
:1028100003070A4328EA020857EA08070CBF012702
:1028200000276BE700FB02FC0133A1FB00126244AE
:102830008C4275EB020CF5D2069A13440C9A1344A1
:10284000D20F9342B8BF13460B9A9A42A8BF1A46BA
:1028500093466EE70A21002201230846E8E70AFBB7
:1028600003F00131A2FB0A230344944275EB0300F9
:10287000F5D2594510DDBBF1000F02D154EA050332
:102880000AD00123059371E70A2200230121ECE716
:10289000CCFBFFFFCDCCCCCC7EB34FF00A0A149B0F
:1028A000159918460F93FFF745FE0F9B0AFB00F2A0
:1028B00081460E919A4220D1B8F1000F14BF002733
:1028C00007F00107DDE91201FFF734FE10900F91C8
:1028D00020462946FFF72EFE0F9B0AFB1048109A50
:1028E00004460D465FFA88F81292CDE913390E9B23
:1028F0001593089B01330893D1E7069B089A13446C
:102900009946002F5DD0B8F1050F5AD114F001039C
:102910004DD1059A32B9DDE914239D4208BF944296
:1029200062D0059B18194FF00A044FF000024FF0D7
:10293000010645F100012546A04271EB020756D27F
:10294000FBB1B3451DDA0D9B73B106EB09030C9A7D
:102950001A44012A13460B9AB8BF01239A42A8BF12
:102960001A46964293460CDD053009F1010906F13D
:10297000FF364FF00A024FF0000341F10001E6F785
:102980007DF95E450FFA89F9079BA8BF5E4636B20E
:10299000B14406F1050809F1FF3798444FF00009EA
:1029A000B1452BDB079B0A9A1F601A71F5E5059B61
:1029B0002BB9DDE914239D4208BF944209D00123BD
:1029C000B0E7059B53B9DDE914239D4208BF94424B
:1029D00004D1099B002BF2D1002EF0D0B8F1040FE6
:1029E00094BF002301239DE74FF00408F1E705FBA6
:1029F00002F70136A4FB05423A449DE70A22002370
:102A0000E6F73CF9303209F1010908F8012DC7E772
:102A1000014B5843800C704741340100014B58432F
:102A2000000D7047FB2E0B00014B5843C00C704744
:102A30004F931200024B5843C00C0130704700BF47
:102A40004F931200024B5843C00C0130704700BF37
:102A50004F93120070B50346094A00204FF0CC3660
:102A60004FF0333506FB03F402FB0144A3FB0231B4
:102A700021449D4275EB010401D30130F2E770BDA2
:102A8000CDCCCCCC1A232DE9F04FB0FBF3FA334E6A
:102A900003FB1A0389B004460D4606EB0A1653B928
:102AA000D6E90023C1E90023D6E90201C5E9020104
:102AB00009B0BDE8F08F2A4A02EBC303D3E90089CD
:102AC00004AB404649460093D6E9022309F09EFB39
:102AD00006AB83460F46404649460093D6E900239D
:102AE00009F094FB00238146DDE9066216EB0B0634
:102AF00052EB070828BF012333B1049B059A013329
:102B000042F10002CDE9043220460391FFF79AFF1B
:102B100007461A2000FB0AF0FFF794FF3F1A3246DF
:102B2000434648460399009709F08BFB0D4A4FEA4C
:102B3000141C640004F01E0352F82C40DC4004F026
:102B400003042418304641F10001DDE90423C5E9FE
:102B500000414146009709F074FBA7E768CC0300E9
:102B600098CB0300F8D503002DE9F04F1A2700F1A8
:102B70001905DFF8E8A089B004460E46B5FBF7F565
:102B80006F434FEA051B0AEB05153A1A0AD1D5E93E
:102B90000023C1E90023D5E90201C6E9020109B019
:102BA000BDE8F08F2B4B03EBC203D3E9008904ABE4
:102BB000404649460093D5E9022309F027FB5AF81D
:102BC0000B206B68013ACDE9020106A963F100030D
:102BD00040460091494609F019FB8A4602990023B4
:102BE0008146DDE906526D18039952EB010828BFB2
:102BF000012333B1049B059A013342F10002CDE970
:102C000004323846FFF71EFF07462046FFF71AFF3B
:102C10003F1A2A46434648465146009709F011FBA1
:102C20000D4A4FEA141C640004F01E0352F82C40B5
:102C3000DC4004F0030401342418284641F100016B
:102C4000DDE90423C6E900414146009709F0F9FA9D
:102C5000A3E700BF98CB03004CD6030038CD030098
:102C600051EC100B0B4631F0004107D190B10D4AE9
:102C70001A40002A14BF042003207047094A134257
:102C80000AD0094B994209D9914209D1B0FA80F092
:102C900040097047022070470320704704207047A6
:102CA000002070470000F07FFFFFEF7F7047002398
:102CB0001A46EEF705BC01F0DDB838B504460D46FE
:102CC00040694FF0FF324FF0FF33FCF707FC012360
:102CD00003FA05F1E36860690B43E360BDE838403F
:102CE000FCF774BC08B506F094FF18B9BDE80840BD
:102CF000F2F7FCBC002008BDF2F720BD01F0B1B82E
:102D000008B508F09FFD4FF47A72A0FB020302FBA6
:102D10000133C00B40EA434008BD014640F2E730B2
:102D200008B54FF47A72002300EBC1304914E5F77F
:102D3000A5FFBDE8084008F00CBD01F092B801F015
:102D400099B8E9F751BD0023E9F732BE01F089B81F
:102D500003460A4619790123006803FA01F1036961
:102D60001B68194218BF82F0010212B18368DB6848
:102D7000184783681B69FBE703460A461979012354
:102D8000006803FA01F103691B68194218BF82F059
:102D9000010212B18368DB68184783681B69FBE78F
:102DA000F0B50144054618469DF814608D4200D1E7
:102DB000F0BD15F8013B584008235EB100F0010753
:102DC0005C1E400897B182EA0003D8B22346002C6B
:102DD000F4D1EBE710F0800F4FEA4000C0B203F1EE
:102DE000FF3318BF5040002BF4D1DFE72346002CFF
:102DF000E3D1DBE7836800EBC101B3F5004F2CBFE3
:102E000051F8220031F81200704700EBC1018068D0
:102E1000B0F5004F2CBF41F8223021F81230704736
:102E2000012208B5FFF7E6FFD04008BD836800EB3C
:102E3000C101B3F5004F08D34B681AB143F0010349
:102E40004B60704723F00103FAE74B881AB143F057
:102E500001034B80704723F00103FAE7530001227E
:102E6000FFF7D3BF8368B3F5004F34BF04230823B3
:102E7000C91A081AC0087047B0F5004F34BF0423C0
:102E80000823481C0833A0EBD300B0FA80F0C0F14F
:102E90001F0070472DE9F041174603220E460446F5
:102EA000FFF7A8FF8642054607F104080AD1012270
:102EB000E368BA4023EA0203E360002344F82830C1
:102EC000BDE8F081314602222046FFF793FF064617
:102ED0002B4601460322204644F82850FFF795FF71
:102EE000334629462046BDE8F0410222FFF78DBF58
:102EF00070B50D4686680446FFF792FFB6F5004FA1
:102F0000014601D3012809D03046FFF7B5FF294615
:102F100002462046BDE87040FFF7BCBF70BD2DE9FA
:102F2000F04705468068FFF7A7FF05EB800ADAF84F
:102F3000109088460646B9F1000F1BD00327DAF837
:102F4000104028462146FFF76BFF404507D3324625
:102F500021462846FFF79EFF2046BDE8F087032262
:102F600021462846FFF746FF013FCAF8100001D06E
:102F70008145E4D14FF0FF34EB680136B4401C408A
:102F8000EAD094FAA4F2B2FA82F2131D55F8234063
:102F9000DEE72DE9F04114460E460546FFF740FFF7
:102FA000A4EB0608371B0744424631462846FFF784
:102FB00055FF3A4621462846FFF750FF4346002278
:102FC00021462846FFF721FF21462846FFF728FF24
:102FD0003B46211800222846BDE8F041FFF715BF07
:102FE0002DE9F041164604460F46FFF719FF31461A
:102FF00005462046FFF714FF05442A463946204679
:10300000FFF72CFF31462046FFF70AFF2B46311809
:1030100000222046BDE8F041FFF7F7BE2DE9F04160
:103020000D4686680446FFF7FBFEB6F5004F0146E5
:1030300001D3012832D03046FFF71EFF04EB800198
:103040000E6996B90122E36882401343E3600222CD
:103050000D612B4629462046FFF7D7FE032229465D
:103060002046BDE8F041FFF7D0BE0222314620469F
:10307000FFF7C0FE0746034629462046FFF7C5FE78
:103080000322334629462046FFF7BFFE39462B462A
:103090002046FFF7BAFE02223146E1E7BDE8F081A3
:1030A000F8B50C460546FFF7BBFE2618012231464F
:1030B0002846FFF79FFEC3070CD431462846FFF78A
:1030C00017FF21462846FFF7ABFE21462218284667
:1030D000FFF786FF002221462846FFF78BFE271ABE
:1030E000012239462846FFF785FE10EA020613D171
:1030F00039462846FFF7FCFE214632462846FFF7B0
:1031000079FE2246211A2846FFF76AFF21463246F9
:103110002846FFF76FFE241A21462846BDE8F840EE
:10312000FFF77CBF38B571B1056800222846FFF76C
:1031300099FE044601462846FFF778FE2146BDE881
:103140003840FFF7ADBF38BD70B5066809B900203B
:1031500070BDB368B3EBD10FF9D9B3F5004F34BFED
:1031600004230823CC1D1C44E40821463046FFF705
:10317000D6FE05460028EAD001463046FFF750FE4D
:10318000A04209D92C44294630462246FFF701FFC8
:1031900021463046FFF742FF304601222946FFF71D
:1031A00045FEB368B3F5004F34BF0423082303EB97
:1031B000C5031844CCE72DE9F84306681446B26805
:1031C00001F1FF39B2F5004F34BF0423082319EA97
:1031D00001090F460BD0494239408B424F4628BF68
:1031E0000B46894654B900252846BDE8F883994224
:1031F000F8D82146BDE8F843FFF7A6BFB2EBD40FDD
:10320000F1D9B2F5004F34BF04220822E11D394440
:10321000C91A11443046C908FFF781FE80460028CC
:10322000E1D0B36809EBC005B3F5004F34BF042308
:1032300008231D4435447B1E1D44B5FBF7F57D4333
:10324000A5EB090529463046FFF70CFE2C44073450
:1032500024F00704A41B804507464FEAE40408D283
:10326000024641463046FFF794FE41463046FFF79E
:10327000D5FE39463046FFF7D3FD3844844208D2A4
:10328000394630462246FFF784FE21463046FFF796
:10329000C5FE012239463046FFF7C8FDA4E72DE9F7
:1032A000F74F914698460F460568009031B942465F
:1032B000494603B0BDE8F04FFFF77DBFB8F1000FFE
:1032C00006D1FFF72FFF0024204603B0BDE8F08FA2
:1032D000AC68B4EBD80FF6D92846FFF7C3FD01461A
:1032E00006462846FFF79CFDB4F5004F34BF042185
:1032F000082101EBC6022A4408F10704BB1A0C445A
:103300001C4483460193E408B9F1000F03D009F18E
:10331000FF32174243D15C450ED00FD234442246CF
:1033200031462846FFF735FE314601222846FFF791
:103330007DFD2146FFF7B4FE3C46C5E706EB0B0AD0
:10334000012251462846FFF755FDC30727D45146B1
:103350002846FFF765FD5844A04220D35146284631
:10336000FFF7C6FD51462846FFF75AFDA4EB0B08B0
:10337000404509D93444514628462246FFF709FE04
:1033800021462846FFF74AFE524631462846FFF7B7
:1033900027FE012231462846FFF748FDCCE742468A
:1033A00049460098FFF707FF044600288BD03146B6
:1033B0002846FFF735FDAB68019AB3F5004F34BFDF
:1033C00004230823C2EBC002D21A4245394628BF63
:1033D0004246204608F019FC39460098FFF7A2FE45
:1033E00072E7B2F5802F2CBF082304232DE9F041AA
:1033F0000026D21A8C18CD1D25F0070524F00704ED
:10340000641BE408056021462046AC60EE60FFF7CF
:1034100033FD421D9200013002F107074FEAD70742
:103420003146A2F1100205F11000B8BF324608F093
:1034300013FC3A4631462846FFF710FD3346324624
:1034400031462846FFF7E1FCA4EB07082846314641
:103450000122FFF7EBFC42463946FFF7FFFC3B46F3
:10346000324639462846FFF7D0FC21462846FFF76A
:10347000F5FC4346324621462846FFF7C6FC214666
:1034800028460122FFF7D2FC3946BDE8F041FFF79C
:10349000C5BD2DE9F04706460D46174698462BB3A5
:1034A0004FF0000A98F8004093F80190DB78A400F0
:1034B00004EB430498F802301C444444CA4509D341
:1034C00039463046AC46D8F8042008F10803BDE878
:1034D000F047604714F8013B0AF1010A204648F81A
:1034E0002340E5F7F7FB01300444E7E76FF01500F0
:1034F000BDE8F08770B5002502462846144614F84A
:10350000013B0BB9184609E098B18D4207D1702BE9
:1035100004D0A3F140023A2A0BD8002070BDA3F1D9
:1035200040063A2E05D853780135941C002BE9D07B
:103530000020252B224608BF80F00100DEE7002096
:1035400070470FB407B504A951F8040B019100F0BE
:103550000FFC03B05DF804EB04B070470CB40346F5
:1035600007B504AA084652F8041BDB680192984785
:1035700003B05DF804EB02B07047FBF7AFBFFCF798
:1035800025B8E8F71FBC10B50369024613F0080020
:1035900009D11368D4689C429BBF0120126AE31AC8
:1035A000D31A0B6010BD00231846FAE713B501A922
:1035B0000446FFF7E8FF20B1019BE268013B13449A
:1035C0000193206A019BC01A013802B010BD10B5EA
:1035D000044650182269236AD20702D5013B1840DD
:1035E00010BD984228BFC01AFAE710B504460A4633
:1035F000C168FFF7ECFF2369E06023F00803236153
:1036000010BD38B50D46C2698B00016843F0020356
:10361000044642F8213001682A46FFF7D8FFE368E4
:103620006168984208BF2369206008BF43F008031F
:103630002A46204608BF2361FFF7C9FF606038BDF6
:103640002DE9F74FC768C6699B4616F82730044630
:1036500003F00303022B884691464FF0000306EB6C
:10366000870A09D01360CBF800302369990710D47A
:10367000002003B0BDE8F08F56F8271013608908CA
:10368000CBF80030F1D0FFF7B0FFE368A360012072
:10369000EFE7A3695046984716F827300546DA0742
:1036A000E6D513F002031DD0B8F1000F03D0414658
:1036B0002046FFF7A6FF61682A462046FFF787FFEE
:1036C000D4E902319942606004D12A462046FFF7CE
:1036D0007EFFA060A3682360E360236943F00803D2
:1036E0002361D4E7014620460193FFF77EFFE2689D
:1036F000A260B8F1000F04D02168E269019B42F892
:10370000213005EB0802CBF8002021682046FFF7A6
:103710005EFF2369206043F00803236116F8273019
:103720006FF3000306F82730C9F800A0AFE770B5C3
:1037300004461546FFF74BFF2368834205D12369F2
:10374000216023F00803236170BDE269AB0043F000
:10375000020342F8213061682A462046FFF737FF0E
:103760006060F1E738B5036904465B0706D5456A32
:10377000FFF71CFF85422CBF6562606238BD38B51B
:103780000D4604461C22002108F066FA0022EB6870
:10379000A361AB6863612B68E3616B68626223625B
:1037A0002A6923B1591E194208BF42F00102226161
:1037B000012204F128000021BDE8384007F037BE9F
:1037C0002DE9F04F002587B00093036A04468B4231
:1037D0000E469246A9460395059539D3EFF3118B12
:1037E000202383F31288BFF36F8F059AD8462AB13E
:1037F00029462046FFF79BFF0023059304A9204696
:10380000FFF7C1FE04990746B1422AD32268E36953
:10381000204613F8221003EB820921F0030103F87C
:10382000221021683246FFF7D2FEE36820609842FA
:1038300012D0002788F31188BFF36F8F039929B145
:1038400062690AB12046904700230393002FC5D137
:10385000484607B0BDE8F08F236943F008032361B1
:10386000E7E718B12046FFF7CCFEE3E7009B5AEAF2
:1038700003021CD0019107F0B5FE0199B8B9BBF164
:10388000000F14D187F31188BFF36F8F5246009B4E
:1038900004F12800FBF750FFEFF31188202383F396
:1038A0001288BFF36F8FB0FA80F77F09C2E7204616
:1038B00005AB03AA2568FFF7C3FE0746BAE770B554
:1038C0000446836908460D4698470246EFF3118681
:1038D000202383F31288BFF36F8F2B78204643F0A9
:1038E00001032B706168FFF772FE60602046FFF7EE
:1038F00039FF86F31188BFF36F8F70BD2DE9F0415A
:1039000004462027EFF3118687F31288BFF36F8FE9
:10391000236913F0080FA36802D16268934200D9AB
:10392000226AD21AE16932B986F31188BFF36F8F28
:103930004FF0000833E011F8232001EB830812F068
:103940000300F1D0022803D151F82350AD0805D16E
:10395000D00712D44046A36998470546A1682A4675
:103960002046FFF734FE2946A0602046FFF73DFEC3
:1039700086F31188BFF36F8FC4E742F0020201F8AB
:103980002320A3694046A568984729460246204659
:10399000FFF71DFEA06086F31188BFF36F8F4046CE
:1039A000BDE8F081F8B50446836908460D4698479E
:1039B0000646EFF31187202383F31288BFF36F8F3E
:1039C0002B786FF300032B7023699B0705D5E26802
:1039D000E36903EB82039D421AD12B786FF3410315
:1039E0002B70D4E90231994204D132462046FFF7C8
:1039F000EEFDA06031462046FFF7F7FD87F3118802
:103A0000BFF36F8F04F12800BDE8F840FBF760BEFC
:103A10002B6860F39F032B60F0E7EFF31181202305
:103A200083F31288BFF36F8F036913F0080F836865
:103A300002D14268934200D9026AD31A81F31188F5
:103A4000BFF36F8F181E18BF01207047038B13F050
:103A5000070305D10368002B0CBF0020032070472B
:103A6000022B05D1408BB0FA80F0400980007047EE
:103A7000012B05D10368002B0CBF002005207047E7
:103A80000020704710B50C4600B111B96FF0150059
:103A900010BD081D00F094F80028F9D1A368032B8D
:103AA000F6D9F3E72DE9F0410D4607461946281DE2
:103AB00090461E4600F098F8044638B13346424618
:103AC00029463846A446BDE8F0416047BDE8F0818C
:103AD00010B4EFF31182202484F31288BFF36F8FA8
:103AE00041615DF8044B0121E8F754BA38B50C4642
:103AF000054658B151B10B6843B14B6833B11C2234
:103B0000002108F0A9F800202C6138BD6FF01500E5
:103B1000FBE770B505460E46FFF7B4FF041E14DB45
:103B2000EFF31182202383F31288BFF36F8F4FF6D8
:103B3000FF716B8B2C8B8B4204F0070407D182F34F
:103B40001188BFF36F8F6FF00A04204670BD022CFE
:103B50000CD101336B8382F31188BFF36F8F002385
:103B6000224631462846FFF79DFFEEE7062C14D883
:103B7000DFE804F004131313041A04000023336075
:103B80006B683BB9C5E90066ACB902212846E8F785
:103B900001FADAE71E606E60F6E782F31188BFF380
:103BA0006F8F6FF00404D0E782F31188BFF36F8F3B
:103BB0006FF08504C9E782F31188BFF36F8FC4E704
:103BC000034640B1426802F00302022A06D0032AEB
:103BD00004D0012A05D06FF0150070471A68002A3A
:103BE000F9D000209860704710B54268034602F093
:103BF0000302022A4FF00004816007D0032A02D09A
:103C00005C60002001E018685C6010BD18685C60B2
:103C10000028F6D0FCF712FEF3E72DE9F8434379CC
:103C200004465B085B2B2DD016D8332B0AD8302BDB
:103C300044D8222B44D0302B08BF042018BF6FF08B
:103C4000150007E04B3303F07F03012B8CBF6FF0AF
:103C500015000820BDE8F883742B33D07B2B03D0EC
:103C6000662B08BF0120E9E700252E462F46D0F835
:103C70000C90A94512D10120013FB0403844F040DA
:103C8000B040E7E7D0E90205FFF7C7FFA388684324
:103C900003F4FE73002BDDD00430DBE7A36803EBF5
:103CA00005184046FFF7B9FF98F80430074403F0C1
:103CB00003039E4238BF1E460135DAE70820C9E7F4
:103CC0000420C7E70120C5E70D280BD8072815D920
:103CD0000838052812D8DFE800F0130F0B11030D88
:103CE0006620704722280CD05C2818BF002070473F
:103CF0006E20704772207047742070470020704714
:103D00006220704770B5D2E901639B1B8B420C4661
:103D100015460CD913680A460146981907F075FF35
:103D200000206B681C442B686C60185570BD6FF0E8
:103D30000B00FBE7704703785B075FBF03684288AF
:103D4000C3F34A2303EB12105DBF173020F00700C6
:103D50008008002070470020704704F035BE0346FD
:103D6000D3E8EF0F421CC3E8E12F0029F8D17047D8
:103D70001FB50023CDE902011A4619461846CDE9C0
:103D80000033E8F799FE05B05DF804FB0120E8F781
:103D900049BC0020704770B5D2E901369B1B8B42AD
:103DA0000C4615460AD313680A460146981907F0CF
:103DB0002CFF2046AB682344AB6070BD6FF01B0046
:103DC000FBE770B50E4615461946044618B9BDE81E
:103DD0007040E8F727BC33B1C2F34A231030120D0C
:103DE000184407F012FFC4E900562046BDE87040B1
:103DF000E8F7AABD2DE9F3415F1C4FEA87080646A4
:103E000008F1170020F0070080080C461546E8F777
:103E100075FC00238DF80470ADF805308DF807307F
:103E200068B10346019AA8F1040143F8102F2A460D
:103E3000294452F8045B8A4243F8045FF9D1002315
:103E40003146A20102F4E07242EA482222F07F42A7
:103E500022F4700222F03F0202B0BDE8F041FFF709
:103E6000B0BF07B50123019201AAFFF7C3FF03B05A
:103E70005DF804FB07B5CDE9002302236A46FFF78E
:103E8000B9FF03B05DF804FB1FB5CDE90123069B24
:103E900001AA03930323FFF7ADFF05B05DF804FB10
:103EA000F8B506460D4614461F4604B9F8BD21462E
:103EB00028463A46B047241A0544F6E710B542684A
:103EC0000446D2E9002381680068FFF7E9FF002279
:103ED00063681A6010BD38B54B6805461A68CB6830
:103EE0000C469A4202D10846FFF7E8FF6368D3E820
:103EF000EF2F511CC3E8E01F0028F8D1A368002071
:103F00009D5438BD0A2838B504460D4602D10D200F
:103F1000FFF7E1FF29462046FFF7DDFF002038BD0F
:103F20002DE9F043054687B008460E8891F80090C9
:103F30000C46D1F808801746E8F70EFE011EC6F3BE
:103F40008216C9F3C2091EDB4846E8F70FFD034697
:103F5000214651F8102B6088C2F34A22002A01EB57
:103F6000020408BF00210022C0F30B10CDE90407B2
:103F7000CDE902142846414601960092E8F718FE62
:103F800007B0BDE8F0830023E2E743691BB11B796A
:103F900000200B7070476FF05700704743693BB1CA
:103FA000DB682BB15B691879B0FA80F04009704783
:103FB0000120704770B504460D464269FFF7EEFFD9
:103FC00010B90323137170BD03212046A8470028B0
:103FD00002DA10F1860FF6D120462B46BDE870407C
:103FE000012118477047002930B4044618460BDBFE
:103FF000A5680844A84207D8E0686468214484683A
:104000002468A44630BC60476FF0150030BC704790
:10401000002930B4044618460BDBA5680844A842C2
:1040200007D8E0686468214484686468A44630BCAA
:1040300060476FF0150030BC70470029034610B48C
:1040400010460CDB9C680844A04208D8D8685B681E
:10405000194483689B683BB15DF8044B18476FF0C7
:1040600015005DF8044B70476FF05700F9E708B58D
:10407000C0688368DB689847006808BD08B5C068F9
:104080008368DB689847407908BD42680B689342B3
:1040900002D90846E8F7FCBF4B68012013444B6087
:1040A00070472DE9F047894616469846044698B36E
:1040B00082680369134482693344934230D80025EF
:1040C000D4E90170A6EB050A3F1ABA4515D2B542EC
:1040D00009D223685246184409EB050107F095FD03
:1040E000A3685344A360B8F1000F1CD0A068A8B126
:1040F0002046BDE8F047E9F71BB823683A46184464
:1041000009EB050107F081FD63682046A360E9F72C
:104110000FF818B93D44D3E76FF00D00BDE8F08704
:104120006FF00B00FAE74046F8E7006970472DE9A9
:10413000F04187680446FB680D4616469847BB6801
:104140002BB1324629462046BDE8F04118476FF0B2
:104150005700BDE8F08101460068E9F7C5B808B529
:10416000E9F752F9BDE80840E9F772B90A460121BA
:10417000FFF777BEEFF314835A0712D500F1400220
:1041800080EC100A82EC108AF1EE102AC0F8802030
:10419000012223F0040380F8842083F31488BFF302
:1041A0006F8F704790F884308BB1EFF3148343F036
:1041B000040383F31488BFF36F8FD0F88030E1EEEF
:1041C000103A00F1400390EC100A93EC108A70470B
:1041D00000210120E9F788B8436E83F30B8870470C
:1041E00061B662B680F31188BFF36F8F704772B605
:1041F000002383F31188BFF36F8FBFF34F8F30BF5E
:1042000062B6BFF36F8F704772B6002383F31188D5
:10421000BFF36F8FBFF34F8F20BF80F31188BFF3C1
:104220006F8F62B6704740E800F313F4803FD8B256
:1042300008BF6FF01500704730B50C684B6885B04B
:104240000A894D890094013B24F01F04234402F0A5
:104250001F0242EA451223F01F0369468DF8082029
:104260000393E9F76DFD05B030BD08B5D1E9043120
:104270009847002008BD08B5E9F756FF002008BDA3
:104280007047416A8968EAF707B8034618465B68D1
:10429000002BFBD17047426810B52AB10B461C4673
:1042A0005B68002BFBD16260416010BD83680B44EA
:1042B000036070478388026819448180D018704772
:1042C000034600689A88521A01449A801960704720
:1042D00003688268C0889B1AC01A80B270470CB409
:1042E000034607B504AA084652F8041BDB6801928E
:1042F000984703B05DF804EB02B070472DE9F04138
:10430000141E05460E4613DB4FF4004740F2E7301B
:1043100000214FF47A720023C4FB0701E4F7AEFCDE
:1043200002460B4631462846BDE8F041EAF74EB852
:104330004FF0FF321346F5E707B501AB05F040FA41
:1043400002280AD003280BD068B90198003818BF9A
:104350000120404203B05DF804FB6FF01500F9E75F
:104360006FF08500F6E74FF0FF30F3E708B5F7F799
:10437000F3F9002818BF6FF00D0008BD13B5032036
:1043800001A9E8F75FFE58B901220198114605F02E
:10439000D6F904460198FFF725FE204602B010BD6D
:1043A0006FF00404F9E7EBF761BBEBF769BBFBF7D0
:1043B00095B8FBF70BB9E7F7A7BD08B5ECF79CFE7E
:1043C000B0FA80F0400908BD013801288CBF0020F8
:1043D00001207047002905DAC36E494243F0040307
:1043E0004160C366704770B50446D0F890000D4632
:1043F000049E28B14FF0FF324FF0FF33FBF76EF809
:10440000002E05DAE36E764243F004036660E3664D
:1044100004F17006E5B9304607F005F888B9E36E97
:1044200043F00103E366304606F0BDFF04F1880067
:10443000FBF786FBD4F89000A8B1BDE87040FBF70D
:10444000C5B890F8333043F0020380F83330EDE71D
:1044500095F8333029466FF34103304685F8333001
:1044600006F0C8FFE2E770BD70B50446B0F89E5094
:1044700000F17006C5F34105002200233046FBF72A
:10448000F5F840B9304606F08EFF04F18800BDE82B
:104490007040FBF755BB032D02D1EDF729FAEBE78E
:1044A00002F045F8E8E72DE9F04F154681461A4637
:1044B0000E4689B021B1DDB92F464FF0FF3B04E035
:1044C000002DF9D00F46D5F800B04FF0000802F0EB
:1044D00002030193CDF8088009F1700ABBF1000FC7
:1044E00008D10FB1C5F800B0029809B0BDE8F08F4F
:1044F0000127E8E7504606F092FF04460028F0D076
:104500008045EED0B8F1000F08BF804602F032FAC5
:1045100083455A4628BF0246029903461144029138
:10452000ABEB02010491BFB102B3019919B1E1688B
:1045300003912169059131682046CDE9062302F0F7
:10454000BBF93168069A079B1144019A316082B128
:10455000039BE360059B2361002200235046FBF789
:1045600085F80146504606F045FF15E0019A002AFD
:10457000F2D19B4510D3002300225046FBF776F87A
:1045800090F833309B0742BFD9F86C3043F00103F9
:10459000C9F86C3001F0CBFFDDF810B09EE7EAF708
:1045A00039BBEAF765BBEAF797BBEAF7BBBBEAF7AB
:1045B0001FBCEAF73DBC002307B5CDE90033EAF79D
:1045C00037FC03B05DF804FB2DE9F0474FF0FF33F3
:1045D00015464FF0FF328CB0CDE90A230A23099328
:1045E0006B0604460E4603D4C36E13F0020339D0A3
:1045F00000220023CDE90A23002706A807F024F9AA
:10460000DDE90A23DDE9068906A807F01DF9DDE9E1
:104610000623CDE904230DF1240ADDE90A233146FE
:10462000CDE90023204600232A46029701F087FDAA
:1046300000281FDADDE90A230146CDE900232046E0
:1046400042464B46CDF808A0EAF782F9002811DB74
:10465000DDE9042306A807F01BF9DDE90623CDE90F
:104660000A23DAE70AAA0521EDF7F0FA4FF4A022AF
:104670000023C1E70CB0BDE8F087FFF7A5BF10B578
:10468000D0F8902004460B4692B1026F0AB1002088
:1046900010BDD0F89010D3E900238830FBF776FAEC
:1046A0000028F5DBE36E5B07F1D560684042EFE779
:1046B0006FF01500ECE7EAF73DBCEAF713BF002303
:1046C00007B5CDE90033EAF70DFF03B05DF804FB51
:1046D000EAF734BFEAF768BFEBF738B8EBF724B96D
:1046E000EBF778B938B103682BB11B689B682BB125
:1046F0005B681BB1184700239B68FFDE00207047F2
:10470000026803464AB9406848B99A6842B9D8680D
:1047100000F17F43584258417047002070471046CF
:10472000704738B590F8343004466FF3820380F850
:10473000343083680D467BB199B194F8343020460B
:1047400043F0040384F8343001F05CFF94F8333014
:10475000C3F30213032B0DD92046BDE8384001F006
:10476000E6BE0146806900F0FEFC0128E5D0002885
:10477000F2D138BDA368DB681B7803F0F003602B2F
:1047800004D129462046EDF77BFFF0E7402BE3D12B
:104790002946204602F0D3FCE9E708B502F0E1F92A
:1047A000EDF702FBEDF758FFEDF760FF02F089FD32
:1047B00002F045FFEDF730FFECF7D8FEECF7FEFA1C
:1047C000EDF7A6FBECF79AFB002008BD70B5044698
:1047D000A569203004F128064DB90822294607F0C2
:1047E00014FA00231A68A2625A68726070BD2968C0
:1047F00041B10B6923624B6943602B68002BF0D0F9
:104800001033EFE7082207F000FAF6E7F0B50446A8
:1048100085B0002800F0C8808368002B00F0C480B9
:104820008369002B00F0C38001F0D2FE204601F026
:10483000E9FE94F83330C3F30213022B6BD1A36863
:10484000DD68EB7913B9002005B0F0BDECF724FD6D
:104850001022014605F1180007F00AFA10B96FF0AE
:104860007C00F1E7A368DD6818352846FFF748FFAC
:10487000014698B3A368DA6894F833301B0732D442
:1048800002F108052B466F4602F1180C3E461868E7
:104890005968083303C663453746F7D1283253F8C1
:1048A000041B934245F8041BF9D16A46A36804AE81
:1048B000DB681833154603CDB542186059602A46A7
:1048C00003F10803F6D148F2DD6320462386FFF7A3
:1048D0007DFF01212046FFF724FFB4E72846EBF7D0
:1048E000B5FA0028C6D1A368D868037EFF2B04D18F
:1048F000437E03F00F03012BEBD00830FFF700FFDE
:104900000028ACD12146A06900F042FC02289AD1CF
:104910006FF0040098E7012BF4D1A368DD682B7ACF
:10492000002B90D0ECF7B0FC2A6903689A4296D02D
:10493000A368DD682B7C7F2B0CD1A368DB68DA6869
:10494000A368DB681969D960A368DB681A614FF452
:104950000063BAE7A669ECF79BFC2A6903689A42F0
:104960001CD0304605F11001EBF708FDB0B9A36883
:104970000021DF6807F110063046EBF779FD0546A8
:104980000028DAD1ECF784FC3A6903689A42D4D063
:1049900031462846EBF7F2FC0028CED1A368DB684D
:1049A0001B7B7F2BAED15AE76FF03C004CE76FF0DA
:1049B000150049E7816809B9FFF7B3BE4968FAE70E
:1049C00000230B60436813B9C0E9001170471960F8
:1049D00041607047002203680BB9184670478B424C
:1049E00010D10B6842B942680360914200D1436024
:1049F000002301200B60704713604368994208BF91
:104A00004260F5E71A461B68E6E740F2FF230B60B9
:104A100000238B80CB800B814FF480734B81FF236D
:104A20000B73437B4B73C389CB81704710B1006814
:104A300000B14068704710B1006800B1006870476D
:104A400028B1006818B1C069003818BF012070474C
:104A500010B1006800B11030704710B430B1C46CB0
:104A600024B1234642685DF8044B18475DF8044BB7
:104A7000704710B50346FFF7D9FF28B1C2681AB1D5
:104A8000BDE8104018461047002010BD70B505461F
:104A90000024E3009442D8B214DA2B5D0E5DB342D9
:104AA00002D10134E4B2F4E773401C060AD400F1E9
:104AB0000802D2B20130C0B25B009042DBB201D03A
:104AC0001906F7D570BD38B1006828B10C30D0E8B0
:104AD000AF0F084100F001007047802AF8B5074683
:104AE0000E46144617D8D5082A4607F0C1F890B9E3
:104AF000644214F0070410D07B5D725DC4F10801BC
:104B00005A40FF238B40DB43DBB2A3401A420CBF69
:104B100001200020F8BD0020FCE70120FAE7102268
:104B200008B507F0A5F8B0FA80F0400908BD08B54F
:104B300006F088FE4FF47A72A0FB020302FB0133F9
:104B4000C00B40EA434008BD60B1036853B1012285
:104B50000C3302FA01F1D3E8EF0F0843C3E8E20F88
:104B6000002AF8D1704768B103685BB1012202FAEC
:104B700001F1C9430C33D3E8EF0F0840C3E8E20F5B
:104B8000002AF8D17047FAF7A9BC4FF0FF324FF076
:104B9000FF331830FFF7F7BFFAF718BD2DE9F047DC
:104BA0000C4688B0064690461F46FFF7EEFF022CE3
:104BB00050D174680CB900243DE069464046FFF7C7
:104BC00024FF94F82A30C3F340059B0718D494F8C7
:104BD00056309807EFD54FF0FF3904F1300A5046B0
:104BE00004A9FFF712FF6846FFF799FF00B10135EE
:104BF00041465046FFF793FF024638B3012215E0C5
:104C000004F1040904A94846FFF7FFFE6846FFF7D0
:104C100086FF414605464846FFF781FF0028D6D06B
:104C200094F856309907C3F340020CD407B13D60A5
:104C30002C2303FB024406F11800FFF7ADFF2046CA
:104C400008B0BDE8F0874FF00009C6E7B9F1000FE2
:104C5000B1D1EBE7012CAED1B468002CEBD094F8C5
:104C60002A30C3F340029B0701D41446E3E762688D
:104C7000D8F800309A4218BF0024DCE7F8B50E4699
:104C80001746054630B3FFF780FFAB682BB9002409
:104C90001BE0002F18BF002417E093F82A20C2F36E
:104CA0004004920711D5711C03D093F92920B24218
:104CB000EDD11A88012AEAD11C1D2046EAF7E6FE4A
:104CC0000028E6D0002F08BF002405F11800FFF7E8
:104CD00063FF25462846F8BD70B504460D46FFF72C
:104CE00054FFA36833B9002604F11800FFF754FFFE
:104CF000304670BD93F82A20C2F340069207F2D5E1
:104D00001A88012AEFD1DA6A5B6863EA02032A682B
:104D10009342E8D1E8E710B588B1006878B1012383
:104D20000C3003FA01F1D0E8EF3F43EA0102C0E89A
:104D3000E42F002CF7D1194214BF0120002010BD30
:104D400030B590B1006880B1012303FA01F1CA4384
:104D50000C30D0E8EF3F03EA0204C0E8E54F002D35
:104D6000F7D1194214BF0120002030BDEBF714B871
:104D700070B505460E46FFF708FF6C68E4B194F87D
:104D80002A309A0708D52388022B05D18022304685
:104D9000211DFFF7A2FEA8B994F856309B0713D542
:104DA000A38D022B10D18022304604F13001FFF791
:104DB00094FE58B12C231C4405F11800FFF7ECFEBB
:104DC000204670BD0023F6E70024F5E70446F3E72C
:104DD00038B50C46054660B159B1FFF7D6FE237DC4
:104DE00005F118006FF341032375BDE83840FFF764
:104DF000D3BE38BD70B506460D46FFF7C6FE7468D3
:104E000054B394F82A309A072CD56B1C08D1238808
:104E1000022B1BD094F85630980729D400241BE0AD
:104E200094F92930AB4208D094F856309907F5D55B
:104E300094F95530AB421BD0F0E72388022BF3D115
:104E400048F2FE03A2889A42EED104E048F2FE0343
:104E5000A2889A42DED1043406F11800FFF79CFEC6
:104E6000204670BD94F856309A07D7D56B1CDFD119
:104E7000A38D022BD2D148F2FE03228E9A42CDD1CD
:104E80003034E9E72DE9F0410F46054618B9EAF755
:104E900095FF054678B32846FFF777FE6E682EB378
:104EA00096F8C5309A07C3F340040AD5394696F8F8
:104EB000C42006F1B000FFF710FE044608B106F169
:104EC000A00496F8ED309B070FD596F8EC80394694
:104ED000424606F1D800FFF700FE30B11CB194F84D
:104EE0002430434501D906F1C804264605F11800CF
:104EF000FFF752FE35462846BDE8F08138B5054635
:104F0000FFF743FE00212846EAF76AFF002809DB85
:104F10006C680CB194F8FD4005F11800FFF73CFEF9
:104F2000204638BD0024F7E738B50546FFF72DFECB
:104F300000212846EAF754FF002809DB6C680CB111
:104F400094F8FC4005F11800FFF726FE204638BD16
:104F50000024F7E74FF48072EBF772B913B50146FE
:104F600000200190FFF7F6FF0446ECF795F9844224
:104F700005D1EAF723FF0190019802B010BD204649
:104F800001A9EAF763FF019B002BF5D1F1E737B5E3
:104F9000D0F8F040650804210DEB0100E9F724FB8F
:104FA00004EB44040198C5EB5404B0FBF4F304FB98
:104FB0001300284403B030BD0122FFF75FBE00227A
:104FC000FFF75CBE38B5FFF7D1FE044640B1FFF7EE
:104FD000DCFDA5685DB904F11800FFF7DDFD2C4686
:104FE000204638BD2B88012B18BF0025F3E795F824
:104FF0002A30C3F340029B07F4D41546EBE713B500
:10500000014600200190EBF7D1F90446ECF73CF99A
:10501000844205D1EAF7D2FE0190019802B010BD9A
:10502000204601A9EBF724FA019B002BF5D1F1E70B
:1050300038B50546FFF7A9FD00212846EBF76AF9C8
:10504000002809DBAC680CB194F84C4005F118005D
:10505000FFF7A2FD204638BD0024F7E738B5054626
:10506000FFF793FD00212846EBF754F9002809DBF0
:10507000AC680CB194F84D4005F11800FFF78CFDB9
:10508000204638BD0024F7E738B50C460546A8B1E0
:1050900081B1FFF77AFD6B6873B122460221284681
:1050A000EBF79CFA0028CCBF0024012405F118007E
:1050B000FFF772FD204638BD1C46F7E70446F9E7C6
:1050C0002DE9F0411F4691F82A3016469A07054609
:1050D0000C4612D50B88022B0FD191F82830012BEA
:1050E0000BD101F104083A4641463046FFF7F5FC82
:1050F00018B141462846FFF7C7FF94F856309B0782
:1051000013D5A38D022B10D194F85430012B0CD160
:1051100030343A4621463046FFF7DFFC28B12146BD
:105120002846BDE8F041FFF7AFBFBDE8F08138B5D4
:105130000C460546A8B181B1FFF727FDAB6873B1F6
:10514000224601212846EBF749FA0028CCBF00246B
:10515000012405F11800FFF71FFD204638BD1C464D
:10516000F7E70446F9E710B50346FFF75FFCBDE833
:10517000104002681846104710B50C4691F83D00E3
:1051800001F0FEFC2146A069BDE81040EBF7D6BC5B
:10519000F8B50C464F6909210546FFF794FC58B94C
:1051A0006FF072061FB131463846FFF756FCA36A0E
:1051B000002B38D102202DE004212846FFF783FC84
:1051C0000028EDD12846FFF731FC10B96FF0040636
:1051D000E8E74368002BF9D001212846FFF773FC6C
:1051E00068B9236A5BB9A3691846FFF731FC026806
:1051F00018462262FFF72CFC037984F8243094F8D7
:105200003330C3F30213012B05D028462146FFF7A4
:10521000B3FF0020F8BD204602F051F80228D5D097
:105220000028F7D1F1E73246284604F12801EBF7D0
:105230005FFCBFE70120704701207047002307B5DE
:1052400001A90193EBF714F928B1019803B05DF8B7
:1052500004EBEBF7D1BC03B05DF804FB10B50446DA
:1052600078B1FFF792FC0A212046FFF754FD10B9F0
:105270002046EBF7C3FA04F11800BDE81040FFF731
:105280008BBC10BD10B5044678B1FFF77EFC0A2137
:105290002046FFF755FD10B12046EBF7AFFA04F1B9
:1052A0001800BDE81040FFF777BC10BD08B50346F5
:1052B000FFF7C6FB48B11846FFF7BDFB8368986847
:1052C00018B18047C31E5842584108BD38B505463D
:1052D000426011B9C0E9021138BD4FF47A73A1FBE5
:1052E00003416FF0004200232046E3F7C7FCC0EB08
:1052F000C073E31A08BF6FF00043E86009BF00F114
:10530000FF30AB60AB60E860E6E770B5C5680346A8
:10531000446835B16FF00046701A2044002806DD5D
:1053200070BD83681C44601A20EAE070F8E76A1ECA
:1053300001F10040DA6001309A685960211A001BBF
:1053400082429FBF9219023D5218DD608CBF8918BE
:105350009A60DA6888BF99600AB99868E0E76FF0E8
:105360000040DDE737B504460A220D4601A9FBF7E8
:10537000E1FD019A0346A24200D150B1207830B13C
:10538000107830B9B3F5803F01D201202B8003B0F3
:1053900030BD0020FBE710B50C0901F00F0103B987
:1053A00044B1092C85BFA2F10A03E4183034E4B2F9
:1053B00000F8014B0023092985BF0A3A89183031CA
:1053C000C9B2017000F8013F10BD10292DE9F0436A
:1053D000994607460B460C46904628BF10230025E9
:1053E00087B0AB420EDC1D46B9F1000F47D02A460C
:1053F0003A21384606F0FBFB064640B9002007B0CC
:10540000BDE8F0837A5D002AEED00135E9E7C31BE1
:105410009D42A8BF1D46394600272A4601A806F02E
:10542000F4FB05F118036B4403F8147C012008F128
:10543000040201A9EBF760FEB842DFDB0123A8F804
:105440000030B9F1000F18D0013C641BF11822465E
:1054500001A806F0DAFB04F118030DEB03040DF1CB
:10546000020101A804F8147CFFF77CFF0028C5D0D6
:10547000BDF802305BBAA8F802300120BFE74E4603
:10548000C9E72DE9F04111F001064BD1334640BA8E
:1054900080B28C0708D5012A06D931F8024B023AAE
:1054A0002418204643F100030D4694464FF0000EA9
:1054B000BCF10F0F05F1100540D86FF00F0514096E
:1054C00005FB042217464FEA041C01EB0414032FCA
:1054D0004AD86FF00305940805FB04242A4062446F
:1054E000012C01EB020506D98A5A023C121810461B
:1054F00043F100030235012C07D12A78E90748BFA0
:1055000012021218104643F10003020C42EA034251
:10551000190C52EA134380B22ED10EB940BA80B2B0
:10552000BDE8F0810023002ABED011F8014B013AFA
:1055300024022418204643F10003AAE755E9044752
:10554000E41955F8087C4EEB0E08E41955F8047C74
:1055500048F10008E41948F1000724182046ACF18E
:10556000100C43EB0703A3E754F8045B043F2D182A
:10557000284643F10003AAE7801841F10003C4E77D
:105580002DE9F04790F833300446C3F30213012BA2
:1055900052D14B1E012B62D900228368002B47D1C8
:1055A0004FF0080994F8323094F836000344CB1ACF
:1055B00013449DB22046D4E9038701F023F894F800
:1055C000333094F8321003F0010643F0010384F8FD
:1055D0003330A1EB0901204601F09BF84A462169CE
:1055E0002846FFF74EFFE18E05464944204601F06C
:1055F00090F8E26862B1236953B1B2F81090D268B2
:105600009B1AA9EB0309D4F80CA0BAF1000F29D119
:10561000002D4BD068BA80B2C04394F83330C4E94F
:10562000038766F3000384F8333080B2BDE8F08767
:10563000188A5B680244B1E7022B3AD100228368E2
:105640004BB9E38E4FF02009CD1A94F83230ED1AA1
:105650001544ADB2AEE7188A5B680244F0E7002556
:10566000A946A7E728464A462169FFF70AFFDAF864
:1056700004300546E360002BCAD01A8A002AC7D03E
:10568000DA6819F0010F22610DD0117801320D4452
:10569000ADB22261A942B3F8109084BF0135ADB21A
:1056A00009F1FF39AFE7B3F81090ACE74FF6FF70A0
:1056B000B2E70020BAE708B590F8321090F836202B
:1056C00083680A440020D968FFF7DBFE20B140BAA6
:1056D00080B2C04380B208BD4FF6FF70F9E72DE9F4
:1056E000F0430C46164680468FB078B3002900F090
:1056F000A38005785DB35B2D14D000230246081803
:1057000012F8011B21B13A2908BF01339042F7D1A9
:10571000012B67D13246214640460FB0BDE8F04329
:10572000FFF753BE2E290B464FF0000528BF2E234E
:1057300018F805201AB10135AB42F9DC1D462A469E
:105740005D21404606F053FA074620B90025284659
:105750000FB0BDE8F08308F10101A0EB0109A945F4
:10576000A8BFA94600254A4602A806F04EFA09F14C
:1057700038036B4403F8305C0220321D02A9EBF7BA
:10578000BBFCA842E2DB0223A04433807B1C4345E0
:1057900002D27A783A2A01D00125D8E7033CA4EB5B
:1057A0000904B91CAC4217DC25462A4602A806F0BB
:1057B0002CFA05F138030DEB030500230DF106016A
:1057C00005F8303C02A8FFF7CDFD0028BED0BDF89B
:1057D00006305BBA7380DFE713F8012F002AE4D0AC
:1057E0000135DFE70023324621464046FFF7EDFD55
:1057F00005460028ABD12E2C28BF2E24074618F8CA
:1058000007301BB10137BC42F9DC27463A46414616
:1058100002A806F0FAF907F138030DEB030700239D
:1058200007F8303C0220321D02A9EBF765FC002886
:105830008DDB02233380AFE70D4688E7F9F7C6BE5C
:10584000006800F0F000A0F1E003584258417047B2
:105850000268034642B9406840B99A683AB9D868C4
:10586000B0FA80F04009704700207047104670473A
:10587000EAF792BA38B1006828B10C30D0E8AF0F1F
:10588000084100F001007047F9F728BEFFF7F0BFAC
:10589000F0B506460F46052587B002210DF116002A
:1058A000E8F7A2FEBDF81640013D4FF0000144F4B8
:1058B00000440ED0CDE9011164BA0097A4B223468A
:1058C000304696F89C20EBF76FFE1130E5D020466D
:1058D00000E0284607B0F0BDF9F778BE90F89600D2
:1058E00070470120704700F10803D3E8EF0F013043
:1058F000C3E8E20F002AF8D1704738B5044600F13A
:105900000803D3E8EF0F421EC3E8E12F0029F8D1C6
:10591000012801D0013838BD04F10C0528464FF0AC
:10592000FF324FF0FF33FFF7AFFF606C18B1ECF7B9
:10593000DFFC00236364B4F89E30284623F007039D
:10594000A4F89E30FFF7C8FF0020E4E7F0B5466CEE
:1059500004460D4687B0002E40F0C5800B88022B10
:1059600068D1172A059640F2C180B0F89E301A051A
:1059700004D590F9A000FFF789FF05902B792F1D22
:10598000FF2B13D1B4F89E30C3F38113022B05D142
:1059900094F89A0010B1FFF76BFF0590384605A9FF
:1059A000EAF7B8FB002869D0061D0EE03846FFF77D
:1059B0004FFF059B002836D023B904F13000FFF7D4
:1059C000CDFA0590EBF768FC0646059B002B00F02E
:1059D000878004F10C074FF0FF334FF0FF32384659
:1059E000FFF752FF0598EBF707F9022384F8A000B0
:1059F000238466626B88002B6CD094F89620204636
:105A0000029294F895200599CDE9005294F89C20D3
:105A1000EBF7CAFD002860D16B8863840024384608
:105A2000FFF75AFF2CE003B905AE31463846EAF7D6
:105A30000DFAB7E7012B59D1072A059656D9B0F8C8
:105A40009E301B0504D590F9A000FFF71FFF0590BD
:105A50002F1D3846FFF7F4FEA8B1B4F89E30C3F30B
:105A60008113022B05D194F89A0010B1FFF700FFC3
:105A70000590384605A9EAF77FFD48BB6FF00104A1
:105A8000204607B0F0BD6A68059BD2B923B904F17E
:105A90003000FFF7B4FA0590EBF7F6FB0646059BDE
:105AA000F3B104F10C074FF0FF334FF0FF323846EB
:105AB000FFF7EAFE0598EBF79FF8012384F8A000B2
:105AC00096E703B905AE31463846EAF7D1FCD4E78C
:105AD000061DE4E7638C6B80A0E76FF06F049EE720
:105AE0006FF07C04CCE76FF07E04C9E76FF015041B
:105AF000C6E770B5B0F89E300446C3F3C203022B6C
:105B000086B01ED1426A52BBADF80030EBF7C4FB41
:105B1000034601AD00F110062A461868596808339B
:105B200003C2B3421546F7D169462046FFF7B0FEDF
:105B30001822ADF8020069462046FFF707FF06B0BD
:105B400070BD012B0DD1426A4AB969460192ADF888
:105B50000030FFF79DFE0822ADF80200EBE70020C1
:105B6000EDE76FF01500EAE710B5B0F89E30DB07FF
:105B70000ED500F10C044FF0FF324FF0FF332046FA
:105B8000FFF782FE2046FFF7A7FE6FF05E0010BD14
:105B90006FF00800FBE770B50C4605461E4611463F
:105BA00002B9416A0B681BB10846FFF749FE30B1E4
:105BB0003146A069EAF7FAFB03680146CBB195F8D4
:105BC000943094F83C009B0863F3050084F83C0093
:105BD00095F89430324663F3871084F83C0095F8CA
:105BE000943020465B0984F83D30BDE8704001F0F8
:105BF00058BA6FF0150070BD70B50C4605461E46CC
:105C0000114602B9416A0846FFF722FE10B90B7827
:105C1000FF2B06D13146B5F89820A069EAF710FBB2
:105C2000014695F8943094F83C009B0863F3050016
:105C300084F83C0095F89430324663F3871084F87A
:105C40003C0095F8943020465B0984F83D30BDE86F
:105C5000704001F04ABC2DE9F74F8846B0F89E101D
:105C60000546C80717461C469DF83C200C9B40F192
:105C700044813AB133B974B9B8F1000F0ED16FF065
:105C80007804B8E0002CFAD0C1F3C202022A5CD03A
:105C9000012A00F085806FF01504ACE0C1F3C20367
:105CA000022B0BD0012BF6D1D8F80040002C67D086
:105CB000C146D8F80430072B65D8ECE7D8F8004087
:105CC0002CB1C146D8F80430172B03D8E3E7C146FE
:105CD00005F12C04261D3046FFF7BAFD0028CED171
:105CE000C1F38111022933D005F13000FFF7B0FD77
:105CF000002839D14FF0020AB9F1000F05D027B9B9
:105D00003B46D9F80C108B4267D195F9A000FFF7FC
:105D1000BDFD0346002868D10D9B95F9A000EB64FA
:105D20000E9B6B60FFF7B2FD4FF400420023CDE9FC
:105D300000233946524695F89C30ECF7D7F80646D2
:105D4000002863D16FF0680455E04FF00009BBE70D
:105D50002379FF2BC8D195F89A000028C4D0FFF70B
:105D600087FD0028C6D1BFE7B5F89E301A05C1D41B
:105D70003046FFF7F3F8EAF73FFF85F8A000B9E7F0
:105D8000C14605F12C046368002B3FF478AFC1F3E2
:105D90008111022907D02B6B9BB14FF0010AABE7B1
:105DA0004FF0000987E7201DFFF74AFD0028F2D0D9
:105DB00095F89A000028EED0FFF75AFD0028ECD1A4
:105DC000E9E7B5F89E301B05E7D4201DFFF717F96A
:105DD000EAF712FF85F8A000DFE7D9F8082002EB08
:105DE000C3025268013317448DE70021FFF742FDDB
:105DF00028B96FF07204204603B0BDE8F08F082187
:105E00001846FFF737FD002886D1F2E7456195F87F
:105E10009C1000F0BEFB87422FD8B5F89C30112BA8
:105E200066D1BAF1020F4FF0000231462846B4F8AD
:105E300002B004F1040328D1FFF7DEFE0028044677
:105E400017DB2846FFF755FE044680B95A46304610
:105E5000698C01F0F7FB044648B9BB46B9F1000F65
:105E60002AD13A464146304600F03EFE0446002C18
:105E700026DA304600F05BFBBDE7B5F89E30C3F391
:105E80008113022B31D00746C7E7FFF784FED5E721
:105E9000D9F80830304603EBC402526853F8341086
:105EA0005A4528BF5A46904600F01EFE002822DBC5
:105EB000BBEB080B04D00134D9F80C30A342E7D86F
:105EC000304600F09FFBBAF1020F304695F89C1067
:105ED00008D101F06DFB3046FEF798FC041EC8DBCC
:105EE0003C4688E701F0EEF8F5E76FF00B04C0E7F9
:105EF0006FF07A04BDE70446BBE76FF008047AE769
:105F00002DE9F843044600F10C0791461E464FF078
:105F1000FF324FF0FF3338468846FFF7B5FCB4F840
:105F20009E50C5F34101012900F09780EB0740F135
:105F30009780B8F80030C5F3C202934240F09680D3
:105F4000032900F09080022B45D1B9F1170F40F2E0
:105F50008D80B4F89C30062B0BD194F83030FF2B99
:105F600007D16FF07C053846FFF7B6FC2846BDE840
:105F7000F88304F13000024608F1040308F114012B
:105F800053F804CB8B4242F804CBF9D1B8F8023075
:105F9000E3850223A385FFF75BFCC0B945F4807558
:105FA000A4F89E502046FFF7A4FD05460028DAD14C
:105FB00002232384636A002BFFD0B4F89E30C3F31E
:105FC0008113022B55D1002E42D10025CBE725F4B9
:105FD0008075ADB2E4E7012B48D1B9F1070F45D97F
:105FE000B4F89C30062B0ED0D8F804202263B8F801
:105FF0000230E3850123A385B4F89E30E2B923F48F
:1060000080739BB21AE004F130094846FFF718FC90
:106010000028A6D194F9A000FFF738FC0546EBF75D
:1060200037F9226B03689A429BD049462846EAF723
:10603000A5F90028D8D094E743F480732046A4F84B
:106040009E30FFF756FD054600288CD10123B0E7AE
:10605000002120460A9AB047B7E76FF0770582E73C
:106060006FF008057FE76FF05E057CE76FF01505C0
:1060700079E76FF0850576E738B5B0F89E300446CD
:10608000DB0721D500F10C054FF0FF324FF0FF3355
:106090002846FFF7F9FBB4F89E30C3F34102032A08
:1060A00003D0C3F38113012B0BD1B4F89C30062B22
:1060B0000CBF6FF07A0400242846FFF70DFC204641
:1060C00038BD6FF01504F7E76FF00804F7E72DE926
:1060D000F043054600F10C06904699464FF0FF321A
:1060E0004FF0FF33304685B00F46FFF7CDFBB5F8D4
:1060F0009E40E20520D5EB8DF3B1C4F3C204022C1F
:1061000018D0631E5C425C41E400002303930E9BA5
:106110000094CDE9019342463946284605F12C0307
:10612000FFF799FD04463046FFF7D6FB204605B041
:10613000BDE8F0831824E8E76FF07804F3E7F0B5E2
:1061400000F10C0785B004461E4638464FF0FF327A
:106150004FF0FF330D46FFF797FB012303930C9B92
:106160002946CDE90163002320461A460093FFF734
:1061700072FD04463846FFF7AFFB204605B0F0BD80
:106180002DE9FF4100F10C08044616461F46404623
:106190004FF0FF324FF0FF330D46FFF775FB012341
:1061A00003930E9B324602930B9B294601930A9B55
:1061B000204600933B46FFF74EFD04464046FFF75E
:1061C0008BFB204604B0BDE8F08110B500F10C0453
:1061D0004FF0FF324FF0FF332046FFF755FB2046CC
:1061E000FFF77AFB6FF07A0010BD30B560B359B39A
:1061F00052B3B0F89E30C3F38113022B27D1048C25
:10620000012C0CD113680C80082B28BF0823448C68
:106210004C80406A006848600020136030BD022C4A
:1062200018D113680C80182B28BF1823448C043114
:1062300021F8024C406A00F1100450F8045BA042BF
:1062400041F8045BF9D1E7E76FF01500E6E76FF07E
:106250006C00E3E76FF06900E0E7816149B10B682A
:106260002BB15B7D80F8253080F82D3070475B794D
:10627000FFDE704738B504460D46C3685868E060D5
:1062800030B14DB10C30FEF723F8E3680028F5D0AB
:10629000E3681BB9236138BD008AF6E7DB68F9E7DC
:1062A00038B50446C0680D4688B171B10C30FEF7B0
:1062B0000FF8D4E90323D2689B1A834207D12946F9
:1062C0002046BDE83840FFF7D5BF008AF1E738BD6A
:1062D000F8B5044694F833301646DA070F46C0681E
:1062E00015D4A6B10C30FDF7F3FF0546D4E903033E
:1062F000C2689B1A3B44AB4211D194F83330DB07A0
:1063000008D431462046BDE8F840FFF7B3BF002669
:10631000058AEBE70C30FDF7DBFFA842F1D92369D2
:106320003B442361F8BD022807D001280CBF14208C
:106330000020112903D1083070472820F9E70129EE
:1063400001D03A2900D1043070472DE9F74F0024DD
:10635000A24606461746DDE90C2368460D4605F0C1
:1063600073FADDE90089DDE90C233046FDF789FF8A
:10637000A346044628B9BAF1000F32D14FF0000A03
:1063800029E0BAF1000F16D1BBF1000F27D0CBF8EE
:106390000400638A9D4238BF6582638A424668462C
:1063A000ED1A4B4605F074FADDE90023CDE90C2324
:1063B000002DD8D10FE05045CBF80400E9D1638A15
:1063C000002FE6D03D44AB42E8D942464B466846F2
:1063D000658205F05DFA504603B0BDE8F08F824655
:1063E000EDE75046E7F7D6FFC8E70346002003B9BC
:1063F00070471A8A5B681044F9E72DE9F8430446B0
:106400000F46164699469DF82080E368002B00F061
:1064100083800EB9304684E094F83330204613F080
:10642000010F0CBF41460021FFF73AFFE06800284A
:1064300075D0B8F1000F1ED094F83330DD071AD4B0
:106440000C30FDF745FFD4E90323D2689B1AC51A27
:10645000002D64D0B54228BF3546B9F1000F2ED0CB
:106460007FB9B8F1000F43D1424629462046FFF7D5
:106470002FFF002731E02369C268058A9B1AED1AB5
:10648000E6E72A462069B8F1000F0DD0394605F03D
:10649000BCFB94F83330D90730D501222946204679
:1064A000FFF716FF4FB9E4E70146384605F0ADFBAC
:1064B000424629462046FFF70BFF2F440DE077B1F7
:1064C0002A463968206905F0C7FBB8F1000F09D1E9
:1064D000424629462046FFF7FBFE761B95E7B8F1BA
:1064E000000FC1D094F83330DB0707D50122F0E765
:1064F00094F83330DA0701D50122B6E7E06829467F
:106500000C30FDF7D7FE424629462046FFF7E0FE55
:10651000B9F1000FC6D1E0E7002E3FF47BAF6FF07A
:106520006800BDE8F88308B1E7F734BF704710B5DD
:106530000446D8B100F11C02D2E8AF3FB3B1591EF6
:10654000D2E8EF0F984204D1C2E8EC1FBCF1000F73
:10655000F6D1F1D1012B09DCA06808B1FFF7E3FF08
:1065600021466068BDE8104004F02FBE10BD70B534
:10657000044630B10026856825B9A068FFF735FFCD
:10658000301A70BD05F10C00FDF7A2FE6D680644DF
:10659000F2E738B5044670B190F83320836812F002
:1065A000700FC2F3021507D11846FFF71EFF2046F1
:1065B000FFF7DDFF401B38BD2846FFF7B4FE054658
:1065C0001846FFF712FFA8422CBF00252D1AEEE750
:1065D000F8B5044680680027054600B9F8BD038A6F
:1065E00046683BB9A368834207D1A6604760E7F7D6
:1065F000D1FE284605463046EFE76B68834208BF68
:106600006E60F3E78368C36003B1DB6803617047C2
:1066100010B582680C4622B98160BDE81040FFF7D2
:10662000F1BF1046FDF731FE2146BDE81040FDF7F1
:1066300032BE2DE9F743DDE90A89044616460D46C8
:1066400039B932B990F8333013F0700FC3F3021038
:1066500022D004F0C7FF18B14FF000084FF0000936
:10666000A06950B93346002229462046CDE90A895F
:1066700003B0BDE8F043EBF7CBBB03687BB15B68CD
:106680001F69002FEED033462A462146CDE9008906
:10669000B84710F1860FE5D003B0BDE8F0831B6961
:1066A000FFDE2DE9F04F044685B0DDE9106702A852
:1066B00015469A4632463B468B4605F0C5F8DDE95D
:1066C0000289204632463B46EBF776FB0446D8B1BA
:1066D0005946FFF7C2FD90F8333042466AF306137D
:1066E00080F8333002A84B4605F0D2F8DDE90267A6
:1066F00029462046CDE900679DF83820FFF799FF2D
:1067000018B12046FFF713FF0024204605B0BDE86E
:10671000F08F012307B5009300230A461946FFF7BF
:106720006CFE03B05DF804FBF8B513680E4617461F
:106730009BB190B1846884B10025E268218A9342BC
:106740000CD35018834209D29B1A59193046FFF7CF
:1067500059FFFFF7DEFF33693B60F8BD64680D4405
:10676000ADB2002CE9D1F8E7F8B590F8333091F8E4
:106770003320C3F3021363F3061281F83320436915
:1067800005464B6190F832300C4681F8323090F873
:106790003C2091F83C3062F3050381F83C3090F8DE
:1067A0003C3091F83C209B0963F3871281F83C2030
:1067B00090F83D3081F83D3090F8342091F8343035
:1067C00062F3000381F8343090F8333091F83320CD
:1067D000C3F3400363F3410281F8332090F8333070
:1067E000D2B2C3F3800363F3820281F8332090F8BE
:1067F0003330D2B2C3F3C00363F3C30281F8332052
:1068000090F8343091F83420C3F3C00363F3C3022B
:1068100081F8342090F83430D2B2C3F3800363F3AC
:10682000820281F83420038E0B868368BBB18E68A8
:10683000AEB1036A01F120020B62436A01F128073D
:106840004B62836A8B62C36ACB6283689E4206D0C6
:10685000FFF76AFF3A4621462846FFF765FF95F89D
:106860003330C3F30213012B08D195F8353084F887
:10687000353095F8363084F83630F8BD022BFCD12F
:1068800095F8353084F83530EB8EE38695F83A305C
:1068900084F83A302B8F238795F83B3084F83B30CF
:1068A000EBE71FB501230391009303A90023FFF732
:1068B000A4FD05B05DF804FB002307B50093012398
:1068C000FFF79BFD03B05DF804FB2DE9F0410646A0
:1068D0000F461446F368002B49D0FB68002B46D0C6
:1068E0000CB9204627E001213046FFF7D9FC384695
:1068F0000021FFF7D5FCF068D8B1FA68CAB1B2F848
:1069000010803B69D2680C309B1AA8EB0308FDF796
:10691000DFFC0546D6E90330DB68A045A0EB0303A6
:10692000A5EB030501D9A54207D8454528BF454633
:1069300025B96FF06800BDE8F08125462A4639691F
:1069400005F063F996F83330DB0704D4F068294684
:106950000C30FDF7AFFC012229463046FFF7B8FCAA
:10696000002229463846FFF7B3FC641BB2E7002C2F
:10697000B7D0DEE770B1C3685BB1006950B1D968C8
:106980001A8A401A101A5B6803B970471A8A1044B1
:10699000F9E71846704783682BB9002914BF6FF0D8
:1069A0001500002070471A8A8A422ABF1982891A64
:1069B00000215B68F0E710B5C26803467AB1006950
:1069C00038B1996800238A4204D1D268801A0344FE
:1069D00098B210BD0C8A496823449BB2F3E7104675
:1069E000F7E72DE9F04385B004460D4691469846F9
:1069F000FFF7E1FF0746A068FFF7F7FC002394F8D4
:106A00003360A1690246CDE9029828460093FFF75A
:106A100048FE06F001060546F0B1D4E9039894F863
:106A20003330204643F0010384F83330FFF7EAFDAA
:106A3000A068FFF7DAFC214602462846FFF745FF2B
:106A400078B12846FFF773FD94F83330C4E9039812
:106A500066F3000384F833300025284605B0BDE80E
:106A6000F08395F83330204643F00103294685F83A
:106A70003330FFF779FE2846FFF7C4FD17B13946DA
:106A8000FFF747FE95F8333066F3000385F833309F
:106A900094F83330C4E9039866F3000384F8333084
:106AA000DBE74168FFF79DBF10B5044690F833104F
:106AB00001F0010181F00101FFF7F2FBE3688BB106
:106AC000206948B194F83320D20706D5188AD4E952
:106AD0000323D2689B1AC01A10BD03F10C00FDF706
:106AE000F7FBF4E71846F7E773B5036904469942E4
:106AF0000E4615460AD1FFF7D7FFA84206D329460E
:106B0000204602B0BDE87040FFF703BE01232A46CD
:106B1000314620460093FFF770FC02B070BDF8B517
:106B200004464E680D46FFF7BFFF864203D823692F
:106B30002B60286810E094F833302968DB07F8D51B
:106B400049B1D4E9037620466A68FFF7B5FEC4E987
:106B500003760028EDD00020F8BDD1E90012FFF740
:106B6000C3BF704710B504464FF0FF324FF0FF33FC
:106B70002046F8F77BFD0028F6D0FDF71BFFF3E772
:106B8000002070477047012307B500916946ADF8B2
:106B90000430EBF7F3F903B05DF804FB022307B50B
:106BA00000916946ADF80430EBF7E8F903B05DF801
:106BB00004FB0268034642B9406840B99A683AB992
:106BC000D868B0FA80F0400970470020704710463E
:106BD000704770B50446154669B30B88022B14D173
:106BE0000B46021D01F1180053F8046B834242F872
:106BF000046BF9D1081DFFF7DCFF78B994F8433036
:106C000043F0200384F8433008E0012B1DD10B68CA
:106C100043604B6883604B68002BEFD194F843309E
:106C200043F0020365B143F008036DBA84F84330C2
:106C3000E580002070BD90F8433003F0DD03F1E7FC
:106C400023F0080384F84330F3E76FF01500F1E711
:106C500010B590F833001488C0F30210844223D199
:106C6000022C11D109686BB10831141D2046FFF7C1
:106C7000A0FF30B91022204604F0FAFFB0FA80F0ED
:106C8000400910BD1831F0E7012C0FD1096843B15C
:106C900001F10C0352684AB11868831A58425841EE
:106CA000EFE701F11003F5E70020EAE70120E8E74C
:106CB00038B50C460546EAF7EBFA226803689A42B3
:106CC00005D021462846BDE83840E9F757BB0120EA
:106CD00038BDF7B5042300250F466946044616461D
:106CE000CDE90053FFF71BFF48B107704670857070
:106CF000C57069462046FFF730FF03B0F0BD6FF066
:106D00006800FAE72DE9F34116680D46F3682BB9E0
:106D10006FF00405284602B0BDE8F08100228B68C0
:106D20006BBB95F8361095F832300B44C3F57F43B2
:106D3000FC3313449FB21BB2032BE9DD4FF4004236
:106D40000023CDE900230123A8691A463944EBF753
:106D5000CDF804460028DBD03369A86903F0F003BE
:106D6000E02B06F10C080ED14146A869E9F71EFB9D
:106D7000036806466BB92046FFF7D9FBC8E7198AB6
:106D80005B680A44CCE710363146FFF791FF0028D4
:106D9000EAD195F83C2094F83C30314662F3050383
:106DA00084F83C3095F83C3094F83C209B0963F320
:106DB000871284F83C202046424600F072F90246D1
:106DC0000028D8D101462046FFF783FF0028D2D102
:106DD00029463A462046FFF778FD05460028CAD1E5
:106DE0002046FFF70FFC0121204600F06BF92046FA
:106DF000FDF70CFD00288DDABDE7F7B50423002769
:106E00000E4669460446CDE90073FFF788FE054645
:106E1000C0B18770C7700221A069FEF70BFA00B9F4
:106E200056B101212046FEF7ABFB688094F8343060
:106E300043F0080384F8343069462046FFF78DFE9E
:106E400003B0F0BD6FF06800FAE72DE9F0471423B6
:106E50000546002486B088469146CDE90243FFF7F7
:106E6000D1FB284602A9FFF75AFE0646002837D074
:106E7000437A012B10D10423284604A904940593D6
:106E8000FFF74DFE10B14378072B05D86FF01506BC
:106E9000304606B0BDE8F08706F1100A5146A869F1
:106EA000FFF706FFE0B9737A112B1CD0062B14BF35
:106EB000002728274FF400420023CDE900230123B7
:106EC000A8691A46391DEBF711F80446B0B35146CC
:106ED00006F10C0200F0E5F838B12046FFF727FB79
:106EE0006FF00406D4E71C27E4E741464A462046F3
:106EF000FFF7EFFE01460028EFD104222046FFF7FE
:106F0000D0FC0028E9D13A4629462046FFF7DDFCAF
:106F100006460028E1D12046FFF774FB01212046F8
:106F200000F0D0F82B6A2046A36295F8243084F84C
:106F30002C30FDF76BFC0028AADACEE76FF00B06C9
:106F4000A6E7F7B5042300220E4669460446CDE9BC
:106F50000023FFF7E4FD074610B9022003B0F0BD9F
:106F60000221A069FEF768F9A8B9A06906F110012D
:106F7000FFF79EFE05460028EFD101992046FFF756
:106F8000C8FB3A4631462046FFF7FDFD2046FFF795
:106F9000CEFA2846E2E701212046FEF7F1FA002862
:106FA000E3D0DAE7006800F0F000A0F1E003584217
:106FB0005841704738B50C460546EAF769F922682A
:106FC00003689A4205D021462846BDE83840E9F7D3
:106FD000D5B9012038BD10B500210446E9F748FABB
:106FE00020B92146BDE81040FFF7E4BF012010BDE5
:106FF0002DE9F74F99464FF0000814230F466946D4
:1070000005461646CDE90083BDF830B0BDF838A07E
:10701000FFF785FD0446002840D0452303704FEA62
:107020001B2303719DF8343080F801905B0143EA23
:107030001A2380F8028080F8038080F805B08371FD
:1070400080F807A095F83530037243B93046FFF752
:10705000A9FF6B69D0B1A3B193F8A23023720023CA
:107060006372A372E372336823613B68E3601423A5
:107070006946284685F83230FFF76FFD03B0BDE85A
:10708000F08FA869FDF7EAFF2072E8E713B193F8E3
:10709000A130E3E7A869FDF7CBFFF5E76FF06800E3
:1070A000ECE730B5002490F83C5085B005F03F0384
:1070B0009B00CDE90144009443EA9513FFF798FF44
:1070C00005B030BDF7B514230025CDE9005390F885
:1070D00033300F4643F00103694680F833300446ED
:1070E000FFF71DFD064628B32B46A268BAB95BBA66
:1070F000738077720121A069FEF79CF818B12046D1
:10710000FEF7D9FA708169462046FFF726FD112F58
:1071100009D100212046EBF783FC03B0F0BD118AB2
:1071200052680B44E2E7012F07D100212046FFF708
:1071300064FEF2E76FF06800EFE70020EDE7002261
:1071400014232DE9F04188B0CDE9022304AB069366
:10715000082305460F46904607938368ABBB284635
:1071600002A9FFF7DCFC044658B3067806F00F06C8
:10717000B600132E25D9142385F83230427895F8BD
:107180003C30920862F3050385F83C304278143EA7
:1071900062F3871385F83C30037AF6B28BB185F839
:1071A0003660418849BA89B241450ADC02DA28468C
:1071B000FFF7F1FB6FB104F10C010846FFF7F2FE97
:1071C000A0B1022008B0BDE8F0811A8A5B68904443
:1071D000C4E7237C7F2BF4D0237B7F2BF1D004F1F9
:1071E0000C00FFF7F8FE0028E5D0EAE7A869FFF7F2
:1071F000E1FE0028E5D1E368A869002B4AD001210F
:10720000A869FEF719F800284ED10122237A04F16B
:10721000100785F8353095F83330384662F3061399
:1072200085F83330FFF7D7FE60B93846FFF7BAFE6E
:10723000637A38B9112BC4D1EAF72AF822690368B6
:107240009A42BED1637A062B05D13946A869FFF769
:10725000B1FE0028B5D128460399FFF75AFA2EB19E
:1072600031462846FFF755FA0028AAD1637A012B48
:1072700020D0112BA5D1284606A9EBF719FC0090C8
:1072800000289ED06B462846627A01A90194EBF74C
:107290008BF897E704F11001FFF78CFE0028AED1C0
:1072A000637A022BABD08CE72846FEF704FA00285D
:1072B000ABD086E721462846FFF743FE82E7002051
:1072C00070477047F7B5042300270E466946044609
:1072D000CDE90073FFF723FC0546C8B18770C7707E
:1072E0004FF40061A069FDF7A5FF00B956B13A213E
:1072F0002046FEF745F9688094F8343043F00803DF
:1073000084F8343069462046FFF727FC03B0F0BD0F
:107310006FF06800FAE7F7B5042300250F466946C9
:1073200004461646CDE90053FFF7F9FB48B1077054
:1073300046708570C57069462046FFF70EFC03B0A5
:10734000F0BD6FF06800FAE72DE9F3411668CA8EC8
:10735000B3880D465BBA9B1A043B9FB21BB2032B4A
:1073600005DC6FF00405284602B0BDE8F0814FF45B
:1073700000420023CDE9002339463A230222A869BE
:10738000EAF7B4FD04460028EBD0337E06F1080886
:10739000FF2B10D14146A869FDF7DCFD03680146CB
:1073A0005BB943684BB983683BB9C3682BB92046C6
:1073B000FFF7BDF8D5E706F118010023A3622362A9
:1073C00095F83C2094F83C30204662F3050384F89D
:1073D0003C3095F83C3094F83C209B0963F38712CD
:1073E00084F83C20424600F080F802460028DED1B6
:1073F00081212046FFF78FFF0028D8D129463A4641
:107400002046FFF762FA05460028D0D12046FFF754
:10741000F9F83A21204600F0CBF82046FDF7F6F9BE
:107420000028A0DAC3E70022042373B50E4669469C
:107430000446CDE90023FFF772FB054610B9022090
:1074400002B070BD4FF40061A069FDF7F5FE68B9A8
:1074500001992046FFF75DF92A4631462046FFF79D
:107460009DFB2046FFF763F80020E9E73A2120461C
:10747000FEF786F80028EBD0E1E7026803464AB938
:10748000406848B99A6842B9D86800F17F435842C9
:107490005841704700207047104670470378FF2B13
:1074A00006D1407800F00F00431A58425841704707
:1074B000002070474A8843889A4214D18A8883887A
:1074C0009A4210D1CA88C3889A420CD14B6842684C
:1074D000934208D18268934205D1C368C868C31A31
:1074E000584258417047002070472DE9F341282346
:1074F0004FF000080E46694605461746CDE9008361
:10750000FFF70DFB044600284FD095F83C2080F88B
:10751000028002F03F039B0043EA92121B0943F0F2
:10752000600312010370427080F8038080F80480C9
:1075300080F8058080F8068095F83530C3713BB936
:107540003A786B69FF2A28D113B393F8A230E3711C
:107550003A4604F1180307F1100152F8040B8A426D
:1075600043F8040BF9D1083406F1100356F8042B44
:107570009E4244F8042BF9D1282385F832300023A9
:1075800069462846EB86FFF7E8FA02B0BDE8F081CD
:10759000A869FDF7B3FCE071DAE713B193F8A13005
:1075A000D5E7A869FDF7C0FCF5E76FF06800ECE7E8
:1075B00073B528230025CDE9005390F833300E46EB
:1075C00043F00103694680F833300446FFF7A7FA19
:1075D00018B96FF0680002B070BD2B46A268D2B92E
:1075E000283BC3F3072242EA0323838094F83B300D
:1075F0006946FF2B08BF334683712046FFF7ADFA7B
:1076000094F83B30FF2B0AD1112E0FD100212046D8
:10761000EBF706FADFE7118A52680B44DFE72046F2
:10762000E18EFFF776F80028EED0D2E73A2E04D1AB
:1076300000212046FFF746FECDE70020CBE700F013
:1076400000B870477FB508230E460DEB03010446D2
:107650001546CDF808D00393FFF761FA60B1002317
:1076600006804580037143718371C37102A920466E
:10767000FFF773FA04B070BD6FF06800FAE7D0E965
:107680000032D21A012A06D933F8022B52BA0A80E4
:107690000360002070476FF01500704710B5044676
:1076A00000200860D4E9003293421CD21B78C0EB62
:1076B000C00203F07F0393400A6801301A440A6055
:1076C00023685A1C226093F90030002B06DB0B68FC
:1076D000B3F1805F28BF6FF0150010BD0428E1D121
:1076E0006FF01500F9E76FF00A00F6E738B50D46C0
:1076F0001146D0E90032934208D013F8012B2A70CA
:107700000360FFF7CBFF00EAE07038BD6FF01500B3
:10771000FBE770B5D1E90036B34202D16FF0150036
:1077200070BD1C4614F8015BA6420C60F6D05C7874
:1077300002330B60547090F882300020032B1CBF82
:1077400005F001031370EBE7F7B51D46089C1646DC
:10775000A27D4B0003F0020322F00302C1F34101BA
:10776000134321722846A3750DF10601FFF787FF29
:10777000D8B9D5E90012BDF80630521A9A4212DB88
:10778000636073B12A6822601A442A60237A6768AA
:107790006BB9BB1C9E4206D30020F61AE06026613E
:1077A00003E02360F2E76FF0150003B0F0BD284658
:1077B00004F11401FFF763FF0028F6D13B1DE9E750
:1077C000084608B51146FFF75AFF00EAE07008BD09
:1077D000FFF7F6BFFFF7F4BFFFF7F2BF10B50C4697
:1077E00011462046FFF74BFF40B9D4E900239B1A0E
:1077F0008B6023B122684A601A44226010BD486041
:10780000FCE708B508461146FFF739FF002008BD20
:10781000D1E90032D21A012A81BF020A58701A70C7
:10782000023386BF00200B606FF00B00704738B545
:107830000546D1E9002340689B1A821C93420C46FE
:107840000DD380B2FFF7E4FFD5E90012206804F001
:10785000DCF9002023686A681344236038BD6FF0A8
:107860000B00FBE7F0B514680646641AB4F1805FBC
:107870002DD220460023C00903F10103FBD10133BF
:10788000576803F0FF035D42CB1ABB42136018BF79
:107890004E5521461CBF01331360D2E90036B34276
:1078A00007D201F07F061E70C909136807D10133A2
:1078B000136013681D44234415605360F0BD1E78A7
:1078C00066F07F061E70136801331360E5E76FF002
:1078D0007900F3E770B506461446084669B11568A5
:1078E000114605351560FFF793FF40B9224629463A
:1078F0003046BDE87040FFF7B5BF6FF0150070BDB2
:107900002DE9F8438F7D0C7A07F001080D4691466A
:10791000C7F340070CB18B8A83B3D9F8006049469E
:1079200005362846C9F80060FFF781FFB0B92B7A09
:10793000B3B9600000F006002A69D9F80030384376
:1079400040EAC800134440F030004A463146C9F8C6
:10795000003000F03F00FFF785FF40B1BDE8F8833D
:107960004946A88AFFF754FF0028E2D0F6E7D9F885
:1079700004302A699B1AC9F80430EFE76FF015004C
:10798000ECE740200988FFF7A5BF2DE9F843CB8835
:107990000E46154643B31768114605371760F08841
:1079A000FFF736FF044608BB4FF00C08B388A3422C
:1079B00006DC2A463946BDE8F8438220FFF752BF6D
:1079C00008FB04F9306829464844FFF730FF80B9C6
:1079D00033684B441A7AD5E900318B420BD003F857
:1079E000012B2B600134E1E76FF015042046BDE860
:1079F000F8830446FAE76FF00B04F7E72DE9F0414E
:107A00000E461768114605371760F0881546FFF7D0
:107A1000FFFE0446A8B94FF00C08B388A34206DC69
:107A20002A463946BDE8F041A220FFF71BBF306867
:107A3000294608FB0400FFF7FAFE08B90134ECE719
:107A400004462046BDE8F081F8B50D46D1E9003185
:107A5000CB1A9342064601D30020F8BDD41A0F1961
:107A6000D0E91C2313449F4213D8974211D300231B
:107A70002246EBF7D9F90028EFDB0DD0F369A042DD
:107A80000344F3616B6803446B60E5D26FF00A0056
:107A9000E3E76FF00B00E0E76FF07F00DDE770B524
:107AA000036FC2698EB00493054613440222059306
:107AB000284604A9FFF7C8FF041E2DDB2B6F03AA7D
:107AC0000DF10B0104A80493FFF710FE10F10B0F4A
:107AD00004464FF00102EBD000283FDB9DF80B601D
:107AE00006F0F003302B1BD10222284604A9FFF731
:107AF000ABFF041E10DB049B16F0060F1A88284605
:107B000052BA92B20CBF0232043204A9FFF79CFFB2
:107B100000EAE074002C0ADA14F10B0F1ED11CE00D
:107B20002846039A04A9FFF78FFF0446F2E79DF861
:107B30000B402022002106A8039E04F08DF804F0DB
:107B4000F003602B76D017D8402B68D009D8202BB3
:107B500032D0302B4DD00023EB61002420460EB0F4
:107B600070BD502BF7D10423284607AA04A98DF82D
:107B70001830FFF72DFE5AE0B02B6DD00CD8702BCB
:107B800061D0902BE7D10723284607AA04A98DF8D6
:107B90001830FFF723FE4AE0D02BDCD195F9833073
:107BA000002BD2BF002303F1FF335BB285F8833093
:107BB00009238DF818300FE0284607AA04A9FFF71B
:107BC000A8FD0446002833D19DF81D304BB9AB69A0
:107BD0000D9043F00403AB61284606A900F06FF84E
:107BE000B9E7284606A90D936FF06E0400F067F818
:107BF000B4E702238DF8183007AB214600933246D4
:107C000004AB2846FFF7A0FD04460B9B0D902B62AA
:107C1000284606A900F053F8002C9CDA9EE70323BF
:107C2000284607AA04A98DF81830FFF7C9FD0446B5
:107C30000D94EDE70523284607AA04A98DF818300E
:107C4000FFF7C8FDF3E70623284607AA04A98DF825
:107C50001830FFF7C1FDEAE70823284607AA04A960
:107C60008DF81830FFF7CDFDE1E738B504460D4635
:107C7000C26F0021806F03F0EFFFA36F2B60E26FF4
:107C800013446B6038BD08B503F0DCFD4FF47A7225
:107C9000A0FB020302FB0133C00B40EA434008BDD6
:107CA0004FF0FF324FF0FF33F7F718BC10F0040F1E
:107CB0000CBF6FF07F0000207047F7F787BC38B526
:107CC000C36E04460D4653B1FFF7F7FF2046294621
:107CD000E36E98472046BDE83840FFF7E1BF38BD66
:107CE00070B588B004460D461646EBF7ABF8002198
:107CF000C4E90511C4E907115EB11C22684603F00E
:107D0000ABFF0123694620468DF800300795FFF749
:107D1000D6FF08B070BD38B50546EBF76BF8041E0A
:107D200006DA012221462846FFF7DAFF204638BD51
:107D3000FFF7A9FF00246861F8E72DE9F0410F463D
:107D400090461E46054628B3FFF7AAFF2C6ABCB131
:107D500044452246334628BF424639462846EBF77B
:107D600063F8044616B910F10B0F09D0002C0DDC96
:107D700008BF6FF07F04012221462846FFF7B0FFBD
:107D80002846FFF79AFF2046BDE8F0812B6A1B1BAF
:107D90002B62F5E76FF01504F5E710B5044698B1CE
:107DA0008C22002103F058FF204603F065FA0423DB
:107DB00084F8823094F8843043F0020384F88430ED
:107DC0004FF49663A4F8803010BD37B505460028FF
:107DD0003AD0036DC3B3FFF763FFAB6F8BB32B6F69
:107DE0007BB32846EAF7FCFF041E24DB69462846DD
:107DF000FFF73BFFAB69694643F002032846AB61DE
:107E0000EAF79AFE041E13DBDDE900122846521A37
:107E1000EAF7F0FF041E0BDBFFF735FF0024686173
:107E200085F883402846FFF748FF204603B030BD61
:107E30002846EBF707F80023C5E90533C5E9073302
:107E4000F0E76FF00B04F6E76FF01504EDE770B59F
:107E50000E4605468EB000283CD000293AD0FFF7E8
:107E60001FFF284601A9FFF700FFA869FFF71EFFC3
:107E7000041E24DB3146284601AAFFF741FD041EFB
:107E80001DDB019A029B03929B1A1C220493F36848
:107E90000021059333690DEB0200069303F0DCFE2D
:107EA00003AB09930223284607A90A93EAF7AEFF1A
:107EB000041E0ADA012221462846FFF711FF284650
:107EC000FFF7FBFE20460EB070BDFFF7DCFE00247E
:107ED0006861F4E76FF01504F4E773B50E460546E4
:107EE000F8B1F1B1FFF7DCFE28466946FFF7BDFEA9
:107EF000A869FFF7DBFE041E0DDB6A463146284603
:107F0000FFF73FFD041E06DBDDE900122846521A8A
:107F1000FFF701FF04462846FFF7CFFE204602B0D8
:107F200070BD6FF01504F9E773B50E46054620B332
:107F3000FFF7B6FE28466946FFF797FEA869FFF7E8
:107F4000B5FE041E13DB6A4631462846EAF776FE84
:107F5000041E0CDBDDE900122846521AFFF7DBFE97
:107F6000041E04DB012200212846FFF7B9FE284643
:107F7000FFF7A3FE204602B070BD6FF01504F9E7CD
:107F800073B50E460546F8B1F1B1FFF789FE2846F4
:107F90006946FFF76AFEA869FFF788FE041E0DDB3D
:107FA0006A4631462846FFF7F0FC041E06DBDDE991
:107FB00000122846521AFFF7AEFE04462846FFF785
:107FC0007CFE204602B070BD6FF01504F9E773B572
:107FD0000E460546F8B1F1B1FFF762FE2846694644
:107FE000FFF743FEA869FFF761FE041E0DDB6A463A
:107FF00031462846FFF702FD041E06DBDDE90012CC
:108000002846521AFFF787FE04462846FFF755FE1A
:10801000204602B070BD6FF01504F9E737B505468C
:1080200018B3FFF73DFE28466946FFF71EFEA86914
:10803000FFF73CFE041E12DB6846EAF711FE041E41
:108040000DDBDDE900122846521AFFF764FE0446F4
:1080500095F983307F2B1CBF013385F88330284688
:10806000FFF72BFE204603B030BD6FF01504F9E793
:1080700010B5044670B1FFF713FEA3692BB10122BE
:108080006FF070012046FFF72BFE2046FFF715FE2C
:10809000002010BD6FF01500FBE738B50446F0B1C5
:1080A000FFF7FEFD6569FFF7EEFD401B06D5204694
:1080B000FFF703FE6FF00A05284638BDB4F880309C
:1080C000002BF4D04FF47A7253438342EFD820460A
:1080D000FFF7A4FF05462046FFF7EFFDECE76FF042
:1080E0001505E9E738B504464569FFF7CCFD431BA4
:1080F0004FF47A70B4F8802023EAE37350431AB146
:10810000984204D9C01A38BD4FF0FF30FBE7002079
:10811000F9E738B50546D8B1FFF7C2FDAB699B0753
:1081200010D52B6A8BB92846FFF7B9FC041E04DA78
:10813000012221462846FFF7D3FD2846FFF7BDFD63
:10814000204638BD6FF07F04F7E76FF00F04F4E7C7
:108150006FF01504F4E70123FFF7EFBD70B5064695
:108160000C468D18AC4201D3002070BD214630462C
:108170002A1BFFF7F0FF0028F7DB01D00444F1E7EA
:108180006FF00400F1E72022002103F065BD002319
:108190001A46E9F795B938B1006828B10C30D0E833
:1081A000AF0F084100F00100704730B1006820B106
:1081B0000C30D0E8AF0F00F0010070474FF0FF32F5
:1081C0004FF0FF33F7F78AB9F7F700BA70B50E46EC
:1081D000EBF770FC044658B14069FFF7EFFFE56824
:1081E0006069F54005F00105FFF7EEFF284670BD18
:1081F0000546FBE770B50446EBF75CFC0546D0B1DD
:1082000043681E683368B3B14069FFF7D7FF204663
:10821000FFF7CBFF40B128463368984704466869AA
:10822000FFF7D2FF204670BD2046E8F70DFD04465B
:108230000028F0D0F3E76FF08504F3E708B5EBF71B
:1082400039FC003818BF012008BD10B50446FFF7FF
:10825000F5FF48B102212046FFF7B8FF20B92046BC
:10826000BDE81040E8F72ABD10BDF8B50646EBF7AB
:1082700021FC0546B8B143681F687B689BB1406923
:10828000FFF79CFF3046FFF790FF044618B12846E1
:108290007B68984704466869FFF796FF3046FFF70A
:1082A000D4FF2046F8BD6FF08504FAE738B50B78A7
:1082B00004460D4633B96B78032B07D8DFE803F08B
:1082C00007161F28EBF7F6FA0028F4D038BD204631
:1082D000FFF76BFF0028F9D12046E8F7B5FC00282E
:1082E000F4D06B68002BF1D16860EFE72046FFF710
:1082F0005CFF0028EAD02046E8F7E0FCEFE72046E4
:10830000FFF79CFF0028E1D02046FFF773FFE6E768
:108310002046FFF793FF0028D8D02046FFF7A5FF9F
:10832000DDE710B50446FFF789FF48B1012120467B
:10833000FFF74CFF20B92046BDE81040FFF75ABFB9
:1083400010BD022901D8FFF741BF0020704738B5A2
:10835000EBF7B0FB044640B14069FFF72FFFD4E9CB
:108360000450FFF731FF284638BD0546FBE70C22D5
:108370000369C9B201FB0233186C00F007007047B3
:1083800070B5C9B20369EFF31185202484F3128814
:10839000BFF36F8F0C2606FB0134246C14F0C0046D
:1083A00008D0A24206D085F31188BFF36F8F4FF03B
:1083B000FF3070BD012271430B441A6485F31188AC
:1083C000BFF36F8F43680B445B6898470020F0E76A
:1083D0008022FFF7D5BFF8B5069F0469C9B2EFF355
:1083E0001186202585F31288BFF36F8F0C25694312
:1083F0000C44256C05F0070CBCF1010F0BD1276470
:1084000086F31188BFF36F8FC4E90E2343685B586E
:1084100098470020F8BD05F0C005AF4286F31188EB
:10842000BFF36F8F0CBF6FF077004FF0FF30F1E7B5
:1084300013B580240094FFF7CEFF02B010BD10B436
:108440001C240069CBB203FB040000215DF8044B3F
:1084500010470020F3F792BC002001F092BA1046BA
:10846000F7F736B9084608B51146F3F7E9F90028D9
:1084700018BF6FF0040008BD08B501F09FF900288F
:1084800018BF6FF0040008BD2DE9F3411C4600231E
:10849000904682682360A3600D465369694601AA2D
:1084A0009847019B5A1E019223B96FF0150002B044
:1084B000BDE8F0810098A26847682168676085B9C7
:1084C000A8EB02030668B34228BF334603FB07113B
:1084D0001A442160A26002689A4206D808300090CF
:1084E000DFE76B1AB3FBF7F3ECE70020DFE7134697
:1084F0000022FFF7C9BF2DE9F0470024836886B04A
:10850000884691465B6902AA01A99847A24625467A
:10851000029BAB4202D806B0BDE8F0870026019F5F
:1085200007EBC5077B6804933A680AEB0603B2427F
:1085300002D89A460135EBE749460394059303A810
:10854000C0470028E7D0049B01361C44ECE710B577
:108550000C4601F074FA0023C4E90003184610BD6C
:1085600038B505460C4601F06AFA002D07DBA84233
:1085700005D9401B84428CBF0020012038BD00205B
:10858000FCE770B50C461946204616461D46FFF717
:10859000E7FF28B929462046BDE87040EBF70EBD3D
:1085A0005DB1B4F5C03F2A462146304603DABDE846
:1085B0007040FBF7C1BE03F028FB002070BD43688C
:1085C00000205B681B690B607047436802EA01008A
:1085D0005B6821EA020198600020D9607047436817
:1085E00000205B6899607047436800205B68D96031
:1085F000704743685A68536821EA03000B40906053
:108600000020D360704710B503695868F8B18842FC
:1086100019D19C680868A142586000D19860002078
:1086200008602AB15A680A609A68596002B999606C
:10863000002010E0814206D10868206098688142DD
:10864000EDD19C60EBE7044600680028F2D1002AD7
:10865000E8D16FF0150010BD002201210920E5F7D7
:1086600061BA002201210A20E5F75CBA38B5044658
:10867000056901222846114602F0D9FE012205F1C2
:108680001800002102F0D3FE2046BDE83840ECF788
:108690002DB80069F7F750B80069F7F719B813B5A6
:1086A00001AA044600F023F8002805DB019B22689C
:1086B00019791868ECF756F802B010BD10B5446887
:1086C00051B1012910D1606A0021FFF7E8FF20466F
:1086D000F4F76EF9002010BD2046F4F779F9012176
:1086E000606AFFF7DCFFF5E76FF08500F3E730B570
:1086F00043681360057A446804EBC504A34202D3BF
:108700006FF0010030BD5C798C4201D00833F0E796
:108710000020F7E71FB5002340BAADF80C00009326
:108720003122FF23022103A8FAF73AFB05B05DF8D6
:1087300004FB0A460121FBF794BB014640F2E730F7
:1087400008B54FF47A72002300EBC1304914E0F70A
:1087500095FABDE8084002F0FCBF1FB5CDE9011253
:1087600002228DF80C209DF80C20816842F0020254
:108770008DF80C208C68012201A9A04704B010BD1F
:108780001B680169002B10DBD2B2122A04D0132A15
:1087900007D06FF085007047032B06DC0B710020BB
:1087A0007047022B01DC4B71F9E76FF01500704741
:1087B0001FB5002340BAADF80C0000933122FF230F
:1087C000022103A8FAF7ECFA05B05DF804FB0A46AB
:1087D0000121FBF746BB1FB5034601228DF80010AF
:1087E000022100689B88CDF804D002928DF80C100D
:1087F0009DF80C10846841F002018DF80C10A468FB
:1088000001A9A04704B010BD43681B68D3F88004D9
:10881000C3F88004704742681368D3F8100150B160
:108820000020D26912780A70C3F81001D3F8102121
:1088300001221A6070474FF0FF307047026803460C
:10884000D2F8580140B95B68DB0706D4D2F82001A2
:10885000003818BF012070470120704743681B682B
:10886000D3F80423D20517D5D3F82021A2B1EFF312
:108870001182202181F31288BFF36F8FD3F820116A
:1088800031B10021C3F82011D3F820110121D960A2
:1088900082F31188BFF36F8FD3F85831704713B547
:1088A00001AA0446FFF723FF002805DB019B22688D
:1088B00019791868EBF756FF02B010BD01292DE9B0
:1088C000F84306460C4618D143680021D868FFF7E4
:1088D000E6FF082172681368C3F80015117A49B9D8
:1088E000D269C3F83425C3F83845C3F81011D3F85A
:1088F00010211C600020BDE8F883002955D1D0F874
:108900000480D8F80040D4F84C31B3B1012363603F
:10891000D4F84431002BFBD00023C4F84C31D4F8F8
:108920004C21C4F84431D4F84421C4F81031D4F8AF
:108930001021C4F82431D4F824317268D2E90053EC
:1089400013F0010917D14FF480734FF47A77C5F80B
:1089500008337068FFF772FF20B9012001F008F8B2
:10896000013FF6D1D5F858312BB9C5F82031D5F8EB
:1089700020310123EB604FF47A76D5F8583123B9D2
:10898000012000F0F5FF013EF7D1B9F1000F03D14E
:108990004FF48073C5F804330023C4F80035012177
:1089A000D8F80C00FFF77BFFA4E76FF08500A2E783
:1089B000002200F150039B009BB203F1804303F5BA
:1089C000A8331A601B68704708B5ECF7C9FC08BDEE
:1089D00002F03CBB38B5431E033304460FD84FF4B6
:1089E000004540F2E73000214FF47A720023E4FBA7
:1089F0000501E0F743F9BDE8384002F0AABE6FF088
:108A0000150038BD02F0EEBDF6F762BE4B1C70B526
:108A1000054617D021EAE1744FF4004640F2E730F2
:108A200000214FF47A720023C4FB0601E0F726F917
:108A300002460B462846F6F77FFE002818BF6FF067
:108A40000A0070BD4FF0FF321346F3E7F6F7BEBDE4
:108A50004B1C70B5054617D021EAE1744FF400466F
:108A600040F2E73000214FF47A720023C4FB060184
:108A7000E0F704F902460B462846F6F72FFD0028DA
:108A800018BF6FF00A0070BD4FF0FF321346F3E7D6
:108A9000006801F0B1BC09B1FAF724B9FAF72CB9B2
:108AA00038B5044604B938BDE069256803F094F888
:108AB000204603F091F82C46F4E7F6F70FBDF6F7E1
:108AC00085BD002307B5CDE90033EDF7AFF903B05D
:108AD0005DF804FB2DE9F04F064640688BB00C466C
:108AE000DDE914579046994608B1FFF7E8FFD6F83C
:108AF00000A005B1AFB900232146CDE900334246BD
:108B00004B46504601F07FFE0446706828B14FF096
:108B1000FF324FF0FF33FFF7D0FF20460BB0BDE828
:108B2000F08F4FF0160B04AB5A460021184603F0A5
:108B300093F803AACDE9000221464B46424650462F
:108B4000CDF80CB001F05FFE041EDEDBBDF8102096
:108B5000012A0AD1039B082BD7D1BDF812102A8015
:108B6000059A69806A603B60CFE7022ACDD1039BFA
:108B7000162BCAD1BDF812300DF1140C6B802B46A8
:108B80000DF1240E23F8042B624603CA72451860C7
:108B90005960944603F10803F6D19DF824302B75F3
:108BA0001823E0E7002307B5CDE90033FFF792FF74
:108BB00003B05DF804FB38B505460068F5F702FD23
:108BC000044610B92846EDF737FA204638BD2DE99E
:108BD000F04F14460E4600218BB00546202202A815
:108BE0001F46019103F038F85CB163680293E368B3
:108BF0000493A368039323690593236A03B108933D
:108C000002AC31462246284601ABF5F721FA06466A
:108C100048B9804681464FF0180A019D386035B941
:108C2000019801F08AFA30460BB0BDE8F08F54206D
:108C300002F0D9FF044600284FD0C0F80090C0F8D9
:108C400020902B684360AB68C3606B688360EB68FF
:108C50000361D5F804B0BBF1010F15D1082002F073
:108C6000C2FFE061002835D00823A3616B695A88F0
:108C7000A0F800B042805B684360B8F1000F2FD1CC
:108C80003C60A046ED69CAE7BBF1020F09D002F0D3
:108C9000A3FF6FF005063868FFF702FF00233B6073
:108CA000BEE7182002F09FFFE06198B1C4F818A059
:108CB0006A695388111D4380034602F1140C23F89E
:108CC00004BB51F804EB614543F804EBF9D1137D83
:108CD0000375D2E7204602F07FFF6FF00906DAE75E
:108CE000C8F80040CDE7F0B5056808880B460128B4
:108CF00087B00DD14A884B68ADF802200822ADF844
:108D0000000001936946284601F08EFA07B0F0BDD5
:108D1000022815D14A88ADF80000ADF8022001AE56
:108D20000A1D01F11407344610685168083203C463
:108D3000BA422646F7D11B7D16228DF81430E1E7A2
:108D4000284607B0BDE8F04001F06EBA03780D2B5D
:108D500007D143780A2B04D18078003818BF01204E
:108D60007047002070472DE9F0431F46002385B06F
:108D7000054689461646CDE901339DF830800393B8
:108D8000002A3BD0002F39D0EDF7C6FB044688B946
:108D9000AB68013B99429CBF2B68C5E9013028466E
:108DA00001A9EDF7CDFBAB680446013B994505D918
:108DB0000028F4D0204605B0BDE8F0830028F9D1A2
:108DC0009DF80C20013AD2B2082A1AD840F26F134B
:108DD000D340DB0715D5029DB8F1000F03D0019BEE
:108DE00033603D60E6E73A686B1C9A420CD32A4632
:108DF0003046019902F009FF7455F2E76FF015044F
:108E0000D8E76FF05E04D5E76FF00B04D2E77FB5CB
:108E1000002306460D46CDE901330393A1B1EDF7DA
:108E20007BFB044668B9304601A9EDF789FB0028B1
:108E3000F9D0B3682B60431D03D010F10B0F18BF9E
:108E40000446204604B070BD6FF01504F9E7012315
:108E5000EDF71ABC0223EDF717BC13B500240094FC
:108E6000FFF781FF02B010BD0B7830B5412B22D047
:108E700017D8252B03D003F0F703232B13D14B78FE
:108E80005A2B15D8402B02D8303B092B0BD84B1C42
:108E90005C785D1C3A2C37D02DD8303C092C2ED96B
:108EA00001E0612B07D00023C0E90033836030BDAF
:108EB000613B192BEAE74B7803F0DF03542BF2D127
:108EC0008B788D1C233BDBB2082B0DD840F20514A8
:108ED00024FA03F3DB0707D5CB785A2B1CD8402B99
:108EE0001FD8303B092B1CD902B115606D1A0160E7
:108EF00045600323DAE75A2C03D8402CD3D92B46FC
:108F0000C6E7613C192CCAE7023342B95B1A013B40
:108F1000436001600423C9E7613B192BE3E7136059
:108F2000F4E7CB1C5C785D1C3F2C1CD012D8392C8C
:108F300003D82F2CD8D92B46F4E73D2CD4D19C78DC
:108F40003F2C18D1033302BB5B1A023B4360016024
:108F50000123ABE75A2C02D8402CC5D0EBE7613C8B
:108F6000192CE8D9C0E702336AB95B1A013B4360A8
:108F7000016002239AE7023302B113605B1A013BDE
:108F800001604360B5E71360EFE71360DCE730B5DD
:108F90000B78203B192B47D8DFE803F00D4620461D
:108FA000464646464146464B6B4B46467687878744
:108FB0008787878787874C784B1C223C172C33D8B0
:108FC000DFE804F045323232323248323251585101
:108FD0003232637575757575757575754B1C497885
:108FE00011B3222965D01C4614F8011FE1B12229D2
:108FF000FAD1194623465C782C2C14BF5D1C9D1CAD
:1090000015F8014C02B115605B1A4360062301603C
:1090100003722C2C14BF00230123437208E04B7809
:1090200013B1283B012B46D80023C0E900338360ED
:1090300030BD4B78313B082BF6D80B46013111F887
:10904000014F2C2C4ED0303C092CF8D921E08B1C40
:109050008978C5E78D78292DE6D0282D01F1020405
:10906000E2D055BBE0E78C78313C082CDCD80231EB
:10907000E5E70B460AB1591C116003600023436009
:109080004FF484730381D3E70B465C78591C2C2C76
:1090900028D00C4611F8015C02B11160E41A03609B
:1090A0000523446003722C2DB4E70B46C7E719462D
:1090B000C5E719469FE70B464C1C6578282DB3D0B1
:1090C000292D01D00134CCE7A578A11C2C2D0CD082
:1090D0000C4614F8015C02B11460C91A03604160C7
:1090E0000723DFE70C460131D4E70334F1E708B585
:1090F000EDF766FC002008BDEEF7AEB8EEF7E0B87D
:10910000EEF71CB9EEF754B8EDF7E0BFEDF7ECBEA3
:10911000EDF712BEEDF7D6BE13460A460121FAF767
:10912000A9BEFBF74AB9F0B515468DB004460E4608
:109130006A46294601201F46FFF7F3FF70B1294612
:1091400004F108020120FFF7ECFF3946012004F189
:109150000C02FFF7E6FF26600DB0F0BD6A46294617
:109160000220FFF7DEFF0028F6D0294604F11002A6
:109170000220FFF7D6FF3946022004F12002FFF754
:10918000D0FF6660E8E7F6F7A9B9F6F71FBA0378EB
:109190000BB1EEF751BC704708B500F00FFB48B1BA
:1091A000002383F31188BFF36F8F0423184602DF77
:1091B0006FF0040008BD2DE9F04188B00F46154658
:1091C000194604469DF83880E0B1002305AE0193AE
:1091D00000963B46006DEEF771FC0123ADF81030B0
:1091E0002B680396ADF8123030B9204603A9B8F1C8
:1091F000000F04D0FEF7C4FE08B0BDE8F081FEF712
:10920000E6FEF9E76FF01500F6E72DE9F0438DB0C3
:1092100005460E4691469846FFF7D6FB012303AF5D
:109220000193009704464A463146159B286DEEF798
:1092300045FCC0B997E80700A4B2012C38BF01244F
:10924000149B06AE0A939DF82E3086E8070023F0A3
:10925000030331462846CDF82480ADF82C408DF824
:109260002E30FEF7F4FD0DB0BDE8F0832DE9F0419E
:109270000D4690461F46064610B331B33BB3047803
:109280003CB30C782CB3DFF725FD331813F8013C01
:109290000246232B08BF821E2946304602F022FDDB
:1092A000044678B93846DFF715FD024650B1A8EB01
:1092B00000003946284402F015FDB0FA80F040095C
:1092C000BDE8F081B4FA84F0F9E70846F8E71846FB
:1092D000F6E72046F4E7FAF7C4BDFAF7CBBDF8B5D8
:1092E0000446084615460F46DFF7F4FC461CAE421E
:1092F0003246204628BF2A46394602F086FCAE4256
:1093000082BF0023641904F8013CF8BD13460A46E5
:109310000121FAF7AFBD70B5054600680E4602F0B0
:1093200044FD044630B13046DFF7D4FC044400204D
:109330002C6070BD6FF01500FBE7FAF79BBDF6F7E8
:10934000CDB81FB50023019303930123024601A862
:109350008DF804300291904705B05DF804FB1FB50D
:109360000023CDE9013303930323024601A88DF8BE
:109370000430904705B05DF804FBD0F83C321B691F
:109380001847F6F723B9F8B504460D4600F55676AA
:109390004FF0FF33174630464FF0FF32FFF7CFFF55
:1093A00094F86C33AB4206D0013504D03046BDE8AA
:1093B000F840FFF7E6BF84F86C73F7E770B5044632
:1093C0000D4600F556764FF0FF3230464FF0FF3332
:1093D000FFF7B5FF94F86C433046631B5C425C4179
:1093E000FFF7CFFF204670BD10B504210446FFF7FC
:1093F000E5FFC8B1637E7BB92046FFF7BEFF94F856
:10940000383213B92068FFF7AAFF01222046BDE8D1
:1094100010400421FFF7B7BF94F8383213B9206821
:10942000FFF79DFF0322F1E710BD38B5044618B3DE
:1094300000F5567528464FF0FF324FF0FF33FFF727
:109440007EFF02212046FFF7B9FF50B904212046D4
:10945000FFF7B4FF28B92846FFF793FF4FF0FF301E
:1094600038BD05224FF0FF312046FFF78CFF28461C
:10947000FFF787FF0020F3E76FF01500F0E7F8B57E
:109480000E460546B0B1A9B10021FFF797FF04468B
:1094900098B905F556774FF0FF324FF0FF33384655
:1094A000FFF74DFFD5F82C3238463360FFF769FFE0
:1094B0002046F8BD6FF01500FBE74FF0FF30F8E7EE
:1094C00008B5D0F85832013303D000F51670EFF725
:1094D0005BFD002008BD70B504461546D0F840621B
:1094E0000021442200F5107002F0B6FBC4F840627F
:1094F00029462046BDE87040F0F7D4BA08B5D0F848
:109500005832013305D0BDE8084000F51670EFF77A
:109510003BBD1822002100F2662002F09DFB6FF097
:10952000080008BD034610B5D3E8EF0F40EA01027A
:10953000C3E8E42F002CF7D110BD034610B5D3E8E3
:10954000EF0F00EA0102C3E8E42F002CF7D110BDB1
:10955000012805D0022805D030B90220F0F7D4BD8B
:109560000320FBE70420F9E770471FB507240294A6
:10957000079C01949DF818400094F0F7EFFF04B0A9
:1095800010BD1FB5069C0392CDE90034D34303AA56
:10959000DB0FFFF7EAFF04B010BD13460A460121B6
:1095A000FAF768BC0130012801D8F1F783BD6FF0EC
:1095B0000100704703465A6B00233C309A4200D1A9
:1095C0007047C16801330844F8E70A460121FAF7F9
:1095D00048BC00B589B006AB02930823039301ABE6
:1095E000049304230791CDE9053004AA184602A983
:1095F000F2F700F90228019B09D003280AD060B9CC
:10960000181E18BF0120404209B05DF804FB6FF03E
:109610001500F9E76FF08500F6E74FF0FF30F3E74C
:109620008068183820F007001038704738B51546A4
:109630000C4661B15AB1FAF721FD2146254411F8D3
:10964000013B834203D1A942F9D1012038BD00205A
:10965000FCE738B50C460123114622460546FAF7C9
:10966000C2FC00280FDB012221462846FFF7DEFF5F
:1096700038B92378012B14BF022301230020237063
:1096800038BD0323FAE70120FAE72DE9F7431D4629
:1096900006460F469046FAF7EAFC6C1E0444404228
:1096A0000440082C1AD83046FAF7E8FC81462A46CE
:1096B0004146684602F0A9FA4946621B0DEB0500D7
:1096C00002F0CAFA23466A4639463046FAF7A0FC49
:1096D000003818BF012003B0BDE8F0834FF0FF3021
:1096E000F9E707B501238DF8042001AAFFF7CDFFA4
:1096F00003B05DF804FB81680122183921F00701ED
:10970000FFF7EFBF8268183A22F00702FFF7A1BF08
:109710000E2A13B5044601D9FAF7A7FD0E29FBD886
:1097200041EA02118DF80710FFF77AFF0123014685
:109730000DF107022046FFF7A8FF02B010BDF7B5F4
:109740000D1E69460CBF17462F460446F1F7AEFFC3
:1097500078B99DF80060022E22D0032E0BD0012E86
:1097600026D135B19DF80330032B02D12046FFF7F7
:10977000C2FF03B0F0BD002DFBD12046F1F774FF0E
:109780000028F6D157B12046FFF7B5FF0028F0D1E9
:10979000002231462046FFF7BBFFEAE70226F7E743
:1097A00045B90146A2682046FAF747FC0320E0E7E6
:1097B000FAF75BFD0420DCE70020704700207047CB
:1097C00010B588B01C4605AB01930C23029304230B
:1097D000CDE90612CDE904300DEB030103AA002008
:1097E000CDF80CD0F2F706F8009B236008B010BD4E
:1097F000002110B50A460446635CA3F13000092835
:1098000007D8303A032903EB02000FD002010131DF
:10981000F2E7A3F14100052801D8373AF2E7A3F1B6
:109820006100052801D8573AECE7002010BD10B5BB
:1098300028B1016881B1D0E901329A4205D310BD47
:109840008C5C202CFBD80132826082689342F7D86E
:10985000F5D1013B8360F2E70846F0E7F8B50D4625
:10986000044678B369B38468DAB95CB3236AABB1F0
:10987000AB421ED06E1E013B16F8011F0846A1F137
:109880004102192A13F8012F98BF01F12000A2F11B
:109890004107192F98BF203282420FD02468E4E795
:1098A00024687CB1216A21B12846DFF701FA00283B
:1098B000F6D1236A002B08BF002403E00029DBD186
:1098C000F7E70C462046F8BD034610B52820984718
:1098D000044618B12822002102F0BEF9204610BD2E
:1098E00070B50D461646044648B1DFF7F3F9334626
:1098F0002A46411C2046BDE87040F2F7FBB870BD17
:1099000000221146FFF7ECBF00231A46F2F7F2B827
:109910000022FFF7A3BF0122FFF7A0BF18B1007B11
:10992000831E58425841704720B1C06810F00300B0
:1099300018BF0120704720B1007BA0F108035842F6
:109940005841704720B1007BA0F1100358425841A4
:10995000704708B50246FFF7F5FF00B1106908BD72
:1099600020B1007BA0F140035842584170470047A6
:1099700001F06CBB40F00040C1F88000C2F88000EC
:109980007047F2F779B9F7B51646DDE90847019057
:1099900001A81D46F2F790FA019BB6F1000C18BF22
:1099A0004FF0010C00EB83000B1E18BF0123002DAC
:1099B00043EA4C0314BF4FF00C0C4FF0000C002C8A
:1099C00043EA0C0314BF4FF4E06C4FF0000C002F7F
:1099D00043EA0C0314BF4FF4403C4FF0000CD0F8A6
:1099E000002243EA0C0322EA030301B109780EB115
:1099F0003678760019430DB12D78AD0031430CB1A6
:109A00002478240229430FB13F783F040C433C43A0
:109A1000C0F8004203B0F0BD1FB50DF10F03019374
:109A200000238DF80F101A4619460093FFF7ABFF7D
:109A300005B05DF804FBF2F7F1BAF2F7CFBA4FF4D4
:109A4000801070474FF4805070474FF4807070471B
:109A500091F820200346032A29D8DFE802F02125C7
:109A600019028A68500304D5D3F84C25086990423E
:109A700007D18A6852031AD4D3F84C2589699142D8
:109A800015D000200622C3F80005C3F80025704752
:109A9000D3F84C2508699042F3D1D3F83C25EDE783
:109AA000D3F84C250969EAE7D3F83C25FAE7012009
:109AB000704730B50124A2F58075AD08AC400C426A
:109AC00007D0815829B10021815082581A68224359
:109AD0001A6030BD002313B50C4601934FF4A472F5
:109AE00001ABFFF7E6FF21464FF48272FFF7E1FF7B
:109AF00021464FF49272FFF7DCFF21464FF4A87223
:109B0000FFF7D7FF21464FF4A672FFF7D2FF214699
:109B10004FF4B072FFF7CDFF4FF4AE722146FFF75E
:109B2000C8FF019802B010BD07B5019001A8F3F776
:109B300025F90123019A9340836003B05DF804FB8B
:109B40000369C26893429CBF81685B18013B981A05
:109B500070472DE9F0410546D0E902844068A8EB42
:109B60000406964220440F46144404D902F04DF8EE
:109B7000EC60BDE8F0813246A4EB080402F045F841
:109B800022466868B919F1E72DE9F8430646894687
:109B900017464FF00008C5683369B4689D4228BF76
:109BA0001B19641BBC4228BF3C46013B5B1B9C420B
:109BB00028BF1C46706849462844224602F025F812
:109BC000B3682544AB4208BF00253F1BA044A14415
:109BD000F560E1D14046BDE8F88308B5F3F708FA2F
:109BE000002008BDEFF31180202383F31288BFF318
:109BF0006F8F704780F31188BFF36F8F704700201D
:109C000070470020704700207047002070470020F8
:109C10007047F3F723BBF2F7F3BC022904D0042901
:109C200006D0012900D17047806808B1EBF72EBF3C
:109C30007047F3F73FBB08B5F3F718FB08B9F3F724
:109C400057FBBDE80840F3F759BB002210B5046884
:109C5000944200D110BD00EBC2014B68013223F0E9
:109C6000FF0343F003034B60F2E70420F2F7FABC72
:109C70000420F2F7FFBC08B5F2F7C2FCBDE80840CB
:109C8000F5F70CB938B504460025031D2268AA4231
:109C900001D8002319E04FF00002D3E8CF0F0328CA
:109CA00004D1C3E8CC2FBCF1000FF6D102D00833A9
:109CB0000135EBE701EB851318464022002101F046
:109CC000CBFF034604EBC504A060184638BD08303E
:109CD000704770B506460D4621B9F3F7F1FA90B911
:109CE000002070BD0846EBF7C9FE04460028F7D0F7
:109CF0003046F3F7E5FA38B92046EBF7C7FE012006
:109D0000EBF792FEECE72C460661C56040F8084F81
:109D1000E7E740EA0141104640F8081DF3F7E2BAD0
:109D2000F3F7DABAF3F7D2BAEBF7A8BE08B5EBF758
:109D3000ADFEBDE808400120EBF776BE0429F8B57A
:109D40000546174603D0102910D000240CE0082047
:109D5000EBF786FE04460028F7D00023436001237A
:109D6000478003802B6843602046F8BD1620EBF740
:109D700077FE04460028E8D0061D12220021304656
:109D800001F06AFF022323802B46678005F1100251
:109D900053F8041B934246F8041BF9D1E4E7134639
:109DA00009B9116070470A88012A02D0022A07D037
:109DB00070471A68082A28BF08221A6001F025BFD8
:109DC0001A68162A28BF1622F7E708B5F4F7A0F894
:109DD00040B100F11C03D3E8EF1F0131C3E8E21FDB
:109DE000002AF8D108BD006808B1F4F71FB8704721
:109DF00037B50025036804460093838F6846ADF8A5
:109E00000650ADF8043000F0DEFD38B1A36B6846B3
:109E1000984794F83E300BB1A563E56303B030BDBD
:109E20004068003818BF0120704700230B6083682A
:109E300013B9C0E90111704719608160704738B5E6
:109E400005460C46F3F760FAAA68236894426B60F3
:109E500008BFAB6000232046236000F050F9BDE846
:109E60003840F3F757BA406870470069431E5842BC
:109E7000584170470069831E584258417047006935
:109E8000C31E5842584170474069B0F5817F05D0E4
:109E900040F21113C31A58425841704701207047CD
:109EA00090F82000C0F34000704790F82000C0F305
:109EB0008000704790F82000C0F3C0007047006C2D
:109EC00000F00100704790F8200000F0010070479A
:109ED0000369012B05D18069A0F1800358425841E4
:109EE00070470020704790F82000C00970478369D0
:109EF00033F0800314BF01200020704790F8200049
:109F0000C0F340107047806B003818BF01207047C5
:109F100090F83400431E58425841704708B590F8F5
:109F20002030014613F001020BD1FFF7E0FF28B902
:109F30000846FFF7CDFF80F00100C2B202F0010039
:109F400008BD0022FAE770B504460D4616462046C5
:109F5000FFF7E4FF70B155B1284600F0BFF848B9EB
:109F600031460220EBF752FC0028F0D070BD636848
:109F7000002BF5D00020F9E74068003818BF012019
:109F8000704790F82200003818BF0120704710B5C4
:109F90000446FFF7ACFF94F82010C1F3401340EAE9
:109FA0000302236982F00102012B14BF0123C1F3D4
:109FB0008003D2B220461A40FFF766FF48B1C1F3D2
:109FC00000112046FFF784FF0A4080F00100104096
:109FD00010BD0121F5E710B50C46F3F799FF28B144
:109FE00090F8203064F3861380F8203010BD10B54F
:109FF0000C46F3F78DFF28B190F8213064F300038D
:10A0000080F8213010BDD0E9092353EA020109D0BC
:10A010004FF47A71B3FBF1F001FB02000128B8BFE5
:10A02000012070474FF0FF307047D0E90B2353EA0F
:10A03000020109D04FF47A71B3FBF1F001FB020089
:10A040000128B8BF012070474FF0FF30704701383A
:10A0500002288CBF002001207047013802288CBFE5
:10A060000020012070470388012B03D0022B06D06B
:10A0700001207047082914BF0020012070471629CD
:10A08000F9E7FF2818D007DC06280ED0112811D0D8
:10A09000B0FA80F040097047B0F5817F05D040F2FA
:10A0A0001113984206D000207047012914BF0020E8
:10A0B000012070470229F9E70329F7E7C368012B5C
:10A0C00003D0022B07D0012070470888012814BF55
:10A0D00000200120704708880228F8E700B10068D6
:10A0E000003818BF0120704700B1006870474389ED
:10A0F00040681844704702894089101A704710B5AB
:10A1000004464068FFF70CFEE06808B1EBF7B0FCCE
:10A110002046BDE81040EBF7ABBC10B50446206804
:10A1200000B910BD626803689042236008BF636095
:10A13000FFF7E5FFF3E700F040BD10B5044660B15E
:10A14000406908B1EBF794FCA06908B1EBF790FC0B
:10A150002046BDE81040EBF78BBC10BD10B504469F
:10A1600000F029FD23684360A36983602046BDE8B1
:10A17000104000F022BD2DE9FF4180460F461646F3
:10A18000FFF765FF38B96A20EBF708FC4FF0FF30A6
:10A1900004B0BDE8F0813046F3F720FF08B97B201A
:10A1A000F2E73846FFF759FF08B96B20ECE739466C
:10A1B0003046FFF766FF0028F7D0F3F775FE054637
:10A1C00008B91720E0E700211420FFF782FD0446BC
:10A1D00020B92846F3F7AEFE6920D5E74FF0FF33EC
:10A1E000037443748374C3744046F4F7A1FC606144
:10A1F000384600F052FC0146A061304600F04EFCAB
:10A200002146E06101AA47F201000295F4F7B0FC93
:10A21000044620B12846F3F78DFE2046B4E7C5E991
:10A22000038728686E61B3E773B506460C4615468A
:10A23000FFF7CBFD019050B90920EBF7AFFB4FF0D2
:10A24000FF3401A8FFF7CFFD204602B070BDFFF735
:10A250004EFE10B1019B9869EFE70198FFF725FECC
:10A2600008B17F20E9E70198FFF71AFE08B17820CE
:10A27000E3E70CB90E20E0E721460198FFF71EFF47
:10A2800008B96A20D9E729462046FFF7ECFE08B94D
:10A290001620D2E70198FFF712FE054620B1019B78
:10A2A0005D69113D18BF012500211C20FFF711FD3C
:10A2B000024608B96920C0E706612388012B11D046
:10A2C000022B18D00199042091F8203043F00203AA
:10A2D00081F8203047F20201D560FFF71AFDDDB1A9
:10A2E0007720AAE763888382042383750023C375DC
:10A2F00063688361E6E7638800F1180183821023B5
:10A3000083750023C375231D143453F8040BA34233
:10A3100041F8040BF9D1D5E70198FFF786FE0090CC
:10A320000198FFF7BDFD20B90198846984B12046EA
:10A3300083E769460220EBF769FA10F10B0F05D0AD
:10A340000028EDD00028B8BF404276E7742074E7BB
:10A35000FFF79AFD00283FF474AFDDE90010F4F731
:10A3600063FB04466DE730B585B005460C46F3F750
:10A37000CFFD38B90920EBF711FB4FF0FF3318463A
:10A3800005B030BD0CB90E20F5E72146FFF796FE6B
:10A3900008B96A20EFE700211C20FFF79AFC01466C
:10A3A00008B96920E7E705612388012B0AD0022B51
:10A3B00011D047F2050001AAF4F7DAFB03460028A2
:10A3C000DDD0D8E763888382042383750023C375B7
:10A3D00063688361EDE7638800F1180283821023CC
:10A3E00083750023C375231D143453F8040BA34253
:10A3F00042F8040BF9D1DCE730B585B005460C46D0
:10A40000F3F786FD38B90920EBF7C8FA4FF0FF33B0
:10A41000184605B030BDFFF728FD08B95F20F3E707
:10A4200000210C20FFF755FC014608B96920EBE735
:10A4300024EAE4740561446101AA47F20800F4F7D4
:10A4400097FB03460028E3D0DEE7F0B595B007465A
:10A450000D461446FFF7B9FC019050B90920EBF7FF
:10A460009DFA4FF0FF3401A8FFF7BDFC204615B060
:10A47000F0BD15B11CB90E20F1E7002CFBD1FFF7A0
:10A48000F4FC08B95F20EAE70198FFF718FD28B14E
:10A490000198FFF776FD08B90B20E0E70198FFF778
:10A4A000B2FD00900198FFF70EFD50B10198FFF743
:10A4B00068FD0028D2D0F3F7F7FC064680B91720D4
:10A4C000CDE70198FFF75DFD0028EFD16946022036
:10A4D000EBF79CF90028E5D00028B8BF4042BEE762
:10A4E00000210820FFF7F5FB014620B93046F3F7BD
:10A4F00021FD6920B3E70761039675B17CB10BAB11
:10A5000047F20C0002AA0493F4F732FB074640B16D
:10A510003046F3F70FFD3846A1E72B46F0E7234618
:10A52000EEE73DB134B1BDF83E30042B04D0102B22
:10A5300015D02760346896E701232768ADF81430FA
:10A54000082F28BF0827BDF83C30ADF81630109B07
:10A5500006933A46284605A901F057FBE9E702238E
:10A56000ADF81430BDF83C3006AFADF8163014AB82
:10A57000ADF8280013E90F0087E80F002768162FB1
:10A5800028BF1627E5E72DE9F04F89B016461D468E
:10A59000129F0390019103F0400803F4007BF3F74E
:10A5A000B7FC044638B90920EBF7F8F94FF0FF3053
:10A5B00009B0BDE8F08F35F4107305D1B8F1000F84
:10A5C00011D0BBF1000F01D05F20EDE7FFF72DFDAB
:10A5D00004902046FFF773FCA8B9B8F1000818BF33
:10A5E0004FF0010805E0FFF720FD0490BBF1000FDC
:10A5F000EFD02046FFF78CFC40B12046FFF777FCF8
:10A6000068B1A069D0E74FF00108F2E72046FFF7F4
:10A610006EFC0028F5D12046FFF75AFCF0E72046F3
:10A62000FFF728FC00284CD02046FFF73EFC00280E
:10A6300047D10FB97920B7E72046FFF71BFC002868
:10A640004AD12046FFF71BFC002845D147F20609F6
:10A650002046FFF70AFC40B12046FFF715FC20B169
:10A66000B6F5006F28BF4FF40066FFF75BFBB04202
:10A6700007D22046FFF7F9FB002844D0FFF752FB32
:10A68000064647F2060399450CBF0E2322230025F8
:10A6900002932046FFF732FC18B12046FFF73EFC3C
:10A6A00098BB31460298FFF714FB824600283BD145
:10A6B000012004A9EBF7AAF890BBB8F1000FF0D085
:10A6C00026E02046FFF7D6FB20B92046FFF7D7FB50
:10A6D0000028BBD0002FB9D039462046FFF7EEFC4A
:10A6E00008B96A2060E738461399FFF7BCFC08B93F
:10A6F000162059E72046FFF7C7FB08B17F2053E734
:10A7000047F20709A4E77A204EE7B8F1000F01D01D
:10A710000B2049E7022004A9EBF778F80028B8D00D
:10A720000028B8BF40423FE7039B0361019B23B170
:10A7300032461946006801F068FA94F8340020B1F6
:10A74000F4F70AFA002284F83420BBF1000F0ED08F
:10A75000049D40F040006B1C1FD04FF47A7295FBB3
:10A76000F2F5ADB2B5F5167F28BF4FF4167547F276
:10A7700007029145CAF8140034D1AAF82C503A883F
:10A78000012A0DD0022A18D05146484605AAF4F7EE
:10A79000EFF9034648BB06980AE74FF41675E6E75B
:10A7A0007A88AAF8182004228AF81A2000228AF847
:10A7B0001B207A68CAF81C20E6E77A880AF11C0197
:10A7C000AAF8182010228AF81A20002207F1140093
:10A7D0008AF81B203A1D52F804CB824241F804CB80
:10A7E000F9D1D1E7AAF81850CEE70C2806DC0A28E0
:10A7F00007DDB8F1000F3FF44CAF89E78C283FF438
:10A80000D3AE1846D0E62DE9F74F8946DDE90C7A3C
:10A8100015461E4603F48078FFF7D7FA019058B921
:10A820000920EBF7BBF84FF0FF3701A8FFF7DBFA81
:10A83000384603B0BDE8F08F36F4A17301D05F2035
:10A84000EFE727B1BAF1000F04D10E20E9E7BAF122
:10A85000000FFAD1FFF709FB28B10198FFF725FB9C
:10A8600008B98020DDE70198B8F1000F16D1FFF795
:10A8700026FB08B9730611D50198FFF7D1FA68B91C
:10A880000198FFF734FB48B90198FFF721FB28B97D
:10A890000198FFF718FB08B90B20C2E70198FFF7F2
:10A8A000B2FB6A46009000210198FFF74CFB18B1FB
:10A8B0000028B8BF4042B4E70198FFF7B1FA88B961
:10A8C0000198FFF705FB002876D10198FFF7FBFA06
:10A8D0000028A5D10198FFF70AFB0028A3D0019B0F
:10A8E00098699EE70198FFF7BEFA044627B1C16850
:10A8F00052463846FFF753FA002706F0020A204670
:10A90000FFF7F9FBA8421DD82046FFF7F4FB0646E7
:10A91000002E8AD02046FFF7EAFB09EB070B014621
:10A920003246584601F071F901983744FFF7A2FA10
:10A9300050B1BAF1000F7FF478AF21460198FFF7CC
:10A940007EFA72E72E46E3E70198FFF798FA0028AF
:10A95000EFD1BAF1000F14D0B5423FF466AFB8F1B1
:10A96000000F04D06A4621460198FFF7ECFA204612
:10A97000AD1BFFF7B9FB04460028C0D1002F9FD0C4
:10A9800053E76389204633446381FFF7B4FB18B96A
:10A9900021460198FFF753FAB5423FF446AFAD1B8D
:10A9A000B8F1000F04D06A4600210198FFF7CBFAF6
:10A9B0000198FFF758FADEE7002736E708B5F3F706
:10A9C000D1FA002008BD38B504460068F3F7A0FAB4
:10A9D000054628B90120E38843F02003E38038BD11
:10A9E000FFF771FA0028F5D12846FFF780FAF8B191
:10A9F000E38843F00803E380A388DA0707D52846F5
:10AA0000FFF7BAFAE8B1E38843F00103E380A388D3
:10AA10005B0707D52846FFF7BAFA18B1E38843F079
:10AA20000403E380B4F90600003818BF0120D6E71C
:10AA30002846FFF74DFA0028DED0E38843F01003E4
:10AA4000D9E72846FFF79DFA0028DCD12846FFF712
:10AA50003FFA0028D7D1DAE738B50D461446F3F7A8
:10AA600057FA28B90920EAF799FF4FF0FF3006E0BE
:10AA7000032D03D0042D03D01620F4E7006C38BD5D
:10AA8000012CF9D804640020F9E7431F002B03D8F8
:10AA9000DFE803F00100032070477047FF2816D05D
:10AAA00005DC062817D0112813D048B17047B0F53F
:10AAB000817F10D040F21113984208BF02207047E6
:10AAC000012908D08B1E5942594148007047002087
:10AAD00070470220704701207047292811D00ADCF6
:10AAE000012810D0062810D0002808BF042018BF65
:10AAF0004FF0FF307047B0F58D7F08D0B0F5007F84
:10AB0000F5E70620704708207047012070474FF492
:10AB100080707047192812D9A0F164030C2B04D956
:10AB200040F03A4040F42D0070476B3805283ED87D
:10AB3000DFE800F01D3F031D1D3B47207047013833
:10AB400018280ED8DFE800F00F11131517191B1D78
:10AB50001F172123192527272129352B13132D13DF
:10AB60002F00002070470C207047692070470B2091
:10AB70007047722070478020704716207047702001
:10AB80007047782070477F20704771207047682099
:10AB9000704774207047732070478C2070470D20D9
:10ABA000704776207047092070475F2070476F20FC
:10ABB00070477A207047C06870474269C3681A605E
:10ABC000704708B5034624301AB95A624260002023
:10ABD00008BD082A28BF082201F017F8F7E708B5D2
:10ABE00003462C301AB9DA624260002008BD082AF8
:10ABF00028BF082201F009F8F7E738B504460D46EA
:10AC000039B1082A0BD01620EAF7C8FE4FF0FF3002
:10AC100038BD002AF7D18263C2630020F8E7F2F75B
:10AC200073FB95E8030004F1380383E80300204632
:10AC3000FFF7DEF8F2F76EFBEFE773B5044608683E
:10AC40000D461646F3F788FF002801DB042E06D0D8
:10AC50001620EAF7A3FE4FF0FF3002B070BD2B685C
:10AC6000204684F83430FFF753F900230028F4D04D
:10AC7000CDE900331A4619462068FFF784FCECE75B
:10AC800008B509B1042A05D01620EAF787FE4FF06F
:10AC9000FF3006E00B782BB1012BF5D180F848305E
:10ACA000002008BD0223F9E710B5541E1B2C02D862
:10ACB00012F0030405D01620EAF770FE4FF0FF30C3
:10ACC00010BD930880F84B304C3000F09EFF2046BA
:10ACD000F6E708B509B1042A05D01620EAF75EFEAA
:10ACE0004FF0FF3008BD0B78003B18BF012380F800
:10ACF00049300020F6E708B509B1042A05D016202E
:10AD0000EAF74CFE4FF0FF3008BD0B6880F84A3080
:10AD10000020F9E770B5054614460E4631B9A2B1D8
:10AD20001620EAF73BFE4FF0FF3070BD002AF7D047
:10AD3000406C18B1EAF79CFE00236B64601CEAF7D4
:10AD40008FFE686440B96920EBE7406C10B1EAF708
:10AD50008FFE6C640020E8E72246314600F055FF84
:10AD600000226B6C1A55F5E710B5134612680446BD
:10AD7000042A28BF042208461A6004F1180100F0D2
:10AD800044FF0020A06110BD10B5134612680446B0
:10AD9000082A28BF082208461A6004F1240100F09E
:10ADA00034FF002010BD10B5134612680446082A6F
:10ADB00028BF082208461A6004F12C0100F025FF84
:10ADC000002010BD37B505460024134695F84820ED
:10ADD0000846012A18BF224601921A6801A9042ACE
:10ADE00028BF04221A6000F010FF204603B030BDD7
:10ADF00013B50446134694F84920084601921A6890
:10AE000001A9042A28BF04221A6000F0FEFE0020D7
:10AE100002B010BD13B50446134694F84A20084604
:10AE200001921A6801A9042A28BF04221A6000F0BE
:10AE3000ECFE002002B010BD10B5044608461146D5
:10AE400094F84B309A000B689A4228BF1A460A6061
:10AE500004F14C0100F0D9FE002010BDF8B5456C9E
:10AE60000E461446176875B12846DDF733FF0130EA
:10AE7000B842024628BF3A4629463046226000F0D2
:10AE8000C4FE0020F8BD3A462946304600F0E4FEF4
:10AE90002560F6E713B50446F2F7E0F978B18CB116
:10AEA00000210420FEF715FF014670B16A46092013
:10AEB000F3F7A6FF08B9019B236002B010BD4FF065
:10AEC000FF30FAE76FF00D00F7E76FF00B00F4E7E3
:10AED00013B50446F2F7C2F978B18CB10021042011
:10AEE000FEF7F7FE014670B16A460220F3F788FFCD
:10AEF00008B9019B236002B010BD4FF0FF30FAE7A4
:10AF00006FF00D00F7E76FF00B00F4E713B50446A0
:10AF1000F2F7A4F968B17CB100210420FEF7D9FE54
:10AF2000014660B16A4601200194F3F769FF02B05F
:10AF300010BD4FF0FF30FAE76FF00D00F7E76FF04C
:10AF40000B00F4E773B506460D46F2F787F998B1A2
:10AF5000AEB1BDB129460420FEF7BBFE0446A0B148
:10AF60002A463146006800F050FE6A462146042019
:10AF7000F3F746FF02B070BD4FF0FF30FAE76FF015
:10AF80000D00F7E76FF01500F4E76FF00B00F1E745
:10AF900007B5F2F763F960B100210420FEF799FECE
:10AFA000014648B16A460520F3F72AFF03B05DF871
:10AFB00004FB4FF0FF30F9E76FF00B00F6E707B541
:10AFC000F2F74CF960B100210420FEF782FE014641
:10AFD00048B16A460820F3F713FF03B05DF804FB9D
:10AFE0004FF0FF30F9E76FF00B00F6E770B504465D
:10AFF0000E4600F025F80546206808B1FEF790FEE1
:10B0000048F202039E4218D048F209039E4214D02F
:10B0100048F201039E420BD16B684BB104F114025C
:10B0200004F1380152F8040B8A4243F8040BF9D1B9
:10B030002046BDE8704000F005B863696B60F7E733
:10B04000C06870470269C3681A60704708B1E3F7C7
:10B05000C1BA7047704740B1C368587810F001001A
:10B060001EBF1878B0FA80F040097047EFF31183E3
:10B07000202383F31288BFF36F8FFEE710B5D0E96A
:10B08000003433B90020E268537843F00103537071
:10B0900010BD204698470028F4D00028B8BF404291
:10B0A000FF28A8BFFF20E3681870ECE700F0D4BDCC
:10B0B00000F0ABBD704710B400F10C04C0E90344CC
:10B0C0005DF8044BF8F78DB92DE9F04F054689B0CE
:10B0D000DDE9126791463B46324606A8059105F127
:10B0E000140A00F0B1FBDDE90634CDE90234EFF3D8
:10B0F00011844FF0200888F31288BFF36F8F05F199
:10B100000C0B4A4628460599F8F755F830B184F3F8
:10B110001188BFF36F8F09B0BDE8F08F3E43F6D0C2
:10B12000DDE9022306A800F0B3FBDDE906675A4615
:10B1300021465046CDE90067F4F78AFEEFF311840B
:10B1400088F31288BFF36F8FDBE707B5CDE90023E3
:10B150000A460421FFF7B8FF03B05DF804FB38B5D9
:10B160000446EFF31185202383F31288BFF36F8F1A
:10B17000F7F7D8FF04F10C0000F0D8FA30B12946F7
:10B1800004F11400BDE83840F4F7DCBE85F3118803
:10B19000BFF36F8F38BD4169836843EA010212F043
:10B1A00003020FD1C2600269013A01FB02338268D7
:10B1B0009A4201D900207047C2681A604269C36090
:10B1C0009B1AF4E76FF0150070472DE9F041054632
:10B1D0000F46EFF31188202383F31288BFF36F8F9C
:10B1E000C668F6B90468A0421BD0D4B1D4E90032D5
:10B1F00013605A60637BC4E9006623F00203637343
:10B20000A66004F1180000F0F8FA2046E6676761CE
:10B2100000F02DFA414605F10800BDE8F041F4F7D1
:10B2200091BE3E60AB69EF60013BAB6188F3118872
:10B23000BFF36F8FBDE8F081202408B5EFF31183D1
:10B2400084F31288BFF36F8FF8F7D1FFF6E7D0E9E8
:10B25000003213605A600023427BC0E9003322F0C1
:10B26000020242738360704790F90E308B4201D026
:10B27000F4F71ABE0020704703460020C3E90033EC
:10B28000C3E902007047D0E9003213605A6000231E
:10B29000427BC0E9003322F00202427383607047B0
:10B2A0002DE9F843914604460D469DF8202000F113
:10B2B0000807EFF31188202181F31288BFF36F8F05
:10B2C00002B14568A668B74214D09EB13046FFF778
:10B2D000DAFF06F1180000F090FA00233046F36719
:10B2E000C6F8149000F0C3F938464146F4F72AFE38
:10B2F00000200BE0E3B108210020F5F7D5FA38B9BA
:10B3000088F31188BFF36F8F6FF00B00BDE8F883EF
:10B310000122C0F804900260016801F003015DB9E8
:10B3200022680A430260626820606AB960600BE0CC
:10B330004846C9F80030EFE72A68032A10D80160B0
:10B34000616839B9C4E90000042104F1100000F07B
:10B350000CFCC9E70A6802F0030202430A60E5E751
:10B3600022F003020A4302602A6802F0030240EA64
:10B3700002032B60E8E710B5044630B1026893077A
:10B3800003D0446809B100F027FC204610BD00231B
:10B39000C0E9003300F10803C0E9023300F11003F3
:10B3A000C0E904337047F8B5054600F10806EFF32D
:10B3B0001187202383F31288BFF36F8F8468A6421E
:10B3C0000DD064B12046FFF75EFF04F1180000F0D5
:10B3D00014FA00232046E367636100F048F905F1A1
:10B3E0001000082100F0C1FB39463046BDE8F840A6
:10B3F000F4F7A8BD012307B5009300230A461946B8
:10B40000FFF74EFF03B05DF804FB002307B50A46C3
:10B4100000931946FFF744FF03B05DF804FB0021D9
:10B420000068FFF7A8BF00214068FFF7A4BF5AB12A
:10B430008A4209D300F11003C0E90212C0E90000FA
:10B44000C0E90433002070476FF0150070470123F6
:10B4500002688B4022EA0303036022FA01F000F045
:10B460000100704710B5032104460C30FFF7EFFFD1
:10B4700030B104F1100000F0C0F9B0FA80F04009DA
:10B4800010BD20B10022D030114600F07BB97047CA
:10B4900070B5C3680446C3F340069B0716D485689D
:10B4A00002210C30FFF7D3FF80B1D5F8C8206AB174
:10B4B00094421DD122689EB9D5F8CC30C5F8C82079
:10B4C0009C4201D1C5F8CC2000232360E36813F02F
:10B4D0001F001EBF43F00203E36040F0020070BD96
:10B4E0003260D5F8CC20944208BFC5F8CC60EBE7B9
:10B4F00016461268DBE773B50446EFF31185202387
:10B5000083F31288BFF36F8F0023A0F1100603218D
:10B5100004380193FFF79BFF28B1A369304601A9C6
:10B520000193F4F70BFA85F31188BFF36F8F02B024
:10B5300070BD13B501900846EFF31184202383F307
:10B540001288BFF36F8F01A9F4F7F8F984F311881B
:10B55000BFF36F8F02B010BD10B5FFF7EAFF041EF6
:10B5600008DDEFF31180202383F31288BFF36F8F80
:10B57000F4F7FAFC204610BD08B5E822002100F0DF
:10B580006BFB08BD38B530220D460021044600F0A3
:10B5900063FB4FF480736560E36038BD38B50446E3
:10B5A000EFF31185202383F31288BFF36F8FFFF72A
:10B5B00059FF2046FFF76CFF85F31188BFF36F8FAB
:10B5C00038BDD0E9003213605A600023427BC0E9E5
:10B5D000003322F00202427383607047C0E900002A
:10B5E00000207047EFF30580003818BF0120704736
:10B5F0006FF05700704700207047D0E900321360A9
:10B600005A600023C0E90033704708B5FFF7F5FF23
:10B61000437B23F0020343730023836008BD38B5E6
:10B6200004460D46F4F7A2FB637B43F00203637309
:10B63000E5B1A5602B689D4209D16B68C4E9005350
:10B640001C606C6012E06A689A42F6D01B68002B9E
:10B65000F3D094F90E2093F90E108A42F3D0914260
:10B66000F1DD5A68C4E9003214605C6038BD10B581
:10B67000EFF31184202383F31288BFF36F8FF4F765
:10B680002DFB84F31188BFF36F8F10BD08B5EFF366
:10B690001181202282F31288BFF36F8F83680BB170
:10B6A000FFF7B3FF81F31188BFF36F8F08BD014629
:10B6B00010B5EFF31184202383F31288BFF36F8F4B
:10B6C000437B13F0280F0AD183680BB1FFF79DFF6E
:10B6D0004B7B084623F004034B73F4F7FFFA84F323
:10B6E0001188BFF36F8F10BD01211838FFF7DFBF3E
:10B6F00008B50346EFF31181202282F31288BFF3CD
:10B700006F8F0068834207D008B1FFF77EFF81F397
:10B710001188BFF36F8F08BD0020F8E710B5FFF761
:10B72000B5FFBDE81040183000F067B838B50546E1
:10B7300004680020AC4200D138BD002CFCD020466B
:10B74000FFF7ECFF2046FFF792FF2C680120A5428F
:10B75000F1E738B50C460546F4F7AEFCB4F1FF3F0F
:10B7600008BFB5F1FF3F1FBF47F6FF7300224FF43C
:10B770007A71C0FB013216BFD80B4FF0FF3040EAA0
:10B78000424038BD38B5EFF31185202383F312888A
:10B79000BFF36F8F0468A04212D09CB1E167626171
:10B7A0002046FFF732FF04F1180000F026F820468B
:10B7B000F4F794FA012085F31188BFF36F8F38BD39
:10B7C0000020F8E72046F6E710B5F4F721FE04461E
:10B7D000F4F726FE74B1D4E904321B1A62EBE0726E
:10B7E000B3F1004F72F1000104DA002AACBF184631
:10B7F000002010BD6FF00040FBE7024638B5EFF3C4
:10B800001185202383F31288BFF36F8F036893B1F0
:10B81000F4F7FEFD04461046F4F70CFE844204D112
:10B82000FFF7D2FF0021E9F7FFFE002085F3118822
:10B83000BFF36F8F38BD6FF01500F7E708B5F4F769
:10B84000E3FE08BDF4F7E0BEB3F1FF3F08BFB2F17D
:10B85000FF3F70B504461D46164613D01A4315D057
:10B860006FF001024FF0FF33921B63EB05010029DB
:10B8700004DAF4F7C9FE821941EB0501C4E900219D
:10B88000204670BD4FF0FF321146F7E70022FBE77C
:10B89000B3F1FF3F08BFB2F1FF3FF8B507461646C8
:10B8A0001C4610D054EA020311D0F4F7ADFEB042AA
:10B8B0000A46A14103460AD2F31A64EB0204C7E91F
:10B8C00000343846F8BD4FF0FF331C46F7E700233D
:10B8D000FBE70023C0E9081200F11802C0E90622C4
:10B8E000C0E9003303634363704710B50446FFF7B4
:10B8F00084FFA8B9636A0BB12046984704F1180089
:10B90000FFF7F6FE60B1FFF7B2FEEFF311802023E0
:10B9100083F31288BFF36F8FBDE81040F4F724BBA8
:10B9200010BD0346EFF31182202181F31288BFF38B
:10B930006F8F0021006B196382F31188BFF36F8F43
:10B9400070471423F0B500244FF48B76202703FBB7
:10B95000010001B9F0BD10F8073CA0F1140C03F090
:10B960003F03082B40F80C4C0CD826FA03F3DB07F6
:10B9700008D550F8143C2BB150F8105C2B605D607A
:10B9800040E9054482F31188BFF36F8FEFF3118212
:10B9900087F31288BFF36F8F60460139D9E770B51E
:10B9A000D0E90034984209D044B1A568EDB115F949
:10B9B000526C12F9525CB54208D007DDC1E90004AF
:10B9C0002160416010E0A342F8D01B68002BF5D045
:10B9D0009A6862B112F9522CAA42F4D0F3DD5A6887
:10B9E000C1E900321160596070BDAB7BFFDE937B13
:10B9F000FCE72DE9F84F00258B4614469A46014690
:10BA00002E464FF020082F465D4502DB3046BDE84C
:10BA1000F88FEFF3118988F31288BFF36F8F4B7B98
:10BA200003F03F03013B072B0DD8DFE803F01D04B3
:10BA30000C090C0C0C230B699B6823B102231EE03C
:10BA40000B691B685BBBBAF1000F21D12378FBB1F6
:10BA50004B7B03F03F03013B072B27D8DFE803F0C4
:10BA6000292126212626262C0B699B68002BEAD04B
:10BA7000012304E00B691B6A002BE4D01023CA6881
:10BA80008F60C2F38630034363F39432CA60277039
:10BA900089F31188BFF36F8F01351431B4E70423A4
:10BAA000EDE7224608691030FFF779FF8C60013618
:10BAB000EEE722460869F7E7086922462430F3E7F3
:10BAC0002DE9F041846805460E46ECB16378012B00
:10BAD00025D114F8533C9A0714D5A4F160073846D1
:10BAE000FFF71CFE082E0CBF6FF003030023E36179
:10BAF00014F8533CDB0605D154F8483C13B93846DA
:10BB0000FFF7B5FD002323700020EB68A860C3F3A6
:10BB10008632164366F39433EB60BDE8F081022B66
:10BB2000F0D12378002BEDD054F8048CB8F1000F3D
:10BB3000E8D004F11400FFF760FE0023A4F114071D
:10BB400039464046E362FFF7F4FCDBE710B500241A
:10BB50005205090201F47C5102F400120A43017BF0
:10BB600084600A43C0E9032310BD034610B5EFF318
:10BB70001184202282F31288BFF36F8F0068834202
:10BB800008D0D0E9003213605A600023C0E90033C6
:10BB9000FFF796FF84F31188BFF36F8F10BD00236A
:10BBA000C0E900008360704783680B60C36813605E
:10BBB00070470432D3B5044608D20026002741F06E
:10BBC0000401CDE90067FFF77FFA10B9002002B049
:10BBD000D0BD40F8044BFAE720B1011F50F8040C27
:10BBE000FFF7BDBA704701460420F4F74FBEC9B253
:10BBF0000346024410B59342184601D1002003E0E9
:10BC0000047801338C42F6D110BD0A44431E9142A0
:10BC100000D1704710B511F8014B914203F8014F64
:10BC2000F9D110BD884210B501EB020402D984425B
:10BC3000234607D8431EA14208D011F8012B03F870
:10BC4000012FF8E7024401468A4200D110BD13F8E3
:10BC5000014D02F8014DF7E702440346934200D13B
:10BC6000704703F8011BF9E70A220021F5F75CB8D9
:10BC70000139024410B5904201D1002005E003785B
:10BC800011F8014FA34201D0181B10BD0130F2E79B
:10BC9000C9B20346184613F8012B12B18A42F9D1F2
:10BCA0007047002918BF0020704730B50A44054688
:10BCB000914201D100200FE015F8013B11F8014B32
:10BCC000A3F141001928A4F1410098BF203319289D
:10BCD00003D82034181BEBD030BD181BFCD1002C2E
:10BCE000E6D1F9E710B56AB10139841810F8012BD3
:10BCF00011F8013F9A4203D1A04201D0002AF5D1A8
:10BD0000D01A10BD1046FCE710B50139044632B117
:10BD100011F8013F013A00F8013B002BF7D1002157
:10BD2000FFF79AFF204610BD0246014410B58A4233
:10BD3000134603D01C780132002CF8D1181A10BD1C
:10BD400070B50E461446054611463046FFF7ECFF27
:10BD50008442034601D8325C32B921463246284635
:10BD600000F08EFA044610B90024204670BD421B34
:10BD700000212846FFF73BFF0028F5D1F5E738B54D
:10BD800011F0FF0403460ED12146BDE83840FFF70D
:10BD90007FBF431C054621461846FFF779FF002860
:10BDA000F7D1284638BD0025F5E70A7870B56AB99D
:10BDB00070BD9A4209D10C46054614F8013F002B8C
:10BDC000F6D015F8016F9E42F7D001300378002BB2
:10BDD000EFD11846ECE72DE9F047C3F137090746E4
:10BDE000884603F01F055FFA89F916464FF0000AEE
:10BDF000384641462A465346DCF740FF4346D4B214
:10BE00003A4688460746092C84BF4C44E4B2AA420D
:10BE100004F1300473EB0A0306F8014BE8D2304614
:10BE2000BDE8F08710B50C4600F0E3FA0028A2BF89
:10BE300023680133236010BD0028A2BF136803F1FB
:10BE4000FF33136000F00ABB70B505460E4631465D
:10BE50002846FFF7E7FF041E09DB202CF7D0A4F1EA
:10BE60000903042BF3D932462946FFF7E5FF2046A4
:10BE700070BDBDF8001068B111F0100F01D0027054
:10BE8000704711F0080F02D0C0E9002370474B073C
:10BE900001D5026070478B06FBD5028070472DE903
:10BEA000F04387B01C461746814602AB8846009394
:10BEB000D2E9022300F0AAF904AB06460D4600932E
:10BEC00048464146D7E9002300F0A0F90027DDE904
:10BED0000423901953EB050128BF012737B1029BBA
:10BEE000039A013342F10002CDE90232403CDDE920
:10BEF0000223009400F0A5F907B0BDE8F0832DE916
:10BF0000F843B0FA80F6002980460F46A1EB0606FA
:10BF100006F1070625DB0846F6F786FD0644384697
:10BF2000F41BF6F787FD3946221A40463D3200F0F1
:10BF30005DF9B74213DC1F2C6ADC4FF0FF33A340DE
:10BF400038EA03030CBF01240024B0FA80F335461D
:10BF5000F31A9E33FE2B27DD4FF0FF4344E001240C
:10BF6000F3E74C422046F6F765FD351A2046A5EB6F
:10BF70000709F6F75FFD21462E4609EB0002404611
:10BF80003C3200F020F9AF4232DCB9F11F0F3FDC48
:10BF90004FF0FF3303FA09F338EA030329D0B0FA6C
:10BFA00080F30024EB1A9E33002B23EAE372D4BF04
:10BFB000012313465B1BA3F19705963B20FA05F17D
:10BFC00020FA03F3C90725D544B14FF0FF31A9404A
:10BFD00020EA010003F0010108431BD00133C3F341
:10BFE0001603D3B143EAC25300EE103ABDE8F8831A
:10BFF00000230521B8FBF1F202EB8205A84502D12E
:10C0000001339046F6E79C428CBF002401249CE754
:10C0100000249AE7C3F31603E4E70132E2E72DE9CF
:10C02000F04F061889B09946154641EB010404AB60
:10C030003046DDF84CB021460093A9F1410AD2E91F
:10C04000002300F0E3F806AB074688463046214659
:10C050000093D5E9022300F0D9F80022DDE904635A
:10C06000841951EB0306069B28BF0122D5E9000184
:10C07000D218079B43F10003381848EB0101B8427E
:10C0800071EB0801E968039138BF0120A96828BF56
:10C090000020CDF800A014EB010C039946EB010140
:10C0A00010EB0C0041F10001A04271EB060C34BF13
:10C0B0004FF0010C4FF0000CCDE906231CEB0202FF
:10C0C00043F1000300F0BDF8129BC3E90001149B8B
:10C0D000012BDDE9062329D1D5E90201D5E900C507
:10C0E000201ACDF800A066EB0101674578EB050545
:10C0F00034BF01250025401B61F10001844276EB2D
:10C10000010534BF01250025521B63F1000300F037
:10C1100098F8DDE90623CBE9000120463146CDF849
:10C1200000A000F08EF809B0BDE8F08F17EB070E05
:10C1300048EB080C201946EB0601BE457CEB0808CD
:10C1400034BF01270027C71941F10008D5E90001D4
:10C1500086457CEB010C34BF01200020D5E9021597
:10C16000381A68F1000C401A6CEB050192185B411B
:10C17000A74278EB060534BF01250025521943F18B
:10C180000003874278EB010834BF01250025521BCC
:10C19000A9F140050095B8E710B5A3FB004302994B
:10C1A000A2FB0020001943F100033F29DBBFA1F1EE
:10C1B0002002C1F1400140398B40D6BFD04023FA64
:10C1C00001F0184310BD30B587B004460846154647
:10C1D00002A9F6F7C9FC049B204600955A1C059B52
:10C1E00043F10003FFF7D8FF07B030BD30B587B08B
:10C1F00015460446084602A9F6F744FC2046009579
:10C20000DDE90423FFF7C8FF07B030BDF0B50F46E6
:10C210000446A0FB0201059EA7FB02524919A3FB9D
:10C220000445A7FB037342F10002611845F10004C5
:10C23000D21943F10003121943F10003C6E90023A8
:10C24000F0BDF0B5059CC4F14007C4F12006A4F18F
:10C250002005E04002FA06F6BB4022FA05F5BA4096
:10C260003343C4F120062B4301FA06F6A4F120055E
:10C27000304321FA05F5E140284319431043F0BD4E
:10C280002DE9F0419BB1C91A1778044603F1FF3C30
:10C2900001448C42204601D9002008E00578013491
:10C2A000BD42F6D10CEB0405D618A54201D1BDE87C
:10C2B000F08115F8018D16F801EDF045F5D0E8E7AD
:10C2C0002DE9F04357EC106B3B463446FE0F40F22D
:10C2D000FF77C3F30A55C3F31303067154EA030C43
:10C2E00007D0BD420CD146F0080606710020BDE81B
:10C2F000F083002D64D0BD425FD146F00406F4E720
:10C30000002D5AD10125A5F2FF35002905605ADB21
:10C310000C295ADCC1F10D050126AD0005F1FF3EE7
:10C32000A5F1210CC5F1210706FA0CFC26FA07F746
:10C3300006FA0EF64CEA070CB7194CEB0C09D7F1CC
:10C34000000869EB490E013F49F1FF39274009EA2E
:10C350000309BE427CEB090910DBC5F12009B5F1E8
:10C36000200724FA05F503FA09F958BF43FA07F73D
:10C3700045EA090558BF3D43ED0703D5A6193446E4
:10C3800043EB0C0304EA080403EA0E0300F1120570
:10C390000D260846C2F127024FF0300E04F00F01BF
:10C3A000240906F1FF3C6F1E44EA03741B11B1B966
:10C3B000B0420CDA66463D46F0E743F48013A2E74C
:10C3C0002C462B46A1E70021E0E70D21DEE785F8AA
:10C3D00000E01CF1010166463D46DFD187E70929EF
:10C3E000C8BF8918B04201F13001B8BF304629708A
:10C3F000EFE710B583780446DA0705D443F0040369
:10C400004FF0FF30A37010BD4FF00002D4E85F3F43
:10C41000C4E8512F0029F9D19BB213B1581EC0B204
:10C42000F1E7A36898470028F9DA0130A37814BF30
:10C43000082204221343E3E702690346107810B18F
:10C4400001321A6170476FF001007047D1E9043280
:10C4500093421EBF5A1C0A61187070478B78DA0726
:10C4600002D44FF0FF307047431CFAD0C0B2431CD7
:10C47000D1E8DF2F002A04D1C1E8DC3FBCF1000F76
:10C48000F6D1EED18B7823F008038B707047000053
:10C49000014800687047000080ED002014C8FD7F4F
:10C4A00001000000C5E5010000000000A5B3020086
:10C4B00000000000D53C02009CC50300DB9B03008C
:10C4C00000000000BDF2020000000000E1F20200E6
:10C4D000000000001D410200B4C50300453F0200FA
:10C4E0000000000079840300CCC50300E550020081
:10C4F000E4C50300C954020000000000E5C40100C7
:10C5000000000000ED57020000000000595C02002E
:10C5100084C5030051E1010000000000B997030049
:10C5200000000000D908030000000000E13F020005
:10C53000FCC503006D8603002CC603006D86030056
:10C5400014C603009991030000000000D54A0200C0
:10C5500044C60300095002005CC603009B47030069
:10C560000000000005B3020000000000D1630200DB
:10C5700000000000EF90030000000000D935020029
:10C5800000000000C1FC03000000000050CB0020B0
:10C590003ECD0020B8F8002000000000E2EF0300CC
:10C5A0002CD1030044C903002CCD00205CF60020F0
:10C5B000000000008AF003004CD10300D0C8030043
:10C5C00032CD0020D0F600200000000007F003006C
:10C5D00000000000B0C803002ECD002000000000C5
:10C5E00000000000D3FB030034D2030060C9030045
:10C5F0003CCD002044F7002040CB002069F0030030
:10C6000000000000B8C8030030CD0020000000008A
:10C610000000000065F1030064D10300F4C80300CA
:10C6200034CD0020DCF6002020CB00206EF103008A
:10C63000C0D10300F4C8030036CD002010F700205D
:10C6400030CB002018FB03001CD203000CC90300F0
:10C6500038CD00202402012000000000A2FB0300CE
:10C6600028D2030028C903003ACD00202A02012065
:10C670000000000000000000D141030000000000A5
:10C68000D141030000000000D14103000000000080
:10C69000D141030000000000D141030035BE02007B
:10C6A0006F99030000000000D1410300000000006A
:10C6B000D1410300E4C503005D8803005DCD0200A5
:10C6C0006F9903006DCD02006F9903000000000018
:10C6D000D141030000000000D14103000000000030
:10C6E000D141030000000000D14103000000000020
:10C6F000D141030000000000D14103000000000010
:10C70000D141030000000000D141030000000000FF
:10C71000D141030000000000D141030000000000EF
:10C720005955020000000000D14103000000000044
:10C73000D141030000000000D141030000000000CF
:10C74000D141030000000000D141030000000000BF
:10C75000D141030000000000D141030000000000AF
:10C76000D141030000000000D1410300000000009F
:10C77000D141030000000000D1410300000000008F
:10C78000D141030000000000D1410300000000007F
:10C79000D141030000000000D1410300000000006F
:10C7A000D141030000000000D1410300000000005F
:10C7B000D141030000000000D1410300000000004F
:10C7C000D141030085C602006F99030000000000FC
:10C7D000D141030000000000D1410300000000002F
:10C7E000D141030000000000D1410300000000001F
:10C7F000D141030000000000D141030035C4020014
:10C800006F99030000000000D14103000000000008
:10C81000D141030000000000D141030000000000EE
:10C82000D141030000000000D141030000000000DE
:10C83000D141030000000000D141030000000000CE
:10C84000D141030000000000D141030000000000BE
:10C85000D141030000000000D141030000000000AE
:10C86000D141030000000000D1410300000000009E
:10C87000D141030000000000D1410300FFFFFFFF92
:10C8800010E80020C0390120001000004DA802006F
:10C890000000000000000000000000000E0000008A
:10C8A00000000000BD1D04000000000000000000AA
:10C8B00065840300000000008385030095400200AA
:10C8C00009400200B53F02004F850300A53F02006A
:10C8D000A1410200BF850300CB850300DF85030073
:10C8E000E9850300F38503001D430200078603006A
:10C8F0000000000029460200000000004944020038
:10C900000000000000000000D545020099930100DE
:10C91000C54C0200000000009D4B0200E1480200EF
:10C9200000000000000000008187030000000000FC
:10C930000000000055500200FD4E02000000000003
:10C94000000000002D3D0200D1830300318403006C
:10C95000000000006F8303000000000000000000E2
:10C9600017880300C9510200098803000000000075
:10C9700001000000C55D0200B1610200000000007E
:10C9800000000000C94303007DE8010067E20300E6
:10C990000300000016E3030003000000FFE50300AE
:10C9A000030000001DE5030003000000A4DB0300FA
:10C9B0000300000021FB030003000000ABFB0300A9
:10C9C0000300000014EA0300030000009AE50300DE
:10C9D0000300000050FD030003000000E40F04000A
:10C9E0000300000076130400030000001B0C040089
:10C9F00003000000DCE6030003000000F9EF030081
:10CA000003000000F622040003000000011E0400E1
:10CA100003000000C42204000300000023210400DE
:10CA200003000000531E0400030000006C17040004
:10CA30000300000021EA03000300000080F003006F
:10CA4000030000005C1D0400030000007D1D0400C5
:10CA5000030000006A1D04000300000096F00300BC
:10CA60000300000077F10300030000009FD90300DA
:10CA7000030000009CE203000300000034E6030012
:10CA80000300000039E70300030000003DE7030056
:10CA900003000000F2FD03000300000084EF030028
:10CAA000040000002225040003000000620A0400C4
:10CAB00003000000B807040003000000C3070400DF
:10CAC00003000000EAEE03000300000069EF03002A
:10CAD0000300000071EF03000300000092FC03005C
:10CAE0000300000051D903000300000041260400A8
:10CAF00003000000200A04000300000073E80300A4
:10CB00000300000080EF030003000000DDFB0300D2
:10CB1000030000004CCF030068ED00204EE8030046
:10CB200001000000FFFFFFFFFFFFFFFFFFFFFFFF10
:10CB3000F8CE0300F0CE0300E8CE0300DEE61E28A8
:10CB4000EAAC45B8025B0000DEE61E284CBBCE8F87
:10CB5000025B0000EDDD020099E90200E9EC020051
:10CB6000079C03000F9C0300FF9B0300BDA903006B
:10CB70002DED02000B9C0300039C030044260400DF
:10CB800000010000000000000000000000000000A4
:10CB90000338FDD8704700000100000000000000CD
:10CBA0000500000000000000190000000000000067
:10CBB0007D00000000000000710200000000000085
:10CBC000350C000000000000093D000000000000DE
:10CBD0002D31010000000000E1F50500000000001B
:10CBE00065CD1D0000000000F90295000000000066
:10CBF000DD0EE90200000000514A8D0E0000000029
:10CC00009573C24800000000E941CC6B01000000B0
:10CC10008D49FD1A07000000C16FF2862300000055
:10CC2000C52EBCA2B1000000D9E9AC2D78030000EC
:10CC30003D9160E45811000031D6E275BC56000009
:10CC4000F52E6E4DAEB10100C9EA26836778080063
:10CC5000ED95C28F055A2A00A1EDCCCE1BC2D300A0
:10CC600025A4000A8BCA2204000000000000000076
:10CC700000000000000000100000000000000000A4
:10CC8000B9340332B7F4AD1410DB1AB30892540E62
:10CC90000D307D951447BA1A66088F4D26ADC66DC6
:10CCA000F598BF85E2B74511CA96853D92BD1DEB4B
:10CCB000FCA11860DCEF52163C92AE220BB8C1B456
:10CCC000839D2D5B0562DA1C304C7E8F4E8BB25BF0
:10CCD00016F4529F8B56A512FBD4827643ED8AF050
:10CCE0008FE7F9311565191850F19BD94A13EEB445
:10CCF000284CF0A686C1251F035FC270CB9E491643
:10CD0000E642889C44EB2014B0650836AD6EA585DC
:10CD100085F0CA14E2FD031A0B899979D5B13D0952
:10CD2000D8DA973A35EBCF10AC363F5E73BB38CFCD
:10CD30003E6752FA44AFBA1501000000000000003F
:10CD40000000000000000020345065C05FC9A652FA
:10CD5000BB13CBAEC440C21806C8DF7100D5A87C97
:10CD6000F56F0FDA58FC27136E4756357D24206582
:10CD700002C7E768E48CA41DE9E60268D7CD3961F3
:10CD80007977FCC2405BEF16798CDE43FFA751F93F
:10CD900091F3B278F5BDBE11E857E9D6E8BEE87B5D
:10CDA000B054AC8F848D751BEA23A499E9F9D38B19
:10CDB000B7A3714061DA3E15CEE33ECB73F9480864
:10CDC0008C97B427D51B7010A2BFEFB9EB85321535
:10CDD0004DB44DB49BBB6F1996B6076CF8E7EEAD3A
:10CDE00036D9B4F59135AE13222218AF4E6A684D8C
:10CDF00091DAAA3D4F40741E9FBD9EE006A1C098E7
:10CE000057C2A7FDA40E90170E7D497173E3208FC2
:10CE1000B220D87605143B12853D7434811343B09B
:10CE2000AD297A5F27F4351C8AE103002F0000004A
:10CE300001000000BAE103002E0000000100000024
:10CE4000E9E103003E0000000100000028E20300C9
:10CE50003E0000000100000005000000D7E40300D0
:10CE60000A000000FDFD030014000000DCE40300E4
:10CE70002900000006FE03003D000000E1E403007D
:10CE800052000000E6E4030066000000EBE403004B
:10CE90007B000000F0E403008F000000F5E40300D5
:10CEA000A4000000FAE4030048010000FFE40300CE
:10CEB0008F02000004E503001F05000009E50300E0
:10CEC0003D0A00000EE503007B14000013E503009B
:10CED000F628000018E50300B4C503000C000000AC
:10CEE000B4C503000B000000B4C503000D00000032
:10CEF000B4C503000C000000B4C503000B00000023
:10CF000000D20020000200008D3D0300373D0300E9
:10CF100002000000213F03000000000000000000AC
:10CF200000000000000000002EE8030036E80300C7
:10CF30000000000000000000000000003EE80300C8
:10CF400042E8030046E803004AE8030031CF01004D
:10CF500025CF010055CF01000DCF010000000000DA
:10CF600019CF010000000000B1CF010070ED0020DA
:10CF700079020120100000000A00000000000000FB
:10CF80000000000000C00000FCC50300010000001C
:10CF900000C0000000400000FCC5030002000000CB
:10CFA0000000010000020000FCC5030003000000B7
:10CFB0000000010000800700FCC503000400000021
:10CFC0000000010000800000FCC503000500000017
:10CFD00000020100007E0700FCC5030006000000FF
:10CFE00000020100007E0000FCC5030007000000F5
:10CFF0000080010000000700FCC5030008000000DD
:10D000000080010000000700FCC5030009000000CB
:10D010000080080000800700FCC5030020CA002033
:10D0200000000000060001000200000030D00300F4
:10D03000000000005AEF030002000000E0FF0F00B4
:10D0400068C5002062EF030021000000E0FF03201C
:10D0500075E201000000000081420300BF460300AA
:10D06000B74503009F450300D1EA0100A345030033
:10D07000A7450300AB450300AF450300B7460300D7
:10D08000B3450300BB460300D5460300D946030061
:10D090007B460300D1460300DD460300E146030062
:10D0A000FFFFFFFF00000000000000000000000084
:10D0B000000000000000000050D00300C4D00300B6
:10D0C00080000000DCA3012050D00300D4D0030076
:10D0D000800000009CAD0120000000000000000066
:10D0E00000000000000000016FE2030004000000E7
:10D0F000AAEF030006000000852C0200CD2C0200E0
:10D10000112D0200952D0200C12D0200592E0200A2
:10D110006D2F0200B12F0200353002006130020095
:10D120005D3C02002D3C020000000000B53D020005
:10D13000A13C0200EDEF0300538403005984030077
:10D14000F3EF03000400000000FF0000FFFFFFFFFB
:10D150000025844000000000000000000010034093
:10D160000000000000A000400100000000000000DE
:10D170000000000000004006000001011144020010
:10D18000100000006386030094D103008B0201208D
:10D19000FF1F000000A00040A0D10300020000001B
:10D1A000B8D1030002000000B0D10300020100006A
:10D1B0001E80000C1F80000B1E00000C1F00000BC7
:10D1C000009000400000000000000000000000008F
:10D1D00000004006000001011144020010000000A0
:10D1E00059860300F0D103009B020120FF1F0000BD
:10D1F00000900040FCD103000200000014D20300A4
:10D20000020000000CD20300020100000980000CA3
:10D210000880000B0900000C0800000B2CC603005E
:10D2200062000000010000002CC603004400000062
:10D23000020000000080004001000000000000002B
:10D2400054D203000000D60100000000AC0201200F
:10D25000AB0201200080004060D203000200000009
:10D2600080D203000400000070D20300040100001B
:10D270001B8000001A8000010E8000020F80000356
:10D280001B0000000E0000021A0600010F0600033A
:10D2900000800020E8040000E88400200020000056
:10D2A00068A5002000200000000000000000000031
:10D2B00001000000AD630200C9560200B0CA0020A0
:10D2C000CF8B0300A18A0300A58B0300C38A030050
:10D2D000B78B03009D600200000000003D63020068
:10D2E000E78C0300918A0300516202002D5E020068
:10D2F000D58A03000D5D02007D5C0200DD5E020048
:10D300000000000000000000000000005BFD0300C2
:10D3100060FD030068FD030074FD030025020400A6
:10D3200037020400490204005602040067020400A8
:10D33000770204008102040094020400A7020400A2
:10D34000BA020400000000005B0304006103040053
:10D35000670304006D0304007303040079030400F1
:10D360007F030400020000003C0000006801000090
:10D370003C0000003C0000003C0000003C000000BD
:10D3800000000000020000003C00000068010000F6
:10D390003C0000003C0000003C0000003C0000009D
:10D3A0000000000058020000100E0000A08C0000D9
:10D3B000020000001E0000003C000000009411006C
:10D3C00000000000CD09040001000000D80904009D
:10D3D00002000000E509040002000000F209040058
:10D3E00005000000FC09040005000000060A040016
:10D3F000040000007A080400030000004308000055
:10D400003B120400BD0B0400420800002E0D040076
:10D41000BD0B040040080000C70B0400CF18040037
:10D42000D30B0400DA0B0400E60B0400F00B04003D
:10D43000F70B0400010C04000A0C0400120C040099
:10D44000061604003E1404000D160400419B020061
:10D45000D7940300C1940300719B0200FD94030064
:10D46000D99B020019B1020001B202001DB20200F4
:10D4700041B20200A59503009DB202006DAE02000C
:10D4800049AF020069AF020005B0020031B00200EE
:10D490007DB00200030000000900000065DD02000D
:10D4A000EDE2020000000000EDAF0300B1EB02006E
:10D4B00039EE02005BFD030060FD030068FD030020
:10D4C00074FD0300000000020000000100000004E1
:10D4D00000000008000000100410000001700000AF
:10D4E00004700000FFFFFFFFFFFFFFFFFFFFFFFFD4
:10D4F000FFFFFFFFFFFFFFFFFFFFFFFFFFFFFFFF3C
:10D50000FFFFFFFF037000000270000005700000C5
:10D510000670000008700000097000000A7000002A
:10D52000FFFFFFFFFFFFFFFFFFFFFFFFFFFFFFFF0B
:10D53000FFFFFFFFFFFFFFFFFFFFFFFFFFFFFFFFFB
:10D54000FFFFFFFFFFFFFFFF018000001040000012
:10D55000106000001130000012300000FFFFFFFFDC
:10D56000FFFFFFFFFFFFFFFFFFFFFFFFFFFFFFFFCB
:10D5700010300000FFFFFFFFFFFFFFFFFFFFFFFF77
:10D58000FFFFFFFFFFFFFFFFFFFFFFFFFFFFFFFFAB
:10D59000FFFFFFFFFFFFFFFFFFFFFFFFFFFFFFFF9B
:10D5A000FFFFFFFFFFFFFFFFFFFFFFFF0650000031
:10D5B000FFFFFFFFFFFFFFFFFFFFFFFFFFFFFFFF7B
:10D5C000FFFFFFFFFFFFFFFF20600000F2250400C8
:10D5D0000026040014260400232604002F2604003D
:10D5E000A4C40300A4C40300F4C40300FCC40300E7
:10D5F0006CC5030084C503000000000000000000AB
:10D60000000000000000000000000040955969592A
:10D61000555554551555555604051541105455404A
:10D6200045515544404550445055554500400040F3
:10D630004004449665555655454045545141154062
:10D6400055915555555540510501000054455454C8
:10D65000455505040010041014044000000001406A
:10D6600055551541540400004400010000000040DD
:10D67000410000445044455054005555545565519F
:10D68000004000400100000100050100115451510B
:10D690005455550500000000000000000000000087
:10D6A00046361E00B1210000863FF40105EC010062
:10D6B0001D2401001823010027240100222301005A
:10D6C00000E0010000E001002F3690011624010067
:10D6D00013230100AC210000B8E40100153620033B
:10D6E000393610273236B0049D2188139621320036
:10D6F000E0360100F6361E004524010040230100FB
:10D700004E2401004B230100400694116C200200BE
:10D7100002000200040002000800020002000200F1
:10D720001000200040008000000100020004000002
:10D73000010002000400060008000A000C000E00B0
:10D74000100020004000800000010001000177C2AD
:10D7500095F360D2EF7F3552500F2CB67980EAFFF7
:10D760007AFFF4FF6C74655F6C635F66756E635F70
:10D770006D6F64655F7365742C206572726F723AA9
:10D78000202564006C74655F6E65745F69665F6414
:10D790006973636F6E6E6563742C206572726F724D
:10D7A0003A20256400556E65787065637465642061
:10D7B00050444E206576656E743A202564006C7482
:10D7C000655F6C635F6D6F64656D5F6576656E74D4
:10D7D000735F656E61626C652C206572726F723A60
:10D7E000202564004D54552071756572792066615D
:10D7F000696C65642C206572726F723A2025642C06
:10D80000204D54553A2025640070646E5F6465664F
:10D8100061756C745F6374785F63625F7265672CB7
:10D82000206572726F723A20256400697076365FE7
:10D83000616464725F72656D6F76652C20657272CB
:10D840006F723A20256400697076345F6164647297
:10D850005F72656D6F76652C206572726F723A200B
:10D860002564004E6F2049507634206164647265EF
:10D87000737320676976656E20627920746865200D
:10D880006E6574776F726B00697076345F61646483
:10D89000725F6164642C206572726F723A20256435
:10D8A00000697076365F616464725F6164642C2025
:10D8B0006572726F723A20256400546865206D6F3E
:10D8C00064656D207265706F7274732061205549B4
:10D8D0004343206661696C7572652E20497320533D
:10D8E000494D20696E7374616C6C65643F005468C7
:10D8F00065206D6F64656D20686173206465746573
:10D90000637465642061207265736574206C6F6F49
:10D91000702E204C5445206E6574776F726B2061B9
:10D920007474616368206973206E6F772072657309
:10D930007472696374656420666F72207468652010
:10D940006E657874203330206D696E757465732E42
:10D95000006E72665F6D6F64656D5F6C69625F6EAD
:10D9600065746966002B434750414444523A202570
:10D970002A642C222534365B2E3A302D39412D462F
:10D980005D222C222534365B3A302D39412D465DFF
:10D99000220041542B434750414444523D300069DA
:10D9A000705F616464725F68656C70657200534398
:10D9B0004434312072656164792E0A005343443443
:10D9C00031206E6F74207265616479210053485470
:10D9D00034302072656164792E0A00534854343023
:10D9E000206E6F742072656164792100546865202F
:10D9F00041575320496F54204D5154542073746142
:10DA0000727465642C2076657273696F6E3A202596
:10DA1000730A0D0076312E302E30004445564943AE
:10DA200045205354415445203A20444556494345E6
:10DA300020494E49540A0D004C5445204E6574202F
:10DA40006D676D74204661696C65642C2065727227
:10DA50006F723A20256400466174616C20657272B1
:10DA60006F7221205265626F6F74696E67207468EF
:10DA700065206465766963652E006177735F696F01
:10DA8000745F636C69656E745F696E69742C206580
:10DA900072726F723A20256400444556494345200E
:10DAA0005354415445203A204C544520434F4E4E48
:10DAB0004543540A0D0044455649434520535441BB
:10DAC0005445203A204157532053454E4420444169
:10DAD00054410A0D007B2274656D70657261747526
:10DAE0007265223A20252E32662C2268756D696493
:10DAF000697479223A20252E32662C22636F3222F5
:10DB00003A20252E32667D006177732F7468696E26
:10DB100067732F3335393734363136373132313850
:10DB200036372F74656C656D657472792F70756208
:10DB30006C697368004661696C656420746F20705D
:10DB400075626C6973682073656E736F72206461AF
:10DB500074613A2025640044455649434520535496
:10DB6000415445203A20534C454550204544525895
:10DB700020526571756573742054494D45205B25AD
:10DB8000645D0A0D0054696D65207061737365648E
:10DB900020616674657220736C65657020256C6CFD
:10DBA000640A0D004D41494E00436F6E6E6563740B
:10DBB000696E6720746F2041575320496F540043AA
:10DBC0006F6E6E656374696F6E20617474656D70DD
:10DBD000742074696D6564206F75742C204E6578AF
:10DBE0007420636F6E6E656374696F6E2072657406
:10DBF000727920696E202564207365636F6E64738B
:10DC0000006177735F696F745F636F6E6E656374D5
:10DC10002C206572726F723A202564006A736F6EF1
:10DC20005F7061796C6F61645F636F6E737472753E
:10DC300063742C206572726F723A202564005075EF
:10DC4000626C697368696E67206D6573736167657F
:10DC50003A0044415441203A2025730053686164DE
:10DC60006F7720546F706963203A202564006177D4
:10DC7000735F696F745F73656E642C206572726F79
:10DC8000723A202564004661696C656420746F20D7
:10DC90006765742044657669636520494420494D71
:10DCA00045490A0D00446576696365204944204969
:10DCB0004D45492E205B5448494E47204E414D4525
:10DCC0005D203A202573004661696C656420746F9D
:10DCD000207061727365204A534F4E0073746174F3
:10DCE00065004E6F2027737461746527206F626A28
:10DCF00065637420696E2064656C746100736C6583
:10DD000065705F74696D65005570646174696E67F4
:10DD100020736C6565705F74696D6520746F202574
:10DD2000640073656E736F725F656E61626C65002F
:10DD30005570646174696E672073656E736F725F8E
:10DD4000656E61626C6520746F20256400636F32BC
:10DD50005F6D656469756D5F7468726573686F6C1B
:10DD600064005570646174656420636F325F6D6533
:10DD70006469756D5F7468726573686F6C643A206E
:10DD8000252E326600636F325F686967685F74686A
:10DD9000726573686F6C64005570646174656420AB
:10DDA000636F325F686967685F7468726573686F14
:10DDB0006C643A20252E32660074656D705F686968
:10DDC00067685F7468726573686F6C64005570642F
:10DDD000617465642074656D705F686967685F74FD
:10DDE00068726573686F6C643A20252E3266007421
:10DDF000656D705F6C6F775F7468726573686F6C68
:10DE00006400557064617465642074656D705F6C46
:10DE10006F775F7468726573686F6C643A20252E43
:10DE200032660068756D5F686967685F74687265FF
:10DE300073686F6C64005570646174656420687504
:10DE40006D5F686967685F7468726573686F6C643A
:10DE50003A20252E32660068756D5F6C6F775F74AF
:10DE600068726573686F6C64005570646174656492
:10DE70002068756D5F6C6F775F7468726573686F2B
:10DE80006C643A20252E3266004157535F494F5447
:10DE90005F4556545F434F4E4E454354494E470AE3
:10DEA0000D004157535F494F545F4556545F434FF0
:10DEB0004E4E45435445440A0D00506572736973D4
:10DEC00074656E742073657373696F6E2069732057
:10DED000656E61626C65642C207573696E67207372
:10DEE0007562736372697074696F6E732066726FA6
:10DEF0006D207468652070726576696F7573207324
:10DF0000657373696F6E004157535F494F545F45A6
:10DF100056545F444953434F4E4E45435445440A7B
:10DF20000D004157535F494F545F4556545F44417C
:10DF300054415F52454345495645443A0044415493
:10DF400041203A2022252E2A732200544F50494363
:10DF5000203A2022252E2A732200246177732F7401
:10DF600068696E67732F25732F736861646F772FED
:10DF70007570646174652F64656C746100415753FA
:10DF80005F494F545F4556545F50554241434B2CB7
:10DF9000206D6573736167652049443A2025640AE2
:10DFA0000D004157535F494F545F4556545F5049E8
:10DFB0004E47524553500A0D004157535F494F5445
:10DFC0005F4556545F464F54415F53544152540A83
:10DFD0000D004157535F494F545F4556545F464FBC
:10DFE00054415F45524153455F50454E44494E4769
:10DFF0000A0D004157535F464F54415F4556545FE9
:10E0000045524153455F444F4E450A0D0041575319
:10E010005F494F545F4556545F464F54415F444FEC
:10E020004E450A0D004170706C69636174696F6ED2
:10E0300020464F544120646F6E652C207265626FDC
:10E040006F74696E6700556E65787065637465649A
:10E0500020464F544120696D616765207479706571
:10E06000004157535F494F545F4556545F464F54E4
:10E07000415F444C5F50524F47524553532C202828
:10E080002564252529004157535F494F545F455664
:10E09000545F4552524F522C2025640A0D004157BF
:10E0A000535F494F545F4556545F464F54415F4557
:10E0B00052524F520A0D00556E6B6E6F776E2041B3
:10E0C000575320496F54206576656E7420747970BB
:10E0D000653A2025640A0D00546F706963206F72E1
:10E0E000207061796C6F6164206973204E554C4CCF
:10E0F000006177735F696F745F73656E642066613A
:10E10000696C65643A202564005075626C697368B7
:10E11000696E672044415441203A00544F504943AE
:10E12000205B202573205D0025730A004157532092
:10E13000496F54206C69627261727920636F756CEB
:10E1400064206E6F7420626520696E697469616C09
:10E15000697A65642C206572726F723A20256400BA
:10E160006177735F696F745F6170706C696361740C
:10E17000696F6E5F746F706963735F7365742C2071
:10E180006572726F723A202564006177732F74682C
:10E19000696E67732F33353937343631363731325C
:10E1A000313836372F73656E736F72446174612F27
:10E1B000737562736372696265006177732F746847
:10E1C000696E67732F33353937343631363731322C
:10E1D000313836372F74656C656D657472792F73BD
:10E1E000756273637269626500246177732F746866
:10E1F000696E67732F3335393734363136373132FC
:10E20000313836372F736861646F772F6E616D65B3
:10E210002F73656E736F722F7570646174652F61F3
:10E220006363657074656400246177732F74686933
:10E230006E67732F333539373436313637313231F3
:10E240003836372F736861646F772F6E616D652F75
:10E2500073656E736F722F7570646174652F72656C
:10E260006A6563746564004157535F494F545F4D5D
:10E27000515454007265706F72746564006A736FF4
:10E280006E5F6F626A5F656E636F64655F6275661D
:10E290002C206572726F723A202564006A736F6E6B
:10E2A0005F7061796C6F6164004D4F44454D5F4B09
:10E2B00045595F4D474D545F435245445F54595053
:10E2C000455F43415F434841494E004D4F44454DF2
:10E2D0005F4B45595F4D474D545F435245445F5432
:10E2E0005950455F5055424C49435F434552540095
:10E2F0004D4F44454D5F4B45595F4D474D545F432E
:10E300005245445F545950455F5052495641544517
:10E310005F43455254004345525453004E45545FA9
:10E320004556454E545F434F4E4E5F49465F46410A
:10E3300054414C5F4552524F52004E6574776F7294
:10E340006B20636F6E6E656374697669747920659E
:10E35000737461626C6973686564004E6574776F8D
:10E36000726B20636F6E6E65637469766974792071
:10E370006C6F7374006544525820706172616D65F2
:10E38000746572207570646174653A2065445258F2
:10E390003A2025662C205054573A202566004C54CC
:10E3A0004520697320736561726368696E672066D2
:10E3B0006F72206E6574776F726B004C54452072DB
:10E3C00065676973746572656420746F206E657427
:10E3D000776F726B004C5445206E6F7420726567C6
:10E3E00069737465726564202F2064656E69656465
:10E3F000006C74655F6C635F656472785F706172F6
:10E40000616D5F7365742C206572726F723A20259E
:10E4100064006C74655F6C635F656472785F7265DD
:10E42000712C206572726F723A20256400526571FA
:10E43000756573746564206544525820696E74650F
:10E440007276616C3A202564207320286D617070AB
:10E45000656420746F20257329004272696E6769B4
:10E460006E67206E6574776F726B20696E7465726B
:10E470006661636520757020616E6420636F6E6EE7
:10E48000656374696E6720746F20746865206E65BB
:10E4900074776F726B00636F6E6E5F6D67725F6132
:10E4A0006C6C5F69665F75702C206572726F723A72
:10E4B00020256400636F6E6E5F6D67725F616C6CC8
:10E4C0005F69665F636F6E6E6563742C2065727240
:10E4D0006F723A20256400303030300030303130F7
:10E4E00000303130300030313031003031313000E7
:10E4F00030313131003130303000313030310031A5
:10E500003031300031303131003131303000313193
:10E51000303100313131300031313131004C54452E
:10E520005F4D414E41474552005348543478206472
:10E530006576696365206E6F742072656164790A1F
:10E54000004661696C656420746F207265616420A7
:10E5500074656D70657261747572650054656D7077
:10E56000657261747572653A20252E32662043000B
:10E570004661696C656420746F207265616420680F
:10E58000756D69646974790048756D696469747939
:10E590003A20252E32662025250054454D505F48EF
:10E5A000554D0053434434312064657669636520DA
:10E5B0006E6F742072656164790A0053434434318C
:10E5C000206665746368206572726F723A202564F4
:10E5D0000A00534344343120434FE2828220726563
:10E5E0006164206572726F723A2025640A00434F9D
:10E5F000E282823A20252E32662070706D0A004336
:10E600004F32004C454420256420706F7274206E98
:10E610006F74207265616479004661696C6564207D
:10E62000746F20636F6E666967757265204C454430
:10E63000202564006C6564730028756E7369676ECD
:10E640006564292063686172202A207573656420DF
:10E65000666F722025257020617267756D656E7416
:10E660002E2049742773207265636F6D6D656E642B
:10E67000656420746F206361737420697420746F03
:10E6800020766F6964202A20626563617573652056
:10E690006974206D6179206361757365206D69739C
:10E6A0006265686176696F7220696E206365727455
:10E6B00061696E20636F6E66696775726174696FF8
:10E6C0006E732E20537472696E673A22257322206E
:10E6D000617267756D656E743A256400636270726D
:10E6E000696E74665F7061636B616765004661693E
:10E6F0006C656420746F207265626F6F743A20736A
:10E7000070696E6E696E6720656E646C6573736C9C
:10E71000792E2E2E0A007B002C007472756500661F
:10E72000616C736500256C6C6400256C6C75005B16
:10E73000006C6F6767696E67006C6F67006C6F676E
:10E740005F6D676D74004D65737361676520282286
:10E75000257322292064726F70706564206265637E
:10E7600061757365206974206578636565647320DD
:10E7700073697A65206C696D69746174696F6E2064
:10E7800028257529004D6573736167652064726F74
:10E7900070706564206265636175736520697420BB
:10E7A000657863656564732073697A65206C696D4B
:10E7B00069746174696F6E2028257529001B5B30B0
:10E7C0006D00257320005B2530386C755D20005B83
:10E7D000253032753A253032753A253032752E257E
:10E7E0003033752C253033755D200025732F003CA8
:10E7F00025733E200025733A200025303278200012
:10E80000202020007C00206D657373616765732094
:10E8100064726F70706564202D2D2D0D0A1B5B30A6
:10E820006D001B5B313B33316D2D2D2D20001B5BAB
:10E83000313B33316D001B5B313B33336D0065720F
:10E84000720077726E00696E6600646267006C6FBA
:10E85000675F6261636B656E645F727474006163AD
:10E86000746976650073757370656E646564006FB6
:10E87000666600706D5F6465766963650042756603
:10E880006665722073697A652069732062696767BB
:10E890006572207468616E2070616765004F6666FE
:10E8A000736574206F7574206F6620646573696783
:10E8B0006E617465642072616E6765004572726F87
:10E8C00072202564207768696C65206765747469B7
:10E8D0006E67207061676520696E666F00457272B1
:10E8E0006F72202564207768696C6520657261739A
:10E8F000696E6720706167650073747265616D5F32
:10E90000666C6173685F65726173655F706167658E
:10E9100020657272202564206F66667365743D30D1
:10E92000782530387A7800666C6173685F77726931
:10E930007465206572726F72202564206F6666733D
:10E9400065743D30782530387A7800666C6173687C
:10E950002072656164206661696C65643A20256493
:10E960000063616C6C6261636B206661696C6564F5
:10E970003A202564004275666665722073697A657F
:10E98000206973206E6F7420616C69676E65642006
:10E99000746F206D696E696D616C20777269746542
:10E9A0002D626C6F636B2D73697A6500496E636FBE
:10E9B000727265637420706172616D657465720056
:10E9C00053697A6520697320696E636F727265633B
:10E9D0007400446576696365207365656D732074A2
:10E9E0006F206861766520302073697A6500526512
:10E9F000717565737465642072616E6765206F76EA
:10EA00006572666C6F7773206465766963652073E1
:10EA1000697A650053545245414D5F464C41534815
:10EA200000666C617368002A2A2A20426F6F74693D
:10EA30006E67206E524620436F6E6E65637420537E
:10EA4000444B2076332E302E322D383962613132EC
:10EA5000393461633962202A2A2A0A002A2A2A20A4
:10EA60005573696E67205A6570687972204F53201C
:10EA700076342E302E39392D663739316334396684
:10EA800034393263202A2A2A0A0072302F61313A3F
:10EA90002020307825303878202072312F61323AAA
:10EAA0002020307825303878202072322F61333A98
:10EAB00020203078253038780072332F61343A20A6
:10EAC00020307825303878207231322F69703A2022
:10EAD00020307825303878207231342F6C723A200B
:10EAE000203078253038780020787073723A2020F2
:10EAF00030782530387800735B2532645D3A202009
:10EB00003078253038782020735B2532645D3A20D8
:10EB1000203078253038782020735B2532645D3AC8
:10EB200020203078253038782020735B2532645DD2
:10EB30003A20203078253038780066707363723A56
:10EB40002020307825303878004661756C74696E05
:10EB50006720696E737472756374696F6E20616487
:10EB6000647265737320287231352F7063293A20DF
:10EB700030782530387800556E68616E646C656455
:10EB8000204952516E3A202564002A2A2A2A2A2036
:10EB90004D5055204641554C54202A2A2A2A2A00F5
:10EBA0002020537461636B696E67206572726F72A7
:10EBB0002028636F6E746578742061726561206DC2
:10EBC00069676874206265206E6F742076616C6975
:10EBD0006429002020556E737461636B696E672031
:10EBE0006572726F7200202044617461204163631A
:10EBF0006573732056696F6C6174696F6E002020B5
:10EC00004D4D46415220416464726573733A203021
:10EC1000782578002020496E737472756374696F6B
:10EC20006E204163636573732056696F6C6174690C
:10EC30006F6E002020466C6F6174696E672D706F77
:10EC4000696E74206C617A792073746174652070C8
:10EC50007265736572766174696F6E206572726F2A
:10EC600072002A2A2A2A2A20555341474520464124
:10EC7000554C54202A2A2A2A2A00202044697669E1
:10EC800073696F6E206279207A65726F002020555B
:10EC90006E616C69676E6564206D656D6F72792059
:10ECA000616363657373002020537461636B206F2D
:10ECB000766572666C6F772028636F6E7465787402
:10ECC0002061726561206E6F742076616C696429C1
:10ECD0000020204E6F20636F70726F636573736FD7
:10ECE0007220696E737472756374696F6E7300203D
:10ECF00020496C6C6567616C206C6F6164206F6685
:10ED0000204558435F52455455524E20696E746FEA
:10ED1000205043002020496C6C6567616C2075733E
:10ED200065206F662074686520455053520020208E
:10ED3000417474656D707420746F206578656375B7
:10ED4000746520756E646566696E656420696E73AE
:10ED50007472756374696F6E002A2A2A2A2A204207
:10ED60005553204641554C54202A2A2A2A2A00204D
:10ED700020537461636B696E67206572726F7200F5
:10ED8000202050726563697365206461746120623C
:10ED90007573206572726F720020204246415220C6
:10EDA000416464726573733A2030782578002020BE
:10EDB000496D707265636973652064617461206276
:10EDC0007573206572726F72002020496E737472C1
:10EDD000756374696F6E20627573206572726F72ED
:10EDE000005265736572766564204578636570745A
:10EDF000696F6E20280053707572696F7573206992
:10EE00006E746572727570742028495251200045E5
:10EE10007863657074696F6E206F63637572726575
:10EE20006420696E20536563757265205374617444
:10EE300065002A2A2A2A2A20484152442046415560
:10EE40004C54202A2A2A2A2A002020427573206640
:10EE500061756C74206F6E20766563746F722074B8
:10EE600061626C6520726561640020204465627592
:10EE700067206576656E740020204661756C74208D
:10EE8000657363616C6174696F6E202873656520BA
:10EE900062656C6F772900415243485F455843458E
:10EEA0005054207769746820726561736F6E2025F5
:10EEB000780A002A2A2A2A2A204465627567206D6A
:10EEC0006F6E69746F7220657863657074696F6EB8
:10EED000202A2A2A2A2A002A2A2A2A2A2025732096
:10EEE000256429202A2A2A2A2A006D707500466185
:10EEF000696C656420746F20616C6C6F636174650C
:10EF0000206E6577204D505520726567696F6E20C1
:10EF100025750A00506172746974696F6E202575D9
:10EF20003A2073616E69747920636865636B20664B
:10EF300061696C65642E00496E76616C6964207548
:10EF40006E6465726C79696E6720726567696F6E51
:10EF500020696E64657820257500464C4153485FF2
:10EF600030005352414D5F30006E65745F627566CC
:10EF7000006E65745F6275665F73696D706C6500C5
:10EF8000736F63006D6375626F6F745F64667500A5
:10EF9000776C616E2564006E65742564006E65741F
:10EFA0005F6D676D7400E000C0004D51497364707F
:10EFB0000000120000F6FFFF7FFFFFFFFFFFFFFFD3
:10EFC0007F000000000000000000000000000000C2
:10EFD00000636F6E6E5F6D67725F6D6F6E69746FE9
:10EFE0007200636C6F636B4035303030006866636D
:10EFF0006C6B006C66636C6B00636C6F636B5F6360
:10F000006F6E74726F6C007073612D726E67006941
:10F010006E76616C696420616464726573733A2012
:10F0200030782530386C783A257A7500756E616CC9
:10F0300069676E656420616464726573733A203039
:10F04000782530386C783A257A75006E6F742077A1
:10F050006F72642D616C69676E65643A2030782543
:10F0600030386C783A257A7500666C6173682D6368
:10F070006F6E74726F6C6C65724033393030300073
:10F08000666C6173685F6E7266006770696F4038A6
:10F09000343235303000693263004E656564207467
:10F0A0006F207573652074686520696E7465726E73
:10F0B000616C20647269766572206275666665723D
:10F0C00020627574206974732073697A652069738E
:10F0D00020696E73756666696369656E742028259C
:10F0E00075202B202575203E202575292E20416472
:10F0F0006A75737420746865207A65706879722CFB
:10F10000636F6E6361742D6275662D73697A652015
:10F110006F72207A65706879722C666C6173682DE5
:10F120006275662D6D61782D73697A652070726FD6
:10F1300070657274792028746865206F6E65207719
:10F1400069746820677265617465722076616C7598
:10F15000652920696E207468652022257322206E3F
:10F160006F64652E0069326340613030300069326F
:10F17000634039303030006932635F6E7266785FA9
:10F180007477696D00756E737570706F72746564F5
:10F1900020737065656400547279696E6720746FBE
:10F1A000207472616E73666572206D6F7265207473
:10F1B00068616E20746865206D6178696D756D2079
:10F1C00073697A6520666F7220746869732064655C
:10F1D000766963653A202564203E202564004661F7
:10F1E000696C656420746F20696E697469616C690B
:10F1F0007A65206465766963653A202573000001AD
:10F20000020304050607496E76616C696420435267
:10F21000432E004661696C656420746F20726561DD
:10F22000642069326320646174612E004661696CF8
:10F23000656420746F207772697465206932632079
:10F24000646174612E004661696C656420746F208E
:10F2500077726974652073746172745F7065726926
:10F260006F6469635F6D6561737572656D656E74FA
:10F2700020636F6D6D616E642E004661696C65641C
:10F2800020746F2077726974652073746172745F83
:10F290006C6F775F706F7765725F706572696F64AE
:10F2A00069635F6D6561737572656D656E7420630A
:10F2B0006F6D6D616E642E004661696C65642074CB
:10F2C0006F20777269746520706F7765725F646F05
:10F2D000776E20636F6D6D616E642E004465766994
:10F2E0006365206E6F742072656164792E004661DB
:10F2F000696C656420746F20707574207468652073
:10F3000064657669636520696E2069646C65206D4B
:10F310006F64652E004661696C656420746F2072AD
:10F320006573657420746865206465766963652E0D
:10F33000004661696C656420746F20736574757034
:10F34000206D6561737572656D656E742E00466122
:10F35000696C65642077726974652077616B655F9D
:10F36000757020636F6D6D616E642E004661696C0F
:10F37000656420746F2077726974652073746F7090
:10F380005F706572696F6469635F6D6561737572E3
:10F39000656D656E7420636F6D6D616E642E0046E1
:10F3A00061696C656420746F207365742069646C96
:10F3B00065206D6F64652E004661696C656420741C
:10F3C0006F207772697465207365745F74656D7002
:10F3D000657261747572655F6F66667365742072BD
:10F3E000656769737465722E004661696C65642097
:10F3F000746F207365742074656D706572617475C7
:10F400007265206F66667365742E004661696C656F
:10F410006420746F207772697465207365745F73FC
:10F42000656E736F725F616C746974756465207268
:10F43000656769737465722E004661696C65642046
:10F44000746F207365742073656E736F7220616CC6
:10F450007469747564652E004661696C6564207416
:10F460006F207772697465207365745F616D62697E
:10F47000656E745F7072657373757265207265670F
:10F4800069737465722E004661696C656420746FDF
:10F490002073657420616D6269656E742070726599
:10F4A00073737572652E004661696C656420746FB4
:10F4B000207772697465207365745F6175746F6D10
:10F4C000617469635F63616C6962726174696F6EB4
:10F4D0005F656E61626C65207265676973746572E1
:10F4E0002E004661696C656420746F20736574201A
:10F4F0006175746F6D617469632063616C6962200A
:10F50000656E61626C652E0053454C465F43414C0D
:10F5100049425F494E495449414C5F504552494F19
:10F5200044206E6F7420617661696C61626C652045
:10F53000666F722053434434302E004661696C6517
:10F540006420746F207772697465207365745F61DD
:10F5500075746F6D617469635F73656C665F636119
:10F560006C6962726174696F6E5F696E69746961FA
:10F570006C5F706572696F6420726567697374652A
:10F58000722E004661696C656420746F2073657427
:10F590002073656C662063616C696220696E6974B2
:10F5A00069616C20706572696F642E0053454C462A
:10F5B0005F43414C49425F5354414E444152445F82
:10F5C000504552494F44206E6F7420617661696CDA
:10F5D00061626C6520666F722053434434302E00A4
:10F5E0004661696C656420746F2077726974652068
:10F5F0007365745F6175746F6D617469635F736562
:10F600006C665F63616C6962726174696F6E5F736F
:10F6100074616E646172645F706572696F64207298
:10F62000656769737465722E004661696C65642054
:10F63000746F207365742073656C662063616C69F8
:10F6400062207374616E6461726420706572696FA8
:10F65000642E004661696C656420746F207772695E
:10F660007465206D6561737572655F73696E676C33
:10F67000655F73686F745F7268745F6F6E6C79201A
:10F68000636F6D6D616E642E004661696C65642008
:10F69000746F207772697465206D6561737572652A
:10F6A0005F73696E676C655F73686F7420636F6DFD
:10F6B0006D616E642E004661696C656420746F2014
:10F6C0007772697465206765745F646174615F72E5
:10F6D000656164795F73746174757320636F6D6DB8
:10F6E000616E642E004661696C656420746F2072DF
:10F6F000656164206765745F646174615F726561F0
:10F7000064795F737461747573207265676973746B
:10F7100065722E004661696C656420746F206368B1
:10F7200065636B20646174612072656164792E0089
:10F730004661696C656420746F2077726974652016
:10F74000726561645F6D6561737572656D656E7418
:10F7500020636F6D6D616E642E004661696C656437
:10F7600020746F207265616420726561645F6D65ED
:10F7700061737572656D656E742072656769737407
:10F7800065722E004661696C656420746F20676540
:10F79000742073616D706C6520646174612E004625
:10F7A00061696C656420746F207772697465206785
:10F7B00065745F74656D70657261747572655F6F95
:10F7C000666673657420636F6D6D616E642E0046AE
:10F7D00061696C656420746F20726561642067657F
:10F7E000745F74656D70657261747572655F6F6664
:10F7F000667365742072656769737465722E00465E
:10F8000061696C656420746F206765742074656D30
:10F810007065726174757265206F66667365742EAB
:10F82000004661696C656420746F20777269746545
:10F83000206765745F73656E736F725F616C746966
:10F840007475646520636F6D6D616E642E00466132
:10F85000696C656420746F207265616420676574EB
:10F860005F73656E736F725F616C746974756465E4
:10F870002072656769737465722E004661696C65F4
:10F880006420746F206765742073656E736F7220D7
:10F89000616C7469747564652E004661696C656499
:10F8A00020746F207772697465206765745F616D7D
:10F8B0006269656E745F70726573737572652063DB
:10F8C0006F6D6D616E642E004661696C65642074B5
:10F8D0006F2072656164206765745F616D62696540
:10F8E0006E745F7072657373757265207265676997
:10F8F000737465722E004661696C656420746F20B4
:10F9000067657420616D6269656E742070726573DD
:10F91000737572652E004661696C656420746F2092
:10F920007772697465206765745F6175746F6D6166
:10F930007469635F63616C6962726174696F6E5F41
:10F94000656E61626C6520636F6D6D616E642E0023
:10F950004661696C656420746F207265616420671C
:10F9600065745F6175746F6D617469635F63616C09
:10F970006962726174696F6E5F656E61626C656405
:10F980002072656769737465722E004661696C65E3
:10F990006420746F20676574206175746F6D617485
:10F9A00069632063616C69622E004661696C6564FD
:10F9B00020746F207772697465206765745F617564
:10F9C000746F6D6174695F63616C6962726174699F
:10F9D0006F6E5F696E697469616C5F706572696F83
:10F9E0006420636F6D6D616E642E004661696C65A5
:10F9F0006420746F2072656164206765745F61754F
:10FA0000746F6D617469635F63616C696272617464
:10FA1000696F6E5F696E697469616C5F7065726948
:10FA20006F642072656769737465722E0046616940
:10FA30006C656420746F207365742067657420732F
:10FA4000656C662063616C696220696E69746961C6
:10FA50006C20706572696F642E004661696C656424
:10FA600020746F207772697465206765745F6175B3
:10FA7000746F6D617469635F73656C665F63616CFD
:10FA80006962726174696F6E5F7374616E646172D2
:10FA9000645F706572696F6420636F6D6D616E6421
:10FAA0002E004661696C656420746F207265616424
:10FAB000206765745F6175746F6D617469635F73EE
:10FAC000656C665F63616C6962726174696F6E5FB9
:10FAD0007374616E646172645F706572696F6420D3
:10FAE00072656769737465722E004661696C65643E
:10FAF00020746F20736574206765742073656C666D
:10FB00002063616C6962207374616E646172642049
:10FB1000706572696F642E007363643478403632A6
:10FB2000005343443458004661696C656420746F27
:10FB3000207265616420646174612066726F6D205B
:10FB40006465766963652E00496E76616C69642030
:10FB500043524320666F7220542E00496E76616CCA
:10FB600069642043524320666F722052482E00463B
:10FB700061696C656420746F207374617274206DA8
:10FB80006561737572656D656E742E004661696C92
:10FB9000656420746F2066657463682064617461B5
:10FBA0002E00736874347840343400534854345809
:10FBB00000E0F6FD4661696C656420746F20616C3D
:10FBC0006C6F6361746520505049204368616E6EAC
:10FBD000656C007561727440383030300075617248
:10FBE000745F6E7266785F7561727465004D6F64E4
:10FBF000656D206C69627261727920696E697469E1
:10FC0000616C697A6174696F6E206661696C6564A4
:10FC10002C20657272202564002B4346554E3A20F5
:10FC20002568750041542B4346554E3F0041707086
:10FC30006C69636174696F6E2073686F756C6420A2
:10FC4000736574206D696E696D616C2066756E6395
:10FC500074696F6E616C206D6F6465202843465532
:10FC60004E3D3029206265666F7265207368757439
:10FC700074696E6720646F776E206D6F64656D20A8
:10FC80006C6962726172790041542B4346554E3D56
:10FC900030006E72665F6D6F64656D004D6F6465F8
:10FCA0006D206C69627261727920646964206E6F84
:10FCB0007420696E697469616C697A653A2025649B
:10FCC000006E726639785F736F636B6574004D6F99
:10FCD00064656D2068617320637261736865642C6C
:10FCE00020726561736F6E20307825782C20504328
:10FCF0003A2030782578004661696C656420746F1D
:10FD000020686F6F6B20746865206469737061741C
:10FD100063682066756E6374696F6E2C20657272FD
:10FD2000202564004E6F20686561702073706163E8
:10FD30006520666F7220696E636F6D696E67206EF5
:10FD40006F74696669636174696F6E3A2025730028
:10FD500061745F6D6F6E69746F72004F4B0D0A00B6
:10FD60004552524F520D0A002B434D4520455252E9
:10FD70004F523A002B434D53204552524F523A00B6
:10FD80004E554C4C20617320612068616E646C6537
:10FD9000722072656365697665643A204E6F746897
:10FDA000696E6720746F20626520646F6E652E0A2D
:10FDB0005468652068616E646C65722063616E20B2
:10FDC0006265206465726567697374657265642035
:10FDD0007573696E67206C74655F6C635F646572D0
:10FDE000656769737465725F68616E646C657228BB
:10FDF00029006C74655F6C63003030313030303016
:10FE000031003030303030303131004661696C655E
:10FE10006420746F207365742050534D207061729C
:10FE2000616D732C20657272202564004661696CD7
:10FE3000656420746F20636F6E66696775726520F4
:10FE400050534D2C206572722025640041542525A5
:10FE5000464541434F4E463D302C332C25640046E9
:10FE600061696C656420746F20636F6E6669677585
:10FE7000726520654452582C2065727220256400FA
:10FE80004D6F64656D206C69627261727920696E74
:10FE90006974206572726F723A2025642C206C742C
:10FEA000655F6C63206E6F7420696E697469616C44
:10FEB000697A6564004661696C656420746F2073BB
:10FEC00065742073797374656D206D6F646520614E
:10FED0006E64206D6F646520707265666572656E14
:10FEE00063652C2065727220256400776F726B5FEA
:10FEF0007100436F756C64206E6F742067657420A9
:10FF0000726567697374726174696F6E207374616E
:10FF10007475732C206572726F723A2025640043E9
:10FF20006F756C64206E6F74206765742043455252
:10FF3000454720706172616D20636F756E742C206F
:10FF4000706F74656E7469616C6C79206D616C663C
:10FF50006F726D6564206E6F746966696361746940
:10FF60006F6E2C206572726F723A202564005265A4
:10FF700067697374726174696F6E2072656A656314
:10FF80007465642C20454D4D2063617573653A207E
:10FF900025642C2043656C6C2049443A2025642C50
:10FFA00020547261636B696E6720617265613A20EB
:10FFB00025642C204C5445206D6F64653A202564DF
:10FFC000004661696C656420746F207061727365AE
:10FFD0002050534D20636F6E666967757261746956
:10FFE0006F6E2C206572726F723A20256400466134
:10FFF000696C656420746F207061727365206E6F28
:020000040004F6
:1000000074696669636174696F6E20286572726FC6
:1000100072202564293A20257300556E6B6E6F7728
:100020006E206E6574776F726B207265676973748A
:10003000726174696F6E207374617475733A2025F0
:100040006400556E6B6E6F776E204C5445206D6F5B
:1000500064653A2025640041542B43455245473D91
:1000600035004661696C656420746F207375627336
:10007000637269626520746F204345524547206E64
:100080006F74696669636174696F6E732C20657241
:10009000726F723A202564002B4345524547004653
:1000A00061696C656420746F20656E61626C6520A7
:1000B0006E6F74696669636174696F6E732C206515
:1000C00072726F723A20256400496E76616C6964C1
:1000D0002066756E6374696F6E616C206D6F646508
:1000E0003A2025640041542B4346554E3D2564007B
:1000F0004661696C656420746F2073657420667551
:100100006E6374696F6E616C206D6F64652E205034
:100110006C6561736520636865636B205853595340
:1001200054454D4D4F44452E00436F756C64206E11
:100130006F7420676574207369676E616C6C696E9B
:1001400067206D6F64652C206572726F723A20258E
:100150006400496E76616C6964207369676E616CD6
:100160006C696E67206D6F64653A20256400436199
:100170006E2774207061727365207369676E616C9D
:100180006C696E67206D6F64652C206572726F728A
:100190003A202564004661696C656420746F2065AF
:1001A0006E61626C6520525243206E6F746966699D
:1001B000636174696F6E7320282B4353434F4E293C
:1001C0002C206572726F72202564002B4353434FBD
:1001D0004E0041542B4353434F4E3D310043616E1B
:1001E0002774207061727365206D6F64656D206582
:1001F00076656E74206E6F74696669636174696F89
:100200006E2C206572726F723A202564004154256D
:10021000254D444D45563D3200415425254D444D14
:1002200045563D31005345415243482053544154B3
:10023000555320310D0A0053454152434820535431
:100240004154555320320D0A005245534554204C19
:100250004F4F500D0A004D452042415454455259CC
:10026000204C4F570D0A004D45204F5645524845EA
:10027000415445440D0A004E4F20494D45490D0A51
:100280000050524143482043452D4C4556454C2093
:10029000300D0A0050524143482043452D4C4556ED
:1002A000454C20310D0A0050524143482043452D12
:1002B0004C4556454C20320D0A00505241434820CF
:1002C00043452D4C4556454C20330D0A00254D44E1
:1002D0004D455600496E76616C696420737973747C
:1002E000656D206D6F6465207265717565737465E9
:1002F000643A20256400496E76616C6964204C5430
:100300004520707265666572656E63652072657101
:100310007565737465643A20256400415425255839
:1003200053595354454D4D4F44453D25732C25633A
:1003300000436F756C64206E6F742073656E64206B
:10034000415420636F6D6D616E642C206572726F15
:10035000723A202564003031323334312C302C3065
:1003600000302C312C3000302C302C3100312C302E
:100370002C3100302C312C3100312C312C3000311B
:100380002C312C310041542525585054573D2564BB
:100390002C22257322004661696C656420746F20ED
:1003A00072657175657374205054572C2072657096
:1003B0006F72746564206572726F723A20256400F2
:1003C0004661696C656420746F20676574204C54C5
:1003D00045206D6F64652C206572726F723A20251E
:1003E00064004661696C656420746F2067657420E1
:1003F0006544525820636F6E6669677572617469EF
:100400006F6E2C206572726F723A2025640046610F
:10041000696C656420746F206765742050545720A0
:10042000636F6E66696775726174696F6E2C2065A3
:1004300072726F723A2025640043616E27742070D7
:100440006172736520654452582C206572726F7218
:100450003A202564004C5445206D6F6465206D750D
:100460007374206265204C54452D4D206F72204ED0
:10047000422D496F540041542B4345445258533D3B
:1004800033004661696C656420746F206469736130
:10049000626C6520654452582C207265706F7274CE
:1004A0006564206572726F723A2025640041542B96
:1004B0004345445258533D322C25642C2225732247
:1004C0000041542B4345445258533D322C2564007F
:1004D0004661696C656420746F20656E61626C654D
:1004E00020654452582C207265706F7274656420C8
:1004F0006572726F723A202564002B43454452584E
:10050000500041542B4350534D533D312C2C2C2241
:100510002573222C222573220041542B4350534D26
:10052000533D312C2C2C222573220041542B435057
:10053000534D533D312C2C2C2C2225732200415439
:100540002B4350534D533D31006E72665F6D6F64A7
:10055000656D5F61745F7072696E74662066616953
:100560006C65642C207265706F72746564206572AE
:10057000726F723A20256400415425254645414357
:100580004F4E463D25642C25642C2575004578701A
:1005900065637465642076616C696420543334311A
:1005A000322074696D657220756E6974004154253E
:1005B00025584D4F4E49544F5200415420636F6DA2
:1005C0006D616E64206661696C65642C2065727271
:1005D0006F723A20256400415420636F6D6D616E27
:1005E000642070617273696E67206661696C65640E
:1005F0002C206572726F723A202564004E6F205075
:10060000534D20706172616D65746572732062650F
:10061000636175736520646576696365206E6F74C8
:1006200020726567697374657265642C20737461E8
:100630007475733A202564004661696C65642074A2
:100640006F206765742050534D20696E666F726D20
:100650006174696F6E0041542B4350534D533D00FC
:100660004661696C656420746F206F627461696EA5
:1006700020525352502076616C75652C2025640001
:1006800025434553510041542B434744434F4E5457
:100690003F0061706E0041542B43434C4B3F00645C
:1006A00061746554696D650041542B4347534E0096
:1006B000696D65690041542B43494D4900696D736B
:1006C00069004154255853595354454D4D4F4445A5
:1006D0003F006770734D6F6465006E62696F744DA3
:1006E0006F6465006C74654D6F64650041542B4305
:1006F00052534D3D3137362C31323235382C302C77
:10070000302C31300069636369640041542B4347E6
:100710004D52006D6F64656D4669726D77617265EB
:100720000062617474657279566F6C7461676500FC
:100730004154255853494D3F00756963634D6F64BB
:1007400065006970416464726573730041542B43A2
:10075000455245473F0061726561436F64650063C0
:10076000656C6C49440041542B434F50533F006D1E
:100770006363006D63636D6E630041542B43454DAD
:100780004F44453F0075654D6F64650041542558E1
:100790004342414E443D3F00737570706F72746503
:1007A0006442616E64730063757272656E74426157
:1007B0006E640072737270006D6F64656D5F696E58
:1007C000666F006D6F64656D5F696E666F5F706107
:1007D00072616D730041504E524154454354524C26
:1007E00020535441540041542525584550434F3D12
:1007F00031004661696C656420746F2073657420F4
:100800006550434F206D6F64652C20657272202502
:10081000640041542B434E45433D313600556E61D3
:10082000626C6520746F20737562736372696265B0
:1008300020746F202B434E45433D31362C2065728A
:10084000722025640041542B4347455245503D31A9
:1008500000556E61626C6520746F207375627363FE
:100860007269626520746F202B4347455245503DA5
:10087000312C20657272202564004950563600578D
:10088000726F6E672066616D696C79202564004126
:10089000542B434744434F4E543D25752C25732C10
:1008A00025732C2C2C2C25752C2C2C2C25752C25CB
:1008B000750041542B434744434F4E543D25752CFE
:1008C00025732C25730041542B434744434F4E540A
:1008D0003D25752C2573004661696C656420746F35
:1008E00020636F6E666967757265204349442025F1
:1008F000642C206572722C202564004950563456B1
:1009000036004E6F6E2D49500041542B4347434FE4
:100910004E545244503D2575002B4347434F4E548F
:100920005244503A20252A752C2C22252A5B5E221F
:100930005D222C22222C22222C222531355B302DC7
:10094000392E5D222C222531355B302D392E5D224A
:100950002C2C2C2C2C2575006E72665F6D6F6465D7
:100960006D5F61745F7363616E66206661696C655B
:10097000642C207265743A202564002B252A5B5E66
:100980002B5D2B4347434F4E545244503A20252A67
:10099000752C2C22252A5B5E225D222C22222C2201
:1009A000222C222533395B302D39412D46612D66AD
:1009B0003A5D222C222533395B302D39412D466199
:1009C0002D663A5D222C2C2C2C2C2575004D4520B3
:1009D00050444E20414354004D452050444E204445
:1009E00045414354004E572050444E204445414316
:1009F00054004D4520444554414348004E5720443F
:100A000045544143480049505636204641494C0020
:100A10002B434E45435F45534D002B4347455600FE
:100A200070646E004661696C656420746F20736544
:100A30007420636F6E66696775726174696F6E208A
:100A4000286572723A202564290041542558434F85
:100A50004558303D312C312C313536352C31353837
:100A600036006D6F64656D5F616E74656E6E6100FA
:100A7000246177732F7468696E67732F25732F6AEB
:100A80006F62732F257325732573257300556E616F
:100A9000626C6520746F2066697420666F726D6188
:100AA00074656420737472696E6720696E746F2058
:100AB000746F20616C6C6F63617465206D656D6F20
:100AC000727920666F72202573004F75747075748B
:100AD000206572726F7220666F72202573207761B5
:100AE0007320656E636F756E7465726564207769D7
:100AF00074682072657475726E2076616C756520FD
:100B00002564006E756C6C007B2273746174757360
:100B1000223A222573222C22737461747573446502
:100B20007461696C73223A2025732C226578706594
:100B30006374656456657273696F6E223A2022256C
:100B400064222C22636C69656E74546F6B656E222F
:100B50003A20222573227D00556E61626C652074F7
:100B60006F2066697420666F726D617465642073AE
:100B70007472696E6720696E2070726F7669646541
:100B800064206275666665722E004572726F72200F
:100B90007768656E206372656174696E6720706145
:100BA000796C6F6164202564007B22636C69656EDB
:100BB00074546F6B656E223A2022227D002F230031
:100BC0006E6F74696679006E6F746966792D6E65F3
:100BD00078740051554555454400494E5F50524F79
:100BE00047524553530053554343454544454400FC
:100BF0004641494C45440054494D45445F4F555486
:100C00000052454A45435445440052454D4F5645D0
:100C1000440043414E43454C4544006177735F6A4D
:100C20006F6273004A6F622049442063616E6E6F89
:100C300074206265206C6172676572207468616EF1
:100C400020696E636F6D696E6720746F70696300F1
:100C5000494E56414C49442D4A4F422D494400616A
:100C600077735F6A6F62735F7570646174655F6AE2
:100C70006F625F657865637574696F6E2066616920
:100C80006C65643A20256400464F54415F444F57D9
:100C90004E4C4F41445F4556545F4552524F5200AF
:100CA000556E68616E646C656420464F54412065E2
:100CB00076656E742049443A2025640041575320DC
:100CC000464F5441206C696272617279206E6F7474
:100CD00020696E697469616C697A656400556E613A
:100CE000626C6520746F20737562736372696265EC
:100CF00020746F206E6F746966792D6E657874202C
:100D0000746F70696300246E65787400556E61625B
:100D10006C6520746F2073756273637269626520FD
:100D2000746F206A6F62732F246E6578742F676505
:100D300074007570646174655F6A6F625F65786581
:100D4000637574696F6E206661696C65642C2065DB
:100D500072726F723A202564006F6E5F636F6E6E01
:100D600061636B5F657674206661696C65642C20D5
:100D70006572726F723A202564004572726F72203C
:100D80007768656E2067657474696E67207468653E
:100D9000207061796C6F61643A202564004572723D
:100DA0006F72207768656E2070617273696E67205C
:100DB000746865206A736F6E3A202564004A6F621A
:100DC00020616C7265616479206265696E67206874
:100DD000616E646C65642C2069676E6F7265206D4E
:100DE00065737361676500496E76616C696420465E
:100DF0004F54412075706461746520646F63756D34
:100E0000656E743A2025640055524C20656C656D02
:100E1000656E747320746F6F206C6F6E6720666FE1
:100E200072206275666665723A20256400546865B2
:100E30002063757272656E746C792068616E646C83
:100E40006564206A6F62204944206973206E6F7464
:100E500020696E20696E636F6D696E6720616363E0
:100E6000657074656420746F706963006874747071
:100E700073004572726F7220282564292077686597
:100E80006E20747279696E6720746F20737461725A
:100E900074206669726D7761726520646F776E6C1D
:100EA0006F616400496E76616C6964206578656382
:100EB0007574696F6E20737461747573005468651E
:100EC0002063757272656E746C792068616E646CF3
:100ED0006564206A6F62204944206973206E6F74D4
:100EE00020696E20696E636F6D696E672072656A36
:100EF000656374656420746F706963004A6F622073
:100F0000646F63756D656E742075706461746520BF
:100F10007761732072656A656374656400457272F7
:100F20006F72202564207768656E20676574746928
:100F30006E6720746865207061796C6F6164004D24
:100F40005154542050554241434B206572726F7288
:100F5000202564006177735F6A6F62735F676574F1
:100F60005F6A6F625F657865637574696F6E20662E
:100F700061696C65642C206572726F723A20256419
:100F8000006F6E5F73756261636B5F6576742C20B2
:100F90006572726F723A2025640041575320464FA4
:100FA0005441206C696272617279206861732061BA
:100FB0006C7265616479206265656E20696E697422
:100FC00069616C697A656400666F74615F646F77EC
:100FD0006E6C6F61645F696E6974206572726F72A6
:100FE000202564006177735F666F746100657865C2
:100FF000637574696F6E006A6F624964007665722A
:1010000073696F6E4E756D626572006A6F62446FD0
:1010100063756D656E74006C6F636174696F6E00EB
:10102000686F737400706174680070726F746F63BE
:101030006F6C0064656C6574652F616363657074C3
:1010400065640064656C6574652F72656A656374B8
:10105000656400546F7069637320737562736372A3
:101060006962652C206572726F723A2025640041B6
:1010700057535F464F54415F4556545F4552524F58
:101080005200556E6B6E6F776E20464F544120654F
:1010900076656E7400496E76616C69642061726772
:1010A000756D656E742074785F64617461004E6F55
:1010B000206170706C69636174696F6E20746F7009
:1010C00069632070726573656E7420696E20747830
:1010D0005F64617461006D7174745F68656C7065E4
:1010E000725F646973636F6E6E6563742C206572E2
:1010F000726F723A202564006177735F666F746166
:101100005F6D7174745F6576745F68616E646C6541
:10111000722C206572726F723A202564004D515412
:1011200054206572726F72206F63637572726564AA
:101130003A202564004661696C656420746F2073F1
:10114000656E642064657669636520736861646FA9
:101150007720726571756573742C206572726F7279
:101160003A202564004572726F7220737562736352
:10117000726962696E6720746F20746F706963733F
:101180002C206572723A202564004E6F2053554220
:1011900041434B206578706563746564207769749A
:1011A00068206D6573736167652049443A20256442
:1011B000004D51545420636F6E6E656374696F6E99
:1011C000206661696C65642C206572726F723A20CA
:1011D000256400613170657837623567626F7372BC
:1011E0007A2D6174732E696F742E75732D6561731A
:1011F000742D312E616D617A6F6E6177732E636F1E
:101200006D006D792D7468696E6700246177732FA6
:101210007468696E67732F25732F736861646F77C5
:101220002F67657400246177732F7468696E677324
:101230002F25732F736861646F772F7570646174E5
:101240006500246177732F7468696E67732F257347
:101250002F736861646F772F64656C657465002413
:101260006177732F7468696E67732F25732F7368A6
:1012700061646F772F6765742F6163636570746550
:101280006400246177732F7468696E67732F257308
:101290002F736861646F772F6765742F72656A6555
:1012A0006374656400736861646F775F746F7069FD
:1012B00063735F636F6E7374727563742C206572F1
:1012C000726F723A202564006D7174745F68656C8A
:1012D0007065725F636F6E6E6563742C20657272E9
:1012E0006F723A2025640054696D6564206F7574CF
:1012F0002077616974696E6720666F72207375620A
:10130000736372697074696F6E2061636B6E6F775F
:101310006C6564676D656E747300496E76616C69A7
:101320006420617267756D656E74004576656E74D4
:101330002068616E646C6572206973204E554C4C58
:10134000006177735F666F74615F696E69742C20EA
:101350006572726F723A202564006D7174745F68F3
:10136000656C7065725F696E69742C206572726F4E
:10137000723A202564006177735F696F7400556E5F
:101380006B6E6F776E004661696C656420746F20C8
:101390007265736F6C766520686F73746E616D65CE
:1013A000202573206F6E2025732C206572722025F6
:1013B00064004661696C656420746F20636C6F73B0
:1013C0006520736F636B65742C206572726E6F207D
:1013D000256400486F7374206C6F6F6B75702066A6
:1013E00061696C656420666F7220686F73746E61EA
:1013F0006D652025732C2065727220256400486F6E
:101400007374206C6F6F6B7570206661696C6564B6
:1014100020666F7220686F73746E616D652025732E
:10142000206F6E2049507636202865727220256420
:10143000292C20617474656D7074696E6720495041
:101440007634004661696C656420746F2063726550
:1014500061746520736F636B65742C206572726EA6
:101460006F2025640042696E64696E6720746F2086
:1014700050444E2049443A202564004661696C6519
:101480006420746F2062696E6420736F636B65748F
:1014900020746F2050444E2049442025642C206540
:1014A0007272202564004661696C656420746F2047
:1014B00073657475702070656572207665726966F3
:1014C00069636174696F6E2C206572726E6F20257E
:1014D000640053657474696E6720757020544C53B2
:1014E0002063726564656E7469616C732C2073652A
:1014F000632074616720636F756E742025750046E4
:1015000061696C656420746F2073657475702073F5
:101510006F636B6574207365637572697479207489
:101520006167206C6973742C206572726E6F202560
:1015300064004661696C656420746F20736574751E
:101540007020544C5320686F73746E616D65202851
:101550002573292C206572726E6F20256400466108
:10156000696C656420746F20656E61626C652054DF
:101570004C535F44544C535F4349443A2025640024
:10158000436F6E6E656374696E6720746F20257398
:10159000004661696C656420746F20636F6E6E65D0
:1015A0006374206F6E204950763620286572722051
:1015B0002564292C20617474656D7074696E6720D0
:1015C00049507634004661696C656420746F20630D
:1015D0006F6E6E6563742C20657272202564004600
:1015E00061696C656420746F2073657420736F6328
:1015F0006B65742074696D656F75742C20657272EB
:101600006E6F20256400556E7370656300495076D7
:1016100036004661696C656420746F207265636F83
:101620006E6E6563742C2065727220256400446FB1
:10163000776E6C6F616420636F6D706C65746500AC
:10164000687474703A2F2F0068747470733A2F2F77
:1016500000496E76616C69642073746172742073E2
:10166000746174653A202564004661696C65642084
:10167000746F20706172736520686F73746E616D32
:1016800065004661696C656420746F2070617273D7
:101690006520686F73746E616D652C2065727220B1
:1016A0002564004661696C656420746F2070617206
:1016B00073652066696C656E616D652C206572725C
:1016C0002025642C2075726C2025730050726F7475
:1016D0006F636F6C206E6F7420666F756E6420662A
:1016E0006F722025730050726F746F636F6C206E81
:1016F0006F742073706563696669656420666F72D4
:101700002025732C20617474656D7074696E672078
:101710002573004661696C656420746F20696E6989
:101720007469616C697A65207472616E73706F722E
:10173000742C2065727220256400446F776E6C6F84
:10174000616465642025752F257520627974657341
:101750002028256425252900446F776E6C6F61640D
:10176000656420257520627974657300646F776EF7
:101770006C6F6164657200446F776E6C6F6164209A
:10178000636C69656E742062756666657220697344
:10179000206E6F74206C6172676520656E6F75676F
:1017A0006820746F2070617273652075726C0025FB
:1017B000732F2573004E6F2073656375726974799A
:1017C000207461672070726F766964656420666F4B
:1017D0007220544C532F44544C53004661696C653D
:1017E0006420746F2073657420687474702072654F
:1017F00063762074696D656F75742C206572722034
:1018000025640052616E6765206F76657272696447
:1018100065203E20544C53206D61782072616E67C4
:10182000652C2073657474696E6720746F20544C46
:1018300053206D61782072616E67650047455420C2
:101840002F257320485454502F312E310D0A486FE4
:1018500073743A2025730D0A52616E67653A2062EF
:10186000797465733D25752D25750D0A436F6E6E70
:10187000656374696F6E3A206B6565702D616C6984
:1018800076650D0A0D0A00474554202F2573204820
:101890005454502F312E310D0A486F73743A20255D
:1018A000730D0A52616E67653A2062797465733D03
:1018B00025752D0D0A436F6E6E656374696F6E3A00
:1018C000206B6565702D616C6976650D0A0D0A00E7
:1018D000474554202F257320485454502F312E3122
:1018E0000D0A486F73743A2025730D0A436F6E6EAC
:1018F000656374696F6E3A206B6565702D616C6904
:1019000076650D0A0D0A0043616E6E6F7420637276
:1019100065617465204745542072657175657374FF
:101920002C2062756666657220746F6F20736D611E
:101930006C6C004661696C656420746F2073656E21
:1019400064204854545020726571756573742C205E
:101950006572726E6F20256400687474702F312E6A
:101960003120000D0A6C6F636174696F6E3A00522A
:1019700065736F75726365206D6F76656420746F33
:10198000202573004661696C656420746F20706166
:101990007273652070726F746F636F6C2C20657248
:1019A000722025642C2075726C20257300466169B5
:1019B0006C656420746F20706172736520686F734A
:1019C000746E616D652C206572722025642C207503
:1019D000726C202573004D6178696D756D2072659C
:1019E000646972656374696F6E73207265616368A0
:1019F00065642C2061626F7274696E67000D0A6302
:101A00006F6E74656E742D72616E6765000D0A638A
:101A10006F6E74656E742D6C656E677468000D0A68
:101A2000636F6E6E656374696F6E3A20636C6F737B
:101A300065005065657220636C6F73656420636F29
:101A40006E6E656374696F6E2C2077696C6C2072A2
:101A5000652D636F6E6E6563740053657276657293
:101A600020726573706F6E7365206D616C666F7246
:101A70006D65643A2073746174757320636F646577
:101A8000206E6F7420666F756E6400556E65787099
:101A90006563746564204854545020726573706F98
:101AA0006E736520636F646520256C640046696C05
:101AB000652073697A65206E6F74207365740043C6
:101AC0006F756C64206E6F7420706172736520484E
:101AD00054545020686561646572206C696E65734A
:101AE0002066726F6D2073657276657220283E20C5
:101AF000256429002573206661696C656420746F14
:101B000020676574206F66667365742077697468F2
:101B1000206572726F7220256400257320666169EA
:101B20006C656420746F20737461727420646F77C5
:101B30006E6C6F61642077697468206572726F7271
:101B400020256400446F776E6C6F6164696E672056
:101B500066726F6D206F66667365743A2030782503
:101B60007800556E6B6E6F776E20696D61676520CA
:101B70007479706500464F544120696D6167652036
:101B80007479706520256420646F6573206E6F74AE
:101B9000206D617463682065787065637465642086
:101BA0007479706520256400496D61676520746FE4
:101BB0006F20626967006466755F7461726765743F
:101BC0005F696E6974206572726F722025640055BA
:101BD0006E61626C6520746F207265736574204459
:101BE0004655207461726765742C206572723A20C4
:101BF0002564004661696C656420746F2072652DF0
:101C0000696E697469616C697A652074617267656F
:101C1000742C206572723A202564005265667573D3
:101C20006520667261676D656E742C2072657374D1
:101C30006172742077697468206F666673657400DA
:101C4000496D6167652072656675736564006466D9
:101C5000755F7461726765745F777269746520651A
:101C600072726F72202564006466755F74617267BA
:101C700065745F646F6E65206572726F723A2025BD
:101C80006400446F776E6C6F616420736F636B6583
:101C900074206572726F722E2025642072657472D2
:101CA000696573206C6566742E2E2E00446F776E06
:101CB0006C6F61646572206572726F722065766503
:101CC0006E7420256400556E61626C6520746F200F
:101CD0006465696E697469616C697A65207265739F
:101CE0006F75726365732075736564206279206413
:101CF00066755F7461726765742E00257320666176
:101D0000696C656420746F20736574204D4355625F
:101D10006F6F7420666C61736820627566666572A9
:101D200020256400666F74615F646F776E6C6F610D
:101D3000645F696E6974006765745F66726F6D5F7A
:101D40006F666673657400646F776E6C6F61645F55
:101D5000776974685F6F666673657400666F746137
:101D60005F646F776E6C6F616400666F74615F644F
:101D70006F776E6C6F61645F7574696C00666F7409
:101D8000615F646F776E6C6F61645F64656C7461D2
:101D90005F6D6F64656D007B226C61737477696C35
:101DA0006C223A20226F66666C696E65227D006C3B
:101DB00061737477696C6C746F706963006D7174B2
:101DC000745F68656C7065725F74687265616400E9
:101DD0004E6F20737570706F7274656420696D61E9
:101DE0006765207479706520666F756E6400556E46
:101DF00061626C6520746F20636C65616E20757024
:101E0000206466755F7461726765740073747265CF
:101E1000616D5F666C6173685F696E69742066618D
:101E2000696C6564202865727220256429007374CA
:101E30007265616D5F666C6173685F627566666529
:101E40007265645F7772697465206572726F722063
:101E50002564006466755F7461726765745F73748E
:101E60007265616D0044656C6574696E67206669B2
:101E7000726D7761726520696D6167652C20746889
:101E800069732063616E2074616B6520736576658C
:101E900072616C206D696E75746573004661696C62
:101EA000656420746F2064656C657465206261638D
:101EB0006B75702C206572726F72202564004572FC
:101EC000726F7220647572696E67206572617365E6
:101ED0002C206572726F72202564004D6F64656DF1
:101EE0002046572064656C65746520636F6D706C67
:101EF000657465004669726D7761726520766572FA
:101F000073696F6E2072657175657374206661699F
:101F10006C65642C206572726F7220256400252E1A
:101F20002A73004D6F64656D206669726D7761720A
:101F3000652076657273696F6E3A2025730046617D
:101F4000696C656420746F2072657472696576656A
:101F50002073697A65206F66206D6F64656D20441B
:101F6000465520617265612C206572726F72202562
:101F700064005265717565737465642066696C658B
:101F800020746F6F2062696720746F206669742007
:101F9000696E20666C617368202564203E2025648C
:101FA000004661696C656420746F207265747269A3
:101FB000657665206F666673657420696E2073634D
:101FC000726174636820617265612C206572726F42
:101FD00072202564004661696C656420746F20720C
:101FE00065616479206D6F64656D20666F7220662F
:101FF00069726D77617265207570646174652072B5
:102000006563656976616C2C206572726F7220253C
:1020100064005772697465206661696C65642C2080
:102020006D6F64656D206C69627261727920657292
:10203000726F722025640057726974652066616949
:102040006C65642C206D6F64656D206572726F72B3
:10205000202564004661696C656420746F20737488
:102060006F70204D465520616E642072656C65610D
:102070007365207265736F75726365732C2065726A
:10208000726F72202564004D6F64656D2066697201
:102090006D77617265207570677261646520736326
:1020A000686564756C696E67206661696C65642C2F
:1020B00020696E636F6D706C657465206461746116
:1020C000004D6F64656D206669726D776172652081
:1020D00075706772616465207363686564756C69A7
:1020E0006E67206661696C65642C206572726F7220
:1020F000202564005363686564756C696E67206DA4
:102100006F64656D206669726D77617265207570A8
:102110006772616465206174206E65787420626FF7
:102120006F74006466755F7461726765745F6D6F6C
:1021300064656D5F64656C7461004D4355426F6FFB
:102140007420696D6167652D256420757067726103
:102150006465207363686564756C65642E205265E0
:102160007365742064657669636520746F2061709F
:10217000706C7900626F6F745F72657175657374EE
:102180005F7570677261646520666F7220696D614A
:1021900067652D2564206572726F72202564004D7D
:1021A000697373696E672073747265616D5F6275C0
:1021B000662C2063616C6C20272E2E7365745F6221
:1021C000756627206265666F726520272E2E696E00
:1021D0006974005265717565737465642066696C15
:1021E0006520746F6F2062696720746F2066697460
:1021F00020696E20666C61736820257A75203E2008
:1022000030782578004661696C656420746F2067BA
:1022100065742064657669636520666F72206172FB
:102220006561202725732700226D6375626F6F74C7
:102230005F7365636F6E6461727922004D4355422E
:102240004F4F5430006466755F7461726765745FE8
:1022500073747265616D5F696E6974206661696C23
:102260006564202564006466755F746172676574D7
:102270005F73747265616D5F646F6E652065727205
:102280006F7220256400556E61626C6520746F204A
:1022900064656C657465206C61737420706167653A
:1022A0003A202564004D4355426F6F7420696D617B
:1022B000676520757067726164652061626F727412
:1022C00065642E006466755F7461726765745F6D26
:1022D0006375626F6F74004572726F72202564209F
:1022E0007768696C6520666C617474656E696E6789
:1022F0002070616765006466755F73747265616DF7
:102300005F666C617474656E004552524F523A209C
:1023100043616E6E6F742066756C66696C6C2045E7
:1023200058545F41504920726571756573742E0D64
:102330000A005741524E494E473A204F7074696F18
:102340006E616C204558545F41504920726571752B
:10235000657374206E6F742066756C66696C6C654D
:10236000642E0D0A0054462D4D206E6F6E2D736540
:10237000637572652063616C6C6261636B20696E6A
:10238000697469616C697A6174696F6E20666169EC
:102390006C65642C206572726F723A202564002A85
:1023A0002A2A2A2A20534543555245204641554C56
:1023B00054202A2A2A2A2A00202041646472657344
:1023C000733A2030782578002020496E76616C6958
:1023D0006420656E74727920706F696E74002020BD
:1023E000496E76616C696420696E746567726974A0
:1023F00079207369676E6174757265002020496E7B
:1024000076616C696420657863657074696F6E20AD
:1024100072657475726E0020204174747269627501
:1024200074696F6E20756E69742076696F6C617463
:10243000696F6E002020496E76616C696420747249
:10244000616E736974696F6E0020204C617A792027
:1024500073746174652070726573657276617469F6
:102460006F6E0020204C617A79207374617465204E
:102470006572726F72002A2A2A2A2A205350552028
:10248000494E54455252555054202A2A2A2A2A008D
:10249000202053656375726974792076696F6C6169
:1024A00074696F6E20666F722074686520666C6157
:1024B0007368206D656D6F7279207370616365005C
:1024C000202053656375726974792076696F6C6139
:1024D00074696F6E20666F72207468652052414D7A
:1024E000206D656D6F7279207370616365002020C7
:1024F00053656375726974792076696F6C6174696C
:102500006F6E206F6E206F6E65206F722073657620
:102510006572616C207065726970686572616C7358
:102520002E006D6375626F6F745F7574696C002542
:10253000312E31356700256C670025312E31376724
:1025400000EFBBBF005465726D696E616C000000E6
:102550000000000054545220524547474553004163
:10256000542B4346554E3D000001020548616C74F2
:10257000696E672073797374656D00556E6B6E6F4D
:10258000776E206572726F7200756E6B6E6F776E0C
:10259000003E3E3E205A4550485952204641544143
:1025A0004C204552524F522025643A202573206F0B
:1025B0006E20435055202564004661756C7420647C
:1025C0007572696E6720696E7465727275707420B9
:1025D00068616E646C696E670A0043757272656E3D
:1025E00074207468726561643A2025702028257310
:1025F000290043505520657863657074696F6E00DB
:10260000556E68616E646C656420696E7465727283
:1026100075707400537461636B206F766572666CBD
:102620006F77004B65726E656C206F6F7073004B37
:1026300065726E656C2070616E6963006D61696EB4
:10264000006F7300737973776F726B7100616E0046
:102650006E66696E697479006E616E00286E756CC5
:102660006C29006364696E6F70737578585B61657F
:1026700066674145464700616E006E66696E697423
:10268000790000003968020000000000917102002A
:1026900000000000417802000000000039A702009D
:1026A00000000000195B020000000000797A0200BF
:1026B00000000000C1680200000000000D78020068
:1026C00000000000008001004CD403000000000066
:1026D000619C0100000000000001000000000000FB
:1026E00000000000000000000000000000000000EA
:1026F00000000000000000000000000000000000DA
:10270000D9A5010000000000000100000000000049
:1027100000000000000000000000000000000000B9
:1027200000000000000000000000000000000000A9
:1027300055A601000000000000010000000000009C
:102740000000000000000000000000000000000089
:10275000000000000000000000000000FD9C0100DF
:10276000319C0100319E01000000000000000000CB
:102770000A0000000000A0410000A0420000A040AC
:102780000000F0410080BB4400007A443F35030064
:10279000573D03007CCF0300000000007742030098
:1027A0000000000000000000FCCA0020FCCA00205D
:1027B00000000000000000000E000000000000000B
:1027C000A1120200000000000000000080010000D3
:1027D00000000000BD860300000000008001000032
:1027E00000000000BD8603000000000000010000A2
:1027F00000000000BD8803000000000065600200CA
:10280000978A03000000000000000000B564020089
:10281000000000000000000000000000D56F020072
:1028200000000000000000000000000059750200D8
:102830000000000000000000A5A20200AD1201206F
:1028400000080000FFFFFFFF971D040017000000B5
:10285000AF1D04000D00000000000000FFFFFFFF9F
:1028600095E1010001E20100C9E1010000700140B1
:1028700000000000FFFF00003F000000FFFF00001D
:102880003F00000000000000000000000000000009
:102890000000000000000000000000000000000038
:1028A0000000000000000000000000000000000028
:1028B0000000000000000000000000000000000018
:1028C0000000000000000000000000000000000008
:1028D0000000000008000000FF00000000000000F1
:1028E000010000000000000021D5020021D30200F9
:1028F00045D502002DD3020035D80200B1D5020023
:10290000FDD70200779C0300719C03006B9C0300C1
:1029100064CC002064CC00206CCC00206CCC002067
:102920000307313030310031303031003030303059
:102930003030313100303031303030303100FF0054
:1029400000494E56414C49442D4A4F422D494400BE
:102950000000000000000000000000000000000077
:102960000000000000000000000000000000000067
:102970000000000000000000000000000000000057
:1029800000000700FA040400597002000000000073
:1029900098000400F969020000000000CB01040067
:1029A000C96D020000000000CD0204006D6E02003F
:1029B000000000008006040099750200010000007C
:1029C0001A0A0400ED76020000000000100A04005C
:1029D000D9750200000000000000000000000000A7
:1029E00000000000000000000000000000000000E7
:1029F00000000000000000000000000000000000D7
:102A000000000000000000000000000000000000C6
:102A100000000000000000000000000000000000B6
:102A200000000000000000000000000000000000A6
:102A3000FFFFFFFF00000000000000003906030058
:102A4000000000000000000000000000A0CD0020F9
:102A5000A0CD0020D1B40100000000000000000063
:102A60000000000000000000000000000000000066
:102A70000000000039060300000000000000000014
:102A800000000000D8CD0020D8CD002035B30100D3
:102A90000000000000000000000000000000000036
:102AA00000000000F8CD0020F8CD00205CB7012028
:102AB00000000000040000004000000000000000D2
:102AC0000000000000730120002000000000000052
:102AD0000000000000000000C034012000010000E0
:102AE00000000000000000003CCE00203CCE002092
:102AF00000000000000000000E00000050CE00208A
:102B000050CE002000000000000000000E00000079
:102B100064CE002064CE0020000000000000000011
:102B20000E00000078CE002078CE002000000000CB
:102B3000000000000E0000008CCE00208CCE002093
:102B400000000000000000000E000000A0CE0020E9
:102B5000A0CE002000000000000000000E000000D9
:102B6000B4CE0020B4CE0020000000000000000021
:102B70000E000000C8CE0020C8CE002000000000DB
:102B8000000000000E000000DCCE0020DCCE0020A3
:102B900000000000000000000E000000F0CE002049
:102BA000F0CE002000000000000000000E00000039
:102BB00004CF002004CF002000000000000000002F
:102BC0000E00000018CF002018CF002000000000E9
:102BD000000000000E0000002CCF00202CCF0020B1
:102BE00000000000000000000E00000040CF0020A8
:102BF00040CF002000000000000000000E00000098
:102C000054CF002054CF00202C000000050000000D
:102C100000A30120DCA3012000A3012000A30120C8
:102C20000000000078CF002078CF002000000000D6
:102C300084CF002084CF00200100000001000000AC
:102C400094CF002094CF00209CCF00209CCF002068
:102C50000000000001000000ACCF0020ACCF00203D
:102C6000B4CF0020B4CF002000000000010000001D
:102C7000C4CF0020C4CF0020CCCF0020CCCF002078
:102C80000000000001000000DCCF0020DCCF0020AD
:102C9000E4CF0020E4CF002000000000010000008D
:102CA000F4CF0020F4CF0020FCCF0020FCCF002088
:102CB00000000000010000000CD000200CD000201B
:102CC00014D0002014D000200000000001000000FB
:102CD00024D0002024D000200000000000000000CC
:102CE00034D0002034D000203CD000203CD0002044
:102CF00000000000000000004CD000204CD000205C
:102D000054D0002054D00020100010000400000017
:102D100000000000C8D003009CB5012000000000A6
:102D20000000000078D0002078D0002080D0002063
:102D300080D00020100010000400000000000000FF
:102D4000B8D00300DCAB0120E0D000200000000080
:102D50000000000000000000000000000000000073
:102D60000000000000000000000000000000000063
:102D70000000000000000000000000000000000053
:102D800000000000000000000000000084C50300F7
:102D900004D100200000000000020000000000003C
:102DA000000000000005000000000000000000001E
:102DB0000000000000000000E546030000000000E5
:102DC000000000009CD00020BCD20300B4F800201A
:102DD00000000000000000003CCE002015E015E0DF
:102DE000076996001000200011A8AD46263E8BB260
:102DF0000FAE9969BE9206E58DFFE9B0440B8D9E3A
:102E0000442D4EDE4D3C16C201002000E30466F660
:102E1000B8470C1F29070B17F1E2D3E94D445E3F79
:102E2000608087FDC711E4382BB538B62200460014
:102E30003044022100C2631842C733DA2ACB37B7C5
:102E40009F929C5AA20715C81193EA1328FD2C28BB
:102E5000EBACA1A598021F74B9C85AAF34A6800B79
:102E60001248BAA99B1F1D7F92FC6CDC7AD3EDB986
:062E7000C4BDD88EE4B4DD
:00000001FF
